[Licensing::Module] Trying to connect to existing licensing client channel...
Built from '6000.3/staging' branch; Version is '6000.3.12f1 (fca03ac9b0d5) revision 16556090'; Using compiler version '194234433'; Build Type 'Release'
OS: 'Windows 10  (10.0.19045) 64bit Core' Language: 'en' Physical Memory: 16339 MB
BatchMode: 1, IsHumanControllingUs: 0, StartBugReporterOnCrash: 0, Is64bit: 1
[Licensing::IpcConnector] Successfully connected to: "LicenseClient-User" at "2026-05-25T14:18:20.6033114Z"
System  architecture: x64
Process architecture: x64
Date: 2026-05-25T14:18:20Z

COMMAND LINE ARGUMENTS:
D:\Unity\Unity Hub\Editor\6000.3.12f1\Editor\Unity.exe
-adb2
-batchMode
-noUpm
-name
AssetImportWorker0
-projectPath
D:/UNhub/VR game/TDM/TDM
-logFile
Logs/AssetImportWorker0.log
-srvPort
50891
-job-worker-count
3
-background-job-worker-count
8
-gc-helper-count
1
-name
AssetImport
Successfully changed project path to: D:/UNhub/VR game/TDM/TDM
D:/UNhub/VR game/TDM/TDM
[UnityMemory] Configuration Parameters - Can be set up in boot.config
    "memorysetup-temp-allocator-size-nav-mesh-worker=65536"
    "memorysetup-temp-allocator-size-audio-worker=65536"
    "memorysetup-temp-allocator-size-gfx=262144"
    "memorysetup-allocator-temp-initial-block-size-main=262144"
    "memorysetup-allocator-temp-initial-block-size-worker=262144"
    "memorysetup-temp-allocator-size-background-worker=32768"
    "memorysetup-temp-allocator-size-job-worker=262144"
    "memorysetup-temp-allocator-size-preload-manager=33554432"
    "memorysetup-temp-allocator-size-gi-baking-worker=262144"
    "memorysetup-temp-allocator-size-gi-baking-worker=262144"
    "memorysetup-temp-allocator-size-gi-baking-worker=262144"
    "memorysetup-temp-allocator-size-gi-baking-worker=262144"
    "memorysetup-temp-allocator-size-gi-baking-worker=262144"
    "memorysetup-bucket-allocator-granularity=16"
    "memorysetup-bucket-allocator-bucket-count=8"
    "memorysetup-bucket-allocator-block-size=33554432"
    "memorysetup-bucket-allocator-block-count=8"
    "memorysetup-main-allocator-block-size=16777216"
    "memorysetup-thread-allocator-block-size=16777216"
    "memorysetup-gfx-main-allocator-block-size=16777216"
    "memorysetup-gfx-thread-allocator-block-size=16777216"
    "memorysetup-cache-allocator-block-size=4194304"
    "memorysetup-typetree-allocator-block-size=2097152"
    "memorysetup-profiler-bucket-allocator-granularity=16"
    "memorysetup-profiler-bucket-allocator-bucket-count=8"
    "memorysetup-profiler-bucket-allocator-block-size=33554432"
    "memorysetup-profiler-bucket-allocator-block-count=8"
    "memorysetup-profiler-allocator-block-size=16777216"
    "memorysetup-profiler-editor-allocator-block-size=1048576"
    "memorysetup-temp-allocator-size-main=16777216"
    "memorysetup-job-temp-allocator-block-size=2097152"
    "memorysetup-job-temp-allocator-block-size-background=1048576"
    "memorysetup-job-temp-allocator-reduction-small-platforms=262144"
    "memorysetup-temp-allocator-size-cloud-worker=32768"
Player connection [14148]  Target information:

Player connection [14148]  * "[IP] 192.168.1.9 [Port] 0 [Flags] 2 [Guid] 639949846 [EditorId] 639949846 [Version] 1048832 [Id] WindowsEditor(7,DESKTOP-EQH4NV0) [Debug] 1 [PackageName] WindowsEditor [ProjectName] Editor" 

Player connection [14148] Host joined multi-casting on [225.0.0.222:54997]...
Player connection [14148] Host joined alternative multi-casting on [225.0.0.222:34997]...
JobSystem: Creating JobQueue using job-worker-count value 3
Input System module state changed to: Initialized.
[Physics::Module] Initialized fallback backend.
[Physics::Module] Id: 0xdecafbad
Library Redirect Path: Library/
[Physics::Module] Selected backend.
[Physics::Module] Name: PhysX
[Physics::Module] Id: 0xf2b8ea05
[Physics::Module] SDK Version: 4.1.2
[Physics::Module] Integration Version: 1.0.0
[Physics::Module] Threading Mode: Multi-Threaded
Refreshing native plugins compatible for Editor in 4.83 ms, found 3 plugins.
Preloading 0 native plugins for Editor in 0.00 ms.
Initialize engine version: 6000.3.12f1 (fca03ac9b0d5)
[Subsystems] Discovering subsystems at path D:/Unity/Unity Hub/Editor/6000.3.12f1/Editor/Data/Resources/UnitySubsystems
[Subsystems] Discovering subsystems at path D:/UNhub/VR game/TDM/TDM/Assets
GfxDevice: creating device client; kGfxThreadingModeNonThreaded
Direct3D:
    Version:  Direct3D 11.0 [level 11.1]
    Renderer: NVIDIA GeForce GTX 1070 (ID=0x1b81)
    Vendor:   NVIDIA
    VRAM:     8067 MB
    Driver:   32.0.15.8157
Initialize mono
Mono path[0] = 'D:/Unity/Unity Hub/Editor/6000.3.12f1/Editor/Data/Managed'
Mono path[1] = 'D:/Unity/Unity Hub/Editor/6000.3.12f1/Editor/Data/MonoBleedingEdge/lib/mono/unityjit-win32'
Mono config path = 'D:/Unity/Unity Hub/Editor/6000.3.12f1/Editor/Data/MonoBleedingEdge/etc'
Using monoOptions --debugger-agent=transport=dt_socket,embedding=1,server=y,suspend=n,address=127.0.0.1:56576
Begin MonoManager ReloadAssembly
Registering precompiled unity dll's ...
Register platform support module: D:/Unity/Unity Hub/Editor/6000.3.12f1/Editor/Data/PlaybackEngines/WindowsStandaloneSupport/UnityEditor.WindowsStandalone.Extensions.dll
[Licensing::Module] Licensing is not yet initialized.
[Licensing::Client] Error: HandshakeResponse reported an error:
	ResponseCode: 505
	ResponseStatus: Unsupported protocol version '1.18.1'.
[Licensing::Module] Error: Failed to handshake to channel: "LicenseClient-User"
[Licensing::IpcConnector] LicenseClient-User channel disconnected successfully.
[Licensing::IpcConnector] Successfully connected to: "LicenseClient-User-6000.3.12" at "2026-05-25T14:18:26.7064608Z"
[Licensing::Client] Handshaking with LicensingClient:
  Version:                 1.18.1+9fbee8e
  Session Id:              61744f9f63c741db89791a4049f28cca
  Correlation Id:          092e302a32404eaf1f6156c708589184
  External correlation Id: 6548352289612754653
  Machine Id:              B26MIHeHbUICW1unGgyxjxIIfOo=
[Licensing::Module] Successfully connected to LicensingClient on channel: "LicenseClient-User-6000.3.12" (connect: 0.00s, validation: 0.01s, handshake: 6.15s)
[Licensing::IpcConnector] Successfully connected to: "LicenseClient-User-6000.3.12-notifications" at "2026-05-25T14:18:32.8583576Z"
[Licensing::Module] Licensing Background thread has ended after 12.26s
[Licensing::Module] Licensing is initialized (took 9.91s).
[Licensing::Client] Successfully resolved entitlement details
[Licensing::Module] License group:
  Id: 18968316713825-UnityPersXXXX
  Product: Unity Personal
  Type: Assigned
  Expiration: Unlimited
Register platform support module: D:/Unity/Unity Hub/Editor/6000.3.12f1/Editor/Data/PlaybackEngines/AndroidPlayer/UnityEditor.Android.Extensions.dll
Registered in 9.918722 seconds.
- Loaded All Assemblies, in 10.613 seconds
Native extension for Android target not found
Native extension for WindowsStandalone target not found
Package Manager log level set to [2]
[Package Manager] Failed to launch server process. Reason: Unity was launched with the -noUpm command-line argument
[Package Manager] Unable to send message (not connected to server process).
[Package Manager] Cannot connect to Unity Package Manager local server
ScheduleIndexationOnStartup MainProcess:False IndexOnStartup:True
Mono: successfully reloaded assembly
- Finished resetting the current domain, in  1.067 seconds
Domain Reload Profiling: 11680ms
	BeginReloadAssembly (205ms)
		ExecutionOrderSort (0ms)
		DisableScriptedObjects (0ms)
		BackupInstance (0ms)
		ReleaseScriptingObjects (0ms)
		CreateAndSetChildDomain (1ms)
	RebuildCommonClasses (50ms)
	RebuildNativeTypeToScriptingClass (21ms)
	initialDomainReloadingComplete (9983ms)
	LoadAllAssembliesAndSetupDomain (353ms)
		LoadAssemblies (205ms)
		RebuildTransferFunctionScriptingTraits (0ms)
		AnalyzeDomain (346ms)
			TypeCache.Refresh (344ms)
				TypeCache.ScanAssembly (319ms)
			BuildScriptInfoCaches (0ms)
			ResolveRequiredComponents (1ms)
	FinalizeReload (1068ms)
		ReleaseScriptCaches (0ms)
		RebuildScriptCaches (0ms)
		SetupLoadedEditorAssemblies (974ms)
			LogAssemblyErrors (0ms)
			InitializePlatformSupportModulesInManaged (107ms)
			SetLoadedEditorAssemblies (7ms)
			BeforeProcessingInitializeOnLoad (147ms)
			ProcessInitializeOnLoadAttributes (277ms)
			ProcessInitializeOnLoadMethodAttributes (435ms)
			AfterProcessingInitializeOnLoad (0ms)
			EditorAssembliesLoaded (0ms)
		ExecutionOrderSort2 (0ms)
		AwakeInstancesAfterBackupRestoration (0ms)
========================================================================
Worker process is ready to serve import requests
Import Worker Mode flag is 0x00
Begin MonoManager ReloadAssembly
[Licensing::Client] Successfully resolved entitlement details
- Loaded All Assemblies, in  2.237 seconds
Refreshing native plugins compatible for Editor in 0.98 ms, found 3 plugins.
Native extension for Android target not found
Native extension for WindowsStandalone target not found
[Package Manager] Failed to launch server process. Reason: Unity was launched with the -noUpm command-line argument
[Package Manager] Unable to send message (not connected to server process).
[Package Manager] Cannot connect to Unity Package Manager local server
[Package Manager] Failed to launch server process. Reason: Unity was launched with the -noUpm command-line argument
[Package Manager] Unable to send message (not connected to server process).
[Package Manager] Cannot connect to Unity Package Manager local server
ScheduleIndexationOnStartup MainProcess:False IndexOnStartup:True
Mono: successfully reloaded assembly
- Finished resetting the current domain, in  1.546 seconds
Domain Reload Profiling: 3780ms
	BeginReloadAssembly (474ms)
		ExecutionOrderSort (0ms)
		DisableScriptedObjects (13ms)
		BackupInstance (0ms)
		ReleaseScriptingObjects (0ms)
		CreateAndSetChildDomain (86ms)
	RebuildCommonClasses (80ms)
	RebuildNativeTypeToScriptingClass (28ms)
	initialDomainReloadingComplete (73ms)
	LoadAllAssembliesAndSetupDomain (1579ms)
		LoadAssemblies (914ms)
		RebuildTransferFunctionScriptingTraits (0ms)
		AnalyzeDomain (929ms)
			TypeCache.Refresh (767ms)
				TypeCache.ScanAssembly (715ms)
			BuildScriptInfoCaches (133ms)
			ResolveRequiredComponents (24ms)
	FinalizeReload (1547ms)
		ReleaseScriptCaches (0ms)
		RebuildScriptCaches (0ms)
		SetupLoadedEditorAssemblies (1107ms)
			LogAssemblyErrors (0ms)
			InitializePlatformSupportModulesInManaged (16ms)
			SetLoadedEditorAssemblies (11ms)
			BeforeProcessingInitializeOnLoad (267ms)
			ProcessInitializeOnLoadAttributes (655ms)
			ProcessInitializeOnLoadMethodAttributes (152ms)
			AfterProcessingInitializeOnLoad (5ms)
			EditorAssembliesLoaded (0ms)
		ExecutionOrderSort2 (0ms)
		AwakeInstancesAfterBackupRestoration (15ms)
Launched and connected shader compiler UnityShaderCompiler.exe after 0.08 seconds
Refreshing native plugins compatible for Editor in 1.21 ms, found 3 plugins.
Preloading 0 native plugins for Editor in 0.00 ms.
Unloading 16 Unused Serialized files (Serialized files now loaded: 0)
Unloading 6187 unused Assets / (4.9 MB). Loaded Objects now: 6984.
Memory consumption went from 141.6 MB to 136.7 MB.
Total: 20.914300 ms (FindLiveObjects: 1.427600 ms CreateObjectMapping: 2.661200 ms MarkObjects: 11.879700 ms  DeleteObjects: 4.943900 ms)

========================================================================
Received Import Request.
  Time since last request: 2714.497815 seconds.
  path: Assets/Readme.asset
  artifactKey: Guid(8105016687592461f977c054a80ce2f2) Importer(815301076,1909f56bfc062723c751e8b465ee728b)
Start importing Assets/Readme.asset using Guid(8105016687592461f977c054a80ce2f2) Importer(815301076,1909f56bfc062723c751e8b465ee728b) (PreviewImporter) -> (artifact id: '50ea5ad2cda8720781b90d71f311d8d1') in 0.0426992 seconds
Number of updated asset objects reloaded before import = 0Number of asset objects unloaded after import = 2

========================================================================
Received Import Request.
  Time since last request: 4.788489 seconds.
  path: Assets/InputSystem_Actions.inputactions
  artifactKey: Guid(052faaac586de48259a63d0c4782560b) Importer(2089858483,b0f066a214c2f5e87bad3c948f4d605d)
Start importing Assets/InputSystem_Actions.inputactions using Guid(052faaac586de48259a63d0c4782560b) Importer(2089858483,b0f066a214c2f5e87bad3c948f4d605d) (ScriptedImporter) -> (artifact id: 'ebf3904c4fdc47bb1297e757df9a9c09') in 0.7088816 seconds
Number of updated asset objects reloaded before import = 0Number of asset objects unloaded after import = 22

========================================================================
Received Import Request.
  Time since last request: 0.000058 seconds.
  path: Assets/TutorialInfo/Scripts/Editor/ReadmeEditor.cs
  artifactKey: Guid(476cc7d7cd9874016adc216baab94a0a) Importer(2089858483,b0f066a214c2f5e87bad3c948f4d605d)
Start importing Assets/TutorialInfo/Scripts/Editor/ReadmeEditor.cs using Guid(476cc7d7cd9874016adc216baab94a0a) Importer(2089858483,b0f066a214c2f5e87bad3c948f4d605d) (ScriptedImporter) -> (artifact id: '32ab687644138ac9544b8e0966a3c3e9') in 0.0519359 seconds
Number of updated asset objects reloaded before import = 0Number of asset objects unloaded after import = 0

========================================================================
Received Import Request.
  Time since last request: 0.000298 seconds.
  path: Assets/Settings/SampleSceneProfile.asset
  artifactKey: Guid(10fc4df2da32a41aaa32d77bc913491c) Importer(2089858483,b0f066a214c2f5e87bad3c948f4d605d)
Start importing Assets/Settings/SampleSceneProfile.asset using Guid(10fc4df2da32a41aaa32d77bc913491c) Importer(2089858483,b0f066a214c2f5e87bad3c948f4d605d) (ScriptedImporter) -> (artifact id: '5a07d8528c00b91a8d1d9ca1b4a09077') in 0.0121943 seconds
Number of updated asset objects reloaded before import = 0Number of asset objects unloaded after import = 1

========================================================================
Received Import Request.
  Time since last request: 0.000029 seconds.
  path: Assets/TutorialInfo/Scripts/Readme.cs
  artifactKey: Guid(fcf7219bab7fe46a1ad266029b2fee19) Importer(2089858483,b0f066a214c2f5e87bad3c948f4d605d)
Start importing Assets/TutorialInfo/Scripts/Readme.cs using Guid(fcf7219bab7fe46a1ad266029b2fee19) Importer(2089858483,b0f066a214c2f5e87bad3c948f4d605d) (ScriptedImporter) -> (artifact id: 'd8cb8ec14573ed37be4fbf57b7e64fbf') in 0.0074267 seconds
Number of updated asset objects reloaded before import = 0Number of asset objects unloaded after import = 0

========================================================================
Received Import Request.
  Time since last request: 0.000033 seconds.
  path: Assets/Settings/Mobile_RPAsset.asset
  artifactKey: Guid(5e6cbd92db86f4b18aec3ed561671858) Importer(2089858483,b0f066a214c2f5e87bad3c948f4d605d)
Start importing Assets/Settings/Mobile_RPAsset.asset using Guid(5e6cbd92db86f4b18aec3ed561671858) Importer(2089858483,b0f066a214c2f5e87bad3c948f4d605d) (ScriptedImporter) -> (artifact id: '62b27c3d3017c5a8de4b9c7509d1a08a') in 0.1338413 seconds
Number of updated asset objects reloaded before import = 0Number of asset objects unloaded after import = 2

========================================================================
Received Import Request.
  Time since last request: 0.000050 seconds.
  path: Assets/Settings/Mobile_Renderer.asset
  artifactKey: Guid(65bc7dbf4170f435aa868c779acfb082) Importer(2089858483,b0f066a214c2f5e87bad3c948f4d605d)
Start importing Assets/Settings/Mobile_Renderer.asset using Guid(65bc7dbf4170f435aa868c779acfb082) Importer(2089858483,b0f066a214c2f5e87bad3c948f4d605d) (ScriptedImporter) -> (artifact id: 'e2438599cb2f66b651bb69d0be3f1915') in 0.0666213 seconds
Number of updated asset objects reloaded before import = 0Number of asset objects unloaded after import = 1

========================================================================
Received Prepare
Begin MonoManager ReloadAssembly
[Licensing::Client] Successfully resolved entitlement details
- Loaded All Assemblies, in  5.369 seconds
Refreshing native plugins compatible for Editor in 4.18 ms, found 3 plugins.
Native extension for Android target not found
Native extension for WindowsStandalone target not found
[Package Manager] Failed to launch server process. Reason: Unity was launched with the -noUpm command-line argument
[Package Manager] Unable to send message (not connected to server process).
[Package Manager] Cannot connect to Unity Package Manager local server
[Package Manager] Failed to launch server process. Reason: Unity was launched with the -noUpm command-line argument
[Package Manager] Unable to send message (not connected to server process).
[Package Manager] Cannot connect to Unity Package Manager local server
ScheduleIndexationOnStartup MainProcess:False IndexOnStartup:True
Mono: successfully reloaded assembly
- Finished resetting the current domain, in  1.577 seconds
Domain Reload Profiling: 6950ms
	BeginReloadAssembly (2786ms)
		ExecutionOrderSort (0ms)
		DisableScriptedObjects (10ms)
		BackupInstance (0ms)
		ReleaseScriptingObjects (0ms)
		CreateAndSetChildDomain (88ms)
	RebuildCommonClasses (68ms)
	RebuildNativeTypeToScriptingClass (25ms)
	initialDomainReloadingComplete (36ms)
	LoadAllAssembliesAndSetupDomain (2458ms)
		LoadAssemblies (4617ms)
		RebuildTransferFunctionScriptingTraits (0ms)
		AnalyzeDomain (409ms)
			TypeCache.Refresh (24ms)
				TypeCache.ScanAssembly (1ms)
			BuildScriptInfoCaches (359ms)
			ResolveRequiredComponents (19ms)
	FinalizeReload (1578ms)
		ReleaseScriptCaches (0ms)
		RebuildScriptCaches (0ms)
		SetupLoadedEditorAssemblies (1093ms)
			LogAssemblyErrors (0ms)
			InitializePlatformSupportModulesInManaged (12ms)
			SetLoadedEditorAssemblies (9ms)
			BeforeProcessingInitializeOnLoad (254ms)
			ProcessInitializeOnLoadAttributes (697ms)
			ProcessInitializeOnLoadMethodAttributes (113ms)
			AfterProcessingInitializeOnLoad (7ms)
			EditorAssembliesLoaded (0ms)
		ExecutionOrderSort2 (0ms)
		AwakeInstancesAfterBackupRestoration (32ms)
Refreshing native plugins compatible for Editor in 1.51 ms, found 3 plugins.
Preloading 0 native plugins for Editor in 0.00 ms.
Unloading 17 Unused Serialized files (Serialized files now loaded: 0)
Unloading 6192 unused Assets / (3.8 MB). Loaded Objects now: 7011.
Memory consumption went from 147.9 MB to 144.1 MB.
Total: 27.372800 ms (FindLiveObjects: 2.154000 ms CreateObjectMapping: 2.636000 ms MarkObjects: 14.997900 ms  DeleteObjects: 7.582500 ms)

Prepare: number of updated asset objects reloaded= 0
========================================================================
Received Import Request.
  Time since last request: 337.525547 seconds.
  path: Assets/_Barking_Dog
  artifactKey: Guid(b275bc2a74c4ea84683d274cb05a7a97) Importer(815301076,1909f56bfc062723c751e8b465ee728b)
Start importing Assets/_Barking_Dog using Guid(b275bc2a74c4ea84683d274cb05a7a97) Importer(815301076,1909f56bfc062723c751e8b465ee728b) (PreviewImporter) -> (artifact id: '47040ed9bfb7163153961f40ad2747db') in 0.0131112 seconds
Number of updated asset objects reloaded before import = 0Number of asset objects unloaded after import = 0

========================================================================
Received Import Request.
  Time since last request: 0.000032 seconds.
  path: Assets/_Barking_Dog/_3D Scifi Base Vol 1
  artifactKey: Guid(66747cee581544d96bab3c2dd216f399) Importer(815301076,1909f56bfc062723c751e8b465ee728b)
Start importing Assets/_Barking_Dog/_3D Scifi Base Vol 1 using Guid(66747cee581544d96bab3c2dd216f399) Importer(815301076,1909f56bfc062723c751e8b465ee728b) (PreviewImporter) -> (artifact id: '27e8734b8cdf86b6254a56faa623a824') in 0.0010592 seconds
Number of updated asset objects reloaded before import = 0Number of asset objects unloaded after import = 0

========================================================================
Received Import Request.
  Time since last request: 0.000030 seconds.
  path: Assets/_Barking_Dog/_3D Scifi Base Vol 1/Prefabs/_Fx
  artifactKey: Guid(04e81c8df6dce46b8afe6edce842b0f1) Importer(815301076,1909f56bfc062723c751e8b465ee728b)
Start importing Assets/_Barking_Dog/_3D Scifi Base Vol 1/Prefabs/_Fx using Guid(04e81c8df6dce46b8afe6edce842b0f1) Importer(815301076,1909f56bfc062723c751e8b465ee728b) (PreviewImporter) -> (artifact id: '3f9fe6d46613376a030c05b3a395843c') in 0.0006385 seconds
Number of updated asset objects reloaded before import = 0Number of asset objects unloaded after import = 0

========================================================================
Received Import Request.
  Time since last request: 0.000023 seconds.
  path: Assets/_Barking_Dog/_3D Scifi Base Vol 1/Prefabs/_Fx/ForceField_01.prefab
  artifactKey: Guid(725800cfa058049398fc890ae0b8f9c7) Importer(815301076,1909f56bfc062723c751e8b465ee728b)
Start importing Assets/_Barking_Dog/_3D Scifi Base Vol 1/Prefabs/_Fx/ForceField_01.prefab using Guid(725800cfa058049398fc890ae0b8f9c7) Importer(815301076,1909f56bfc062723c751e8b465ee728b) (PreviewImporter) -> (artifact id: 'd9723f0ddc5c3cd92fcb78d14c64691f') in 1.304309 seconds
Number of updated asset objects reloaded before import = 0Number of asset objects unloaded after import = 16

========================================================================
Received Import Request.
  Time since last request: 4.917759 seconds.
  path: Assets/_Barking_Dog/_3D Scifi Base Vol 1/Prefabs/_Props
  artifactKey: Guid(b9668cf8878f74cbcb8f8803a93474a8) Importer(815301076,1909f56bfc062723c751e8b465ee728b)
Start importing Assets/_Barking_Dog/_3D Scifi Base Vol 1/Prefabs/_Props using Guid(b9668cf8878f74cbcb8f8803a93474a8) Importer(815301076,1909f56bfc062723c751e8b465ee728b) (PreviewImporter) -> (artifact id: 'e7e48d7570a248c84f30c32e5d07b995') in 0.0006791 seconds
Number of updated asset objects reloaded before import = 0Number of asset objects unloaded after import = 0

========================================================================
Received Import Request.
  Time since last request: 0.003176 seconds.
  path: Assets/_Barking_Dog/_3D Scifi Base Vol 1/Prefabs/_Props/P_Air_Grid_01.prefab
  artifactKey: Guid(6a531243fb4dd46cdb794c48e05fa30d) Importer(815301076,1909f56bfc062723c751e8b465ee728b)
Start importing Assets/_Barking_Dog/_3D Scifi Base Vol 1/Prefabs/_Props/P_Air_Grid_01.prefab using Guid(6a531243fb4dd46cdb794c48e05fa30d) Importer(815301076,1909f56bfc062723c751e8b465ee728b) (PreviewImporter) -> (artifact id: 'fd352145986cd9f6faa3066f1f703a33') in 2.1230163 seconds
Number of updated asset objects reloaded before import = 0Number of asset objects unloaded after import = 33

========================================================================
Received Import Request.
  Time since last request: 0.000040 seconds.
  path: Assets/_Barking_Dog/_3D Scifi Base Vol 1/Prefabs/_Props/P_Char_02.prefab
  artifactKey: Guid(42b9d7d02d46c49628d750a03d4ba7c6) Importer(815301076,1909f56bfc062723c751e8b465ee728b)
Start importing Assets/_Barking_Dog/_3D Scifi Base Vol 1/Prefabs/_Props/P_Char_02.prefab using Guid(42b9d7d02d46c49628d750a03d4ba7c6) Importer(815301076,1909f56bfc062723c751e8b465ee728b) (PreviewImporter) -> (artifact id: 'f5e26ac787e355d9a3b00653db33d18f') in 0.092607 seconds
Number of updated asset objects reloaded before import = 0Number of asset objects unloaded after import = 24

========================================================================
Received Import Request.
  Time since last request: 0.000057 seconds.
  path: Assets/_Barking_Dog/_3D Scifi Base Vol 1/Prefabs/_Props/P_Solar_Panel_02.prefab
  artifactKey: Guid(b57afd488984347b4bf1df9db1ca5552) Importer(815301076,1909f56bfc062723c751e8b465ee728b)
Start importing Assets/_Barking_Dog/_3D Scifi Base Vol 1/Prefabs/_Props/P_Solar_Panel_02.prefab using Guid(b57afd488984347b4bf1df9db1ca5552) Importer(815301076,1909f56bfc062723c751e8b465ee728b) (PreviewImporter) -> (artifact id: '41ecadea527c7d531c8cc8c4c3b4937d') in 1.278963 seconds
Number of updated asset objects reloaded before import = 0Number of asset objects unloaded after import = 47

========================================================================
Received Import Request.
  Time since last request: 0.000036 seconds.
  path: Assets/_Barking_Dog/_3D Scifi Base Vol 1/Prefabs/_Props/P_Bench_01.prefab
  artifactKey: Guid(30a98c620fd704f458d1ad068fae8582) Importer(815301076,1909f56bfc062723c751e8b465ee728b)
Start importing Assets/_Barking_Dog/_3D Scifi Base Vol 1/Prefabs/_Props/P_Bench_01.prefab using Guid(30a98c620fd704f458d1ad068fae8582) Importer(815301076,1909f56bfc062723c751e8b465ee728b) (PreviewImporter) -> (artifact id: '7343a88757d275118b648971e78b8d48') in 1.0672285 seconds
Number of updated asset objects reloaded before import = 0Number of asset objects unloaded after import = 27

========================================================================
Received Import Request.
  Time since last request: 0.000044 seconds.
  path: Assets/_Barking_Dog/_3D Scifi Base Vol 1/Prefabs/_Props/P_Computer_Dbl_02.prefab
  artifactKey: Guid(79da999ee4e6849628b51dc644792d12) Importer(815301076,1909f56bfc062723c751e8b465ee728b)
Start importing Assets/_Barking_Dog/_3D Scifi Base Vol 1/Prefabs/_Props/P_Computer_Dbl_02.prefab using Guid(79da999ee4e6849628b51dc644792d12) Importer(815301076,1909f56bfc062723c751e8b465ee728b) (PreviewImporter) -> (artifact id: 'affec193ef64bd3a79c75ada120939c1') in 0.5193101 seconds
Number of updated asset objects reloaded before import = 0Number of asset objects unloaded after import = 89

========================================================================
Received Import Request.
  Time since last request: 0.000108 seconds.
  path: Assets/_Barking_Dog/_3D Scifi Base Vol 1/Prefabs/_Props/P_Antenna_01.prefab
  artifactKey: Guid(786fd4c0182d74eae8671308a69d6cfa) Importer(815301076,1909f56bfc062723c751e8b465ee728b)
Start importing Assets/_Barking_Dog/_3D Scifi Base Vol 1/Prefabs/_Props/P_Antenna_01.prefab using Guid(786fd4c0182d74eae8671308a69d6cfa) Importer(815301076,1909f56bfc062723c751e8b465ee728b) (PreviewImporter) -> (artifact id: '36b9293608265a4accac054ee59d8b90') in 0.1932872 seconds
Number of updated asset objects reloaded before import = 0Number of asset objects unloaded after import = 22

========================================================================
Received Import Request.
  Time since last request: 0.000081 seconds.
  path: Assets/_Barking_Dog/_3D Scifi Base Vol 1/Prefabs/_Props/P_Reactor_04.prefab
  artifactKey: Guid(cc707ca2484794174b5087a5a8e22546) Importer(815301076,1909f56bfc062723c751e8b465ee728b)
Start importing Assets/_Barking_Dog/_3D Scifi Base Vol 1/Prefabs/_Props/P_Reactor_04.prefab using Guid(cc707ca2484794174b5087a5a8e22546) Importer(815301076,1909f56bfc062723c751e8b465ee728b) (PreviewImporter) -> (artifact id: 'f8d841ff53ae9b5273e7797bfa1f9680') in 0.5025753 seconds
Number of updated asset objects reloaded before import = 0Number of asset objects unloaded after import = 121

========================================================================
Received Import Request.
  Time since last request: 0.000092 seconds.
  path: Assets/_Barking_Dog/_3D Scifi Base Vol 1/Prefabs/_Props/P_Can_Red_01.prefab
  artifactKey: Guid(ae3885213e51a4622976003cb60fe5da) Importer(815301076,1909f56bfc062723c751e8b465ee728b)
Start importing Assets/_Barking_Dog/_3D Scifi Base Vol 1/Prefabs/_Props/P_Can_Red_01.prefab using Guid(ae3885213e51a4622976003cb60fe5da) Importer(815301076,1909f56bfc062723c751e8b465ee728b) (PreviewImporter) -> (artifact id: '761aa58e1dfb5af1c2439837cf8f4533') in 0.0967853 seconds
Number of updated asset objects reloaded before import = 0Number of asset objects unloaded after import = 17

========================================================================
Received Import Request.
  Time since last request: 0.000073 seconds.
  path: Assets/_Barking_Dog/_3D Scifi Base Vol 1/Prefabs/_Props/P_Computer_Dbl_04.prefab
  artifactKey: Guid(c7d5702e210bf45cda462558ce486941) Importer(815301076,1909f56bfc062723c751e8b465ee728b)
Start importing Assets/_Barking_Dog/_3D Scifi Base Vol 1/Prefabs/_Props/P_Computer_Dbl_04.prefab using Guid(c7d5702e210bf45cda462558ce486941) Importer(815301076,1909f56bfc062723c751e8b465ee728b) (PreviewImporter) -> (artifact id: '03cedead4287cce82bb74095471983cb') in 0.2760397 seconds
Number of updated asset objects reloaded before import = 0Number of asset objects unloaded after import = 155

========================================================================
Received Import Request.
  Time since last request: 0.000050 seconds.
  path: Assets/_Barking_Dog/_3D Scifi Base Vol 1/Prefabs/_Props/P_Reactor_05.prefab
  artifactKey: Guid(b62628b4ae6ea48a8ac2af85fca9b006) Importer(815301076,1909f56bfc062723c751e8b465ee728b)
Start importing Assets/_Barking_Dog/_3D Scifi Base Vol 1/Prefabs/_Props/P_Reactor_05.prefab using Guid(b62628b4ae6ea48a8ac2af85fca9b006) Importer(815301076,1909f56bfc062723c751e8b465ee728b) (PreviewImporter) -> (artifact id: '9c5e3c85c41a63366065c61b0f91d171') in 0.3578752 seconds
Number of updated asset objects reloaded before import = 0Number of asset objects unloaded after import = 263

========================================================================
Received Import Request.
  Time since last request: 0.000063 seconds.
  path: Assets/_Barking_Dog/_3D Scifi Base Vol 1/Prefabs/_Props/P_Computer_04.prefab
  artifactKey: Guid(0b6b90440584542369133afa21b89d9f) Importer(815301076,1909f56bfc062723c751e8b465ee728b)
Start importing Assets/_Barking_Dog/_3D Scifi Base Vol 1/Prefabs/_Props/P_Computer_04.prefab using Guid(0b6b90440584542369133afa21b89d9f) Importer(815301076,1909f56bfc062723c751e8b465ee728b) (PreviewImporter) -> (artifact id: '6ee27a59fc9921d6a0cc8bee93b2bc66') in 0.2969305 seconds
Number of updated asset objects reloaded before import = 0Number of asset objects unloaded after import = 63

========================================================================
Received Import Request.
  Time since last request: 0.000036 seconds.
  path: Assets/_Barking_Dog/_3D Scifi Base Vol 1/Prefabs/_Props/P_Laptop_01.prefab
  artifactKey: Guid(9cd5e167b147846b9a0b217637160d6d) Importer(815301076,1909f56bfc062723c751e8b465ee728b)
Start importing Assets/_Barking_Dog/_3D Scifi Base Vol 1/Prefabs/_Props/P_Laptop_01.prefab using Guid(9cd5e167b147846b9a0b217637160d6d) Importer(815301076,1909f56bfc062723c751e8b465ee728b) (PreviewImporter) -> (artifact id: '88f3721cab3d71490b5763811ba2bf5a') in 0.1162516 seconds
Number of updated asset objects reloaded before import = 0Number of asset objects unloaded after import = 30

========================================================================
Received Import Request.
  Time since last request: 0.000051 seconds.
  path: Assets/_Barking_Dog/_3D Scifi Base Vol 1/Prefabs/_Props/P_Eole_01.prefab
  artifactKey: Guid(fdcb6720e4002417784e26c07d5854ea) Importer(815301076,1909f56bfc062723c751e8b465ee728b)
Start importing Assets/_Barking_Dog/_3D Scifi Base Vol 1/Prefabs/_Props/P_Eole_01.prefab using Guid(fdcb6720e4002417784e26c07d5854ea) Importer(815301076,1909f56bfc062723c751e8b465ee728b) (PreviewImporter) -> (artifact id: '2d86324acfea9534fd7ea38490c5b1d6') in 0.1747685 seconds
Number of updated asset objects reloaded before import = 0Number of asset objects unloaded after import = 28

========================================================================
Received Import Request.
  Time since last request: 0.000118 seconds.
  path: Assets/_Barking_Dog/_3D Scifi Base Vol 1/Prefabs/_Props/P_Reactor_01.prefab
  artifactKey: Guid(0d54565c439114532ac5175bbc9012aa) Importer(815301076,1909f56bfc062723c751e8b465ee728b)
Start importing Assets/_Barking_Dog/_3D Scifi Base Vol 1/Prefabs/_Props/P_Reactor_01.prefab using Guid(0d54565c439114532ac5175bbc9012aa) Importer(815301076,1909f56bfc062723c751e8b465ee728b) (PreviewImporter) -> (artifact id: '797375d5f305f1bfde2cd8e79b6d29dd') in 0.4964706 seconds
Number of updated asset objects reloaded before import = 0Number of asset objects unloaded after import = 153

========================================================================
Received Import Request.
  Time since last request: 0.000153 seconds.
  path: Assets/_Barking_Dog/_3D Scifi Base Vol 1/Prefabs/_Props/P_Laser_Fence_05.prefab
  artifactKey: Guid(3fe935ac1528a447eb3aff08371570d7) Importer(815301076,1909f56bfc062723c751e8b465ee728b)
Start importing Assets/_Barking_Dog/_3D Scifi Base Vol 1/Prefabs/_Props/P_Laser_Fence_05.prefab using Guid(3fe935ac1528a447eb3aff08371570d7) Importer(815301076,1909f56bfc062723c751e8b465ee728b) (PreviewImporter) -> (artifact id: '4c676f8e89764c371e8d24f0ab0e1a63') in 0.1956419 seconds
Number of updated asset objects reloaded before import = 0Number of asset objects unloaded after import = 40

========================================================================
Received Import Request.
  Time since last request: 0.000041 seconds.
  path: Assets/_Barking_Dog/_3D Scifi Base Vol 1/Prefabs/_Props/P_Can_Blue_01.prefab
  artifactKey: Guid(a2b8590e546814f4c8b542963477d374) Importer(815301076,1909f56bfc062723c751e8b465ee728b)
Start importing Assets/_Barking_Dog/_3D Scifi Base Vol 1/Prefabs/_Props/P_Can_Blue_01.prefab using Guid(a2b8590e546814f4c8b542963477d374) Importer(815301076,1909f56bfc062723c751e8b465ee728b) (PreviewImporter) -> (artifact id: 'ff149beb04faea10332caf964053a485') in 0.1098337 seconds
Number of updated asset objects reloaded before import = 0Number of asset objects unloaded after import = 17

========================================================================
Received Import Request.
  Time since last request: 0.000104 seconds.
  path: Assets/_Barking_Dog/_3D Scifi Base Vol 1/Prefabs/_Props/P_Monitor_01.prefab
  artifactKey: Guid(56aeafee9f44c4264a3ba989c1164444) Importer(815301076,1909f56bfc062723c751e8b465ee728b)
Start importing Assets/_Barking_Dog/_3D Scifi Base Vol 1/Prefabs/_Props/P_Monitor_01.prefab using Guid(56aeafee9f44c4264a3ba989c1164444) Importer(815301076,1909f56bfc062723c751e8b465ee728b) (PreviewImporter) -> (artifact id: 'fb1aa4d22b8c937ed1b1ba888d362586') in 0.1760947 seconds
Number of updated asset objects reloaded before import = 0Number of asset objects unloaded after import = 37

========================================================================
Received Import Request.
  Time since last request: 0.000146 seconds.
  path: Assets/_Barking_Dog/_3D Scifi Base Vol 1/Prefabs/_Props/P_Computer_03.prefab
  artifactKey: Guid(257008f9214de4647bbc131825b77733) Importer(815301076,1909f56bfc062723c751e8b465ee728b)
Start importing Assets/_Barking_Dog/_3D Scifi Base Vol 1/Prefabs/_Props/P_Computer_03.prefab using Guid(257008f9214de4647bbc131825b77733) Importer(815301076,1909f56bfc062723c751e8b465ee728b) (PreviewImporter) -> (artifact id: '6323012b0152f646921e6605358f2653') in 0.2851492 seconds
Number of updated asset objects reloaded before import = 0Number of asset objects unloaded after import = 63

========================================================================
Received Import Request.
  Time since last request: 0.000066 seconds.
  path: Assets/_Barking_Dog/_3D Scifi Base Vol 1/Prefabs/_Props/P_Pillow_01.prefab
  artifactKey: Guid(81205f1e91f8a4f8bab126928d43e951) Importer(815301076,1909f56bfc062723c751e8b465ee728b)
Start importing Assets/_Barking_Dog/_3D Scifi Base Vol 1/Prefabs/_Props/P_Pillow_01.prefab using Guid(81205f1e91f8a4f8bab126928d43e951) Importer(815301076,1909f56bfc062723c751e8b465ee728b) (PreviewImporter) -> (artifact id: '9a16554c759ee9d550edcf1111513bfb') in 0.0886909 seconds
Number of updated asset objects reloaded before import = 0Number of asset objects unloaded after import = 16

========================================================================
Received Import Request.
  Time since last request: 0.000096 seconds.
  path: Assets/_Barking_Dog/_3D Scifi Base Vol 1/Prefabs/_Props/P_Laser_Fence_Ray.prefab
  artifactKey: Guid(769bbea3053a04f358e8d213b1b507fe) Importer(815301076,1909f56bfc062723c751e8b465ee728b)
Start importing Assets/_Barking_Dog/_3D Scifi Base Vol 1/Prefabs/_Props/P_Laser_Fence_Ray.prefab using Guid(769bbea3053a04f358e8d213b1b507fe) Importer(815301076,1909f56bfc062723c751e8b465ee728b) (PreviewImporter) -> (artifact id: 'b78a8c970a7ff4376b2802e67bcd7710') in 0.0303695 seconds
Number of updated asset objects reloaded before import = 0Number of asset objects unloaded after import = 10

========================================================================
Received Import Request.
  Time since last request: 0.000078 seconds.
  path: Assets/_Barking_Dog/_3D Scifi Base Vol 1/Prefabs/_Props/P_Shield_Generator.prefab
  artifactKey: Guid(93540607394df456e94c3b5dec17a671) Importer(815301076,1909f56bfc062723c751e8b465ee728b)
Start importing Assets/_Barking_Dog/_3D Scifi Base Vol 1/Prefabs/_Props/P_Shield_Generator.prefab using Guid(93540607394df456e94c3b5dec17a671) Importer(815301076,1909f56bfc062723c751e8b465ee728b) (PreviewImporter) -> (artifact id: 'afd30207f2f56207e2c5c9afbcbcf81e') in 0.4654247 seconds
Number of updated asset objects reloaded before import = 0Number of asset objects unloaded after import = 268

========================================================================
Received Import Request.
  Time since last request: 0.000068 seconds.
  path: Assets/_Barking_Dog/_3D Scifi Base Vol 1/Prefabs/_Props/P_Crate_Blue_Big_01.prefab
  artifactKey: Guid(a3361ac5826fa480790c9d2840d012ae) Importer(815301076,1909f56bfc062723c751e8b465ee728b)
Start importing Assets/_Barking_Dog/_3D Scifi Base Vol 1/Prefabs/_Props/P_Crate_Blue_Big_01.prefab using Guid(a3361ac5826fa480790c9d2840d012ae) Importer(815301076,1909f56bfc062723c751e8b465ee728b) (PreviewImporter) -> (artifact id: '18702b5adcba5e0929675a44e60f4e20') in 0.0875913 seconds
Number of updated asset objects reloaded before import = 0Number of asset objects unloaded after import = 22

========================================================================
Received Import Request.
  Time since last request: 0.000089 seconds.
  path: Assets/_Barking_Dog/_3D Scifi Base Vol 1/Prefabs/_Props/P_Bed_Couch_01.prefab
  artifactKey: Guid(45db41ab21a2241d78867a43b196f515) Importer(815301076,1909f56bfc062723c751e8b465ee728b)
Start importing Assets/_Barking_Dog/_3D Scifi Base Vol 1/Prefabs/_Props/P_Bed_Couch_01.prefab using Guid(45db41ab21a2241d78867a43b196f515) Importer(815301076,1909f56bfc062723c751e8b465ee728b) (PreviewImporter) -> (artifact id: 'e899b65b1040d870eac2ffed19fa8ecf') in 0.1066036 seconds
Number of updated asset objects reloaded before import = 0Number of asset objects unloaded after import = 16

========================================================================
Received Import Request.
  Time since last request: 0.000162 seconds.
  path: Assets/_Barking_Dog/_3D Scifi Base Vol 1/Prefabs/_Props/P_Computer_Dbl_05.prefab
  artifactKey: Guid(04ed93b6c9c9a45c7ac31c553816e921) Importer(815301076,1909f56bfc062723c751e8b465ee728b)
Start importing Assets/_Barking_Dog/_3D Scifi Base Vol 1/Prefabs/_Props/P_Computer_Dbl_05.prefab using Guid(04ed93b6c9c9a45c7ac31c553816e921) Importer(815301076,1909f56bfc062723c751e8b465ee728b) (PreviewImporter) -> (artifact id: '5e5bfc7f81a0425af816494a8a0bf93d') in 0.6103953 seconds
Number of updated asset objects reloaded before import = 0Number of asset objects unloaded after import = 277

========================================================================
Received Import Request.
  Time since last request: 0.000081 seconds.
  path: Assets/_Barking_Dog/_3D Scifi Base Vol 1/Prefabs/_Props/P_Reactor_07.prefab
  artifactKey: Guid(78dd5fe0404c940ff8b5cbaafd95e125) Importer(815301076,1909f56bfc062723c751e8b465ee728b)
Start importing Assets/_Barking_Dog/_3D Scifi Base Vol 1/Prefabs/_Props/P_Reactor_07.prefab using Guid(78dd5fe0404c940ff8b5cbaafd95e125) Importer(815301076,1909f56bfc062723c751e8b465ee728b) (PreviewImporter) -> (artifact id: '009145b027e0f02c75eb3620d238b675') in 0.5343464 seconds
Number of updated asset objects reloaded before import = 0Number of asset objects unloaded after import = 227

========================================================================
Received Import Request.
  Time since last request: 0.000196 seconds.
  path: Assets/_Barking_Dog/_3D Scifi Base Vol 1/Prefabs/_Props/P_Reactor_06.prefab
  artifactKey: Guid(215f9a3af47774f828bbcad397c6f8cd) Importer(815301076,1909f56bfc062723c751e8b465ee728b)
Start importing Assets/_Barking_Dog/_3D Scifi Base Vol 1/Prefabs/_Props/P_Reactor_06.prefab using Guid(215f9a3af47774f828bbcad397c6f8cd) Importer(815301076,1909f56bfc062723c751e8b465ee728b) (PreviewImporter) -> (artifact id: '8b0c690281b4a1044931f601f53bdefa') in 0.3329998 seconds
Number of updated asset objects reloaded before import = 0Number of asset objects unloaded after import = 122

========================================================================
Received Import Request.
  Time since last request: 0.000052 seconds.
  path: Assets/_Barking_Dog/_3D Scifi Base Vol 1/Prefabs/_Props/P_Chair_01.prefab
  artifactKey: Guid(dbcfa25f89c064396a712cd210d31e82) Importer(815301076,1909f56bfc062723c751e8b465ee728b)
Start importing Assets/_Barking_Dog/_3D Scifi Base Vol 1/Prefabs/_Props/P_Chair_01.prefab using Guid(dbcfa25f89c064396a712cd210d31e82) Importer(815301076,1909f56bfc062723c751e8b465ee728b) (PreviewImporter) -> (artifact id: 'cac300dc03ac7a00780bc43bba073245') in 0.2313332 seconds
Number of updated asset objects reloaded before import = 0Number of asset objects unloaded after import = 27

========================================================================
Received Import Request.
  Time since last request: 0.000070 seconds.
  path: Assets/_Barking_Dog/_3D Scifi Base Vol 1/Prefabs/_Props/P_Crate_Yellow_Big_01.prefab
  artifactKey: Guid(432778808f5bc4f18b75113d4f299254) Importer(815301076,1909f56bfc062723c751e8b465ee728b)
Start importing Assets/_Barking_Dog/_3D Scifi Base Vol 1/Prefabs/_Props/P_Crate_Yellow_Big_01.prefab using Guid(432778808f5bc4f18b75113d4f299254) Importer(815301076,1909f56bfc062723c751e8b465ee728b) (PreviewImporter) -> (artifact id: '40f47b0ec7ac51afea6d1cfdb5a0f5b5') in 0.1052435 seconds
Number of updated asset objects reloaded before import = 0Number of asset objects unloaded after import = 22

========================================================================
Received Import Request.
  Time since last request: 8.325437 seconds.
  path: Assets/!GET_MORE_ASSETS_FOR_FREE/DEV FREEDOM.txt
  artifactKey: Guid(1aa5e515bb5dad84ba632109b94013d8) Importer(2089858483,b0f066a214c2f5e87bad3c948f4d605d)
Start importing Assets/!GET_MORE_ASSETS_FOR_FREE/DEV FREEDOM.txt using Guid(1aa5e515bb5dad84ba632109b94013d8) Importer(2089858483,b0f066a214c2f5e87bad3c948f4d605d) (ScriptedImporter) -> (artifact id: 'b3954a5cb9eb83f994a7214e89755bf0') in 0.0771514 seconds
Number of updated asset objects reloaded before import = 0Number of asset objects unloaded after import = 1

========================================================================
Received Import Request.
  Time since last request: 0.000066 seconds.
  path: Assets/_Barking_Dog/_3D Scifi Base Vol 1/Meshes/Pipes_Insert_04.FBX
  artifactKey: Guid(e3db72718cf074c8584dac4c30d9d27e) Importer(2089858483,b0f066a214c2f5e87bad3c948f4d605d)
Start importing Assets/_Barking_Dog/_3D Scifi Base Vol 1/Meshes/Pipes_Insert_04.FBX using Guid(e3db72718cf074c8584dac4c30d9d27e) Importer(2089858483,b0f066a214c2f5e87bad3c948f4d605d) (ScriptedImporter) -> (artifact id: '912b87044edcdf1a42dfa6de5a88bcd5') in 0.1488558 seconds
Number of updated asset objects reloaded before import = 0Number of asset objects unloaded after import = 8

========================================================================
Received Import Request.
  Time since last request: 0.000044 seconds.
  path: Assets/_Barking_Dog/_3D Scifi Base Vol 1/Meshes/Air_Grid_01.FBX
  artifactKey: Guid(6432275ffa2a0429cbade538df3fbd90) Importer(2089858483,b0f066a214c2f5e87bad3c948f4d605d)
Start importing Assets/_Barking_Dog/_3D Scifi Base Vol 1/Meshes/Air_Grid_01.FBX using Guid(6432275ffa2a0429cbade538df3fbd90) Importer(2089858483,b0f066a214c2f5e87bad3c948f4d605d) (ScriptedImporter) -> (artifact id: 'bcafd3d3f303f5e893d0a76039742ac3') in 0.015957 seconds
Number of updated asset objects reloaded before import = 0Number of asset objects unloaded after import = 14

========================================================================
Received Import Request.
  Time since last request: 0.000059 seconds.
  path: Assets/_Barking_Dog/_3D Scifi Base Vol 1/Meshes/Roof_Cache_01.FBX
  artifactKey: Guid(3ed77203fda4f4404b5671af3d481aa6) Importer(2089858483,b0f066a214c2f5e87bad3c948f4d605d)
Start importing Assets/_Barking_Dog/_3D Scifi Base Vol 1/Meshes/Roof_Cache_01.FBX using Guid(3ed77203fda4f4404b5671af3d481aa6) Importer(2089858483,b0f066a214c2f5e87bad3c948f4d605d) (ScriptedImporter) -> (artifact id: '8d5c865aa3182dba637559d1c873f383') in 0.0136465 seconds
Number of updated asset objects reloaded before import = 0Number of asset objects unloaded after import = 8

========================================================================
Received Import Request.
  Time since last request: 0.000085 seconds.
  path: Assets/_Barking_Dog/_3D Scifi Base Vol 1/Meshes/Plateforme_01.FBX
  artifactKey: Guid(0a2bd3e21a0a94520b5a85376c40e035) Importer(2089858483,b0f066a214c2f5e87bad3c948f4d605d)
Start importing Assets/_Barking_Dog/_3D Scifi Base Vol 1/Meshes/Plateforme_01.FBX using Guid(0a2bd3e21a0a94520b5a85376c40e035) Importer(2089858483,b0f066a214c2f5e87bad3c948f4d605d) (ScriptedImporter) -> (artifact id: '635cf2138b976fed4088261de3556406') in 0.0170116 seconds
Number of updated asset objects reloaded before import = 0Number of asset objects unloaded after import = 11

========================================================================
Received Import Request.
  Time since last request: 0.000042 seconds.
  path: Assets/_Barking_Dog/_3D Scifi Base Vol 1/Meshes/Rock_04.FBX
  artifactKey: Guid(c44c8522cf2574dff97bb76fc8a3a8d1) Importer(2089858483,b0f066a214c2f5e87bad3c948f4d605d)
Start importing Assets/_Barking_Dog/_3D Scifi Base Vol 1/Meshes/Rock_04.FBX using Guid(c44c8522cf2574dff97bb76fc8a3a8d1) Importer(2089858483,b0f066a214c2f5e87bad3c948f4d605d) (ScriptedImporter) -> (artifact id: '8e204dbe023876a8526d76273f1a69e8') in 0.0178731 seconds
Number of updated asset objects reloaded before import = 0Number of asset objects unloaded after import = 8

========================================================================
Received Import Request.
  Time since last request: 0.000062 seconds.
  path: Assets/_Barking_Dog/_3D Scifi Base Vol 1/Meshes/Corridor_HallRing_02.FBX
  artifactKey: Guid(48081b2cc44a147d98076a1a2db4e9ad) Importer(2089858483,b0f066a214c2f5e87bad3c948f4d605d)
Start importing Assets/_Barking_Dog/_3D Scifi Base Vol 1/Meshes/Corridor_HallRing_02.FBX using Guid(48081b2cc44a147d98076a1a2db4e9ad) Importer(2089858483,b0f066a214c2f5e87bad3c948f4d605d) (ScriptedImporter) -> (artifact id: 'ff77aadc4351b83a50735e55ba42006e') in 0.0152859 seconds
Number of updated asset objects reloaded before import = 0Number of asset objects unloaded after import = 9

========================================================================
Received Import Request.
  Time since last request: 0.000057 seconds.
  path: Assets/_Barking_Dog/_3D Scifi Base Vol 1/Meshes/Dome_Angle_01.FBX
  artifactKey: Guid(99ba86fb95abc48afa90b112f187620d) Importer(2089858483,b0f066a214c2f5e87bad3c948f4d605d)
Start importing Assets/_Barking_Dog/_3D Scifi Base Vol 1/Meshes/Dome_Angle_01.FBX using Guid(99ba86fb95abc48afa90b112f187620d) Importer(2089858483,b0f066a214c2f5e87bad3c948f4d605d) (ScriptedImporter) -> (artifact id: '24c02dc90516b6d63cf8c9274f31565a') in 0.0145015 seconds
Number of updated asset objects reloaded before import = 0Number of asset objects unloaded after import = 10

========================================================================
Received Import Request.
  Time since last request: 0.000047 seconds.
  path: Assets/_Barking_Dog/_3D Scifi Base Vol 1/Meshes/Char_01.FBX
  artifactKey: Guid(d7e0aa64bd3bc42fe8261e947f5fde21) Importer(2089858483,b0f066a214c2f5e87bad3c948f4d605d)
Start importing Assets/_Barking_Dog/_3D Scifi Base Vol 1/Meshes/Char_01.FBX using Guid(d7e0aa64bd3bc42fe8261e947f5fde21) Importer(2089858483,b0f066a214c2f5e87bad3c948f4d605d) (ScriptedImporter) -> (artifact id: '43916e6c5c819a2a0034fc0c9c0c1b73') in 0.0176832 seconds
Number of updated asset objects reloaded before import = 0Number of asset objects unloaded after import = 8

========================================================================
Received Import Request.
  Time since last request: 0.000039 seconds.
  path: Assets/_Barking_Dog/_3D Scifi Base Vol 1/Example_01.unity
  artifactKey: Guid(75e76ba4aa90548258615a2ef30ef30a) Importer(2089858483,e11c23a36db5f54750b8cd40eac0985b)
Start importing Assets/_Barking_Dog/_3D Scifi Base Vol 1/Example_01.unity using Guid(75e76ba4aa90548258615a2ef30ef30a) Importer(2089858483,e11c23a36db5f54750b8cd40eac0985b) (ScriptedImporter)Opening scene 'Assets/_Barking_Dog/_3D Scifi Base Vol 1/Example_01.unity additively'
Loaded scene 'Assets/_Barking_Dog/_3D Scifi Base Vol 1/Example_01.unity'
	Deserialize:            56.994 ms
	Integration:            2014.462 ms
	Integration of assets:  0.069 ms
	Thread Wait Time:       -0.030 ms
	Total Operation Time:   2071.495 ms
 -> (artifact id: '1ea42ffb4f8020a14af84da4ee382c53') in 19.9250668 seconds
Number of updated asset objects reloaded before import = 0Number of asset objects unloaded after import = 21738

========================================================================
Received Import Request.
  Time since last request: 0.000050 seconds.
  path: Assets/_Barking_Dog/_3D Scifi Base Vol 1/Prefabs/_Build/P_Corridor_HallRing_02.prefab
  artifactKey: Guid(3e5cbf27c389c4e048f99b86fd42c7ac) Importer(2089858483,e11c23a36db5f54750b8cd40eac0985b)
Start importing Assets/_Barking_Dog/_3D Scifi Base Vol 1/Prefabs/_Build/P_Corridor_HallRing_02.prefab using Guid(3e5cbf27c389c4e048f99b86fd42c7ac) Importer(2089858483,e11c23a36db5f54750b8cd40eac0985b) (ScriptedImporter) -> (artifact id: 'f9771bd47628a0820ed19c8696670b87') in 0.0219623 seconds
Number of updated asset objects reloaded before import = 0Number of asset objects unloaded after import = 26

========================================================================
Received Import Request.
  Time since last request: 0.000055 seconds.
  path: Assets/_Barking_Dog/_3D Scifi Base Vol 1/Prefabs/_Build/P_Fence_01.prefab
  artifactKey: Guid(aa5129ccbc0fb49afb57f376724148f3) Importer(2089858483,e11c23a36db5f54750b8cd40eac0985b)
Start importing Assets/_Barking_Dog/_3D Scifi Base Vol 1/Prefabs/_Build/P_Fence_01.prefab using Guid(aa5129ccbc0fb49afb57f376724148f3) Importer(2089858483,e11c23a36db5f54750b8cd40eac0985b) (ScriptedImporter) -> (artifact id: '18a26c63bf3bc00ddc6743b9d8ec7961') in 0.0276255 seconds
Number of updated asset objects reloaded before import = 0Number of asset objects unloaded after import = 11

========================================================================
Received Import Request.
  Time since last request: 0.000034 seconds.
  path: Assets/_Barking_Dog/_3D Scifi Base Vol 1/Prefabs/_Build/P_Ring_Light_01.prefab
  artifactKey: Guid(9942c66f5a2474bf88a6e4d4ccb379bd) Importer(2089858483,e11c23a36db5f54750b8cd40eac0985b)
Start importing Assets/_Barking_Dog/_3D Scifi Base Vol 1/Prefabs/_Build/P_Ring_Light_01.prefab using Guid(9942c66f5a2474bf88a6e4d4ccb379bd) Importer(2089858483,e11c23a36db5f54750b8cd40eac0985b) (ScriptedImporter) -> (artifact id: '99a18152009faf7b7d6b26926388891d') in 0.0280591 seconds
Number of updated asset objects reloaded before import = 0Number of asset objects unloaded after import = 13

========================================================================
Received Import Request.
  Time since last request: 0.000044 seconds.
  path: Assets/_Barking_Dog/_3D Scifi Base Vol 1/Textures/Screen_02.mat
  artifactKey: Guid(3434a38242ca941518d1d5e12972b4ee) Importer(2089858483,b0f066a214c2f5e87bad3c948f4d605d)
Start importing Assets/_Barking_Dog/_3D Scifi Base Vol 1/Textures/Screen_02.mat using Guid(3434a38242ca941518d1d5e12972b4ee) Importer(2089858483,b0f066a214c2f5e87bad3c948f4d605d) (ScriptedImporter) -> (artifact id: '3ca8e5da13a8526f462571e6bd76289c') in 0.0087931 seconds
Number of updated asset objects reloaded before import = 0Number of asset objects unloaded after import = 2

========================================================================
Received Import Request.
  Time since last request: 0.000041 seconds.
  path: Assets/_Barking_Dog/_3D Scifi Base Vol 1/Meshes/Materials/Light_White.mat
  artifactKey: Guid(b421dfc5bf58947e2aed4b3d4cd60ce4) Importer(2089858483,b0f066a214c2f5e87bad3c948f4d605d)
Start importing Assets/_Barking_Dog/_3D Scifi Base Vol 1/Meshes/Materials/Light_White.mat using Guid(b421dfc5bf58947e2aed4b3d4cd60ce4) Importer(2089858483,b0f066a214c2f5e87bad3c948f4d605d) (ScriptedImporter) -> (artifact id: '3330474b90eed87fd9061ab88433d14c') in 0.005926 seconds
Number of updated asset objects reloaded before import = 0Number of asset objects unloaded after import = 1

========================================================================
Received Import Request.
  Time since last request: 0.000060 seconds.
  path: Assets/_Barking_Dog/_3D Scifi Base Vol 1/Textures/Wall_Atlas_07_Metal_02.tif
  artifactKey: Guid(d33c8b64b2f8c4e62803bea427077c5a) Importer(2089858483,b0f066a214c2f5e87bad3c948f4d605d)
Start importing Assets/_Barking_Dog/_3D Scifi Base Vol 1/Textures/Wall_Atlas_07_Metal_02.tif using Guid(d33c8b64b2f8c4e62803bea427077c5a) Importer(2089858483,b0f066a214c2f5e87bad3c948f4d605d) (ScriptedImporter)[Licensing::Client] Successfully resolved entitlement details
 -> (artifact id: 'c795c9f144ad397bb5d81096bba08469') in 0.0757261 seconds
Number of updated asset objects reloaded before import = 0Number of asset objects unloaded after import = 1

========================================================================
Received Import Request.
  Time since last request: 0.000034 seconds.
  path: Assets/_Barking_Dog/_3D Scifi Base Vol 1/Textures/Sparc_04.mat
  artifactKey: Guid(011c0b43b219046cc93d31d6100f4e05) Importer(2089858483,b0f066a214c2f5e87bad3c948f4d605d)
Start importing Assets/_Barking_Dog/_3D Scifi Base Vol 1/Textures/Sparc_04.mat using Guid(011c0b43b219046cc93d31d6100f4e05) Importer(2089858483,b0f066a214c2f5e87bad3c948f4d605d) (ScriptedImporter) -> (artifact id: '3e5693720d1639840697b87020775403') in 0.0054662 seconds
Number of updated asset objects reloaded before import = 0Number of asset objects unloaded after import = 2

========================================================================
Received Import Request.
  Time since last request: 0.000048 seconds.
  path: Assets/_Barking_Dog/_3D Scifi Base Vol 1/Scripts/HoriDoorManager.cs
  artifactKey: Guid(55bdc53e072ca4143a2004ca33085fb7) Importer(2089858483,b0f066a214c2f5e87bad3c948f4d605d)
Start importing Assets/_Barking_Dog/_3D Scifi Base Vol 1/Scripts/HoriDoorManager.cs using Guid(55bdc53e072ca4143a2004ca33085fb7) Importer(2089858483,b0f066a214c2f5e87bad3c948f4d605d) (ScriptedImporter) -> (artifact id: '8400644caec82ce9b7e6644ffd696fe2') in 0.0045513 seconds
Number of updated asset objects reloaded before import = 0Number of asset objects unloaded after import = 0

========================================================================
Received Import Request.
  Time since last request: 0.000057 seconds.
  path: Assets/_Barking_Dog/_3D Scifi Base Vol 1/Prefabs/_Build/P_Rock_04.prefab
  artifactKey: Guid(773f41b08e0524398b0161bd36f7c1c1) Importer(2089858483,e11c23a36db5f54750b8cd40eac0985b)
Start importing Assets/_Barking_Dog/_3D Scifi Base Vol 1/Prefabs/_Build/P_Rock_04.prefab using Guid(773f41b08e0524398b0161bd36f7c1c1) Importer(2089858483,e11c23a36db5f54750b8cd40eac0985b) (ScriptedImporter) -> (artifact id: 'ecd65566c384d59a51b8ed88bfee5c06') in 0.0114338 seconds
Number of updated asset objects reloaded before import = 0Number of asset objects unloaded after import = 11

========================================================================
Received Import Request.
  Time since last request: 0.000043 seconds.
  path: Assets/_Barking_Dog/_3D Scifi Base Vol 1/Prefabs/_Build/P_Roof_Angle_03_B.prefab
  artifactKey: Guid(c0b07f89348f6468bb72f8d7e467f761) Importer(2089858483,e11c23a36db5f54750b8cd40eac0985b)
Start importing Assets/_Barking_Dog/_3D Scifi Base Vol 1/Prefabs/_Build/P_Roof_Angle_03_B.prefab using Guid(c0b07f89348f6468bb72f8d7e467f761) Importer(2089858483,e11c23a36db5f54750b8cd40eac0985b) (ScriptedImporter) -> (artifact id: 'b73a4f644df377ea817b0e3a43c806af') in 0.0179148 seconds
Number of updated asset objects reloaded before import = 0Number of asset objects unloaded after import = 11

========================================================================
Received Import Request.
  Time since last request: 0.000037 seconds.
  path: Assets/_Barking_Dog/_3D Scifi Base Vol 1/Prefabs/_Build/P_Roof_Angle_02_B.prefab
  artifactKey: Guid(426e4e3fbd51844c1972c9f19768f379) Importer(2089858483,e11c23a36db5f54750b8cd40eac0985b)
Start importing Assets/_Barking_Dog/_3D Scifi Base Vol 1/Prefabs/_Build/P_Roof_Angle_02_B.prefab using Guid(426e4e3fbd51844c1972c9f19768f379) Importer(2089858483,e11c23a36db5f54750b8cd40eac0985b) (ScriptedImporter) -> (artifact id: 'e6836850bb84fe93744336d5044cde07') in 0.0360168 seconds
Number of updated asset objects reloaded before import = 0Number of asset objects unloaded after import = 10

========================================================================
Received Import Request.
  Time since last request: 0.000036 seconds.
  path: Assets/_Barking_Dog/_3D Scifi Base Vol 1/Prefabs/_Build/P_Roof_Angle_01_B.prefab
  artifactKey: Guid(aac1909c881354af297d1425e033e22e) Importer(2089858483,e11c23a36db5f54750b8cd40eac0985b)
Start importing Assets/_Barking_Dog/_3D Scifi Base Vol 1/Prefabs/_Build/P_Roof_Angle_01_B.prefab using Guid(aac1909c881354af297d1425e033e22e) Importer(2089858483,e11c23a36db5f54750b8cd40eac0985b) (ScriptedImporter) -> (artifact id: '41a91c6f9306a59b014df6d31b859ac2') in 0.0189205 seconds
Number of updated asset objects reloaded before import = 0Number of asset objects unloaded after import = 13

========================================================================
Received Import Request.
  Time since last request: 0.000078 seconds.
  path: Assets/_Barking_Dog/_3D Scifi Base Vol 1/Prefabs/_Build/P_Roof_Angle_05.prefab
  artifactKey: Guid(e917625e5ed05453fb6d212abdf3521d) Importer(2089858483,e11c23a36db5f54750b8cd40eac0985b)
Start importing Assets/_Barking_Dog/_3D Scifi Base Vol 1/Prefabs/_Build/P_Roof_Angle_05.prefab using Guid(e917625e5ed05453fb6d212abdf3521d) Importer(2089858483,e11c23a36db5f54750b8cd40eac0985b) (ScriptedImporter) -> (artifact id: '604b96819caba23bfb419fe8197eb5a3') in 0.0094507 seconds
Number of updated asset objects reloaded before import = 0Number of asset objects unloaded after import = 10

========================================================================
Received Import Request.
  Time since last request: 0.000047 seconds.
  path: Assets/_Barking_Dog/_3D Scifi Base Vol 1/Meshes/Fence_02.FBX
  artifactKey: Guid(b019d48cc9c9243bba6811b8c7126a83) Importer(2089858483,b0f066a214c2f5e87bad3c948f4d605d)
Start importing Assets/_Barking_Dog/_3D Scifi Base Vol 1/Meshes/Fence_02.FBX using Guid(b019d48cc9c9243bba6811b8c7126a83) Importer(2089858483,b0f066a214c2f5e87bad3c948f4d605d) (ScriptedImporter) -> (artifact id: '8a3a7b0eaeb4b1051eb68ebc24c0b23d') in 0.0145536 seconds
Number of updated asset objects reloaded before import = 0Number of asset objects unloaded after import = 8

========================================================================
Received Import Request.
  Time since last request: 0.000038 seconds.
  path: Assets/_Barking_Dog/_3D Scifi Base Vol 1/Textures/Bubble_A.png
  artifactKey: Guid(4982197b2b6e4464c9e1ac14131abd5b) Importer(2089858483,b0f066a214c2f5e87bad3c948f4d605d)
Start importing Assets/_Barking_Dog/_3D Scifi Base Vol 1/Textures/Bubble_A.png using Guid(4982197b2b6e4464c9e1ac14131abd5b) Importer(2089858483,b0f066a214c2f5e87bad3c948f4d605d) (ScriptedImporter) -> (artifact id: '20cc5f32c6521d7f727b77024e95a462') in 0.0101145 seconds
Number of updated asset objects reloaded before import = 0Number of asset objects unloaded after import = 1

========================================================================
Received Import Request.
  Time since last request: 0.000048 seconds.
  path: Assets/_Barking_Dog/_3D Scifi Base Vol 1/Prefabs/_Build/P_Roof_Cache_12.prefab
  artifactKey: Guid(37a0c66d9f3824a37b7b96085ef82a37) Importer(2089858483,e11c23a36db5f54750b8cd40eac0985b)
Start importing Assets/_Barking_Dog/_3D Scifi Base Vol 1/Prefabs/_Build/P_Roof_Cache_12.prefab using Guid(37a0c66d9f3824a37b7b96085ef82a37) Importer(2089858483,e11c23a36db5f54750b8cd40eac0985b) (ScriptedImporter) -> (artifact id: '6256e3b74a9ab8e33c20c6b823794d65') in 0.0306169 seconds
Number of updated asset objects reloaded before import = 0Number of asset objects unloaded after import = 10

========================================================================
Received Import Request.
  Time since last request: 0.000049 seconds.
  path: Assets/_Barking_Dog/_3D Scifi Base Vol 1/Prefabs/_Build/P_Roof_Cache_06_B.prefab
  artifactKey: Guid(f1ff07bf5ce2647c3ae6ca81a0a59f4d) Importer(2089858483,e11c23a36db5f54750b8cd40eac0985b)
Start importing Assets/_Barking_Dog/_3D Scifi Base Vol 1/Prefabs/_Build/P_Roof_Cache_06_B.prefab using Guid(f1ff07bf5ce2647c3ae6ca81a0a59f4d) Importer(2089858483,e11c23a36db5f54750b8cd40eac0985b) (ScriptedImporter) -> (artifact id: '5d660e803afa408485344b5970d476a6') in 0.0162022 seconds
Number of updated asset objects reloaded before import = 0Number of asset objects unloaded after import = 11

========================================================================
Received Import Request.
  Time since last request: 0.000043 seconds.
  path: Assets/_Barking_Dog/_3D Scifi Base Vol 1/Prefabs/_Build/P_Roof_Cache_04_B.prefab
  artifactKey: Guid(29dec274d9a6a4bc99fb021199f5a5ef) Importer(2089858483,e11c23a36db5f54750b8cd40eac0985b)
Start importing Assets/_Barking_Dog/_3D Scifi Base Vol 1/Prefabs/_Build/P_Roof_Cache_04_B.prefab using Guid(29dec274d9a6a4bc99fb021199f5a5ef) Importer(2089858483,e11c23a36db5f54750b8cd40eac0985b) (ScriptedImporter) -> (artifact id: '7db4d66880187f601bc716693b712856') in 0.0114951 seconds
Number of updated asset objects reloaded before import = 0Number of asset objects unloaded after import = 10

========================================================================
Received Import Request.
  Time since last request: 0.000072 seconds.
  path: Assets/_Barking_Dog/_3D Scifi Base Vol 1/Prefabs/_Build/P_Roof_Light_01.prefab
  artifactKey: Guid(64d268ef6ce3e4a3e9e2940441d8a76f) Importer(2089858483,e11c23a36db5f54750b8cd40eac0985b)
Start importing Assets/_Barking_Dog/_3D Scifi Base Vol 1/Prefabs/_Build/P_Roof_Light_01.prefab using Guid(64d268ef6ce3e4a3e9e2940441d8a76f) Importer(2089858483,e11c23a36db5f54750b8cd40eac0985b) (ScriptedImporter) -> (artifact id: 'b4d9b57f9a1dd4a762df5604cedfd72f') in 0.0109998 seconds
Number of updated asset objects reloaded before import = 0Number of asset objects unloaded after import = 10

========================================================================
Received Import Request.
  Time since last request: 0.000131 seconds.
  path: Assets/_Barking_Dog/_3D Scifi Base Vol 1/Prefabs/_Build/P_Roof_Cache_10.prefab
  artifactKey: Guid(68d9b249ca69147db9e21c85b75a12f6) Importer(2089858483,e11c23a36db5f54750b8cd40eac0985b)
Start importing Assets/_Barking_Dog/_3D Scifi Base Vol 1/Prefabs/_Build/P_Roof_Cache_10.prefab using Guid(68d9b249ca69147db9e21c85b75a12f6) Importer(2089858483,e11c23a36db5f54750b8cd40eac0985b) (ScriptedImporter) -> (artifact id: 'dc80a59a675e5ab16b152d68cb80fb66') in 0.0142674 seconds
Number of updated asset objects reloaded before import = 0Number of asset objects unloaded after import = 10

========================================================================
Received Import Request.
  Time since last request: 0.000047 seconds.
  path: Assets/_Barking_Dog/_3D Scifi Base Vol 1/Textures/Screen_02.png
  artifactKey: Guid(59d0dd74304a54892ada9f4c7a766bc4) Importer(2089858483,b0f066a214c2f5e87bad3c948f4d605d)
Start importing Assets/_Barking_Dog/_3D Scifi Base Vol 1/Textures/Screen_02.png using Guid(59d0dd74304a54892ada9f4c7a766bc4) Importer(2089858483,b0f066a214c2f5e87bad3c948f4d605d) (ScriptedImporter) -> (artifact id: 'd65d70342a7cfe84a1791353b691f3e2') in 0.0110627 seconds
Number of updated asset objects reloaded before import = 0Number of asset objects unloaded after import = 1

========================================================================
Received Import Request.
  Time since last request: 0.000052 seconds.
  path: Assets/_Barking_Dog/_3D Scifi Base Vol 1/Meshes/Pipe_End_02.FBX
  artifactKey: Guid(6b99a8dc3fcb84c3fa2567aff80e0d3a) Importer(2089858483,b0f066a214c2f5e87bad3c948f4d605d)
Start importing Assets/_Barking_Dog/_3D Scifi Base Vol 1/Meshes/Pipe_End_02.FBX using Guid(6b99a8dc3fcb84c3fa2567aff80e0d3a) Importer(2089858483,b0f066a214c2f5e87bad3c948f4d605d) (ScriptedImporter) -> (artifact id: '3ba8b357da921b12297e86f3f0b4a03b') in 0.0167302 seconds
Number of updated asset objects reloaded before import = 0Number of asset objects unloaded after import = 8

========================================================================
Received Import Request.
  Time since last request: 0.000039 seconds.
  path: Assets/_Barking_Dog/_3D Scifi Base Vol 1/Prefabs/_Build/P_Wall_Angle_04.prefab
  artifactKey: Guid(522268933eff04a9da87faa2fa244931) Importer(2089858483,e11c23a36db5f54750b8cd40eac0985b)
Start importing Assets/_Barking_Dog/_3D Scifi Base Vol 1/Prefabs/_Build/P_Wall_Angle_04.prefab using Guid(522268933eff04a9da87faa2fa244931) Importer(2089858483,e11c23a36db5f54750b8cd40eac0985b) (ScriptedImporter) -> (artifact id: 'e46aaf9604df0b92aa12449a4fe56230') in 0.0085506 seconds
Number of updated asset objects reloaded before import = 0Number of asset objects unloaded after import = 11

========================================================================
Received Import Request.
  Time since last request: 0.000046 seconds.
  path: Assets/_Barking_Dog/_3D Scifi Base Vol 1/Prefabs/_Build/P_Wall_Angle_01.prefab
  artifactKey: Guid(37387bc7411c44a5e897c2c80e693210) Importer(2089858483,e11c23a36db5f54750b8cd40eac0985b)
Start importing Assets/_Barking_Dog/_3D Scifi Base Vol 1/Prefabs/_Build/P_Wall_Angle_01.prefab using Guid(37387bc7411c44a5e897c2c80e693210) Importer(2089858483,e11c23a36db5f54750b8cd40eac0985b) (ScriptedImporter) -> (artifact id: '0d243d4dd27fd05e361e9f34ed0a5569') in 0.0638075 seconds
Number of updated asset objects reloaded before import = 0Number of asset objects unloaded after import = 72

========================================================================
Received Import Request.
  Time since last request: 0.000050 seconds.
  path: Assets/_Barking_Dog/_3D Scifi Base Vol 1/Prefabs/_Build/P_Stair_Metal_01.prefab
  artifactKey: Guid(8755fbfde114e44e49a519aea012263f) Importer(2089858483,e11c23a36db5f54750b8cd40eac0985b)
Start importing Assets/_Barking_Dog/_3D Scifi Base Vol 1/Prefabs/_Build/P_Stair_Metal_01.prefab using Guid(8755fbfde114e44e49a519aea012263f) Importer(2089858483,e11c23a36db5f54750b8cd40eac0985b) (ScriptedImporter) -> (artifact id: 'dbcdcc83fc71618c14499b2e03cc45b9') in 0.0132985 seconds
Number of updated asset objects reloaded before import = 0Number of asset objects unloaded after import = 20

========================================================================
Received Import Request.
  Time since last request: 0.000032 seconds.
  path: Assets/_Barking_Dog/_3D Scifi Base Vol 1/Prefabs/_Build/P_Solar_Panel_01.prefab
  artifactKey: Guid(0120ee67dc8e34c548eb833379c8c1f4) Importer(2089858483,e11c23a36db5f54750b8cd40eac0985b)
Start importing Assets/_Barking_Dog/_3D Scifi Base Vol 1/Prefabs/_Build/P_Solar_Panel_01.prefab using Guid(0120ee67dc8e34c548eb833379c8c1f4) Importer(2089858483,e11c23a36db5f54750b8cd40eac0985b) (ScriptedImporter) -> (artifact id: 'a222c9944b440caeb9ee531fa076c860') in 0.0144791 seconds
Number of updated asset objects reloaded before import = 0Number of asset objects unloaded after import = 11

========================================================================
Received Import Request.
  Time since last request: 0.000195 seconds.
  path: Assets/_Barking_Dog/_3D Scifi Base Vol 1/Prefabs/_Build/P_Wall_Angle_06.prefab
  artifactKey: Guid(6dd119b3998e440ffb59a924f1d3ef80) Importer(2089858483,e11c23a36db5f54750b8cd40eac0985b)
Start importing Assets/_Barking_Dog/_3D Scifi Base Vol 1/Prefabs/_Build/P_Wall_Angle_06.prefab using Guid(6dd119b3998e440ffb59a924f1d3ef80) Importer(2089858483,e11c23a36db5f54750b8cd40eac0985b) (ScriptedImporter) -> (artifact id: '959c844be0e802ff4e072c8724fb5235') in 0.0664435 seconds
Number of updated asset objects reloaded before import = 0Number of asset objects unloaded after import = 61

========================================================================
Received Import Request.
  Time since last request: 0.000039 seconds.
  path: Assets/_Barking_Dog/_3D Scifi Base Vol 1/Prefabs/_Build/P_Wall_Half_02.prefab
  artifactKey: Guid(726f9dbef49394867b0ac27cc437e747) Importer(2089858483,e11c23a36db5f54750b8cd40eac0985b)
Start importing Assets/_Barking_Dog/_3D Scifi Base Vol 1/Prefabs/_Build/P_Wall_Half_02.prefab using Guid(726f9dbef49394867b0ac27cc437e747) Importer(2089858483,e11c23a36db5f54750b8cd40eac0985b) (ScriptedImporter) -> (artifact id: '662f5cc1c0ff57cbadef9d6a412126c7') in 0.0108948 seconds
Number of updated asset objects reloaded before import = 0Number of asset objects unloaded after import = 11

========================================================================
Received Import Request.
  Time since last request: 0.000063 seconds.
  path: Assets/_Barking_Dog/_3D Scifi Base Vol 1/Prefabs/_Build/P_Wall_Normal_04.prefab
  artifactKey: Guid(a5351b7b2491e4d75853bce3926e139b) Importer(2089858483,e11c23a36db5f54750b8cd40eac0985b)
Start importing Assets/_Barking_Dog/_3D Scifi Base Vol 1/Prefabs/_Build/P_Wall_Normal_04.prefab using Guid(a5351b7b2491e4d75853bce3926e139b) Importer(2089858483,e11c23a36db5f54750b8cd40eac0985b) (ScriptedImporter) -> (artifact id: '273aad568608617036eb4b1a71edc605') in 0.0137685 seconds
Number of updated asset objects reloaded before import = 0Number of asset objects unloaded after import = 16

========================================================================
Received Import Request.
  Time since last request: 0.000048 seconds.
  path: Assets/_Barking_Dog/_3D Scifi Base Vol 1/Prefabs/_Build/P_Wall_Pilar_01.prefab
  artifactKey: Guid(61c2044d036dd439fa11c967aad0db76) Importer(2089858483,e11c23a36db5f54750b8cd40eac0985b)
Start importing Assets/_Barking_Dog/_3D Scifi Base Vol 1/Prefabs/_Build/P_Wall_Pilar_01.prefab using Guid(61c2044d036dd439fa11c967aad0db76) Importer(2089858483,e11c23a36db5f54750b8cd40eac0985b) (ScriptedImporter) -> (artifact id: 'fa03332b18cd0aea1ef9664f602c1fe7') in 0.0308929 seconds
Number of updated asset objects reloaded before import = 0Number of asset objects unloaded after import = 19

========================================================================
Received Import Request.
  Time since last request: 0.000073 seconds.
  path: Assets/_Barking_Dog/_3D Scifi Base Vol 1/Prefabs/_Build/P_Wall_Window_01.prefab
  artifactKey: Guid(5c0fc2c345dbf4468930ff723ffad84c) Importer(2089858483,e11c23a36db5f54750b8cd40eac0985b)
Start importing Assets/_Barking_Dog/_3D Scifi Base Vol 1/Prefabs/_Build/P_Wall_Window_01.prefab using Guid(5c0fc2c345dbf4468930ff723ffad84c) Importer(2089858483,e11c23a36db5f54750b8cd40eac0985b) (ScriptedImporter) -> (artifact id: '2d860833c79ce6d68f5a46e8200b980a') in 0.0279753 seconds
Number of updated asset objects reloaded before import = 0Number of asset objects unloaded after import = 31

========================================================================
Received Import Request.
  Time since last request: 0.000031 seconds.
  path: Assets/_Barking_Dog/_3D Scifi Base Vol 1/Meshes/Solar_Panel_02.FBX
  artifactKey: Guid(f03c713092cb144a5a3b02d238545f17) Importer(2089858483,b0f066a214c2f5e87bad3c948f4d605d)
Start importing Assets/_Barking_Dog/_3D Scifi Base Vol 1/Meshes/Solar_Panel_02.FBX using Guid(f03c713092cb144a5a3b02d238545f17) Importer(2089858483,b0f066a214c2f5e87bad3c948f4d605d) (ScriptedImporter) -> (artifact id: 'eeb4d357a9ce03f625a6257b3726042c') in 0.0298417 seconds
Number of updated asset objects reloaded before import = 0Number of asset objects unloaded after import = 29

========================================================================
Received Import Request.
  Time since last request: 0.000039 seconds.
  path: Assets/_Barking_Dog/_3D Scifi Base Vol 1/Meshes/Roof_Cache_11.FBX
  artifactKey: Guid(67889dc543fc2424085631092e7b3c3e) Importer(2089858483,b0f066a214c2f5e87bad3c948f4d605d)
Start importing Assets/_Barking_Dog/_3D Scifi Base Vol 1/Meshes/Roof_Cache_11.FBX using Guid(67889dc543fc2424085631092e7b3c3e) Importer(2089858483,b0f066a214c2f5e87bad3c948f4d605d) (ScriptedImporter) -> (artifact id: 'd0fb9789a98197fbe473710ee8b3eda9') in 0.0163086 seconds
Number of updated asset objects reloaded before import = 0Number of asset objects unloaded after import = 8

========================================================================
Received Import Request.
  Time since last request: 0.000034 seconds.
  path: Assets/_Barking_Dog/_3D Scifi Base Vol 1/Prefabs/_Build/P_Glass_Tube_01.prefab
  artifactKey: Guid(38cdf75fade944265975cb392366e509) Importer(2089858483,e11c23a36db5f54750b8cd40eac0985b)
Start importing Assets/_Barking_Dog/_3D Scifi Base Vol 1/Prefabs/_Build/P_Glass_Tube_01.prefab using Guid(38cdf75fade944265975cb392366e509) Importer(2089858483,e11c23a36db5f54750b8cd40eac0985b) (ScriptedImporter) -> (artifact id: '0230498214052e49cffe9e98ff3423af') in 0.0455289 seconds
Number of updated asset objects reloaded before import = 0Number of asset objects unloaded after import = 27

========================================================================
Received Import Request.
  Time since last request: 0.000052 seconds.
  path: Assets/_Barking_Dog/_3D Scifi Base Vol 1/Prefabs/_Legos/P_Big_Base_01.prefab
  artifactKey: Guid(7275080542e854afcb2028691a8add18) Importer(2089858483,e11c23a36db5f54750b8cd40eac0985b)
Start importing Assets/_Barking_Dog/_3D Scifi Base Vol 1/Prefabs/_Legos/P_Big_Base_01.prefab using Guid(7275080542e854afcb2028691a8add18) Importer(2089858483,e11c23a36db5f54750b8cd40eac0985b) (ScriptedImporter) -> (artifact id: 'f13c334b11dccf5e7d65d5d7e4ffd12f') in 1.0303594 seconds
Number of updated asset objects reloaded before import = 0Number of asset objects unloaded after import = 1511

========================================================================
Received Import Request.
  Time since last request: 0.000041 seconds.
  path: Assets/_Barking_Dog/_3D Scifi Base Vol 1/Prefabs/_Legos/P_Corridor_Small_06.prefab
  artifactKey: Guid(e7d722afd9fdb468d9fa4d7c86cd3302) Importer(2089858483,e11c23a36db5f54750b8cd40eac0985b)
Start importing Assets/_Barking_Dog/_3D Scifi Base Vol 1/Prefabs/_Legos/P_Corridor_Small_06.prefab using Guid(e7d722afd9fdb468d9fa4d7c86cd3302) Importer(2089858483,e11c23a36db5f54750b8cd40eac0985b) (ScriptedImporter) -> (artifact id: '93d7c164a8db4093f7df053146732423') in 0.0667253 seconds
Number of updated asset objects reloaded before import = 0Number of asset objects unloaded after import = 100

========================================================================
Received Import Request.
  Time since last request: 0.000048 seconds.
  path: Assets/_Barking_Dog/_3D Scifi Base Vol 1/Prefabs/_Legos/P_Corridor_End_02.prefab
  artifactKey: Guid(6f17f2837521c4ac898445a9a7e2e135) Importer(2089858483,e11c23a36db5f54750b8cd40eac0985b)
Start importing Assets/_Barking_Dog/_3D Scifi Base Vol 1/Prefabs/_Legos/P_Corridor_End_02.prefab using Guid(6f17f2837521c4ac898445a9a7e2e135) Importer(2089858483,e11c23a36db5f54750b8cd40eac0985b) (ScriptedImporter) -> (artifact id: '8963ad364197b8f384f1f5a3ac0b9c88') in 0.1515987 seconds
Number of updated asset objects reloaded before import = 0Number of asset objects unloaded after import = 208

========================================================================
Received Import Request.
  Time since last request: 0.000034 seconds.
  path: Assets/_Barking_Dog/_3D Scifi Base Vol 1/Prefabs/_Legos/P_Corridor_Small_05.prefab
  artifactKey: Guid(77faaea71e1084033aebafb65652362f) Importer(2089858483,e11c23a36db5f54750b8cd40eac0985b)
Start importing Assets/_Barking_Dog/_3D Scifi Base Vol 1/Prefabs/_Legos/P_Corridor_Small_05.prefab using Guid(77faaea71e1084033aebafb65652362f) Importer(2089858483,e11c23a36db5f54750b8cd40eac0985b) (ScriptedImporter) -> (artifact id: 'c24bcd5a9ea5ccd99b1bd1cd0d979e31') in 0.0854617 seconds
Number of updated asset objects reloaded before import = 0Number of asset objects unloaded after import = 124

========================================================================
Received Import Request.
  Time since last request: 0.000050 seconds.
  path: Assets/_Barking_Dog/_3D Scifi Base Vol 1/Prefabs/_Legos/P_Plateform_Big_01.prefab
  artifactKey: Guid(011b6917c07494ac9b9a80e4dd451ea2) Importer(2089858483,e11c23a36db5f54750b8cd40eac0985b)
Start importing Assets/_Barking_Dog/_3D Scifi Base Vol 1/Prefabs/_Legos/P_Plateform_Big_01.prefab using Guid(011b6917c07494ac9b9a80e4dd451ea2) Importer(2089858483,e11c23a36db5f54750b8cd40eac0985b) (ScriptedImporter) -> (artifact id: '36ab3b9b50a7ca7827bbaf78d2cd433e') in 0.2705134 seconds
Number of updated asset objects reloaded before import = 0Number of asset objects unloaded after import = 371

========================================================================
Received Import Request.
  Time since last request: 0.000046 seconds.
  path: Assets/_Barking_Dog/_3D Scifi Base Vol 1/Prefabs/_Legos/P_Plateform_Big_02.prefab
  artifactKey: Guid(7b54114cab7d448e38c75931ca7068da) Importer(2089858483,e11c23a36db5f54750b8cd40eac0985b)
Start importing Assets/_Barking_Dog/_3D Scifi Base Vol 1/Prefabs/_Legos/P_Plateform_Big_02.prefab using Guid(7b54114cab7d448e38c75931ca7068da) Importer(2089858483,e11c23a36db5f54750b8cd40eac0985b) (ScriptedImporter) -> (artifact id: '67a1061d4e7153200da37a2b2cecac6c') in 0.0848958 seconds
Number of updated asset objects reloaded before import = 0Number of asset objects unloaded after import = 114

========================================================================
Received Import Request.
  Time since last request: 0.000054 seconds.
  path: Assets/_Barking_Dog/_3D Scifi Base Vol 1/Prefabs/_Legos/P_Plateform_Big_05.prefab
  artifactKey: Guid(3956195420b374ae9b6cee702448eba7) Importer(2089858483,e11c23a36db5f54750b8cd40eac0985b)
Start importing Assets/_Barking_Dog/_3D Scifi Base Vol 1/Prefabs/_Legos/P_Plateform_Big_05.prefab using Guid(3956195420b374ae9b6cee702448eba7) Importer(2089858483,e11c23a36db5f54750b8cd40eac0985b) (ScriptedImporter) -> (artifact id: 'e91653b019bb27edc24f24a9c8ef4c5b') in 0.7124593 seconds
Number of updated asset objects reloaded before import = 0Number of asset objects unloaded after import = 731

========================================================================
Received Import Request.
  Time since last request: 0.000039 seconds.
  path: Assets/_Barking_Dog/_3D Scifi Base Vol 1/Prefabs/_Legos/P_Radar_Big_01.prefab
  artifactKey: Guid(22546d60180dc47e285643ff19f000be) Importer(2089858483,e11c23a36db5f54750b8cd40eac0985b)
Start importing Assets/_Barking_Dog/_3D Scifi Base Vol 1/Prefabs/_Legos/P_Radar_Big_01.prefab using Guid(22546d60180dc47e285643ff19f000be) Importer(2089858483,e11c23a36db5f54750b8cd40eac0985b) (ScriptedImporter) -> (artifact id: '264f6e71c8e562182bb6e63cf61acfbe') in 0.0220167 seconds
Number of updated asset objects reloaded before import = 0Number of asset objects unloaded after import = 17

========================================================================
Received Import Request.
  Time since last request: 0.000056 seconds.
  path: Assets/_Barking_Dog/_3D Scifi Base Vol 1/Prefabs/_Legos/P_Small_Base_02.prefab
  artifactKey: Guid(332f11f44cbfe48a79cf88f595f749bf) Importer(2089858483,e11c23a36db5f54750b8cd40eac0985b)
Start importing Assets/_Barking_Dog/_3D Scifi Base Vol 1/Prefabs/_Legos/P_Small_Base_02.prefab using Guid(332f11f44cbfe48a79cf88f595f749bf) Importer(2089858483,e11c23a36db5f54750b8cd40eac0985b) (ScriptedImporter) -> (artifact id: 'fd9faefb34bacf945bc7bc52987aab7f') in 1.3291727 seconds
Number of updated asset objects reloaded before import = 0Number of asset objects unloaded after import = 2057

========================================================================
Received Import Request.
  Time since last request: 0.000039 seconds.
  path: Assets/_Barking_Dog/_3D Scifi Base Vol 1/Prefabs/_Legos/P_Small_Base_01.prefab
  artifactKey: Guid(6b64413353b83483d93aa4ca738c3ece) Importer(2089858483,e11c23a36db5f54750b8cd40eac0985b)
Start importing Assets/_Barking_Dog/_3D Scifi Base Vol 1/Prefabs/_Legos/P_Small_Base_01.prefab using Guid(6b64413353b83483d93aa4ca738c3ece) Importer(2089858483,e11c23a36db5f54750b8cd40eac0985b) (ScriptedImporter) -> (artifact id: 'eb5983921cfa9bbf53fcddea41904786') in 1.7891676 seconds
Number of updated asset objects reloaded before import = 0Number of asset objects unloaded after import = 2537

========================================================================
Received Import Request.
  Time since last request: 0.000056 seconds.
  path: Assets/_Barking_Dog/_3D Scifi Base Vol 1/Prefabs/_Legos/P_Small_Tower_Ring_02.prefab
  artifactKey: Guid(0f6e21efc36e743a7bcf80ae4b8789c0) Importer(2089858483,e11c23a36db5f54750b8cd40eac0985b)
Start importing Assets/_Barking_Dog/_3D Scifi Base Vol 1/Prefabs/_Legos/P_Small_Tower_Ring_02.prefab using Guid(0f6e21efc36e743a7bcf80ae4b8789c0) Importer(2089858483,e11c23a36db5f54750b8cd40eac0985b) (ScriptedImporter) -> (artifact id: 'cf583faaec263e029f0990dac2c49131') in 0.6934867 seconds
Number of updated asset objects reloaded before import = 0Number of asset objects unloaded after import = 820

========================================================================
Received Import Request.
  Time since last request: 0.000038 seconds.
  path: Assets/_Barking_Dog/_3D Scifi Base Vol 1/Prefabs/_Legos/P_Radar_Base_Fence_01.prefab
  artifactKey: Guid(263d9e3f51d654e2e882b7a1e35242c8) Importer(2089858483,e11c23a36db5f54750b8cd40eac0985b)
Start importing Assets/_Barking_Dog/_3D Scifi Base Vol 1/Prefabs/_Legos/P_Radar_Base_Fence_01.prefab using Guid(263d9e3f51d654e2e882b7a1e35242c8) Importer(2089858483,e11c23a36db5f54750b8cd40eac0985b) (ScriptedImporter) -> (artifact id: '4fb71b12d70537fcc8ff9a8ce5f2c25d') in 0.2358627 seconds
Number of updated asset objects reloaded before import = 0Number of asset objects unloaded after import = 312

========================================================================
Received Import Request.
  Time since last request: 0.000056 seconds.
  path: Assets/_Barking_Dog/_3D Scifi Base Vol 1/Prefabs/_Legos/P_Small_Tower_Room_06.prefab
  artifactKey: Guid(595a396050bd5488997b131eb2c2305d) Importer(2089858483,e11c23a36db5f54750b8cd40eac0985b)
Start importing Assets/_Barking_Dog/_3D Scifi Base Vol 1/Prefabs/_Legos/P_Small_Tower_Room_06.prefab using Guid(595a396050bd5488997b131eb2c2305d) Importer(2089858483,e11c23a36db5f54750b8cd40eac0985b) (ScriptedImporter) -> (artifact id: 'c785306afdfd7cfc36bde3ef6160b6af') in 1.5169265 seconds
Number of updated asset objects reloaded before import = 0Number of asset objects unloaded after import = 2218

========================================================================
Received Import Request.
  Time since last request: 0.000044 seconds.
  path: Assets/_Barking_Dog/_3D Scifi Base Vol 1/Prefabs/_Legos/P_Sphere_Dome_01.prefab
  artifactKey: Guid(f1f3de696b36b48c9ba600c0519904a8) Importer(2089858483,e11c23a36db5f54750b8cd40eac0985b)
Start importing Assets/_Barking_Dog/_3D Scifi Base Vol 1/Prefabs/_Legos/P_Sphere_Dome_01.prefab using Guid(f1f3de696b36b48c9ba600c0519904a8) Importer(2089858483,e11c23a36db5f54750b8cd40eac0985b) (ScriptedImporter) -> (artifact id: '8f944e018dba8825d824f7dde8770fc5') in 0.0637361 seconds
Number of updated asset objects reloaded before import = 0Number of asset objects unloaded after import = 62

========================================================================
Received Import Request.
  Time since last request: 0.000048 seconds.
  path: Assets/_Barking_Dog/_3D Scifi Base Vol 1/Prefabs/_Legos/P_Corridor_Door_01.prefab
  artifactKey: Guid(0ab482a302ed0449887885927759b70e) Importer(2089858483,e11c23a36db5f54750b8cd40eac0985b)
Start importing Assets/_Barking_Dog/_3D Scifi Base Vol 1/Prefabs/_Legos/P_Corridor_Door_01.prefab using Guid(0ab482a302ed0449887885927759b70e) Importer(2089858483,e11c23a36db5f54750b8cd40eac0985b) (ScriptedImporter) -> (artifact id: 'a99ee2fd75f6b3c530ef254839622407') in 0.3709607 seconds
Number of updated asset objects reloaded before import = 0Number of asset objects unloaded after import = 338

========================================================================
Received Import Request.
  Time since last request: 0.000044 seconds.
  path: Assets/_Barking_Dog/_3D Scifi Base Vol 1/Prefabs/_Props/P_Air_Grid_02.prefab
  artifactKey: Guid(b3836a917e87c4ce0ab16a8ea1d9cc50) Importer(2089858483,e11c23a36db5f54750b8cd40eac0985b)
Start importing Assets/_Barking_Dog/_3D Scifi Base Vol 1/Prefabs/_Props/P_Air_Grid_02.prefab using Guid(b3836a917e87c4ce0ab16a8ea1d9cc50) Importer(2089858483,e11c23a36db5f54750b8cd40eac0985b) (ScriptedImporter) -> (artifact id: 'a2b582f732f28bf3c4af18cd0c861f21') in 0.017253 seconds
Number of updated asset objects reloaded before import = 0Number of asset objects unloaded after import = 11

========================================================================
Received Import Request.
  Time since last request: 0.000051 seconds.
  path: Assets/_Barking_Dog/_3D Scifi Base Vol 1/Prefabs/_Fx/ForceField_01.prefab
  artifactKey: Guid(725800cfa058049398fc890ae0b8f9c7) Importer(2089858483,e11c23a36db5f54750b8cd40eac0985b)
Start importing Assets/_Barking_Dog/_3D Scifi Base Vol 1/Prefabs/_Fx/ForceField_01.prefab using Guid(725800cfa058049398fc890ae0b8f9c7) Importer(2089858483,e11c23a36db5f54750b8cd40eac0985b) (ScriptedImporter) -> (artifact id: 'ac1c83e90e1fcb81ea841c887dbbb589') in 0.01661 seconds
Number of updated asset objects reloaded before import = 0Number of asset objects unloaded after import = 15

========================================================================
Received Import Request.
  Time since last request: 0.000045 seconds.
  path: Assets/_Barking_Dog/_3D Scifi Base Vol 1/Prefabs/_Props/P_Bed_Couch_01.prefab
  artifactKey: Guid(45db41ab21a2241d78867a43b196f515) Importer(2089858483,e11c23a36db5f54750b8cd40eac0985b)
Start importing Assets/_Barking_Dog/_3D Scifi Base Vol 1/Prefabs/_Props/P_Bed_Couch_01.prefab using Guid(45db41ab21a2241d78867a43b196f515) Importer(2089858483,e11c23a36db5f54750b8cd40eac0985b) (ScriptedImporter) -> (artifact id: 'e9f76a918a1d4ecc3778845e266353ea') in 0.0093232 seconds
Number of updated asset objects reloaded before import = 0Number of asset objects unloaded after import = 11

========================================================================
Received Import Request.
  Time since last request: 0.000044 seconds.
  path: Assets/_Barking_Dog/_3D Scifi Base Vol 1/Prefabs/_Props/P_Basin_01.prefab
  artifactKey: Guid(9eed909f2b80043dab663dd1c10f6fea) Importer(2089858483,e11c23a36db5f54750b8cd40eac0985b)
Start importing Assets/_Barking_Dog/_3D Scifi Base Vol 1/Prefabs/_Props/P_Basin_01.prefab using Guid(9eed909f2b80043dab663dd1c10f6fea) Importer(2089858483,e11c23a36db5f54750b8cd40eac0985b) (ScriptedImporter) -> (artifact id: '605dfcb8e8b6941beebf26e8cdb6e623') in 0.0174297 seconds
Number of updated asset objects reloaded before import = 0Number of asset objects unloaded after import = 18

========================================================================
Received Import Request.
  Time since last request: 0.000045 seconds.
  path: Assets/_Barking_Dog/_3D Scifi Base Vol 1/Prefabs/_Props/P_Bed_Double_01.prefab
  artifactKey: Guid(87beb341ff04e43e2a8d6905cf0c2b10) Importer(2089858483,e11c23a36db5f54750b8cd40eac0985b)
Start importing Assets/_Barking_Dog/_3D Scifi Base Vol 1/Prefabs/_Props/P_Bed_Double_01.prefab using Guid(87beb341ff04e43e2a8d6905cf0c2b10) Importer(2089858483,e11c23a36db5f54750b8cd40eac0985b) (ScriptedImporter) -> (artifact id: '473617bc4f7fbe937aa846bd759b140b') in 0.0426376 seconds
Number of updated asset objects reloaded before import = 0Number of asset objects unloaded after import = 48

========================================================================
Received Import Request.
  Time since last request: 0.000066 seconds.
  path: Assets/_Barking_Dog/_3D Scifi Base Vol 1/Prefabs/_Build/P_Reactor_02.prefab
  artifactKey: Guid(062bd9f3b161f4ef9ac876ac8a5f0c21) Importer(2089858483,e11c23a36db5f54750b8cd40eac0985b)
Start importing Assets/_Barking_Dog/_3D Scifi Base Vol 1/Prefabs/_Build/P_Reactor_02.prefab using Guid(062bd9f3b161f4ef9ac876ac8a5f0c21) Importer(2089858483,e11c23a36db5f54750b8cd40eac0985b) (ScriptedImporter) -> (artifact id: '080039c989398f0d42fa257c34c4cfcc') in 0.0165562 seconds
Number of updated asset objects reloaded before import = 0Number of asset objects unloaded after import = 12

========================================================================
Received Import Request.
  Time since last request: 0.000033 seconds.
  path: Assets/_Barking_Dog/_3D Scifi Base Vol 1/Prefabs/_Build/P_Roof_Window_01.prefab
  artifactKey: Guid(4df9a5e68fdfb4d66b4c5a5f998c5110) Importer(2089858483,e11c23a36db5f54750b8cd40eac0985b)
Start importing Assets/_Barking_Dog/_3D Scifi Base Vol 1/Prefabs/_Build/P_Roof_Window_01.prefab using Guid(4df9a5e68fdfb4d66b4c5a5f998c5110) Importer(2089858483,e11c23a36db5f54750b8cd40eac0985b) (ScriptedImporter) -> (artifact id: '28e954b1b6a9da339d94145e68d33c59') in 0.0246652 seconds
Number of updated asset objects reloaded before import = 0Number of asset objects unloaded after import = 12

========================================================================
Received Import Request.
  Time since last request: 0.000056 seconds.
  path: Assets/_Barking_Dog/_3D Scifi Base Vol 1/Textures/Wall_Atlas_02_Norm.png
  artifactKey: Guid(bb58b94519b2a4c69b1989574c36514d) Importer(2089858483,b0f066a214c2f5e87bad3c948f4d605d)
Start importing Assets/_Barking_Dog/_3D Scifi Base Vol 1/Textures/Wall_Atlas_02_Norm.png using Guid(bb58b94519b2a4c69b1989574c36514d) Importer(2089858483,b0f066a214c2f5e87bad3c948f4d605d) (ScriptedImporter) -> (artifact id: '4fcc08e709883c293f5f5f975702ac51') in 0.1988859 seconds
Number of updated asset objects reloaded before import = 0Number of asset objects unloaded after import = 1

========================================================================
Received Import Request.
  Time since last request: 0.000042 seconds.
  path: Assets/_Barking_Dog/_3D Scifi Base Vol 1/Prefabs/_Props/P_Chair_01.prefab
  artifactKey: Guid(dbcfa25f89c064396a712cd210d31e82) Importer(2089858483,e11c23a36db5f54750b8cd40eac0985b)
Start importing Assets/_Barking_Dog/_3D Scifi Base Vol 1/Prefabs/_Props/P_Chair_01.prefab using Guid(dbcfa25f89c064396a712cd210d31e82) Importer(2089858483,e11c23a36db5f54750b8cd40eac0985b) (ScriptedImporter) -> (artifact id: '7788e48eaddb37e5af5777034aba3551') in 0.0121045 seconds
Number of updated asset objects reloaded before import = 0Number of asset objects unloaded after import = 17

========================================================================
Received Import Request.
  Time since last request: 0.000053 seconds.
  path: Assets/_Barking_Dog/_3D Scifi Base Vol 1/Prefabs/_Props/P_Char_01.prefab
  artifactKey: Guid(bd7ebf83bccfb4cbd942c996f40485f9) Importer(2089858483,e11c23a36db5f54750b8cd40eac0985b)
Start importing Assets/_Barking_Dog/_3D Scifi Base Vol 1/Prefabs/_Props/P_Char_01.prefab using Guid(bd7ebf83bccfb4cbd942c996f40485f9) Importer(2089858483,e11c23a36db5f54750b8cd40eac0985b) (ScriptedImporter) -> (artifact id: 'fa63e1b103ccb868f66e670313e1eaca') in 0.0649239 seconds
Number of updated asset objects reloaded before import = 0Number of asset objects unloaded after import = 22

========================================================================
Received Import Request.
  Time since last request: 0.000047 seconds.
  path: Assets/_Barking_Dog/_3D Scifi Base Vol 1/Prefabs/_Props/P_Char_03.prefab
  artifactKey: Guid(9159071179cfa43b8b89dcc0bb70463f) Importer(2089858483,e11c23a36db5f54750b8cd40eac0985b)
Start importing Assets/_Barking_Dog/_3D Scifi Base Vol 1/Prefabs/_Props/P_Char_03.prefab using Guid(9159071179cfa43b8b89dcc0bb70463f) Importer(2089858483,e11c23a36db5f54750b8cd40eac0985b) (ScriptedImporter) -> (artifact id: '1acce6ed154e3cb400ebe60f4a4534b6') in 0.0346506 seconds
Number of updated asset objects reloaded before import = 0Number of asset objects unloaded after import = 33

========================================================================
Received Import Request.
  Time since last request: 0.000045 seconds.
  path: Assets/_Barking_Dog/_3D Scifi Base Vol 1/Textures/Wall_Atlas_04_Metal_02.tif
  artifactKey: Guid(80bfffb34de9048628306dfee3f27545) Importer(2089858483,b0f066a214c2f5e87bad3c948f4d605d)
Start importing Assets/_Barking_Dog/_3D Scifi Base Vol 1/Textures/Wall_Atlas_04_Metal_02.tif using Guid(80bfffb34de9048628306dfee3f27545) Importer(2089858483,b0f066a214c2f5e87bad3c948f4d605d) (ScriptedImporter) -> (artifact id: 'f5ac8dc672834de50784b59833407c1a') in 0.0405673 seconds
Number of updated asset objects reloaded before import = 0Number of asset objects unloaded after import = 1

========================================================================
Received Import Request.
  Time since last request: 0.000049 seconds.
  path: Assets/_Barking_Dog/_3D Scifi Base Vol 1/Prefabs/_Props/P_Computer_04.prefab
  artifactKey: Guid(0b6b90440584542369133afa21b89d9f) Importer(2089858483,e11c23a36db5f54750b8cd40eac0985b)
Start importing Assets/_Barking_Dog/_3D Scifi Base Vol 1/Prefabs/_Props/P_Computer_04.prefab using Guid(0b6b90440584542369133afa21b89d9f) Importer(2089858483,e11c23a36db5f54750b8cd40eac0985b) (ScriptedImporter) -> (artifact id: '6576f4e05ec9108a0c3f0504aa0f8017') in 0.0485647 seconds
Number of updated asset objects reloaded before import = 0Number of asset objects unloaded after import = 47

========================================================================
Received Import Request.
  Time since last request: 0.000044 seconds.
  path: Assets/_Barking_Dog/_3D Scifi Base Vol 1/Prefabs/_Props/P_Computer_02.prefab
  artifactKey: Guid(0527208ba5fc749d0b96d426a6fd231b) Importer(2089858483,e11c23a36db5f54750b8cd40eac0985b)
Start importing Assets/_Barking_Dog/_3D Scifi Base Vol 1/Prefabs/_Props/P_Computer_02.prefab using Guid(0527208ba5fc749d0b96d426a6fd231b) Importer(2089858483,e11c23a36db5f54750b8cd40eac0985b) (ScriptedImporter) -> (artifact id: 'e9d1feee7d32e67fa8a180bb5e47ec5b') in 0.0257602 seconds
Number of updated asset objects reloaded before import = 0Number of asset objects unloaded after import = 29

========================================================================
Received Import Request.
  Time since last request: 0.000044 seconds.
  path: Assets/_Barking_Dog/_3D Scifi Base Vol 1/Prefabs/_Props/P_Computer_Dbl_02.prefab
  artifactKey: Guid(79da999ee4e6849628b51dc644792d12) Importer(2089858483,e11c23a36db5f54750b8cd40eac0985b)
Start importing Assets/_Barking_Dog/_3D Scifi Base Vol 1/Prefabs/_Props/P_Computer_Dbl_02.prefab using Guid(79da999ee4e6849628b51dc644792d12) Importer(2089858483,e11c23a36db5f54750b8cd40eac0985b) (ScriptedImporter) -> (artifact id: 'f4d82b3a16d449fb816a717f4f740f5c') in 0.0612769 seconds
Number of updated asset objects reloaded before import = 0Number of asset objects unloaded after import = 73

========================================================================
Received Import Request.
  Time since last request: 0.000044 seconds.
  path: Assets/_Barking_Dog/_3D Scifi Base Vol 1/Prefabs/_Props/P_Computer_01.prefab
  artifactKey: Guid(b76cd7de082e441d5a857beb4515185c) Importer(2089858483,e11c23a36db5f54750b8cd40eac0985b)
Start importing Assets/_Barking_Dog/_3D Scifi Base Vol 1/Prefabs/_Props/P_Computer_01.prefab using Guid(b76cd7de082e441d5a857beb4515185c) Importer(2089858483,e11c23a36db5f54750b8cd40eac0985b) (ScriptedImporter) -> (artifact id: '7755618749ef240f7bc87b383e3aa856') in 0.0392779 seconds
Number of updated asset objects reloaded before import = 0Number of asset objects unloaded after import = 29

========================================================================
Received Import Request.
  Time since last request: 0.000051 seconds.
  path: Assets/_Barking_Dog/_3D Scifi Base Vol 1/Prefabs/_Props/P_Computer_Dbl_01.prefab
  artifactKey: Guid(c39efed210dcb447fbfc80d610212532) Importer(2089858483,e11c23a36db5f54750b8cd40eac0985b)
Start importing Assets/_Barking_Dog/_3D Scifi Base Vol 1/Prefabs/_Props/P_Computer_Dbl_01.prefab using Guid(c39efed210dcb447fbfc80d610212532) Importer(2089858483,e11c23a36db5f54750b8cd40eac0985b) (ScriptedImporter) -> (artifact id: 'bad55a420bcb19dcb130c695b37f7ca8') in 0.0461528 seconds
Number of updated asset objects reloaded before import = 0Number of asset objects unloaded after import = 53

========================================================================
Received Import Request.
  Time since last request: 0.000032 seconds.
  path: Assets/_Barking_Dog/_3D Scifi Base Vol 1/Prefabs/_Props/P_Computer_Dbl_05.prefab
  artifactKey: Guid(04ed93b6c9c9a45c7ac31c553816e921) Importer(2089858483,e11c23a36db5f54750b8cd40eac0985b)
Start importing Assets/_Barking_Dog/_3D Scifi Base Vol 1/Prefabs/_Props/P_Computer_Dbl_05.prefab using Guid(04ed93b6c9c9a45c7ac31c553816e921) Importer(2089858483,e11c23a36db5f54750b8cd40eac0985b) (ScriptedImporter) -> (artifact id: '429ab84bc475897f879dba41d52bbb9c') in 0.2404694 seconds
Number of updated asset objects reloaded before import = 0Number of asset objects unloaded after import = 244

========================================================================
Received Import Request.
  Time since last request: 0.000063 seconds.
  path: Assets/_Barking_Dog/_3D Scifi Base Vol 1/Prefabs/_Props/P_Crate_Blue_Big_01.prefab
  artifactKey: Guid(a3361ac5826fa480790c9d2840d012ae) Importer(2089858483,e11c23a36db5f54750b8cd40eac0985b)
Start importing Assets/_Barking_Dog/_3D Scifi Base Vol 1/Prefabs/_Props/P_Crate_Blue_Big_01.prefab using Guid(a3361ac5826fa480790c9d2840d012ae) Importer(2089858483,e11c23a36db5f54750b8cd40eac0985b) (ScriptedImporter) -> (artifact id: 'c43b34276421783b3b40668b9dd9e253') in 0.018221 seconds
Number of updated asset objects reloaded before import = 0Number of asset objects unloaded after import = 17

========================================================================
Received Import Request.
  Time since last request: 0.000053 seconds.
  path: Assets/_Barking_Dog/_3D Scifi Base Vol 1/Prefabs/_Doors/Horizontal_Doors_Kit.prefab
  artifactKey: Guid(493786f8822084ddf9dd64b47a40c45e) Importer(2089858483,e11c23a36db5f54750b8cd40eac0985b)
Start importing Assets/_Barking_Dog/_3D Scifi Base Vol 1/Prefabs/_Doors/Horizontal_Doors_Kit.prefab using Guid(493786f8822084ddf9dd64b47a40c45e) Importer(2089858483,e11c23a36db5f54750b8cd40eac0985b) (ScriptedImporter) -> (artifact id: '961231dcb42da6662a57b05f0520bd2f') in 0.0126855 seconds
Number of updated asset objects reloaded before import = 0Number of asset objects unloaded after import = 6

========================================================================
Received Import Request.
  Time since last request: 0.000029 seconds.
  path: Assets/_Barking_Dog/_3D Scifi Base Vol 1/Prefabs/_Build/P_Floor_Angle_01.prefab
  artifactKey: Guid(b59dea9df4ee446d5a5f88268e4eee13) Importer(2089858483,e11c23a36db5f54750b8cd40eac0985b)
Start importing Assets/_Barking_Dog/_3D Scifi Base Vol 1/Prefabs/_Build/P_Floor_Angle_01.prefab using Guid(b59dea9df4ee446d5a5f88268e4eee13) Importer(2089858483,e11c23a36db5f54750b8cd40eac0985b) (ScriptedImporter) -> (artifact id: '94ff4e70c96519fb1b8eec098cfc8be5') in 0.014682 seconds
Number of updated asset objects reloaded before import = 0Number of asset objects unloaded after import = 11

========================================================================
Received Import Request.
  Time since last request: 0.000046 seconds.
  path: Assets/_Barking_Dog/_3D Scifi Base Vol 1/Prefabs/_Props/P_Laser_Fence_07.prefab
  artifactKey: Guid(96e4d417ac8574751a06925182328af4) Importer(2089858483,e11c23a36db5f54750b8cd40eac0985b)
Start importing Assets/_Barking_Dog/_3D Scifi Base Vol 1/Prefabs/_Props/P_Laser_Fence_07.prefab using Guid(96e4d417ac8574751a06925182328af4) Importer(2089858483,e11c23a36db5f54750b8cd40eac0985b) (ScriptedImporter) -> (artifact id: 'b75f6c7384ba9131290e8b6a1700a6bd') in 0.0165608 seconds
Number of updated asset objects reloaded before import = 0Number of asset objects unloaded after import = 23

========================================================================
Received Import Request.
  Time since last request: 0.000048 seconds.
  path: Assets/_Barking_Dog/_3D Scifi Base Vol 1/Prefabs/_Props/P_Laptop_01.prefab
  artifactKey: Guid(9cd5e167b147846b9a0b217637160d6d) Importer(2089858483,e11c23a36db5f54750b8cd40eac0985b)
Start importing Assets/_Barking_Dog/_3D Scifi Base Vol 1/Prefabs/_Props/P_Laptop_01.prefab using Guid(9cd5e167b147846b9a0b217637160d6d) Importer(2089858483,e11c23a36db5f54750b8cd40eac0985b) (ScriptedImporter) -> (artifact id: '021be1f90b54cb9d66e5c2f9467a1a24') in 0.0553202 seconds
Number of updated asset objects reloaded before import = 0Number of asset objects unloaded after import = 24

========================================================================
Received Import Request.
  Time since last request: 0.000083 seconds.
  path: Assets/_Barking_Dog/_3D Scifi Base Vol 1/Prefabs/_Props/P_Laser_Fence_Ray.prefab
  artifactKey: Guid(769bbea3053a04f358e8d213b1b507fe) Importer(2089858483,e11c23a36db5f54750b8cd40eac0985b)
Start importing Assets/_Barking_Dog/_3D Scifi Base Vol 1/Prefabs/_Props/P_Laser_Fence_Ray.prefab using Guid(769bbea3053a04f358e8d213b1b507fe) Importer(2089858483,e11c23a36db5f54750b8cd40eac0985b) (ScriptedImporter) -> (artifact id: '64285292086ea3d02f0201097242b1fd') in 0.0093553 seconds
Number of updated asset objects reloaded before import = 0Number of asset objects unloaded after import = 10

========================================================================
Received Import Request.
  Time since last request: 0.000048 seconds.
  path: Assets/_Barking_Dog/_3D Scifi Base Vol 1/Prefabs/_Props/P_Laser_Fence_03.prefab
  artifactKey: Guid(405e846282a234e17adfbf5b39c5a58f) Importer(2089858483,e11c23a36db5f54750b8cd40eac0985b)
Start importing Assets/_Barking_Dog/_3D Scifi Base Vol 1/Prefabs/_Props/P_Laser_Fence_03.prefab using Guid(405e846282a234e17adfbf5b39c5a58f) Importer(2089858483,e11c23a36db5f54750b8cd40eac0985b) (ScriptedImporter) -> (artifact id: 'c98f60bcdbaeccd253fcde542476450b') in 0.0259776 seconds
Number of updated asset objects reloaded before import = 0Number of asset objects unloaded after import = 12

========================================================================
Received Import Request.
  Time since last request: 0.000027 seconds.
  path: Assets/_Barking_Dog/_3D Scifi Base Vol 1/Prefabs/_Props/P_Keyboard_01.prefab
  artifactKey: Guid(f90114997cb054a82898c9f61cf5570d) Importer(2089858483,e11c23a36db5f54750b8cd40eac0985b)
Start importing Assets/_Barking_Dog/_3D Scifi Base Vol 1/Prefabs/_Props/P_Keyboard_01.prefab using Guid(f90114997cb054a82898c9f61cf5570d) Importer(2089858483,e11c23a36db5f54750b8cd40eac0985b) (ScriptedImporter) -> (artifact id: 'f6d58b74b94568d1266902c3c8289b74') in 0.0136542 seconds
Number of updated asset objects reloaded before import = 0Number of asset objects unloaded after import = 10

========================================================================
Received Import Request.
  Time since last request: 0.000057 seconds.
  path: Assets/_Barking_Dog/_3D Scifi Base Vol 1/Textures/Wall_Atlas_04_Ao.png
  artifactKey: Guid(151fdcbf3023d44aabb77d9a1cbf8b05) Importer(2089858483,b0f066a214c2f5e87bad3c948f4d605d)
Start importing Assets/_Barking_Dog/_3D Scifi Base Vol 1/Textures/Wall_Atlas_04_Ao.png using Guid(151fdcbf3023d44aabb77d9a1cbf8b05) Importer(2089858483,b0f066a214c2f5e87bad3c948f4d605d) (ScriptedImporter) -> (artifact id: '2bb3c04ba9a0b146b056cf5bd167f25b') in 0.0238554 seconds
Number of updated asset objects reloaded before import = 0Number of asset objects unloaded after import = 1

========================================================================
Received Import Request.
  Time since last request: 0.000055 seconds.
  path: Assets/_Barking_Dog/_3D Scifi Base Vol 1/Prefabs/_Props/P_Reactor_06.prefab
  artifactKey: Guid(215f9a3af47774f828bbcad397c6f8cd) Importer(2089858483,e11c23a36db5f54750b8cd40eac0985b)
Start importing Assets/_Barking_Dog/_3D Scifi Base Vol 1/Prefabs/_Props/P_Reactor_06.prefab using Guid(215f9a3af47774f828bbcad397c6f8cd) Importer(2089858483,e11c23a36db5f54750b8cd40eac0985b) (ScriptedImporter) -> (artifact id: 'a871c2feb1f7dac9c3d29c462de4642c') in 0.1192053 seconds
Number of updated asset objects reloaded before import = 0Number of asset objects unloaded after import = 105

========================================================================
Received Import Request.
  Time since last request: 0.000032 seconds.
  path: Assets/_Barking_Dog/_3D Scifi Base Vol 1/Prefabs/_Props/P_Solar_Panel_02.prefab
  artifactKey: Guid(b57afd488984347b4bf1df9db1ca5552) Importer(2089858483,e11c23a36db5f54750b8cd40eac0985b)
Start importing Assets/_Barking_Dog/_3D Scifi Base Vol 1/Prefabs/_Props/P_Solar_Panel_02.prefab using Guid(b57afd488984347b4bf1df9db1ca5552) Importer(2089858483,e11c23a36db5f54750b8cd40eac0985b) (ScriptedImporter) -> (artifact id: '31cd30b4f1b54a87ec85eebfaec89476') in 0.0268435 seconds
Number of updated asset objects reloaded before import = 0Number of asset objects unloaded after import = 32

========================================================================
Received Import Request.
  Time since last request: 0.000060 seconds.
  path: Assets/_Barking_Dog/_3D Scifi Base Vol 1/Prefabs/_Props/P_Reactor_03.prefab
  artifactKey: Guid(c89dc320a761649c8a956f848d98dbdd) Importer(2089858483,e11c23a36db5f54750b8cd40eac0985b)
Start importing Assets/_Barking_Dog/_3D Scifi Base Vol 1/Prefabs/_Props/P_Reactor_03.prefab using Guid(c89dc320a761649c8a956f848d98dbdd) Importer(2089858483,e11c23a36db5f54750b8cd40eac0985b) (ScriptedImporter) -> (artifact id: 'bde18fb4ee1cb67c2d2905c1e580856d') in 0.104866 seconds
Number of updated asset objects reloaded before import = 0Number of asset objects unloaded after import = 90

========================================================================
Received Import Request.
  Time since last request: 0.000046 seconds.
  path: Assets/_Barking_Dog/_3D Scifi Base Vol 1/Prefabs/_Props/P_Pillow_01.prefab
  artifactKey: Guid(81205f1e91f8a4f8bab126928d43e951) Importer(2089858483,e11c23a36db5f54750b8cd40eac0985b)
Start importing Assets/_Barking_Dog/_3D Scifi Base Vol 1/Prefabs/_Props/P_Pillow_01.prefab using Guid(81205f1e91f8a4f8bab126928d43e951) Importer(2089858483,e11c23a36db5f54750b8cd40eac0985b) (ScriptedImporter) -> (artifact id: '6efbb40410ec72d362cc5943f3c5e35b') in 0.0092725 seconds
Number of updated asset objects reloaded before import = 0Number of asset objects unloaded after import = 11

========================================================================
Received Import Request.
  Time since last request: 0.000053 seconds.
  path: Assets/_Barking_Dog/_3D Scifi Base Vol 1/Prefabs/_Props/P_Table_Round_01.prefab
  artifactKey: Guid(fcf07e63355d44749a677a39fa24d090) Importer(2089858483,e11c23a36db5f54750b8cd40eac0985b)
Start importing Assets/_Barking_Dog/_3D Scifi Base Vol 1/Prefabs/_Props/P_Table_Round_01.prefab using Guid(fcf07e63355d44749a677a39fa24d090) Importer(2089858483,e11c23a36db5f54750b8cd40eac0985b) (ScriptedImporter) -> (artifact id: '12d21436f5ffcb39500b5052e2750cce') in 0.0493287 seconds
Number of updated asset objects reloaded before import = 0Number of asset objects unloaded after import = 60

========================================================================
Received Import Request.
  Time since last request: 0.000053 seconds.
  path: Assets/_Barking_Dog/_3D Scifi Base Vol 1/Prefabs/_Props/P_Table_Big_Chairs_01.prefab
  artifactKey: Guid(e9847728308c64fdc927ebea4c9e001c) Importer(2089858483,e11c23a36db5f54750b8cd40eac0985b)
Start importing Assets/_Barking_Dog/_3D Scifi Base Vol 1/Prefabs/_Props/P_Table_Big_Chairs_01.prefab using Guid(e9847728308c64fdc927ebea4c9e001c) Importer(2089858483,e11c23a36db5f54750b8cd40eac0985b) (ScriptedImporter) -> (artifact id: '78d401e2539eadfb20f45a58c7f5a374') in 0.0787903 seconds
Number of updated asset objects reloaded before import = 0Number of asset objects unloaded after import = 97

========================================================================
Received Import Request.
  Time since last request: 0.000049 seconds.
  path: Assets/_Barking_Dog/_3D Scifi Base Vol 1/Prefabs/_Props/P_Table_Laptop_02.prefab
  artifactKey: Guid(3f0d6e61bad404329951d3393a32bcd6) Importer(2089858483,e11c23a36db5f54750b8cd40eac0985b)
Start importing Assets/_Barking_Dog/_3D Scifi Base Vol 1/Prefabs/_Props/P_Table_Laptop_02.prefab using Guid(3f0d6e61bad404329951d3393a32bcd6) Importer(2089858483,e11c23a36db5f54750b8cd40eac0985b) (ScriptedImporter) -> (artifact id: 'eaac76fa375f0f1d644e71121189f4b6') in 0.0588476 seconds
Number of updated asset objects reloaded before import = 0Number of asset objects unloaded after import = 61

========================================================================
Received Import Request.
  Time since last request: 0.000061 seconds.
  path: Assets/_Barking_Dog/_3D Scifi Base Vol 1/Prefabs/_Props/P_Table_Big_01.prefab
  artifactKey: Guid(66503501027224404a1c6c5721886c1b) Importer(2089858483,e11c23a36db5f54750b8cd40eac0985b)
Start importing Assets/_Barking_Dog/_3D Scifi Base Vol 1/Prefabs/_Props/P_Table_Big_01.prefab using Guid(66503501027224404a1c6c5721886c1b) Importer(2089858483,e11c23a36db5f54750b8cd40eac0985b) (ScriptedImporter) -> (artifact id: 'c7ed1afb7cac5c308601468c000380ae') in 0.0460534 seconds
Number of updated asset objects reloaded before import = 0Number of asset objects unloaded after import = 51

========================================================================
Received Import Request.
  Time since last request: 0.000033 seconds.
  path: Assets/_Barking_Dog/_3D Scifi Base Vol 1/Prefabs/_Props/P_Trashcan_01.prefab
  artifactKey: Guid(8a461b5778979490d9812b288c6f6347) Importer(2089858483,e11c23a36db5f54750b8cd40eac0985b)
Start importing Assets/_Barking_Dog/_3D Scifi Base Vol 1/Prefabs/_Props/P_Trashcan_01.prefab using Guid(8a461b5778979490d9812b288c6f6347) Importer(2089858483,e11c23a36db5f54750b8cd40eac0985b) (ScriptedImporter) -> (artifact id: '8463b492e67584705a71c82230c63d0b') in 0.0140065 seconds
Number of updated asset objects reloaded before import = 0Number of asset objects unloaded after import = 11

========================================================================
Received Import Request.
  Time since last request: 0.000044 seconds.
  path: Assets/_Barking_Dog/_3D Scifi Base Vol 1/Prefabs/_Props/P_Wall_Heal_01.prefab
  artifactKey: Guid(bc6a928e3b2e44296b0ec43134239344) Importer(2089858483,e11c23a36db5f54750b8cd40eac0985b)
Start importing Assets/_Barking_Dog/_3D Scifi Base Vol 1/Prefabs/_Props/P_Wall_Heal_01.prefab using Guid(bc6a928e3b2e44296b0ec43134239344) Importer(2089858483,e11c23a36db5f54750b8cd40eac0985b) (ScriptedImporter) -> (artifact id: 'eea0026639cfab64bfcbb57b34e49f8b') in 0.044978 seconds
Number of updated asset objects reloaded before import = 0Number of asset objects unloaded after import = 12

========================================================================
Received Import Request.
  Time since last request: 0.000041 seconds.
  path: Assets/_Barking_Dog/_3D Scifi Base Vol 1/SpeedTree/Broadleaf/BroadleafBark_Normal.tga
  artifactKey: Guid(34f07406286974e4ca236867d8d58b51) Importer(2089858483,b0f066a214c2f5e87bad3c948f4d605d)
Start importing Assets/_Barking_Dog/_3D Scifi Base Vol 1/SpeedTree/Broadleaf/BroadleafBark_Normal.tga using Guid(34f07406286974e4ca236867d8d58b51) Importer(2089858483,b0f066a214c2f5e87bad3c948f4d605d) (ScriptedImporter) -> (artifact id: '10f1dd6c70e4297a25e5ae64ae0f83a0') in 0.0287618 seconds
Number of updated asset objects reloaded before import = 0Number of asset objects unloaded after import = 1

========================================================================
Received Import Request.
  Time since last request: 0.000037 seconds.
  path: Assets/_Barking_Dog/_3D Scifi Base Vol 1/Prefabs/_Props/P_Wardrobe_Big_01.prefab
  artifactKey: Guid(4ba7c0dafe5f94f26ae5311c2f05149f) Importer(2089858483,e11c23a36db5f54750b8cd40eac0985b)
Start importing Assets/_Barking_Dog/_3D Scifi Base Vol 1/Prefabs/_Props/P_Wardrobe_Big_01.prefab using Guid(4ba7c0dafe5f94f26ae5311c2f05149f) Importer(2089858483,e11c23a36db5f54750b8cd40eac0985b) (ScriptedImporter) -> (artifact id: 'a6940d2f2962ce41a28667e207f469a1') in 0.0188036 seconds
Number of updated asset objects reloaded before import = 0Number of asset objects unloaded after import = 23

========================================================================
Received Import Request.
  Time since last request: 0.000033 seconds.
  path: Assets/_Barking_Dog/_3D Scifi Base Vol 1/Prefabs/_Props/P_Table_01.prefab
  artifactKey: Guid(94b7b188baf4c4c5fa47778e68e3ba70) Importer(2089858483,e11c23a36db5f54750b8cd40eac0985b)
Start importing Assets/_Barking_Dog/_3D Scifi Base Vol 1/Prefabs/_Props/P_Table_01.prefab using Guid(94b7b188baf4c4c5fa47778e68e3ba70) Importer(2089858483,e11c23a36db5f54750b8cd40eac0985b) (ScriptedImporter) -> (artifact id: '7930b19b261b65d9ef5b54816403cb17') in 0.0107202 seconds
Number of updated asset objects reloaded before import = 0Number of asset objects unloaded after import = 12

========================================================================
Received Import Request.
  Time since last request: 0.000045 seconds.
  path: Assets/_Barking_Dog/_3D Scifi Base Vol 1/Prefabs/_Props/P_Shield_Generator.prefab
  artifactKey: Guid(93540607394df456e94c3b5dec17a671) Importer(2089858483,e11c23a36db5f54750b8cd40eac0985b)
Start importing Assets/_Barking_Dog/_3D Scifi Base Vol 1/Prefabs/_Props/P_Shield_Generator.prefab using Guid(93540607394df456e94c3b5dec17a671) Importer(2089858483,e11c23a36db5f54750b8cd40eac0985b) (ScriptedImporter) -> (artifact id: '2be0e7c5b1dc56839ad6a68ec7bd7ae9') in 0.253713 seconds
Number of updated asset objects reloaded before import = 0Number of asset objects unloaded after import = 241

========================================================================
Received Import Request.
  Time since last request: 0.000046 seconds.
  path: Assets/_Barking_Dog/_3D Scifi Base Vol 1/SpeedTree/Broadleaf/Broadleaf_Mobile_Atlas_Billboards_Normal.tga
  artifactKey: Guid(c9de3ae2361df6c469caeb2024321cbf) Importer(2089858483,b0f066a214c2f5e87bad3c948f4d605d)
Start importing Assets/_Barking_Dog/_3D Scifi Base Vol 1/SpeedTree/Broadleaf/Broadleaf_Mobile_Atlas_Billboards_Normal.tga using Guid(c9de3ae2361df6c469caeb2024321cbf) Importer(2089858483,b0f066a214c2f5e87bad3c948f4d605d) (ScriptedImporter) -> (artifact id: 'eaf4083fe0a6a9a71b0f7e6ac6451c21') in 0.0301085 seconds
Number of updated asset objects reloaded before import = 0Number of asset objects unloaded after import = 1

========================================================================
Received Import Request.
  Time since last request: 0.000036 seconds.
  path: Assets/_Barking_Dog/_3D Scifi Base Vol 1/SpeedTree/Broadleaf/Broadleaf_Desktop_Atlas_Billboards_Normal.tga
  artifactKey: Guid(0ec79c3d1dd0fb640b7f3f72ebb28f74) Importer(2089858483,b0f066a214c2f5e87bad3c948f4d605d)
Start importing Assets/_Barking_Dog/_3D Scifi Base Vol 1/SpeedTree/Broadleaf/Broadleaf_Desktop_Atlas_Billboards_Normal.tga using Guid(0ec79c3d1dd0fb640b7f3f72ebb28f74) Importer(2089858483,b0f066a214c2f5e87bad3c948f4d605d) (ScriptedImporter) -> (artifact id: 'db8401bd92f02a35972a717a5efa3e55') in 0.0356859 seconds
Number of updated asset objects reloaded before import = 0Number of asset objects unloaded after import = 1

========================================================================
Received Import Request.
  Time since last request: 0.000026 seconds.
  path: Assets/_Barking_Dog/_3D Scifi Base Vol 1/SpeedTree/Broadleaf/Broadleaf_Desktop_Atlas_Billboards.tga
  artifactKey: Guid(951aab9a19f551f4385d0ceafdaf19b4) Importer(2089858483,b0f066a214c2f5e87bad3c948f4d605d)
Start importing Assets/_Barking_Dog/_3D Scifi Base Vol 1/SpeedTree/Broadleaf/Broadleaf_Desktop_Atlas_Billboards.tga using Guid(951aab9a19f551f4385d0ceafdaf19b4) Importer(2089858483,b0f066a214c2f5e87bad3c948f4d605d) (ScriptedImporter) -> (artifact id: 'a4926d35e6006fbe79bef73971dc8d90') in 0.0351704 seconds
Number of updated asset objects reloaded before import = 0Number of asset objects unloaded after import = 1

========================================================================
Received Import Request.
  Time since last request: 0.000035 seconds.
  path: Assets/_Barking_Dog/_3D Scifi Base Vol 1/Prefabs/_Legos/P_Small_Tower_Room_03.prefab
  artifactKey: Guid(aa8791d718efd40f9afdebe58249761a) Importer(2089858483,e11c23a36db5f54750b8cd40eac0985b)
Start importing Assets/_Barking_Dog/_3D Scifi Base Vol 1/Prefabs/_Legos/P_Small_Tower_Room_03.prefab using Guid(aa8791d718efd40f9afdebe58249761a) Importer(2089858483,e11c23a36db5f54750b8cd40eac0985b) (ScriptedImporter) -> (artifact id: 'ddcb251c55a71fcc145bfe0c5947feeb') in 0.5728155 seconds
Number of updated asset objects reloaded before import = 0Number of asset objects unloaded after import = 865

========================================================================
Received Import Request.
  Time since last request: 0.000044 seconds.
  path: Assets/_Barking_Dog/_3D Scifi Base Vol 1/SpeedTree/Broadleaf/Broadleaves_Desktop_Normal.tga
  artifactKey: Guid(e7b2d3eeb0a4d694792c93a8ab87e4a4) Importer(2089858483,b0f066a214c2f5e87bad3c948f4d605d)
Start importing Assets/_Barking_Dog/_3D Scifi Base Vol 1/SpeedTree/Broadleaf/Broadleaves_Desktop_Normal.tga using Guid(e7b2d3eeb0a4d694792c93a8ab87e4a4) Importer(2089858483,b0f066a214c2f5e87bad3c948f4d605d) (ScriptedImporter) -> (artifact id: 'fb4adef62ef9975863d719d095dcbd45') in 0.0202552 seconds
Number of updated asset objects reloaded before import = 0Number of asset objects unloaded after import = 1

========================================================================
Received Import Request.
  Time since last request: 0.000047 seconds.
  path: Assets/_Barking_Dog/_3D Scifi Base Vol 1/SpeedTree/Broadleaf/Cap_02.tga
  artifactKey: Guid(ee07ea8cb1a00c844b4048d37dcfe712) Importer(2089858483,b0f066a214c2f5e87bad3c948f4d605d)
Start importing Assets/_Barking_Dog/_3D Scifi Base Vol 1/SpeedTree/Broadleaf/Cap_02.tga using Guid(ee07ea8cb1a00c844b4048d37dcfe712) Importer(2089858483,b0f066a214c2f5e87bad3c948f4d605d) (ScriptedImporter) -> (artifact id: '5842e668edfe72de6efd84f049502529') in 0.0153248 seconds
Number of updated asset objects reloaded before import = 0Number of asset objects unloaded after import = 1

========================================================================
Received Import Request.
  Time since last request: 0.000029 seconds.
  path: Assets/_Barking_Dog/_3D Scifi Base Vol 1/SpeedTree/Broadleaf/Cap_02_Normal.tga
  artifactKey: Guid(371fa5d370f67534696194100d17bfad) Importer(2089858483,b0f066a214c2f5e87bad3c948f4d605d)
Start importing Assets/_Barking_Dog/_3D Scifi Base Vol 1/SpeedTree/Broadleaf/Cap_02_Normal.tga using Guid(371fa5d370f67534696194100d17bfad) Importer(2089858483,b0f066a214c2f5e87bad3c948f4d605d) (ScriptedImporter) -> (artifact id: 'a5a5a0dbd15e079a930382c3186e041a') in 0.0129912 seconds
Number of updated asset objects reloaded before import = 0Number of asset objects unloaded after import = 1

========================================================================
Received Import Request.
  Time since last request: 0.000035 seconds.
  path: Assets/_Barking_Dog/_3D Scifi Base Vol 1/SpeedTree/Broadleaf/Broadleaves_Desktop.tga
  artifactKey: Guid(306f8f570579fb3448d141a63029ef94) Importer(2089858483,b0f066a214c2f5e87bad3c948f4d605d)
Start importing Assets/_Barking_Dog/_3D Scifi Base Vol 1/SpeedTree/Broadleaf/Broadleaves_Desktop.tga using Guid(306f8f570579fb3448d141a63029ef94) Importer(2089858483,b0f066a214c2f5e87bad3c948f4d605d) (ScriptedImporter) -> (artifact id: '4994170c5d980bc1a820fa98f7c41257') in 0.0332659 seconds
Number of updated asset objects reloaded before import = 0Number of asset objects unloaded after import = 1

========================================================================
Received Import Request.
  Time since last request: 0.000048 seconds.
  path: Assets/_Barking_Dog/_3D Scifi Base Vol 1/Textures/Screen_01.mat
  artifactKey: Guid(8b6c1037bbebf4bdd8d31f114c466032) Importer(2089858483,b0f066a214c2f5e87bad3c948f4d605d)
Start importing Assets/_Barking_Dog/_3D Scifi Base Vol 1/Textures/Screen_01.mat using Guid(8b6c1037bbebf4bdd8d31f114c466032) Importer(2089858483,b0f066a214c2f5e87bad3c948f4d605d) (ScriptedImporter) -> (artifact id: 'ef0588c4a972cfce482e2ed9697c15d6') in 0.0061733 seconds
Number of updated asset objects reloaded before import = 0Number of asset objects unloaded after import = 2

========================================================================
Received Import Request.
  Time since last request: 0.000076 seconds.
  path: Assets/_Barking_Dog/_3D Scifi Base Vol 1/Meshes/Keyboard_01.FBX
  artifactKey: Guid(32298f192d3064e7383a97f93489d07b) Importer(2089858483,b0f066a214c2f5e87bad3c948f4d605d)
Start importing Assets/_Barking_Dog/_3D Scifi Base Vol 1/Meshes/Keyboard_01.FBX using Guid(32298f192d3064e7383a97f93489d07b) Importer(2089858483,b0f066a214c2f5e87bad3c948f4d605d) (ScriptedImporter) -> (artifact id: 'f79f81082baded16348a082ef0734fbc') in 0.013134 seconds
Number of updated asset objects reloaded before import = 0Number of asset objects unloaded after import = 8

========================================================================
Received Import Request.
  Time since last request: 0.000041 seconds.
  path: Assets/_Barking_Dog/_3D Scifi Base Vol 1/SpeedTree/Conifer/ConiferBark.tga
  artifactKey: Guid(9654cfdd87d7daf429b8931c28d7a93c) Importer(2089858483,b0f066a214c2f5e87bad3c948f4d605d)
Start importing Assets/_Barking_Dog/_3D Scifi Base Vol 1/SpeedTree/Conifer/ConiferBark.tga using Guid(9654cfdd87d7daf429b8931c28d7a93c) Importer(2089858483,b0f066a214c2f5e87bad3c948f4d605d) (ScriptedImporter) -> (artifact id: '6e7aa7e53fd5d63620454997fe342754') in 0.0910852 seconds
Number of updated asset objects reloaded before import = 0Number of asset objects unloaded after import = 1

========================================================================
Received Import Request.
  Time since last request: 0.000057 seconds.
  path: Assets/_Barking_Dog/_3D Scifi Base Vol 1/SpeedTree/Conifer/Conifer_Desktop_Atlas_Billboards_Normal.tga
  artifactKey: Guid(6c2afc8a038f69f4aa35c25dcd94fd55) Importer(2089858483,b0f066a214c2f5e87bad3c948f4d605d)
Start importing Assets/_Barking_Dog/_3D Scifi Base Vol 1/SpeedTree/Conifer/Conifer_Desktop_Atlas_Billboards_Normal.tga using Guid(6c2afc8a038f69f4aa35c25dcd94fd55) Importer(2089858483,b0f066a214c2f5e87bad3c948f4d605d) (ScriptedImporter) -> (artifact id: '9eaeff2183f1756a1e8688641b190a7b') in 0.0668214 seconds
Number of updated asset objects reloaded before import = 0Number of asset objects unloaded after import = 1

========================================================================
Received Import Request.
  Time since last request: 0.000033 seconds.
  path: Assets/_Barking_Dog/_3D Scifi Base Vol 1/SpeedTree/Conifer/Conifer_Desktop_Atlas_Normal.tga
  artifactKey: Guid(855926cb3532dc14c87b1e6d589334b2) Importer(2089858483,b0f066a214c2f5e87bad3c948f4d605d)
Start importing Assets/_Barking_Dog/_3D Scifi Base Vol 1/SpeedTree/Conifer/Conifer_Desktop_Atlas_Normal.tga using Guid(855926cb3532dc14c87b1e6d589334b2) Importer(2089858483,b0f066a214c2f5e87bad3c948f4d605d) (ScriptedImporter) -> (artifact id: '4e43a1e765acc7e2e0fc4d776d939046') in 0.0395573 seconds
Number of updated asset objects reloaded before import = 0Number of asset objects unloaded after import = 1

========================================================================
Received Import Request.
  Time since last request: 0.000040 seconds.
  path: Assets/_Barking_Dog/_3D Scifi Base Vol 1/SpeedTree/Conifer/Conifer_Desktop.spm
  artifactKey: Guid(469edab27ab6d004d84af2c4a851bd7f) Importer(2089858483,b0f066a214c2f5e87bad3c948f4d605d)
Start importing Assets/_Barking_Dog/_3D Scifi Base Vol 1/SpeedTree/Conifer/Conifer_Desktop.spm using Guid(469edab27ab6d004d84af2c4a851bd7f) Importer(2089858483,b0f066a214c2f5e87bad3c948f4d605d) (ScriptedImporter) -> (artifact id: '7079306b1d390e6ae5f3a99a2fd0a976') in 0.0323277 seconds
Number of updated asset objects reloaded before import = 0Number of asset objects unloaded after import = 55

========================================================================
Received Import Request.
  Time since last request: 0.000028 seconds.
  path: Assets/_Barking_Dog/_3D Scifi Base Vol 1/SpeedTree/Conifer/ConiferBark_Normal.tga
  artifactKey: Guid(2b46b029d8dc37049aebb484e79998ff) Importer(2089858483,b0f066a214c2f5e87bad3c948f4d605d)
Start importing Assets/_Barking_Dog/_3D Scifi Base Vol 1/SpeedTree/Conifer/ConiferBark_Normal.tga using Guid(2b46b029d8dc37049aebb484e79998ff) Importer(2089858483,b0f066a214c2f5e87bad3c948f4d605d) (ScriptedImporter) -> (artifact id: 'f7dc93cd55ae86146f541f863b6c8386') in 0.0319444 seconds
Number of updated asset objects reloaded before import = 0Number of asset objects unloaded after import = 1

========================================================================
Received Import Request.
  Time since last request: 0.000031 seconds.
  path: Assets/_Barking_Dog/_3D Scifi Base Vol 1/SpeedTree/Broadleaf/Broadleaf_Desktop Materials/LOD0/Leaves_3.mat
  artifactKey: Guid(19d7ece9e3def3745a0f6e75d984fdf6) Importer(2089858483,b0f066a214c2f5e87bad3c948f4d605d)
Start importing Assets/_Barking_Dog/_3D Scifi Base Vol 1/SpeedTree/Broadleaf/Broadleaf_Desktop Materials/LOD0/Leaves_3.mat using Guid(19d7ece9e3def3745a0f6e75d984fdf6) Importer(2089858483,b0f066a214c2f5e87bad3c948f4d605d) (ScriptedImporter) -> (artifact id: 'a562ee397c87c76578fa823c72fd5880') in 0.2867789 seconds
Number of updated asset objects reloaded before import = 0Number of asset objects unloaded after import = 3

========================================================================
Received Import Request.
  Time since last request: 0.000049 seconds.
  path: Assets/_Barking_Dog/_3D Scifi Base Vol 1/SpeedTree/Broadleaf/Broadleaf_Desktop Materials/Billboard.mat
  artifactKey: Guid(d68104aea3d1d084385a1acc7c896247) Importer(2089858483,b0f066a214c2f5e87bad3c948f4d605d)
Start importing Assets/_Barking_Dog/_3D Scifi Base Vol 1/SpeedTree/Broadleaf/Broadleaf_Desktop Materials/Billboard.mat using Guid(d68104aea3d1d084385a1acc7c896247) Importer(2089858483,b0f066a214c2f5e87bad3c948f4d605d) (ScriptedImporter) -> (artifact id: '655bfdbbcaa1af4c370a78f2dfba3b64') in 0.1306473 seconds
Number of updated asset objects reloaded before import = 0Number of asset objects unloaded after import = 3

========================================================================
Received Import Request.
  Time since last request: 0.000042 seconds.
  path: Assets/_Barking_Dog/_3D Scifi Base Vol 1/SpeedTree/Broadleaf/Broadleaf_Desktop Materials/LOD1/FacingLeaves_4.mat
  artifactKey: Guid(9938463bcd729fe41b4937cb6d2d692b) Importer(2089858483,b0f066a214c2f5e87bad3c948f4d605d)
Start importing Assets/_Barking_Dog/_3D Scifi Base Vol 1/SpeedTree/Broadleaf/Broadleaf_Desktop Materials/LOD1/FacingLeaves_4.mat using Guid(9938463bcd729fe41b4937cb6d2d692b) Importer(2089858483,b0f066a214c2f5e87bad3c948f4d605d) (ScriptedImporter) -> (artifact id: '42c86cbd713c4853a5ffabad347703f5') in 0.0249063 seconds
Number of updated asset objects reloaded before import = 0Number of asset objects unloaded after import = 3

========================================================================
Received Import Request.
  Time since last request: 0.000033 seconds.
  path: Assets/_Barking_Dog/_3D Scifi Base Vol 1/SpeedTree/Broadleaf/Broadleaf_Desktop Materials/LOD0/Fronds_2.mat
  artifactKey: Guid(e6a8e6ae86a5b904eb64f573f145ecde) Importer(2089858483,b0f066a214c2f5e87bad3c948f4d605d)
Start importing Assets/_Barking_Dog/_3D Scifi Base Vol 1/SpeedTree/Broadleaf/Broadleaf_Desktop Materials/LOD0/Fronds_2.mat using Guid(e6a8e6ae86a5b904eb64f573f145ecde) Importer(2089858483,b0f066a214c2f5e87bad3c948f4d605d) (ScriptedImporter) -> (artifact id: '18eef514dc1d48cfcef3131ef269afcf') in 0.1617766 seconds
Number of updated asset objects reloaded before import = 0Number of asset objects unloaded after import = 3

========================================================================
Received Import Request.
  Time since last request: 0.000031 seconds.
  path: Assets/_Barking_Dog/_3D Scifi Base Vol 1/SpeedTree/Broadleaf/Broadleaf_Desktop Materials/LOD0/Branches_1.mat
  artifactKey: Guid(e621ee108fde15148a5e4b4ab67667b9) Importer(2089858483,b0f066a214c2f5e87bad3c948f4d605d)
Start importing Assets/_Barking_Dog/_3D Scifi Base Vol 1/SpeedTree/Broadleaf/Broadleaf_Desktop Materials/LOD0/Branches_1.mat using Guid(e621ee108fde15148a5e4b4ab67667b9) Importer(2089858483,b0f066a214c2f5e87bad3c948f4d605d) (ScriptedImporter) -> (artifact id: '99e48f2cf3b0879d78a3db0f7d242cd0') in 0.124744 seconds
Number of updated asset objects reloaded before import = 0Number of asset objects unloaded after import = 3

========================================================================
Received Import Request.
  Time since last request: 0.000039 seconds.
  path: Assets/_Barking_Dog/_3D Scifi Base Vol 1/SpeedTree/Broadleaf/Broadleaf_Desktop Materials/LOD2/Leaves_3.mat
  artifactKey: Guid(355b3169750599e4f957a9d54675c3fa) Importer(2089858483,b0f066a214c2f5e87bad3c948f4d605d)
Start importing Assets/_Barking_Dog/_3D Scifi Base Vol 1/SpeedTree/Broadleaf/Broadleaf_Desktop Materials/LOD2/Leaves_3.mat using Guid(355b3169750599e4f957a9d54675c3fa) Importer(2089858483,b0f066a214c2f5e87bad3c948f4d605d) (ScriptedImporter) -> (artifact id: '188416ab78c2b6bc2a1a70f14ba55b77') in 0.007616 seconds
Number of updated asset objects reloaded before import = 0Number of asset objects unloaded after import = 3

========================================================================
Received Import Request.
  Time since last request: 0.000054 seconds.
  path: Assets/_Barking_Dog/_3D Scifi Base Vol 1/SpeedTree/Broadleaf/Broadleaf_Desktop Materials/LOD2/Branches_0.mat
  artifactKey: Guid(b0d5705176a0d36419d034e2ea46491a) Importer(2089858483,b0f066a214c2f5e87bad3c948f4d605d)
Start importing Assets/_Barking_Dog/_3D Scifi Base Vol 1/SpeedTree/Broadleaf/Broadleaf_Desktop Materials/LOD2/Branches_0.mat using Guid(b0d5705176a0d36419d034e2ea46491a) Importer(2089858483,b0f066a214c2f5e87bad3c948f4d605d) (ScriptedImporter) -> (artifact id: 'a8065bcca125c54f1bfbcd47609510c8') in 0.1185848 seconds
Number of updated asset objects reloaded before import = 0Number of asset objects unloaded after import = 3

========================================================================
Received Import Request.
  Time since last request: 0.000047 seconds.
  path: Assets/_Barking_Dog/_3D Scifi Base Vol 1/SpeedTree/Broadleaf/Broadleaf_Desktop Materials/LOD1/Leaves_3.mat
  artifactKey: Guid(21b01056ea59b814f9ae15d8e6bb3aac) Importer(2089858483,b0f066a214c2f5e87bad3c948f4d605d)
Start importing Assets/_Barking_Dog/_3D Scifi Base Vol 1/SpeedTree/Broadleaf/Broadleaf_Desktop Materials/LOD1/Leaves_3.mat using Guid(21b01056ea59b814f9ae15d8e6bb3aac) Importer(2089858483,b0f066a214c2f5e87bad3c948f4d605d) (ScriptedImporter) -> (artifact id: 'b98c4d5aebf19188d3441159097f4ebe') in 0.0074256 seconds
Number of updated asset objects reloaded before import = 0Number of asset objects unloaded after import = 3

========================================================================
Received Import Request.
  Time since last request: 0.000040 seconds.
  path: Assets/_Barking_Dog/_3D Scifi Base Vol 1/SpeedTree/Broadleaf/Broadleaf_Desktop Materials/LOD2/FacingLeaves_4.mat
  artifactKey: Guid(d5222114580affc49a2af92470232e23) Importer(2089858483,b0f066a214c2f5e87bad3c948f4d605d)
Start importing Assets/_Barking_Dog/_3D Scifi Base Vol 1/SpeedTree/Broadleaf/Broadleaf_Desktop Materials/LOD2/FacingLeaves_4.mat using Guid(d5222114580affc49a2af92470232e23) Importer(2089858483,b0f066a214c2f5e87bad3c948f4d605d) (ScriptedImporter) -> (artifact id: 'e55a3392b46ce98cbf81e2920019f7c7') in 0.0081978 seconds
Number of updated asset objects reloaded before import = 0Number of asset objects unloaded after import = 3

========================================================================
Received Import Request.
  Time since last request: 0.000026 seconds.
  path: Assets/_Barking_Dog/_3D Scifi Base Vol 1/SpeedTree/Conifer/Conifer_Needles_Desktop_Normal.tga
  artifactKey: Guid(ab89d7e9dbd9462458ecef029ee60f6e) Importer(2089858483,b0f066a214c2f5e87bad3c948f4d605d)
Start importing Assets/_Barking_Dog/_3D Scifi Base Vol 1/SpeedTree/Conifer/Conifer_Needles_Desktop_Normal.tga using Guid(ab89d7e9dbd9462458ecef029ee60f6e) Importer(2089858483,b0f066a214c2f5e87bad3c948f4d605d) (ScriptedImporter) -> (artifact id: 'e35f7f2081dab0d4291feab03c52c81e') in 0.0119605 seconds
Number of updated asset objects reloaded before import = 0Number of asset objects unloaded after import = 1

========================================================================
Received Import Request.
  Time since last request: 0.000051 seconds.
  path: Assets/_Barking_Dog/_3D Scifi Base Vol 1/SpeedTree/Conifer/Conifer_Desktop Materials/LOD0/Branches_0.mat
  artifactKey: Guid(d4880c932a8e12b48a3039233e9634a0) Importer(2089858483,b0f066a214c2f5e87bad3c948f4d605d)
Start importing Assets/_Barking_Dog/_3D Scifi Base Vol 1/SpeedTree/Conifer/Conifer_Desktop Materials/LOD0/Branches_0.mat using Guid(d4880c932a8e12b48a3039233e9634a0) Importer(2089858483,b0f066a214c2f5e87bad3c948f4d605d) (ScriptedImporter) -> (artifact id: '454a3397f806aad974d1564589706341') in 0.0076044 seconds
Number of updated asset objects reloaded before import = 0Number of asset objects unloaded after import = 3

========================================================================
Received Import Request.
  Time since last request: 0.000062 seconds.
  path: Assets/_Barking_Dog/_3D Scifi Base Vol 1/SpeedTree/Conifer/Conifer_Desktop Materials/LOD0/Fronds_2.mat
  artifactKey: Guid(0aa00c0212e047047aa5a1ce93b07f49) Importer(2089858483,b0f066a214c2f5e87bad3c948f4d605d)
Start importing Assets/_Barking_Dog/_3D Scifi Base Vol 1/SpeedTree/Conifer/Conifer_Desktop Materials/LOD0/Fronds_2.mat using Guid(0aa00c0212e047047aa5a1ce93b07f49) Importer(2089858483,b0f066a214c2f5e87bad3c948f4d605d) (ScriptedImporter) -> (artifact id: 'f36d39022d4373293941be7e54cc39d7') in 0.0095347 seconds
Number of updated asset objects reloaded before import = 0Number of asset objects unloaded after import = 3

========================================================================
Received Import Request.
  Time since last request: 0.000060 seconds.
  path: Assets/_Barking_Dog/_3D Scifi Base Vol 1/SpeedTree/Conifer/Conifer_Desktop Materials/LOD0/Branches_1.mat
  artifactKey: Guid(fdb77c3917027234db7a7792019eda2e) Importer(2089858483,b0f066a214c2f5e87bad3c948f4d605d)
Start importing Assets/_Barking_Dog/_3D Scifi Base Vol 1/SpeedTree/Conifer/Conifer_Desktop Materials/LOD0/Branches_1.mat using Guid(fdb77c3917027234db7a7792019eda2e) Importer(2089858483,b0f066a214c2f5e87bad3c948f4d605d) (ScriptedImporter) -> (artifact id: '0ff9aa417245dcb0e0a6320a19b18454') in 0.0078711 seconds
Number of updated asset objects reloaded before import = 0Number of asset objects unloaded after import = 3

========================================================================
Received Import Request.
  Time since last request: 0.000047 seconds.
  path: Assets/_Barking_Dog/_3D Scifi Base Vol 1/SpeedTree/Broadleaf/Broadleaf_Mobile Materials/LOD2/Branches_0.mat
  artifactKey: Guid(cd764ab8662bea6468202df8741bcfd3) Importer(2089858483,b0f066a214c2f5e87bad3c948f4d605d)
Start importing Assets/_Barking_Dog/_3D Scifi Base Vol 1/SpeedTree/Broadleaf/Broadleaf_Mobile Materials/LOD2/Branches_0.mat using Guid(cd764ab8662bea6468202df8741bcfd3) Importer(2089858483,b0f066a214c2f5e87bad3c948f4d605d) (ScriptedImporter) -> (artifact id: 'fd33ff0a50218e700dd5247c8af6cd1d') in 0.0056569 seconds
Number of updated asset objects reloaded before import = 0Number of asset objects unloaded after import = 3

========================================================================
Received Import Request.
  Time since last request: 0.000045 seconds.
  path: Assets/_Barking_Dog/_3D Scifi Base Vol 1/SpeedTree/Broadleaf/Broadleaf_Desktop Materials/LOD2/Fronds_2.mat
  artifactKey: Guid(ee0b78d572fcec249860ad38970b7888) Importer(2089858483,b0f066a214c2f5e87bad3c948f4d605d)
Start importing Assets/_Barking_Dog/_3D Scifi Base Vol 1/SpeedTree/Broadleaf/Broadleaf_Desktop Materials/LOD2/Fronds_2.mat using Guid(ee0b78d572fcec249860ad38970b7888) Importer(2089858483,b0f066a214c2f5e87bad3c948f4d605d) (ScriptedImporter) -> (artifact id: '759899afc124d47100ba2e017eddc7ff') in 0.0075503 seconds
Number of updated asset objects reloaded before import = 0Number of asset objects unloaded after import = 3

========================================================================
Received Import Request.
  Time since last request: 0.000028 seconds.
  path: Assets/_Barking_Dog/_3D Scifi Base Vol 1/Prefabs/_Legos/P_Big_Base_02.prefab
  artifactKey: Guid(9140e3f988ff2424ab4b785ecfc6e0fa) Importer(2089858483,e11c23a36db5f54750b8cd40eac0985b)
Start importing Assets/_Barking_Dog/_3D Scifi Base Vol 1/Prefabs/_Legos/P_Big_Base_02.prefab using Guid(9140e3f988ff2424ab4b785ecfc6e0fa) Importer(2089858483,e11c23a36db5f54750b8cd40eac0985b) (ScriptedImporter) -> (artifact id: 'f05280f47654b86630b799836a0cbccf') in 1.033332 seconds
Number of updated asset objects reloaded before import = 0Number of asset objects unloaded after import = 1361

========================================================================
Received Import Request.
  Time since last request: 0.000034 seconds.
  path: Assets/_Barking_Dog/_3D Scifi Base Vol 1/Textures/Wall_Atlas_08_Metal.tif
  artifactKey: Guid(a42bd411cc499418a82e219cc9221546) Importer(2089858483,b0f066a214c2f5e87bad3c948f4d605d)
Start importing Assets/_Barking_Dog/_3D Scifi Base Vol 1/Textures/Wall_Atlas_08_Metal.tif using Guid(a42bd411cc499418a82e219cc9221546) Importer(2089858483,b0f066a214c2f5e87bad3c948f4d605d) (ScriptedImporter) -> (artifact id: 'f2510c7715aa998cd21d1e76be28ef82') in 0.2141821 seconds
Number of updated asset objects reloaded before import = 0Number of asset objects unloaded after import = 1

========================================================================
Received Import Request.
  Time since last request: 0.000057 seconds.
  path: Assets/_Barking_Dog/_3D Scifi Base Vol 1/Splat/Grass_01_Norm.png
  artifactKey: Guid(0ed484181414c4063823935b366bfae2) Importer(2089858483,b0f066a214c2f5e87bad3c948f4d605d)
Start importing Assets/_Barking_Dog/_3D Scifi Base Vol 1/Splat/Grass_01_Norm.png using Guid(0ed484181414c4063823935b366bfae2) Importer(2089858483,b0f066a214c2f5e87bad3c948f4d605d) (ScriptedImporter) -> (artifact id: '648150f07cd2b511137f8f33d9f27987') in 0.0292695 seconds
Number of updated asset objects reloaded before import = 0Number of asset objects unloaded after import = 1

========================================================================
Received Import Request.
  Time since last request: 0.000049 seconds.
  path: Assets/_Barking_Dog/_3D Scifi Base Vol 1/Splat/Water.mat
  artifactKey: Guid(82163206ac4c58749bfa32e52c4ae160) Importer(2089858483,b0f066a214c2f5e87bad3c948f4d605d)
Start importing Assets/_Barking_Dog/_3D Scifi Base Vol 1/Splat/Water.mat using Guid(82163206ac4c58749bfa32e52c4ae160) Importer(2089858483,b0f066a214c2f5e87bad3c948f4d605d) (ScriptedImporter) -> (artifact id: '394093f4e9c67e2ea15f119ef93082f2') in 0.0626485 seconds
Number of updated asset objects reloaded before import = 0Number of asset objects unloaded after import = 2

========================================================================
Received Import Request.
  Time since last request: 0.000035 seconds.
  path: Assets/_Barking_Dog/_3D Scifi Base Vol 1/Meshes/Wall_Grid_01.FBX
  artifactKey: Guid(be9cbad110c7e4fb895115494c97d96d) Importer(2089858483,b0f066a214c2f5e87bad3c948f4d605d)
Start importing Assets/_Barking_Dog/_3D Scifi Base Vol 1/Meshes/Wall_Grid_01.FBX using Guid(be9cbad110c7e4fb895115494c97d96d) Importer(2089858483,b0f066a214c2f5e87bad3c948f4d605d) (ScriptedImporter) -> (artifact id: '43262880d2b63dbb703f1c88d7d4bc66') in 0.0126771 seconds
Number of updated asset objects reloaded before import = 0Number of asset objects unloaded after import = 9

========================================================================
Received Import Request.
  Time since last request: 0.000044 seconds.
  path: Assets/_Barking_Dog/_3D Scifi Base Vol 1/Prefabs/_Build/P_Plateforme_02.prefab
  artifactKey: Guid(e13f85d2428034fef890e44954e1b8f9) Importer(2089858483,e11c23a36db5f54750b8cd40eac0985b)
Start importing Assets/_Barking_Dog/_3D Scifi Base Vol 1/Prefabs/_Build/P_Plateforme_02.prefab using Guid(e13f85d2428034fef890e44954e1b8f9) Importer(2089858483,e11c23a36db5f54750b8cd40eac0985b) (ScriptedImporter) -> (artifact id: '2436e8e9e72d0e1e96061e0f0033dde6') in 0.0242798 seconds
Number of updated asset objects reloaded before import = 0Number of asset objects unloaded after import = 17

========================================================================
Received Import Request.
  Time since last request: 0.000028 seconds.
  path: Assets/_Barking_Dog/_3D Scifi Base Vol 1/Meshes/Wardrobe_Big_01.FBX
  artifactKey: Guid(732b827306aeb4518a5deabac1fd07a9) Importer(2089858483,b0f066a214c2f5e87bad3c948f4d605d)
Start importing Assets/_Barking_Dog/_3D Scifi Base Vol 1/Meshes/Wardrobe_Big_01.FBX using Guid(732b827306aeb4518a5deabac1fd07a9) Importer(2089858483,b0f066a214c2f5e87bad3c948f4d605d) (ScriptedImporter) -> (artifact id: 'dd10af3659622815230545c4570f7664') in 0.0133195 seconds
Number of updated asset objects reloaded before import = 0Number of asset objects unloaded after import = 20

========================================================================
Received Import Request.
  Time since last request: 0.000036 seconds.
  path: Assets/_Barking_Dog/_3D Scifi Base Vol 1/Textures/ForceField_01.mat
  artifactKey: Guid(9fe8f5327996d4701bd153e6fdfe773d) Importer(2089858483,b0f066a214c2f5e87bad3c948f4d605d)
Start importing Assets/_Barking_Dog/_3D Scifi Base Vol 1/Textures/ForceField_01.mat using Guid(9fe8f5327996d4701bd153e6fdfe773d) Importer(2089858483,b0f066a214c2f5e87bad3c948f4d605d) (ScriptedImporter) -> (artifact id: 'ada1abf15aaa27f3878070f7fa2171cd') in 0.0084382 seconds
Number of updated asset objects reloaded before import = 0Number of asset objects unloaded after import = 3

========================================================================
Received Import Request.
  Time since last request: 0.000043 seconds.
  path: Assets/_Barking_Dog/_3D Scifi Base Vol 1/Splat/Terrain.prefab
  artifactKey: Guid(e4b91be8a7da64561819351ab3884eb4) Importer(2089858483,e11c23a36db5f54750b8cd40eac0985b)
Start importing Assets/_Barking_Dog/_3D Scifi Base Vol 1/Splat/Terrain.prefab using Guid(e4b91be8a7da64561819351ab3884eb4) Importer(2089858483,e11c23a36db5f54750b8cd40eac0985b) (ScriptedImporter) -> (artifact id: '52446bf55e8cd110b7efd0975785f6d8') in 0.1952319 seconds
Number of updated asset objects reloaded before import = 0Number of asset objects unloaded after import = 200

========================================================================
Received Import Request.
  Time since last request: 0.000063 seconds.
  path: Assets/_Barking_Dog/_3D Scifi Base Vol 1/Splat/Grass_Sprite_01.tga
  artifactKey: Guid(0fb14dec8628a4a6cafcda16ae57ebf9) Importer(2089858483,b0f066a214c2f5e87bad3c948f4d605d)
Start importing Assets/_Barking_Dog/_3D Scifi Base Vol 1/Splat/Grass_Sprite_01.tga using Guid(0fb14dec8628a4a6cafcda16ae57ebf9) Importer(2089858483,b0f066a214c2f5e87bad3c948f4d605d) (ScriptedImporter) -> (artifact id: '9587e3f9370b1e88f88b45b904687f2f') in 0.0118995 seconds
Number of updated asset objects reloaded before import = 0Number of asset objects unloaded after import = 1

========================================================================
Received Import Request.
  Time since last request: 0.000045 seconds.
  path: Assets/_Barking_Dog/_3D Scifi Base Vol 1/Prefabs/_Build/P_Plateforme_03.prefab
  artifactKey: Guid(7eafdc0cbf520462d83b70aa2b32dce2) Importer(2089858483,e11c23a36db5f54750b8cd40eac0985b)
Start importing Assets/_Barking_Dog/_3D Scifi Base Vol 1/Prefabs/_Build/P_Plateforme_03.prefab using Guid(7eafdc0cbf520462d83b70aa2b32dce2) Importer(2089858483,e11c23a36db5f54750b8cd40eac0985b) (ScriptedImporter) -> (artifact id: '3773717235911032da4d00d9cb12bacb') in 0.0311079 seconds
Number of updated asset objects reloaded before import = 0Number of asset objects unloaded after import = 22

========================================================================
Received Import Request.
  Time since last request: 0.000046 seconds.
  path: Assets/_Barking_Dog/_3D Scifi Base Vol 1/Meshes/Technical_Cab_02.FBX
  artifactKey: Guid(6d9be09b75ac04b35a57da7e3856eb4e) Importer(2089858483,b0f066a214c2f5e87bad3c948f4d605d)
Start importing Assets/_Barking_Dog/_3D Scifi Base Vol 1/Meshes/Technical_Cab_02.FBX using Guid(6d9be09b75ac04b35a57da7e3856eb4e) Importer(2089858483,b0f066a214c2f5e87bad3c948f4d605d) (ScriptedImporter) -> (artifact id: '57210e9cead89f1cb6b70ab613a62280') in 0.0142799 seconds
Number of updated asset objects reloaded before import = 0Number of asset objects unloaded after import = 10

========================================================================
Received Import Request.
  Time since last request: 0.000038 seconds.
  path: Assets/_Barking_Dog/_3D Scifi Base Vol 1/Prefabs/_Build/P_Rock_01.prefab
  artifactKey: Guid(34e5e22a4a32f4845a77daedb9bdd715) Importer(2089858483,e11c23a36db5f54750b8cd40eac0985b)
Start importing Assets/_Barking_Dog/_3D Scifi Base Vol 1/Prefabs/_Build/P_Rock_01.prefab using Guid(34e5e22a4a32f4845a77daedb9bdd715) Importer(2089858483,e11c23a36db5f54750b8cd40eac0985b) (ScriptedImporter) -> (artifact id: '3cf925bd0325a1d0f54ed5a4f211ed37') in 0.0201123 seconds
Number of updated asset objects reloaded before import = 0Number of asset objects unloaded after import = 11

========================================================================
Received Import Request.
  Time since last request: 0.000040 seconds.
  path: Assets/_Barking_Dog/_3D Scifi Base Vol 1/Meshes/Antenna_01.FBX
  artifactKey: Guid(d9a9f23458857418fab813612d1c6468) Importer(2089858483,b0f066a214c2f5e87bad3c948f4d605d)
Start importing Assets/_Barking_Dog/_3D Scifi Base Vol 1/Meshes/Antenna_01.FBX using Guid(d9a9f23458857418fab813612d1c6468) Importer(2089858483,b0f066a214c2f5e87bad3c948f4d605d) (ScriptedImporter) -> (artifact id: 'e04a954803dc2183f796c57d1ede66f2') in 0.0107927 seconds
Number of updated asset objects reloaded before import = 0Number of asset objects unloaded after import = 9

========================================================================
Received Import Request.
  Time since last request: 0.000029 seconds.
  path: Assets/_Barking_Dog/_3D Scifi Base Vol 1/Textures/Wall_Atlas_05_Dif_02.png
  artifactKey: Guid(96ba198dc7ff44a3686f644151bbcf8b) Importer(2089858483,b0f066a214c2f5e87bad3c948f4d605d)
Start importing Assets/_Barking_Dog/_3D Scifi Base Vol 1/Textures/Wall_Atlas_05_Dif_02.png using Guid(96ba198dc7ff44a3686f644151bbcf8b) Importer(2089858483,b0f066a214c2f5e87bad3c948f4d605d) (ScriptedImporter) -> (artifact id: 'f584b926e0aa4d082b481f0bb392d377') in 0.0219105 seconds
Number of updated asset objects reloaded before import = 0Number of asset objects unloaded after import = 1

========================================================================
Received Import Request.
  Time since last request: 0.000028 seconds.
  path: Assets/_Barking_Dog/_3D Scifi Base Vol 1/Prefabs/_Build/P_Wall_Angle_03.prefab
  artifactKey: Guid(b1d96ec2fca214bfa84bf63644b4b4a2) Importer(2089858483,e11c23a36db5f54750b8cd40eac0985b)
Start importing Assets/_Barking_Dog/_3D Scifi Base Vol 1/Prefabs/_Build/P_Wall_Angle_03.prefab using Guid(b1d96ec2fca214bfa84bf63644b4b4a2) Importer(2089858483,e11c23a36db5f54750b8cd40eac0985b) (ScriptedImporter) -> (artifact id: '75d63f1b299119503785270e1d29e042') in 0.0394266 seconds
Number of updated asset objects reloaded before import = 0Number of asset objects unloaded after import = 11

========================================================================
Received Import Request.
  Time since last request: 0.000034 seconds.
  path: Assets/_Barking_Dog/_3D Scifi Base Vol 1/Prefabs/_Build/P_Pipes_Insert_05.prefab
  artifactKey: Guid(63885e382038e4c0ab2408ed5ccef3e6) Importer(2089858483,e11c23a36db5f54750b8cd40eac0985b)
Start importing Assets/_Barking_Dog/_3D Scifi Base Vol 1/Prefabs/_Build/P_Pipes_Insert_05.prefab using Guid(63885e382038e4c0ab2408ed5ccef3e6) Importer(2089858483,e11c23a36db5f54750b8cd40eac0985b) (ScriptedImporter) -> (artifact id: 'd7a6785acbee876c67f5b958b4641c3d') in 0.0683005 seconds
Number of updated asset objects reloaded before import = 0Number of asset objects unloaded after import = 11

========================================================================
Received Import Request.
  Time since last request: 0.000063 seconds.
  path: Assets/_Barking_Dog/_3D Scifi Base Vol 1/Prefabs/_Build/P_Rock_02.prefab
  artifactKey: Guid(0a7cb2998217444e0aacda5c9c09237d) Importer(2089858483,e11c23a36db5f54750b8cd40eac0985b)
Start importing Assets/_Barking_Dog/_3D Scifi Base Vol 1/Prefabs/_Build/P_Rock_02.prefab using Guid(0a7cb2998217444e0aacda5c9c09237d) Importer(2089858483,e11c23a36db5f54750b8cd40eac0985b) (ScriptedImporter) -> (artifact id: 'fd12345c5e142557fed9acf870ecf062') in 0.0125645 seconds
Number of updated asset objects reloaded before import = 0Number of asset objects unloaded after import = 11

========================================================================
Received Import Request.
  Time since last request: 0.000033 seconds.
  path: Assets/_Barking_Dog/_3D Scifi Base Vol 1/Prefabs/_Build/P_Wall_Door_Small_02.prefab
  artifactKey: Guid(a8959ba55e1a64bcdbf3ecec9b77d348) Importer(2089858483,e11c23a36db5f54750b8cd40eac0985b)
Start importing Assets/_Barking_Dog/_3D Scifi Base Vol 1/Prefabs/_Build/P_Wall_Door_Small_02.prefab using Guid(a8959ba55e1a64bcdbf3ecec9b77d348) Importer(2089858483,e11c23a36db5f54750b8cd40eac0985b) (ScriptedImporter) -> (artifact id: '52d1483ec4bf7cbd89ffb3932c447881') in 0.0574646 seconds
Number of updated asset objects reloaded before import = 0Number of asset objects unloaded after import = 65

========================================================================
Received Import Request.
  Time since last request: 0.000029 seconds.
  path: Assets/_Barking_Dog/_3D Scifi Base Vol 1/SpeedTree/Broadleaf/ClippedFrond.tga
  artifactKey: Guid(f82badc465974aa4cbc424065780aa3d) Importer(2089858483,b0f066a214c2f5e87bad3c948f4d605d)
Start importing Assets/_Barking_Dog/_3D Scifi Base Vol 1/SpeedTree/Broadleaf/ClippedFrond.tga using Guid(f82badc465974aa4cbc424065780aa3d) Importer(2089858483,b0f066a214c2f5e87bad3c948f4d605d) (ScriptedImporter) -> (artifact id: '3027fadc8b9c0d987c2244671409f654') in 0.0223719 seconds
Number of updated asset objects reloaded before import = 0Number of asset objects unloaded after import = 1

========================================================================
Received Import Request.
  Time since last request: 0.000065 seconds.
  path: Assets/_Barking_Dog/_3D Scifi Base Vol 1/Meshes/Wall_Angle_02.FBX
  artifactKey: Guid(45e24b61947ef43ab81a7fd57bbe6c6a) Importer(2089858483,b0f066a214c2f5e87bad3c948f4d605d)
Start importing Assets/_Barking_Dog/_3D Scifi Base Vol 1/Meshes/Wall_Angle_02.FBX using Guid(45e24b61947ef43ab81a7fd57bbe6c6a) Importer(2089858483,b0f066a214c2f5e87bad3c948f4d605d) (ScriptedImporter) -> (artifact id: '59096e79b597d1bfa1e0b925ed098054') in 0.0225723 seconds
Number of updated asset objects reloaded before import = 0Number of asset objects unloaded after import = 11

========================================================================
Received Import Request.
  Time since last request: 0.000040 seconds.
  path: Assets/_Barking_Dog/_3D Scifi Base Vol 1/SpeedTree/Broadleaf/Cap_01_Normal.tga
  artifactKey: Guid(55e2334423fefa34fb4916f6780413d3) Importer(2089858483,b0f066a214c2f5e87bad3c948f4d605d)
Start importing Assets/_Barking_Dog/_3D Scifi Base Vol 1/SpeedTree/Broadleaf/Cap_01_Normal.tga using Guid(55e2334423fefa34fb4916f6780413d3) Importer(2089858483,b0f066a214c2f5e87bad3c948f4d605d) (ScriptedImporter) -> (artifact id: '830dc059b0b6e5fc622e7d0f2e140b9b') in 0.0186342 seconds
Number of updated asset objects reloaded before import = 0Number of asset objects unloaded after import = 1

========================================================================
Received Import Request.
  Time since last request: 0.000043 seconds.
  path: Assets/_Barking_Dog/_3D Scifi Base Vol 1/Meshes/Pipes_Insert_05.FBX
  artifactKey: Guid(c78e47648ac9846ee8f198b0c446deea) Importer(2089858483,b0f066a214c2f5e87bad3c948f4d605d)
Start importing Assets/_Barking_Dog/_3D Scifi Base Vol 1/Meshes/Pipes_Insert_05.FBX using Guid(c78e47648ac9846ee8f198b0c446deea) Importer(2089858483,b0f066a214c2f5e87bad3c948f4d605d) (ScriptedImporter) -> (artifact id: '181949de4b6679527d3004810a2d97b2') in 0.012781 seconds
Number of updated asset objects reloaded before import = 0Number of asset objects unloaded after import = 8

========================================================================
Received Import Request.
  Time since last request: 0.000047 seconds.
  path: Assets/_Barking_Dog/_3D Scifi Base Vol 1/Splat/Rock_01_Metal.tif
  artifactKey: Guid(4f35e5ee85b7c44b9a3e63d8db723d4e) Importer(2089858483,b0f066a214c2f5e87bad3c948f4d605d)
Start importing Assets/_Barking_Dog/_3D Scifi Base Vol 1/Splat/Rock_01_Metal.tif using Guid(4f35e5ee85b7c44b9a3e63d8db723d4e) Importer(2089858483,b0f066a214c2f5e87bad3c948f4d605d) (ScriptedImporter) -> (artifact id: '35032eb716e680a4edc0d9b996bbbc12') in 0.0138703 seconds
Number of updated asset objects reloaded before import = 0Number of asset objects unloaded after import = 1

========================================================================
Received Import Request.
  Time since last request: 0.000030 seconds.
  path: Assets/_Barking_Dog/_3D Scifi Base Vol 1/Prefabs/_Build/P_Plateforme_01.prefab
  artifactKey: Guid(1a300487d337b4e9082c9bf22cf1d99d) Importer(2089858483,e11c23a36db5f54750b8cd40eac0985b)
Start importing Assets/_Barking_Dog/_3D Scifi Base Vol 1/Prefabs/_Build/P_Plateforme_01.prefab using Guid(1a300487d337b4e9082c9bf22cf1d99d) Importer(2089858483,e11c23a36db5f54750b8cd40eac0985b) (ScriptedImporter) -> (artifact id: '311af70a2670087ea216acd1d2d7ab53') in 0.0243575 seconds
Number of updated asset objects reloaded before import = 0Number of asset objects unloaded after import = 22

========================================================================
Received Import Request.
  Time since last request: 0.000055 seconds.
  path: Assets/_Barking_Dog/_3D Scifi Base Vol 1/Prefabs/_Build/P_Roof_Cache_02_B.prefab
  artifactKey: Guid(d5995e7aac7d9417da97a1c5984e56ae) Importer(2089858483,e11c23a36db5f54750b8cd40eac0985b)
Start importing Assets/_Barking_Dog/_3D Scifi Base Vol 1/Prefabs/_Build/P_Roof_Cache_02_B.prefab using Guid(d5995e7aac7d9417da97a1c5984e56ae) Importer(2089858483,e11c23a36db5f54750b8cd40eac0985b) (ScriptedImporter) -> (artifact id: '615927cbbeac2da3a890e26ec6193fdf') in 0.0166874 seconds
Number of updated asset objects reloaded before import = 0Number of asset objects unloaded after import = 10

========================================================================
Received Import Request.
  Time since last request: 0.000051 seconds.
  path: Assets/_Barking_Dog/_3D Scifi Base Vol 1/Prefabs/_Legos/P_Small_Tower_Room_01.prefab
  artifactKey: Guid(1825a1106a5f94d64b980a92274f2a3a) Importer(2089858483,e11c23a36db5f54750b8cd40eac0985b)
Start importing Assets/_Barking_Dog/_3D Scifi Base Vol 1/Prefabs/_Legos/P_Small_Tower_Room_01.prefab using Guid(1825a1106a5f94d64b980a92274f2a3a) Importer(2089858483,e11c23a36db5f54750b8cd40eac0985b) (ScriptedImporter) -> (artifact id: '93b812f76658672825eeb6673fde1d6c') in 0.7228652 seconds
Number of updated asset objects reloaded before import = 0Number of asset objects unloaded after import = 1002

========================================================================
Received Import Request.
  Time since last request: 0.000049 seconds.
  path: Assets/_Barking_Dog/_3D Scifi Base Vol 1/Example_01Settings.lighting
  artifactKey: Guid(19b0aa84dadaef046914f216b56a719a) Importer(2089858483,b0f066a214c2f5e87bad3c948f4d605d)
Start importing Assets/_Barking_Dog/_3D Scifi Base Vol 1/Example_01Settings.lighting using Guid(19b0aa84dadaef046914f216b56a719a) Importer(2089858483,b0f066a214c2f5e87bad3c948f4d605d) (ScriptedImporter) -> (artifact id: 'b01f4093195ccc955418631042a33e7f') in 0.0320439 seconds
Number of updated asset objects reloaded before import = 0Number of asset objects unloaded after import = 1

========================================================================
Received Import Request.
  Time since last request: 0.000059 seconds.
  path: Assets/_Barking_Dog/_3D Scifi Base Vol 1/Meshes/Materials/Wall_Atlas_08_Dif.mat
  artifactKey: Guid(05df4a394d78c484caf9134ac61ea16b) Importer(2089858483,b0f066a214c2f5e87bad3c948f4d605d)
Start importing Assets/_Barking_Dog/_3D Scifi Base Vol 1/Meshes/Materials/Wall_Atlas_08_Dif.mat using Guid(05df4a394d78c484caf9134ac61ea16b) Importer(2089858483,b0f066a214c2f5e87bad3c948f4d605d) (ScriptedImporter) -> (artifact id: '85b1bfd08afa8131647b0d44bfaf50c2') in 0.0918492 seconds
Number of updated asset objects reloaded before import = 0Number of asset objects unloaded after import = 6

========================================================================
Received Import Request.
  Time since last request: 0.000037 seconds.
  path: Assets/_Barking_Dog/_3D Scifi Base Vol 1/Prefabs/_Build/P_Roof_Cache_01.prefab
  artifactKey: Guid(b15bd0d5d35df40b1a89499cfd46f629) Importer(2089858483,e11c23a36db5f54750b8cd40eac0985b)
Start importing Assets/_Barking_Dog/_3D Scifi Base Vol 1/Prefabs/_Build/P_Roof_Cache_01.prefab using Guid(b15bd0d5d35df40b1a89499cfd46f629) Importer(2089858483,e11c23a36db5f54750b8cd40eac0985b) (ScriptedImporter) -> (artifact id: '199c644e0df85b9f0ba9c7c43427d065') in 0.0287195 seconds
Number of updated asset objects reloaded before import = 0Number of asset objects unloaded after import = 10

========================================================================
Received Import Request.
  Time since last request: 0.000049 seconds.
  path: Assets/_Barking_Dog/_3D Scifi Base Vol 1/SpeedTree/Broadleaf/BroadleafBark.tga
  artifactKey: Guid(2c1c27ec8c3b75a4c80a795adc9ca788) Importer(2089858483,b0f066a214c2f5e87bad3c948f4d605d)
Start importing Assets/_Barking_Dog/_3D Scifi Base Vol 1/SpeedTree/Broadleaf/BroadleafBark.tga using Guid(2c1c27ec8c3b75a4c80a795adc9ca788) Importer(2089858483,b0f066a214c2f5e87bad3c948f4d605d) (ScriptedImporter) -> (artifact id: '7a9ff823f023ecf6af17ccc3bf11962c') in 0.0137511 seconds
Number of updated asset objects reloaded before import = 0Number of asset objects unloaded after import = 1

========================================================================
Received Import Request.
  Time since last request: 0.000038 seconds.
  path: Assets/_Barking_Dog/_3D Scifi Base Vol 1/SpeedTree/Broadleaf/Broadleaf_Desktop_Atlas.tga
  artifactKey: Guid(d20e5329bb2905844a1ae38b80640d3f) Importer(2089858483,b0f066a214c2f5e87bad3c948f4d605d)
Start importing Assets/_Barking_Dog/_3D Scifi Base Vol 1/SpeedTree/Broadleaf/Broadleaf_Desktop_Atlas.tga using Guid(d20e5329bb2905844a1ae38b80640d3f) Importer(2089858483,b0f066a214c2f5e87bad3c948f4d605d) (ScriptedImporter) -> (artifact id: 'b7a122e77c721c148f7cf7390797d65e') in 0.0110592 seconds
Number of updated asset objects reloaded before import = 0Number of asset objects unloaded after import = 1

========================================================================
Received Import Request.
  Time since last request: 0.000027 seconds.
  path: Assets/_Barking_Dog/_3D Scifi Base Vol 1/Prefabs/_Build/P_Wall_Normal_01.prefab
  artifactKey: Guid(8722399cf1a2245269db6be7947bfbbd) Importer(2089858483,e11c23a36db5f54750b8cd40eac0985b)
Start importing Assets/_Barking_Dog/_3D Scifi Base Vol 1/Prefabs/_Build/P_Wall_Normal_01.prefab using Guid(8722399cf1a2245269db6be7947bfbbd) Importer(2089858483,e11c23a36db5f54750b8cd40eac0985b) (ScriptedImporter) -> (artifact id: 'f9ec4ed5ef293e3d8e283b58701b4b97') in 0.1517391 seconds
Number of updated asset objects reloaded before import = 0Number of asset objects unloaded after import = 30

========================================================================
Received Import Request.
  Time since last request: 0.000088 seconds.
  path: Assets/_Barking_Dog/_3D Scifi Base Vol 1/Textures/Wall_Atlas_03_Metal_02.tif
  artifactKey: Guid(917e7bf58e0164cfb89e854a6a84b30d) Importer(2089858483,b0f066a214c2f5e87bad3c948f4d605d)
Start importing Assets/_Barking_Dog/_3D Scifi Base Vol 1/Textures/Wall_Atlas_03_Metal_02.tif using Guid(917e7bf58e0164cfb89e854a6a84b30d) Importer(2089858483,b0f066a214c2f5e87bad3c948f4d605d) (ScriptedImporter) -> (artifact id: 'b368f8a418e17a4dba2e1a518361c21b') in 0.0405135 seconds
Number of updated asset objects reloaded before import = 0Number of asset objects unloaded after import = 1

========================================================================
Received Import Request.
  Time since last request: 0.000059 seconds.
  path: Assets/_Barking_Dog/_3D Scifi Base Vol 1/Meshes/Glass_Tube_01.FBX
  artifactKey: Guid(c18ed7265bccf447bb86ec4e324010cd) Importer(2089858483,b0f066a214c2f5e87bad3c948f4d605d)
Start importing Assets/_Barking_Dog/_3D Scifi Base Vol 1/Meshes/Glass_Tube_01.FBX using Guid(c18ed7265bccf447bb86ec4e324010cd) Importer(2089858483,b0f066a214c2f5e87bad3c948f4d605d) (ScriptedImporter) -> (artifact id: '23ff0eda7fa7db6bb3fe91c613fb1a5e') in 0.0136635 seconds
Number of updated asset objects reloaded before import = 0Number of asset objects unloaded after import = 9

========================================================================
Received Import Request.
  Time since last request: 0.000051 seconds.
  path: Assets/_Barking_Dog/_3D Scifi Base Vol 1/Meshes/Bed_Couch_01.FBX
  artifactKey: Guid(d5df81d27ad4d45be986e2bb2ddb8de6) Importer(2089858483,b0f066a214c2f5e87bad3c948f4d605d)
Start importing Assets/_Barking_Dog/_3D Scifi Base Vol 1/Meshes/Bed_Couch_01.FBX using Guid(d5df81d27ad4d45be986e2bb2ddb8de6) Importer(2089858483,b0f066a214c2f5e87bad3c948f4d605d) (ScriptedImporter) -> (artifact id: '7106ade60b7619b8e272dbde00cad346') in 0.0131092 seconds
Number of updated asset objects reloaded before import = 0Number of asset objects unloaded after import = 8

========================================================================
Received Import Request.
  Time since last request: 0.000038 seconds.
  path: Assets/_Barking_Dog/_3D Scifi Base Vol 1/Textures/Wall_Atlas_06_Dif.png
  artifactKey: Guid(9beed25e81683476a986a7df82b4baf1) Importer(2089858483,b0f066a214c2f5e87bad3c948f4d605d)
Start importing Assets/_Barking_Dog/_3D Scifi Base Vol 1/Textures/Wall_Atlas_06_Dif.png using Guid(9beed25e81683476a986a7df82b4baf1) Importer(2089858483,b0f066a214c2f5e87bad3c948f4d605d) (ScriptedImporter) -> (artifact id: '67e37e34e1f29c247b2d5913f0ed369f') in 0.0993329 seconds
Number of updated asset objects reloaded before import = 0Number of asset objects unloaded after import = 1

========================================================================
Received Import Request.
  Time since last request: 0.000045 seconds.
  path: Assets/_Barking_Dog/_3D Scifi Base Vol 1/Prefabs/_Legos/P_Big_Base_04.prefab
  artifactKey: Guid(b0bcb3df9e98e4481a3e4369442e7ec3) Importer(2089858483,e11c23a36db5f54750b8cd40eac0985b)
Start importing Assets/_Barking_Dog/_3D Scifi Base Vol 1/Prefabs/_Legos/P_Big_Base_04.prefab using Guid(b0bcb3df9e98e4481a3e4369442e7ec3) Importer(2089858483,e11c23a36db5f54750b8cd40eac0985b) (ScriptedImporter) -> (artifact id: '8069a9a6b0adebcc47719b07b8ad080a') in 7.4357353 seconds
Number of updated asset objects reloaded before import = 0Number of asset objects unloaded after import = 10829

========================================================================
Received Import Request.
  Time since last request: 36.492904 seconds.
  path: Assets/_Barking_Dog/_3D Scifi Base Vol 1/Example_01.unity
  artifactKey: Guid(75e76ba4aa90548258615a2ef30ef30a) Importer(2089858483,b0f066a214c2f5e87bad3c948f4d605d)
Start importing Assets/_Barking_Dog/_3D Scifi Base Vol 1/Example_01.unity using Guid(75e76ba4aa90548258615a2ef30ef30a) Importer(2089858483,b0f066a214c2f5e87bad3c948f4d605d) (ScriptedImporter) -> (artifact id: 'a22eef399df122fadc3f290300845a50') in 0.0602616 seconds
Number of updated asset objects reloaded before import = 0Number of asset objects unloaded after import = 1

========================================================================
Received Import Request.
  Time since last request: 0.000059 seconds.
  path: Assets/_Barking_Dog/_3D Scifi Base Vol 1/Prefabs/_Build/P_Roof_Window_01.prefab
  artifactKey: Guid(4df9a5e68fdfb4d66b4c5a5f998c5110) Importer(2089858483,b0f066a214c2f5e87bad3c948f4d605d)
Start importing Assets/_Barking_Dog/_3D Scifi Base Vol 1/Prefabs/_Build/P_Roof_Window_01.prefab using Guid(4df9a5e68fdfb4d66b4c5a5f998c5110) Importer(2089858483,b0f066a214c2f5e87bad3c948f4d605d) (ScriptedImporter) -> (artifact id: '739ebd11aaa22419502378be60780812') in 0.0372205 seconds
Number of updated asset objects reloaded before import = 0Number of asset objects unloaded after import = 10

========================================================================
Received Import Request.
  Time since last request: 0.000072 seconds.
  path: Assets/_Barking_Dog/_3D Scifi Base Vol 1/Prefabs/_Build/P_Plateforme_02.prefab
  artifactKey: Guid(e13f85d2428034fef890e44954e1b8f9) Importer(2089858483,b0f066a214c2f5e87bad3c948f4d605d)
Start importing Assets/_Barking_Dog/_3D Scifi Base Vol 1/Prefabs/_Build/P_Plateforme_02.prefab using Guid(e13f85d2428034fef890e44954e1b8f9) Importer(2089858483,b0f066a214c2f5e87bad3c948f4d605d) (ScriptedImporter) -> (artifact id: 'db1533ecc0681cf1fa6abe603630d4cf') in 0.016949 seconds
Number of updated asset objects reloaded before import = 0Number of asset objects unloaded after import = 15

========================================================================
Received Import Request.
  Time since last request: 0.000042 seconds.
  path: Assets/_Barking_Dog/_3D Scifi Base Vol 1/Prefabs/_Build/P_Wall_Normal_02.prefab
  artifactKey: Guid(d228c3786d9dd42aebcb5fe040b8ab76) Importer(2089858483,b0f066a214c2f5e87bad3c948f4d605d)
Start importing Assets/_Barking_Dog/_3D Scifi Base Vol 1/Prefabs/_Build/P_Wall_Normal_02.prefab using Guid(d228c3786d9dd42aebcb5fe040b8ab76) Importer(2089858483,b0f066a214c2f5e87bad3c948f4d605d) (ScriptedImporter) -> (artifact id: '6ab399b506a3a76e6f72dc714504073b') in 0.0323088 seconds
Number of updated asset objects reloaded before import = 0Number of asset objects unloaded after import = 27

========================================================================
Received Import Request.
  Time since last request: 0.000038 seconds.
  path: Assets/_Barking_Dog/_3D Scifi Base Vol 1/Prefabs/_Build/P_Big_Support_02.prefab
  artifactKey: Guid(86c2bca869ba84766848201d3969fae2) Importer(2089858483,b0f066a214c2f5e87bad3c948f4d605d)
Start importing Assets/_Barking_Dog/_3D Scifi Base Vol 1/Prefabs/_Build/P_Big_Support_02.prefab using Guid(86c2bca869ba84766848201d3969fae2) Importer(2089858483,b0f066a214c2f5e87bad3c948f4d605d) (ScriptedImporter) -> (artifact id: '4fa0d7fd5d1017c14ba2e8f16319c260') in 0.0253919 seconds
Number of updated asset objects reloaded before import = 0Number of asset objects unloaded after import = 116

========================================================================
Received Import Request.
  Time since last request: 0.000034 seconds.
  path: Assets/_Barking_Dog/_3D Scifi Base Vol 1/Prefabs/_Build/P_Plateforme_03.prefab
  artifactKey: Guid(7eafdc0cbf520462d83b70aa2b32dce2) Importer(2089858483,b0f066a214c2f5e87bad3c948f4d605d)
Start importing Assets/_Barking_Dog/_3D Scifi Base Vol 1/Prefabs/_Build/P_Plateforme_03.prefab using Guid(7eafdc0cbf520462d83b70aa2b32dce2) Importer(2089858483,b0f066a214c2f5e87bad3c948f4d605d) (ScriptedImporter) -> (artifact id: '9c47fdd6ceab0a066565efbe47161f5d') in 0.026201 seconds
Number of updated asset objects reloaded before import = 0Number of asset objects unloaded after import = 18

========================================================================
Received Import Request.
  Time since last request: 0.000036 seconds.
  path: Assets/_Barking_Dog/_3D Scifi Base Vol 1/Prefabs/_Build/P_Roof_Angle_02_B.prefab
  artifactKey: Guid(426e4e3fbd51844c1972c9f19768f379) Importer(2089858483,b0f066a214c2f5e87bad3c948f4d605d)
Start importing Assets/_Barking_Dog/_3D Scifi Base Vol 1/Prefabs/_Build/P_Roof_Angle_02_B.prefab using Guid(426e4e3fbd51844c1972c9f19768f379) Importer(2089858483,b0f066a214c2f5e87bad3c948f4d605d) (ScriptedImporter) -> (artifact id: '8e5e7f4300f409c1104a10861e8337e1') in 0.0183754 seconds
Number of updated asset objects reloaded before import = 0Number of asset objects unloaded after import = 9

========================================================================
Received Import Request.
  Time since last request: 0.000039 seconds.
  path: Assets/_Barking_Dog/_3D Scifi Base Vol 1/Prefabs/_Legos/P_Small_Tower_Room_03.prefab
  artifactKey: Guid(aa8791d718efd40f9afdebe58249761a) Importer(2089858483,b0f066a214c2f5e87bad3c948f4d605d)
Start importing Assets/_Barking_Dog/_3D Scifi Base Vol 1/Prefabs/_Legos/P_Small_Tower_Room_03.prefab using Guid(aa8791d718efd40f9afdebe58249761a) Importer(2089858483,b0f066a214c2f5e87bad3c948f4d605d) (ScriptedImporter) -> (artifact id: 'acfb2eb428c69a21876e2f65a5b2e8d4') in 0.0474405 seconds
Number of updated asset objects reloaded before import = 0Number of asset objects unloaded after import = 857

========================================================================
Received Import Request.
  Time since last request: 0.000037 seconds.
  path: Assets/_Barking_Dog/_3D Scifi Base Vol 1/Prefabs/_Legos/P_Big_Base_03.prefab
  artifactKey: Guid(c6c32ead5acc243f199003f3e960190c) Importer(2089858483,b0f066a214c2f5e87bad3c948f4d605d)
Start importing Assets/_Barking_Dog/_3D Scifi Base Vol 1/Prefabs/_Legos/P_Big_Base_03.prefab using Guid(c6c32ead5acc243f199003f3e960190c) Importer(2089858483,b0f066a214c2f5e87bad3c948f4d605d) (ScriptedImporter) -> (artifact id: '2c158c312e416ae4b412b85d6a6a47ac') in 0.06945 seconds
Number of updated asset objects reloaded before import = 0Number of asset objects unloaded after import = 1513

========================================================================
Received Import Request.
  Time since last request: 0.000059 seconds.
  path: Assets/_Barking_Dog/_3D Scifi Base Vol 1/Prefabs/_Build/P_Wall_Window_03.prefab
  artifactKey: Guid(480402c20d8a545dd9b099cb85dd9bea) Importer(2089858483,b0f066a214c2f5e87bad3c948f4d605d)
Start importing Assets/_Barking_Dog/_3D Scifi Base Vol 1/Prefabs/_Build/P_Wall_Window_03.prefab using Guid(480402c20d8a545dd9b099cb85dd9bea) Importer(2089858483,b0f066a214c2f5e87bad3c948f4d605d) (ScriptedImporter) -> (artifact id: 'b42887659ea688798551bbf3b2d84360') in 0.01271 seconds
Number of updated asset objects reloaded before import = 0Number of asset objects unloaded after import = 21

========================================================================
Received Import Request.
  Time since last request: 0.000060 seconds.
  path: Assets/_Barking_Dog/_3D Scifi Base Vol 1/Prefabs/_Props/P_Basin_01.prefab
  artifactKey: Guid(9eed909f2b80043dab663dd1c10f6fea) Importer(2089858483,b0f066a214c2f5e87bad3c948f4d605d)
Start importing Assets/_Barking_Dog/_3D Scifi Base Vol 1/Prefabs/_Props/P_Basin_01.prefab using Guid(9eed909f2b80043dab663dd1c10f6fea) Importer(2089858483,b0f066a214c2f5e87bad3c948f4d605d) (ScriptedImporter) -> (artifact id: '3f65e14ef7d5da3452cd4684f8531e4c') in 0.0068411 seconds
Number of updated asset objects reloaded before import = 0Number of asset objects unloaded after import = 15

========================================================================
Received Import Request.
  Time since last request: 0.000035 seconds.
  path: Assets/_Barking_Dog/_3D Scifi Base Vol 1/Prefabs/_Legos/P_Big_Base_02.prefab
  artifactKey: Guid(9140e3f988ff2424ab4b785ecfc6e0fa) Importer(2089858483,b0f066a214c2f5e87bad3c948f4d605d)
Start importing Assets/_Barking_Dog/_3D Scifi Base Vol 1/Prefabs/_Legos/P_Big_Base_02.prefab using Guid(9140e3f988ff2424ab4b785ecfc6e0fa) Importer(2089858483,b0f066a214c2f5e87bad3c948f4d605d) (ScriptedImporter) -> (artifact id: '021d5a5547210a5be029e270c1949df5') in 0.0533963 seconds
Number of updated asset objects reloaded before import = 0Number of asset objects unloaded after import = 1353

========================================================================
Received Import Request.
  Time since last request: 0.000042 seconds.
  path: Assets/_Barking_Dog/_3D Scifi Base Vol 1/Prefabs/_Props/P_Computer_01.prefab
  artifactKey: Guid(b76cd7de082e441d5a857beb4515185c) Importer(2089858483,b0f066a214c2f5e87bad3c948f4d605d)
Start importing Assets/_Barking_Dog/_3D Scifi Base Vol 1/Prefabs/_Props/P_Computer_01.prefab using Guid(b76cd7de082e441d5a857beb4515185c) Importer(2089858483,b0f066a214c2f5e87bad3c948f4d605d) (ScriptedImporter) -> (artifact id: 'd14fece12664a7e820381382c719defc') in 0.0193092 seconds
Number of updated asset objects reloaded before import = 0Number of asset objects unloaded after import = 26

========================================================================
Received Import Request.
  Time since last request: 0.000051 seconds.
  path: Assets/_Barking_Dog/_3D Scifi Base Vol 1/Prefabs/_Legos/P_Big_Base_04.prefab
  artifactKey: Guid(b0bcb3df9e98e4481a3e4369442e7ec3) Importer(2089858483,b0f066a214c2f5e87bad3c948f4d605d)
Start importing Assets/_Barking_Dog/_3D Scifi Base Vol 1/Prefabs/_Legos/P_Big_Base_04.prefab using Guid(b0bcb3df9e98e4481a3e4369442e7ec3) Importer(2089858483,b0f066a214c2f5e87bad3c948f4d605d) (ScriptedImporter) -> (artifact id: '6ef660edee64ca6c3d13609875ec1466') in 0.262767 seconds
Number of updated asset objects reloaded before import = 0Number of asset objects unloaded after import = 10809

========================================================================
Received Import Request.
  Time since last request: 0.000047 seconds.
  path: Assets/_Barking_Dog/_3D Scifi Base Vol 1/Prefabs/_Build/P_Roof_Angle_04.prefab
  artifactKey: Guid(b415359564fa84b4c9d999c30745b652) Importer(2089858483,b0f066a214c2f5e87bad3c948f4d605d)
Start importing Assets/_Barking_Dog/_3D Scifi Base Vol 1/Prefabs/_Build/P_Roof_Angle_04.prefab using Guid(b415359564fa84b4c9d999c30745b652) Importer(2089858483,b0f066a214c2f5e87bad3c948f4d605d) (ScriptedImporter) -> (artifact id: '73a77306a51a0f153d1edff2f89f25a5') in 0.0172742 seconds
Number of updated asset objects reloaded before import = 0Number of asset objects unloaded after import = 9

========================================================================
Received Import Request.
  Time since last request: 0.000037 seconds.
  path: Assets/_Barking_Dog/_3D Scifi Base Vol 1/Prefabs/_Props/P_Computer_Dbl_02.prefab
  artifactKey: Guid(79da999ee4e6849628b51dc644792d12) Importer(2089858483,b0f066a214c2f5e87bad3c948f4d605d)
Start importing Assets/_Barking_Dog/_3D Scifi Base Vol 1/Prefabs/_Props/P_Computer_Dbl_02.prefab using Guid(79da999ee4e6849628b51dc644792d12) Importer(2089858483,b0f066a214c2f5e87bad3c948f4d605d) (ScriptedImporter) -> (artifact id: 'ad17c93dcec164f2ffd14de2a4528c17') in 0.0265319 seconds
Number of updated asset objects reloaded before import = 0Number of asset objects unloaded after import = 69

========================================================================
Received Import Request.
  Time since last request: 0.000033 seconds.
  path: Assets/_Barking_Dog/_3D Scifi Base Vol 1/Prefabs/_Build/P_Pipe_End_01.prefab
  artifactKey: Guid(ef604b1debe7844459cbf034c5aaf2c6) Importer(2089858483,b0f066a214c2f5e87bad3c948f4d605d)
Start importing Assets/_Barking_Dog/_3D Scifi Base Vol 1/Prefabs/_Build/P_Pipe_End_01.prefab using Guid(ef604b1debe7844459cbf034c5aaf2c6) Importer(2089858483,b0f066a214c2f5e87bad3c948f4d605d) (ScriptedImporter) -> (artifact id: 'fcb34e4f169e6863b9fa06a600baeb03') in 0.0180249 seconds
Number of updated asset objects reloaded before import = 0Number of asset objects unloaded after import = 9

========================================================================
Received Import Request.
  Time since last request: 0.000033 seconds.
  path: Assets/_Barking_Dog/_3D Scifi Base Vol 1/Prefabs/_Build/P_Ladder_01.prefab
  artifactKey: Guid(d81406cdfcaef40e8b663f452c0fda15) Importer(2089858483,b0f066a214c2f5e87bad3c948f4d605d)
Start importing Assets/_Barking_Dog/_3D Scifi Base Vol 1/Prefabs/_Build/P_Ladder_01.prefab using Guid(d81406cdfcaef40e8b663f452c0fda15) Importer(2089858483,b0f066a214c2f5e87bad3c948f4d605d) (ScriptedImporter) -> (artifact id: 'cd9a5bdca846fc0e1f7c07d09b04b1df') in 0.0061998 seconds
Number of updated asset objects reloaded before import = 0Number of asset objects unloaded after import = 10

========================================================================
Received Import Request.
  Time since last request: 0.000053 seconds.
  path: Assets/_Barking_Dog/_3D Scifi Base Vol 1/Prefabs/_Build/P_Computer_Angle_01.prefab
  artifactKey: Guid(2041073040bb34a6991350311f72e6fe) Importer(2089858483,b0f066a214c2f5e87bad3c948f4d605d)
Start importing Assets/_Barking_Dog/_3D Scifi Base Vol 1/Prefabs/_Build/P_Computer_Angle_01.prefab using Guid(2041073040bb34a6991350311f72e6fe) Importer(2089858483,b0f066a214c2f5e87bad3c948f4d605d) (ScriptedImporter) -> (artifact id: '888da1322cc16024b98816a75aa6518f') in 0.0222574 seconds
Number of updated asset objects reloaded before import = 0Number of asset objects unloaded after import = 10

========================================================================
Received Import Request.
  Time since last request: 0.000036 seconds.
  path: Assets/_Barking_Dog/_3D Scifi Base Vol 1/Prefabs/_Build/P_Roof_Cache_01.prefab
  artifactKey: Guid(b15bd0d5d35df40b1a89499cfd46f629) Importer(2089858483,b0f066a214c2f5e87bad3c948f4d605d)
Start importing Assets/_Barking_Dog/_3D Scifi Base Vol 1/Prefabs/_Build/P_Roof_Cache_01.prefab using Guid(b15bd0d5d35df40b1a89499cfd46f629) Importer(2089858483,b0f066a214c2f5e87bad3c948f4d605d) (ScriptedImporter) -> (artifact id: '2d1eeb7979c9f5646f8f505c60532f15') in 0.0095221 seconds
Number of updated asset objects reloaded before import = 0Number of asset objects unloaded after import = 9

========================================================================
Received Import Request.
  Time since last request: 0.000029 seconds.
  path: Assets/_Barking_Dog/_3D Scifi Base Vol 1/Prefabs/_Build/P_Rock_04.prefab
  artifactKey: Guid(773f41b08e0524398b0161bd36f7c1c1) Importer(2089858483,b0f066a214c2f5e87bad3c948f4d605d)
Start importing Assets/_Barking_Dog/_3D Scifi Base Vol 1/Prefabs/_Build/P_Rock_04.prefab using Guid(773f41b08e0524398b0161bd36f7c1c1) Importer(2089858483,b0f066a214c2f5e87bad3c948f4d605d) (ScriptedImporter) -> (artifact id: 'd79b1960cad9b7bb579ed0a8e81d0d5b') in 0.0156035 seconds
Number of updated asset objects reloaded before import = 0Number of asset objects unloaded after import = 10

========================================================================
Received Import Request.
  Time since last request: 0.000049 seconds.
  path: Assets/_Barking_Dog/_3D Scifi Base Vol 1/Prefabs/_Build/P_Corridor_HallRing_03.prefab
  artifactKey: Guid(bf50cd96e73384306bcfba8b85946aa2) Importer(2089858483,b0f066a214c2f5e87bad3c948f4d605d)
Start importing Assets/_Barking_Dog/_3D Scifi Base Vol 1/Prefabs/_Build/P_Corridor_HallRing_03.prefab using Guid(bf50cd96e73384306bcfba8b85946aa2) Importer(2089858483,b0f066a214c2f5e87bad3c948f4d605d) (ScriptedImporter) -> (artifact id: '47bbb670cdab2b4d38910688b0a38d39') in 0.0149743 seconds
Number of updated asset objects reloaded before import = 0Number of asset objects unloaded after import = 24

========================================================================
Received Import Request.
  Time since last request: 0.000061 seconds.
  path: Assets/_Barking_Dog/_3D Scifi Base Vol 1/Prefabs/_Props/P_Laser_Fence_01.prefab
  artifactKey: Guid(99882afdabca645a88855b837ae97f8d) Importer(2089858483,b0f066a214c2f5e87bad3c948f4d605d)
Start importing Assets/_Barking_Dog/_3D Scifi Base Vol 1/Prefabs/_Props/P_Laser_Fence_01.prefab using Guid(99882afdabca645a88855b837ae97f8d) Importer(2089858483,b0f066a214c2f5e87bad3c948f4d605d) (ScriptedImporter) -> (artifact id: '0179d5b4252457ef09035082fe6a4d51') in 0.0083186 seconds
Number of updated asset objects reloaded before import = 0Number of asset objects unloaded after import = 10

========================================================================
Received Import Request.
  Time since last request: 0.000032 seconds.
  path: Assets/_Barking_Dog/_3D Scifi Base Vol 1/Prefabs/_Build/P_Pipes_Insert_03.prefab
  artifactKey: Guid(34eb839e9be9a4c3f825e61711de92e0) Importer(2089858483,b0f066a214c2f5e87bad3c948f4d605d)
Start importing Assets/_Barking_Dog/_3D Scifi Base Vol 1/Prefabs/_Build/P_Pipes_Insert_03.prefab using Guid(34eb839e9be9a4c3f825e61711de92e0) Importer(2089858483,b0f066a214c2f5e87bad3c948f4d605d) (ScriptedImporter) -> (artifact id: '58fad56d8f40146ca0a30e447928d253') in 0.0059224 seconds
Number of updated asset objects reloaded before import = 0Number of asset objects unloaded after import = 10

========================================================================
Received Import Request.
  Time since last request: 0.000033 seconds.
  path: Assets/_Barking_Dog/_3D Scifi Base Vol 1/Prefabs/_Build/P_Wall_Pilar_01.prefab
  artifactKey: Guid(61c2044d036dd439fa11c967aad0db76) Importer(2089858483,b0f066a214c2f5e87bad3c948f4d605d)
Start importing Assets/_Barking_Dog/_3D Scifi Base Vol 1/Prefabs/_Build/P_Wall_Pilar_01.prefab using Guid(61c2044d036dd439fa11c967aad0db76) Importer(2089858483,b0f066a214c2f5e87bad3c948f4d605d) (ScriptedImporter) -> (artifact id: '087e9c2da688d4498f3e98368eeeec99') in 0.0126723 seconds
Number of updated asset objects reloaded before import = 0Number of asset objects unloaded after import = 18

========================================================================
Received Import Request.
  Time since last request: 0.000039 seconds.
  path: Assets/_Barking_Dog/_3D Scifi Base Vol 1/Prefabs/_Props/P_Can_Blue_01.prefab
  artifactKey: Guid(a2b8590e546814f4c8b542963477d374) Importer(2089858483,b0f066a214c2f5e87bad3c948f4d605d)
Start importing Assets/_Barking_Dog/_3D Scifi Base Vol 1/Prefabs/_Props/P_Can_Blue_01.prefab using Guid(a2b8590e546814f4c8b542963477d374) Importer(2089858483,b0f066a214c2f5e87bad3c948f4d605d) (ScriptedImporter) -> (artifact id: '617b7627ecb270a220800188110dba55') in 0.0099934 seconds
Number of updated asset objects reloaded before import = 0Number of asset objects unloaded after import = 11

========================================================================
Received Import Request.
  Time since last request: 0.000049 seconds.
  path: Assets/_Barking_Dog/_3D Scifi Base Vol 1/Prefabs/_Legos/P_Small_Pod_02.prefab
  artifactKey: Guid(e12f616ec278c4027aa722c07e075861) Importer(2089858483,b0f066a214c2f5e87bad3c948f4d605d)
Start importing Assets/_Barking_Dog/_3D Scifi Base Vol 1/Prefabs/_Legos/P_Small_Pod_02.prefab using Guid(e12f616ec278c4027aa722c07e075861) Importer(2089858483,b0f066a214c2f5e87bad3c948f4d605d) (ScriptedImporter) -> (artifact id: 'fdc9b2f274080d1c3c79a36269de9468') in 0.0249653 seconds
Number of updated asset objects reloaded before import = 0Number of asset objects unloaded after import = 409

========================================================================
Received Import Request.
  Time since last request: 0.000044 seconds.
  path: Assets/_Barking_Dog/_3D Scifi Base Vol 1/Prefabs/_Build/P_Corridor_Angle_02.prefab
  artifactKey: Guid(4010e022b949447bb99361cc427c8d13) Importer(2089858483,b0f066a214c2f5e87bad3c948f4d605d)
Start importing Assets/_Barking_Dog/_3D Scifi Base Vol 1/Prefabs/_Build/P_Corridor_Angle_02.prefab using Guid(4010e022b949447bb99361cc427c8d13) Importer(2089858483,b0f066a214c2f5e87bad3c948f4d605d) (ScriptedImporter) -> (artifact id: 'a989268dea116478ec9d2072518eb07f') in 0.0306228 seconds
Number of updated asset objects reloaded before import = 0Number of asset objects unloaded after import = 86

========================================================================
Received Import Request.
  Time since last request: 0.000034 seconds.
  path: Assets/_Barking_Dog/_3D Scifi Base Vol 1/Prefabs/_Build/P_Wall_Door_Small_01.prefab
  artifactKey: Guid(5537fa43de2d84f48bc791848f36ce90) Importer(2089858483,b0f066a214c2f5e87bad3c948f4d605d)
Start importing Assets/_Barking_Dog/_3D Scifi Base Vol 1/Prefabs/_Build/P_Wall_Door_Small_01.prefab using Guid(5537fa43de2d84f48bc791848f36ce90) Importer(2089858483,b0f066a214c2f5e87bad3c948f4d605d) (ScriptedImporter) -> (artifact id: '7fbda322f4155d832639f476cfb1bbf0') in 0.0220411 seconds
Number of updated asset objects reloaded before import = 0Number of asset objects unloaded after import = 48

========================================================================
Received Import Request.
  Time since last request: 0.000029 seconds.
  path: Assets/_Barking_Dog/_3D Scifi Base Vol 1/Prefabs/_Props/P_Bench_01.prefab
  artifactKey: Guid(30a98c620fd704f458d1ad068fae8582) Importer(2089858483,b0f066a214c2f5e87bad3c948f4d605d)
Start importing Assets/_Barking_Dog/_3D Scifi Base Vol 1/Prefabs/_Props/P_Bench_01.prefab using Guid(30a98c620fd704f458d1ad068fae8582) Importer(2089858483,b0f066a214c2f5e87bad3c948f4d605d) (ScriptedImporter) -> (artifact id: 'c6fb2f642afa16d0f51dd2351207567e') in 0.007225 seconds
Number of updated asset objects reloaded before import = 0Number of asset objects unloaded after import = 15

========================================================================
Received Import Request.
  Time since last request: 0.000040 seconds.
  path: Assets/_Barking_Dog/_3D Scifi Base Vol 1/Prefabs/_Props/P_Monitor_01.prefab
  artifactKey: Guid(56aeafee9f44c4264a3ba989c1164444) Importer(2089858483,b0f066a214c2f5e87bad3c948f4d605d)
Start importing Assets/_Barking_Dog/_3D Scifi Base Vol 1/Prefabs/_Props/P_Monitor_01.prefab using Guid(56aeafee9f44c4264a3ba989c1164444) Importer(2089858483,b0f066a214c2f5e87bad3c948f4d605d) (ScriptedImporter) -> (artifact id: '29ab5b827fab00c5deacfeb88f6c9645') in 0.0261295 seconds
Number of updated asset objects reloaded before import = 0Number of asset objects unloaded after import = 29

========================================================================
Received Import Request.
  Time since last request: 0.000044 seconds.
  path: Assets/_Barking_Dog/_3D Scifi Base Vol 1/Prefabs/_Build/P_Pipes_Insert_07.prefab
  artifactKey: Guid(f4547f6da4a7c4949ba05cddc5423399) Importer(2089858483,b0f066a214c2f5e87bad3c948f4d605d)
Start importing Assets/_Barking_Dog/_3D Scifi Base Vol 1/Prefabs/_Build/P_Pipes_Insert_07.prefab using Guid(f4547f6da4a7c4949ba05cddc5423399) Importer(2089858483,b0f066a214c2f5e87bad3c948f4d605d) (ScriptedImporter) -> (artifact id: '9a31463b04f38d48970500fe0d395315') in 0.0069141 seconds
Number of updated asset objects reloaded before import = 0Number of asset objects unloaded after import = 9

========================================================================
Received Import Request.
  Time since last request: 0.000046 seconds.
  path: Assets/_Barking_Dog/_3D Scifi Base Vol 1/Prefabs/_Build/P_Pipes_Insert_02.prefab
  artifactKey: Guid(28e299ad287cc4fab9a30ce5a9c12c45) Importer(2089858483,b0f066a214c2f5e87bad3c948f4d605d)
Start importing Assets/_Barking_Dog/_3D Scifi Base Vol 1/Prefabs/_Build/P_Pipes_Insert_02.prefab using Guid(28e299ad287cc4fab9a30ce5a9c12c45) Importer(2089858483,b0f066a214c2f5e87bad3c948f4d605d) (ScriptedImporter) -> (artifact id: 'f59095d1182c3140413415da713bb306') in 0.0228836 seconds
Number of updated asset objects reloaded before import = 0Number of asset objects unloaded after import = 9

========================================================================
Received Import Request.
  Time since last request: 0.000029 seconds.
  path: Assets/_Barking_Dog/_3D Scifi Base Vol 1/Prefabs/_Legos/P_Corridor_End_01.prefab
  artifactKey: Guid(e95dfbd9d58894f17a04256281e63e20) Importer(2089858483,b0f066a214c2f5e87bad3c948f4d605d)
Start importing Assets/_Barking_Dog/_3D Scifi Base Vol 1/Prefabs/_Legos/P_Corridor_End_01.prefab using Guid(e95dfbd9d58894f17a04256281e63e20) Importer(2089858483,b0f066a214c2f5e87bad3c948f4d605d) (ScriptedImporter) -> (artifact id: '8ff71d21c2dd77d3fbec75c90a4b2660') in 0.0331151 seconds
Number of updated asset objects reloaded before import = 0Number of asset objects unloaded after import = 228

========================================================================
Received Import Request.
  Time since last request: 0.000038 seconds.
  path: Assets/_Barking_Dog/_3D Scifi Base Vol 1/Prefabs/_Build/P_Floor_Normal_03.prefab
  artifactKey: Guid(b194ca08f797744a0b42469230a549ed) Importer(2089858483,b0f066a214c2f5e87bad3c948f4d605d)
Start importing Assets/_Barking_Dog/_3D Scifi Base Vol 1/Prefabs/_Build/P_Floor_Normal_03.prefab using Guid(b194ca08f797744a0b42469230a549ed) Importer(2089858483,b0f066a214c2f5e87bad3c948f4d605d) (ScriptedImporter) -> (artifact id: '6b7d88af8b04ab7f71afa74ac2f52eb6') in 0.0163216 seconds
Number of updated asset objects reloaded before import = 0Number of asset objects unloaded after import = 21

========================================================================
Received Import Request.
  Time since last request: 0.000061 seconds.
  path: Assets/_Barking_Dog/_3D Scifi Base Vol 1/Prefabs/_Props/P_Wall_TV_01.prefab
  artifactKey: Guid(ca561006757c14416add12f5ba07dba8) Importer(2089858483,b0f066a214c2f5e87bad3c948f4d605d)
Start importing Assets/_Barking_Dog/_3D Scifi Base Vol 1/Prefabs/_Props/P_Wall_TV_01.prefab using Guid(ca561006757c14416add12f5ba07dba8) Importer(2089858483,b0f066a214c2f5e87bad3c948f4d605d) (ScriptedImporter) -> (artifact id: '99d262fc0d8b930303c4fbc94c3cf395') in 0.0181727 seconds
Number of updated asset objects reloaded before import = 0Number of asset objects unloaded after import = 17

========================================================================
Received Import Request.
  Time since last request: 0.000047 seconds.
  path: Assets/_Barking_Dog/_3D Scifi Base Vol 1/Prefabs/_Props/P_Table_Laptop_02.prefab
  artifactKey: Guid(3f0d6e61bad404329951d3393a32bcd6) Importer(2089858483,b0f066a214c2f5e87bad3c948f4d605d)
Start importing Assets/_Barking_Dog/_3D Scifi Base Vol 1/Prefabs/_Props/P_Table_Laptop_02.prefab using Guid(3f0d6e61bad404329951d3393a32bcd6) Importer(2089858483,b0f066a214c2f5e87bad3c948f4d605d) (ScriptedImporter) -> (artifact id: '0117bbb220c317db6ef43218bc703e0e') in 0.0105069 seconds
Number of updated asset objects reloaded before import = 0Number of asset objects unloaded after import = 56

========================================================================
Received Import Request.
  Time since last request: 0.000031 seconds.
  path: Assets/_Barking_Dog/_3D Scifi Base Vol 1/Prefabs/_Props/P_Trashcan_01.prefab
  artifactKey: Guid(8a461b5778979490d9812b288c6f6347) Importer(2089858483,b0f066a214c2f5e87bad3c948f4d605d)
Start importing Assets/_Barking_Dog/_3D Scifi Base Vol 1/Prefabs/_Props/P_Trashcan_01.prefab using Guid(8a461b5778979490d9812b288c6f6347) Importer(2089858483,b0f066a214c2f5e87bad3c948f4d605d) (ScriptedImporter) -> (artifact id: 'de380c9e7ab827af36c3c5a53571062d') in 0.0068768 seconds
Number of updated asset objects reloaded before import = 0Number of asset objects unloaded after import = 10

========================================================================
Received Import Request.
  Time since last request: 0.000036 seconds.
  path: Assets/_Barking_Dog/_3D Scifi Base Vol 1/Prefabs/_Props/P_Computer_02.prefab
  artifactKey: Guid(0527208ba5fc749d0b96d426a6fd231b) Importer(2089858483,b0f066a214c2f5e87bad3c948f4d605d)
Start importing Assets/_Barking_Dog/_3D Scifi Base Vol 1/Prefabs/_Props/P_Computer_02.prefab using Guid(0527208ba5fc749d0b96d426a6fd231b) Importer(2089858483,b0f066a214c2f5e87bad3c948f4d605d) (ScriptedImporter) -> (artifact id: 'f7da69b406084b10cec3d297667899ee') in 0.013442 seconds
Number of updated asset objects reloaded before import = 0Number of asset objects unloaded after import = 26

========================================================================
Received Import Request.
  Time since last request: 0.000033 seconds.
  path: Assets/_Barking_Dog/_3D Scifi Base Vol 1/Prefabs/_Props/P_Computer_04.prefab
  artifactKey: Guid(0b6b90440584542369133afa21b89d9f) Importer(2089858483,b0f066a214c2f5e87bad3c948f4d605d)
Start importing Assets/_Barking_Dog/_3D Scifi Base Vol 1/Prefabs/_Props/P_Computer_04.prefab using Guid(0b6b90440584542369133afa21b89d9f) Importer(2089858483,b0f066a214c2f5e87bad3c948f4d605d) (ScriptedImporter) -> (artifact id: '99da0bcc96f3a6b04f7511c91f705d39') in 0.0095787 seconds
Number of updated asset objects reloaded before import = 0Number of asset objects unloaded after import = 43

========================================================================
Received Import Request.
  Time since last request: 0.000065 seconds.
  path: Assets/_Barking_Dog/_3D Scifi Base Vol 1/Prefabs/_Build/P_Fence_02.prefab
  artifactKey: Guid(d043079025b4b48199b439d78570cc7c) Importer(2089858483,b0f066a214c2f5e87bad3c948f4d605d)
Start importing Assets/_Barking_Dog/_3D Scifi Base Vol 1/Prefabs/_Build/P_Fence_02.prefab using Guid(d043079025b4b48199b439d78570cc7c) Importer(2089858483,b0f066a214c2f5e87bad3c948f4d605d) (ScriptedImporter) -> (artifact id: '3402dbd5d1d07fde325918ec0899247e') in 0.0194167 seconds
Number of updated asset objects reloaded before import = 0Number of asset objects unloaded after import = 9

========================================================================
Received Import Request.
  Time since last request: 0.000060 seconds.
  path: Assets/_Barking_Dog/_3D Scifi Base Vol 1/Prefabs/_Build/P_Metal_Tube_02.prefab
  artifactKey: Guid(fff4609093e0c463a8304f09f3604785) Importer(2089858483,b0f066a214c2f5e87bad3c948f4d605d)
Start importing Assets/_Barking_Dog/_3D Scifi Base Vol 1/Prefabs/_Build/P_Metal_Tube_02.prefab using Guid(fff4609093e0c463a8304f09f3604785) Importer(2089858483,b0f066a214c2f5e87bad3c948f4d605d) (ScriptedImporter) -> (artifact id: '7ac4774d7f3922efef04a2f8cd73a7b0') in 0.0268238 seconds
Number of updated asset objects reloaded before import = 0Number of asset objects unloaded after import = 49

========================================================================
Received Import Request.
  Time since last request: 0.000044 seconds.
  path: Assets/_Barking_Dog/_3D Scifi Base Vol 1/Prefabs/_Props/P_Wardrobe_Big_01.prefab
  artifactKey: Guid(4ba7c0dafe5f94f26ae5311c2f05149f) Importer(2089858483,b0f066a214c2f5e87bad3c948f4d605d)
Start importing Assets/_Barking_Dog/_3D Scifi Base Vol 1/Prefabs/_Props/P_Wardrobe_Big_01.prefab using Guid(4ba7c0dafe5f94f26ae5311c2f05149f) Importer(2089858483,b0f066a214c2f5e87bad3c948f4d605d) (ScriptedImporter) -> (artifact id: 'dc1188f7905a3e57982da036c7088209') in 0.0159998 seconds
Number of updated asset objects reloaded before import = 0Number of asset objects unloaded after import = 20

========================================================================
Received Import Request.
  Time since last request: 0.000052 seconds.
  path: Assets/_Barking_Dog/_3D Scifi Base Vol 1/Prefabs/_Props/P_Wall_Heal_01.prefab
  artifactKey: Guid(bc6a928e3b2e44296b0ec43134239344) Importer(2089858483,b0f066a214c2f5e87bad3c948f4d605d)
Start importing Assets/_Barking_Dog/_3D Scifi Base Vol 1/Prefabs/_Props/P_Wall_Heal_01.prefab using Guid(bc6a928e3b2e44296b0ec43134239344) Importer(2089858483,b0f066a214c2f5e87bad3c948f4d605d) (ScriptedImporter) -> (artifact id: 'b11ec808c3fc0d5163579ea69dae4691') in 0.0057535 seconds
Number of updated asset objects reloaded before import = 0Number of asset objects unloaded after import = 10

========================================================================
Received Import Request.
  Time since last request: 0.000060 seconds.
  path: Assets/_Barking_Dog/_3D Scifi Base Vol 1/Prefabs/_Legos/P_Plateform_Big_04.prefab
  artifactKey: Guid(f62dadb546fe64e2dbfbca9b9b09f3ea) Importer(2089858483,b0f066a214c2f5e87bad3c948f4d605d)
Start importing Assets/_Barking_Dog/_3D Scifi Base Vol 1/Prefabs/_Legos/P_Plateform_Big_04.prefab using Guid(f62dadb546fe64e2dbfbca9b9b09f3ea) Importer(2089858483,b0f066a214c2f5e87bad3c948f4d605d) (ScriptedImporter) -> (artifact id: 'bba1332a9e6da57e456c8207eae63691') in 0.0295782 seconds
Number of updated asset objects reloaded before import = 0Number of asset objects unloaded after import = 726

========================================================================
Received Import Request.
  Time since last request: 0.000065 seconds.
  path: Assets/_Barking_Dog/_3D Scifi Base Vol 1/Prefabs/_Build/P_Dome_Line_01.prefab
  artifactKey: Guid(57d7e879c41b746bdbca75a531931d4f) Importer(2089858483,b0f066a214c2f5e87bad3c948f4d605d)
Start importing Assets/_Barking_Dog/_3D Scifi Base Vol 1/Prefabs/_Build/P_Dome_Line_01.prefab using Guid(57d7e879c41b746bdbca75a531931d4f) Importer(2089858483,b0f066a214c2f5e87bad3c948f4d605d) (ScriptedImporter) -> (artifact id: 'fb6dd3cdb58614f184aceff2cd9f767d') in 0.007142 seconds
Number of updated asset objects reloaded before import = 0Number of asset objects unloaded after import = 9

========================================================================
Received Import Request.
  Time since last request: 0.000033 seconds.
  path: Assets/_Barking_Dog/_3D Scifi Base Vol 1/Prefabs/_Legos/P_Plateform_Big_02.prefab
  artifactKey: Guid(7b54114cab7d448e38c75931ca7068da) Importer(2089858483,b0f066a214c2f5e87bad3c948f4d605d)
Start importing Assets/_Barking_Dog/_3D Scifi Base Vol 1/Prefabs/_Legos/P_Plateform_Big_02.prefab using Guid(7b54114cab7d448e38c75931ca7068da) Importer(2089858483,b0f066a214c2f5e87bad3c948f4d605d) (ScriptedImporter) -> (artifact id: '9114371ca206a2c59d259963efc2d4f2') in 0.0537644 seconds
Number of updated asset objects reloaded before import = 0Number of asset objects unloaded after import = 111

========================================================================
Received Import Request.
  Time since last request: 0.000045 seconds.
  path: Assets/_Barking_Dog/_3D Scifi Base Vol 1/Prefabs/_Build/P_Floor_Half_01.prefab
  artifactKey: Guid(28d100c8cf2394ab08a93bb44a5f19a1) Importer(2089858483,b0f066a214c2f5e87bad3c948f4d605d)
Start importing Assets/_Barking_Dog/_3D Scifi Base Vol 1/Prefabs/_Build/P_Floor_Half_01.prefab using Guid(28d100c8cf2394ab08a93bb44a5f19a1) Importer(2089858483,b0f066a214c2f5e87bad3c948f4d605d) (ScriptedImporter) -> (artifact id: 'e627179b8c3d65dc8a316d7491e2a7a2') in 0.0055126 seconds
Number of updated asset objects reloaded before import = 0Number of asset objects unloaded after import = 10

========================================================================
Received Import Request.
  Time since last request: 0.000047 seconds.
  path: Assets/_Barking_Dog/_3D Scifi Base Vol 1/Prefabs/_Props/P_Char_04.prefab
  artifactKey: Guid(66f512b6ac13c4d5e8e8d8bb546fe702) Importer(2089858483,b0f066a214c2f5e87bad3c948f4d605d)
Start importing Assets/_Barking_Dog/_3D Scifi Base Vol 1/Prefabs/_Props/P_Char_04.prefab using Guid(66f512b6ac13c4d5e8e8d8bb546fe702) Importer(2089858483,b0f066a214c2f5e87bad3c948f4d605d) (ScriptedImporter) -> (artifact id: '7e16c83b0d30c6b8b6100f3b87fd1107') in 0.0075292 seconds
Number of updated asset objects reloaded before import = 0Number of asset objects unloaded after import = 36

========================================================================
Received Import Request.
  Time since last request: 0.000034 seconds.
  path: Assets/_Barking_Dog/_3D Scifi Base Vol 1/Prefabs/_Build/P_Corridor_HallRing_02.prefab
  artifactKey: Guid(3e5cbf27c389c4e048f99b86fd42c7ac) Importer(2089858483,b0f066a214c2f5e87bad3c948f4d605d)
Start importing Assets/_Barking_Dog/_3D Scifi Base Vol 1/Prefabs/_Build/P_Corridor_HallRing_02.prefab using Guid(3e5cbf27c389c4e048f99b86fd42c7ac) Importer(2089858483,b0f066a214c2f5e87bad3c948f4d605d) (ScriptedImporter) -> (artifact id: 'c6cc3f94c1ff5dd6cb4f14691cf6dc66') in 0.0161325 seconds
Number of updated asset objects reloaded before import = 0Number of asset objects unloaded after import = 24

========================================================================
Received Import Request.
  Time since last request: 0.000034 seconds.
  path: Assets/_Barking_Dog/_3D Scifi Base Vol 1/Prefabs/_Build/P_Floor_Small_01.prefab
  artifactKey: Guid(54ae45bc455ee40778396a777652f892) Importer(2089858483,b0f066a214c2f5e87bad3c948f4d605d)
Start importing Assets/_Barking_Dog/_3D Scifi Base Vol 1/Prefabs/_Build/P_Floor_Small_01.prefab using Guid(54ae45bc455ee40778396a777652f892) Importer(2089858483,b0f066a214c2f5e87bad3c948f4d605d) (ScriptedImporter) -> (artifact id: 'e6a2aa96fd0820236a291e2071c165d7') in 0.0147974 seconds
Number of updated asset objects reloaded before import = 0Number of asset objects unloaded after import = 10

========================================================================
Received Import Request.
  Time since last request: 0.000046 seconds.
  path: Assets/_Barking_Dog/_3D Scifi Base Vol 1/Prefabs/_Build/P_Fence_04.prefab
  artifactKey: Guid(29fa0debf313f44ab916497b96a2f6f7) Importer(2089858483,b0f066a214c2f5e87bad3c948f4d605d)
Start importing Assets/_Barking_Dog/_3D Scifi Base Vol 1/Prefabs/_Build/P_Fence_04.prefab using Guid(29fa0debf313f44ab916497b96a2f6f7) Importer(2089858483,b0f066a214c2f5e87bad3c948f4d605d) (ScriptedImporter) -> (artifact id: 'b0aa591660951c3cd4c0609706b7a13c') in 0.0058165 seconds
Number of updated asset objects reloaded before import = 0Number of asset objects unloaded after import = 10

========================================================================
Received Import Request.
  Time since last request: 0.000046 seconds.
  path: Assets/_Barking_Dog/_3D Scifi Base Vol 1/Prefabs/_Build/P_Corridor_HallRing_01.prefab
  artifactKey: Guid(039288d098bed43aca32ff158978fff5) Importer(2089858483,b0f066a214c2f5e87bad3c948f4d605d)
Start importing Assets/_Barking_Dog/_3D Scifi Base Vol 1/Prefabs/_Build/P_Corridor_HallRing_01.prefab using Guid(039288d098bed43aca32ff158978fff5) Importer(2089858483,b0f066a214c2f5e87bad3c948f4d605d) (ScriptedImporter) -> (artifact id: 'cec5675ec2d6811860bb69772705267a') in 0.0158876 seconds
Number of updated asset objects reloaded before import = 0Number of asset objects unloaded after import = 24

========================================================================
Received Import Request.
  Time since last request: 0.000029 seconds.
  path: Assets/_Barking_Dog/_3D Scifi Base Vol 1/Prefabs/_Build/P_Wall_Angle_05.prefab
  artifactKey: Guid(2f0fd2aa7754d452cb167544fec4a75e) Importer(2089858483,b0f066a214c2f5e87bad3c948f4d605d)
Start importing Assets/_Barking_Dog/_3D Scifi Base Vol 1/Prefabs/_Build/P_Wall_Angle_05.prefab using Guid(2f0fd2aa7754d452cb167544fec4a75e) Importer(2089858483,b0f066a214c2f5e87bad3c948f4d605d) (ScriptedImporter) -> (artifact id: 'c6be82e8fb060897497fb1e9a484293c') in 0.0334708 seconds
Number of updated asset objects reloaded before import = 0Number of asset objects unloaded after import = 9

========================================================================
Received Import Request.
  Time since last request: 0.000058 seconds.
  path: Assets/_Barking_Dog/_3D Scifi Base Vol 1/Prefabs/_Props/P_Computer_Dbl_01.prefab
  artifactKey: Guid(c39efed210dcb447fbfc80d610212532) Importer(2089858483,b0f066a214c2f5e87bad3c948f4d605d)
Start importing Assets/_Barking_Dog/_3D Scifi Base Vol 1/Prefabs/_Props/P_Computer_Dbl_01.prefab using Guid(c39efed210dcb447fbfc80d610212532) Importer(2089858483,b0f066a214c2f5e87bad3c948f4d605d) (ScriptedImporter) -> (artifact id: '05b18a1afd8be2e3a509e28e2b4b3389') in 0.0255473 seconds
Number of updated asset objects reloaded before import = 0Number of asset objects unloaded after import = 50

========================================================================
Received Import Request.
  Time since last request: 0.000041 seconds.
  path: Assets/_Barking_Dog/_3D Scifi Base Vol 1/Prefabs/_Build/P_Arc_Ring_Light_01.prefab
  artifactKey: Guid(869c4346659ec4be7b3e0ef898bb467c) Importer(2089858483,b0f066a214c2f5e87bad3c948f4d605d)
Start importing Assets/_Barking_Dog/_3D Scifi Base Vol 1/Prefabs/_Build/P_Arc_Ring_Light_01.prefab using Guid(869c4346659ec4be7b3e0ef898bb467c) Importer(2089858483,b0f066a214c2f5e87bad3c948f4d605d) (ScriptedImporter) -> (artifact id: '10bfa30722f3d81805aaef0379dca36a') in 0.0065712 seconds
Number of updated asset objects reloaded before import = 0Number of asset objects unloaded after import = 21

========================================================================
Received Import Request.
  Time since last request: 0.000057 seconds.
  path: Assets/_Barking_Dog/_3D Scifi Base Vol 1/Prefabs/_Props/P_Laser_Fence_07.prefab
  artifactKey: Guid(96e4d417ac8574751a06925182328af4) Importer(2089858483,b0f066a214c2f5e87bad3c948f4d605d)
Start importing Assets/_Barking_Dog/_3D Scifi Base Vol 1/Prefabs/_Props/P_Laser_Fence_07.prefab using Guid(96e4d417ac8574751a06925182328af4) Importer(2089858483,b0f066a214c2f5e87bad3c948f4d605d) (ScriptedImporter) -> (artifact id: 'a3fa78474f447b9dc78e0b684dd78b9e') in 0.0065351 seconds
Number of updated asset objects reloaded before import = 0Number of asset objects unloaded after import = 20

========================================================================
Received Import Request.
  Time since last request: 0.000041 seconds.
  path: Assets/_Barking_Dog/_3D Scifi Base Vol 1/Prefabs/_Build/P_Roof_Cache_10.prefab
  artifactKey: Guid(68d9b249ca69147db9e21c85b75a12f6) Importer(2089858483,b0f066a214c2f5e87bad3c948f4d605d)
Start importing Assets/_Barking_Dog/_3D Scifi Base Vol 1/Prefabs/_Build/P_Roof_Cache_10.prefab using Guid(68d9b249ca69147db9e21c85b75a12f6) Importer(2089858483,b0f066a214c2f5e87bad3c948f4d605d) (ScriptedImporter) -> (artifact id: '3fcdcd5bf437156ea78f5f183c67bd46') in 0.0064721 seconds
Number of updated asset objects reloaded before import = 0Number of asset objects unloaded after import = 9

========================================================================
Received Import Request.
  Time since last request: 0.000049 seconds.
  path: Assets/_Barking_Dog/_3D Scifi Base Vol 1/Prefabs/_Build/P_Wall_Window_02.prefab
  artifactKey: Guid(1a596edae8d134646a04e83c2c438251) Importer(2089858483,b0f066a214c2f5e87bad3c948f4d605d)
Start importing Assets/_Barking_Dog/_3D Scifi Base Vol 1/Prefabs/_Build/P_Wall_Window_02.prefab using Guid(1a596edae8d134646a04e83c2c438251) Importer(2089858483,b0f066a214c2f5e87bad3c948f4d605d) (ScriptedImporter) -> (artifact id: '9a8700fb08de46313f10d81daa192a5d') in 0.0075112 seconds
Number of updated asset objects reloaded before import = 0Number of asset objects unloaded after import = 27

========================================================================
Received Import Request.
  Time since last request: 0.000043 seconds.
  path: Assets/_Barking_Dog/_3D Scifi Base Vol 1/Prefabs/_Legos/P_Corridor_Small_02.prefab
  artifactKey: Guid(eab4b9425e36c4a9b866f2d45934b140) Importer(2089858483,b0f066a214c2f5e87bad3c948f4d605d)
Start importing Assets/_Barking_Dog/_3D Scifi Base Vol 1/Prefabs/_Legos/P_Corridor_Small_02.prefab using Guid(eab4b9425e36c4a9b866f2d45934b140) Importer(2089858483,b0f066a214c2f5e87bad3c948f4d605d) (ScriptedImporter) -> (artifact id: 'd5293012ffe27fca973b3ac36f4169a3') in 0.012425 seconds
Number of updated asset objects reloaded before import = 0Number of asset objects unloaded after import = 118

========================================================================
Received Import Request.
  Time since last request: 0.000044 seconds.
  path: Assets/_Barking_Dog/_3D Scifi Base Vol 1/Prefabs/_Props/P_Table_Big_Chairs_01.prefab
  artifactKey: Guid(e9847728308c64fdc927ebea4c9e001c) Importer(2089858483,b0f066a214c2f5e87bad3c948f4d605d)
Start importing Assets/_Barking_Dog/_3D Scifi Base Vol 1/Prefabs/_Props/P_Table_Big_Chairs_01.prefab using Guid(e9847728308c64fdc927ebea4c9e001c) Importer(2089858483,b0f066a214c2f5e87bad3c948f4d605d) (ScriptedImporter) -> (artifact id: '1f80d99add5e0eda48b7abf6036303a6') in 0.0184933 seconds
Number of updated asset objects reloaded before import = 0Number of asset objects unloaded after import = 92

========================================================================
Received Import Request.
  Time since last request: 0.000033 seconds.
  path: Assets/_Barking_Dog/_3D Scifi Base Vol 1/Prefabs/_Build/P_Dome_Roof_01.prefab
  artifactKey: Guid(23ec0c2ff2c3e46a4ba3482710a40d5d) Importer(2089858483,b0f066a214c2f5e87bad3c948f4d605d)
Start importing Assets/_Barking_Dog/_3D Scifi Base Vol 1/Prefabs/_Build/P_Dome_Roof_01.prefab using Guid(23ec0c2ff2c3e46a4ba3482710a40d5d) Importer(2089858483,b0f066a214c2f5e87bad3c948f4d605d) (ScriptedImporter) -> (artifact id: '37ea2c8543274ffc99762bcb19b9deb0') in 0.0194374 seconds
Number of updated asset objects reloaded before import = 0Number of asset objects unloaded after import = 9

========================================================================
Received Import Request.
  Time since last request: 0.000047 seconds.
  path: Assets/_Barking_Dog/_3D Scifi Base Vol 1/Prefabs/_Build/P_Floor_Angle_01.prefab
  artifactKey: Guid(b59dea9df4ee446d5a5f88268e4eee13) Importer(2089858483,b0f066a214c2f5e87bad3c948f4d605d)
Start importing Assets/_Barking_Dog/_3D Scifi Base Vol 1/Prefabs/_Build/P_Floor_Angle_01.prefab using Guid(b59dea9df4ee446d5a5f88268e4eee13) Importer(2089858483,b0f066a214c2f5e87bad3c948f4d605d) (ScriptedImporter) -> (artifact id: 'bab981d6562a3255cd9e23b19d48966a') in 0.0056173 seconds
Number of updated asset objects reloaded before import = 0Number of asset objects unloaded after import = 10

========================================================================
Received Import Request.
  Time since last request: 0.000051 seconds.
  path: Assets/_Barking_Dog/_3D Scifi Base Vol 1/Prefabs/_Build/P_Floor_Normal_02.prefab
  artifactKey: Guid(ab56a5a1555134f558dc8fbe14a0536d) Importer(2089858483,b0f066a214c2f5e87bad3c948f4d605d)
Start importing Assets/_Barking_Dog/_3D Scifi Base Vol 1/Prefabs/_Build/P_Floor_Normal_02.prefab using Guid(ab56a5a1555134f558dc8fbe14a0536d) Importer(2089858483,b0f066a214c2f5e87bad3c948f4d605d) (ScriptedImporter) -> (artifact id: 'ea3e15d236d77a797155705d585b762f') in 0.0716126 seconds
Number of updated asset objects reloaded before import = 0Number of asset objects unloaded after import = 10

========================================================================
Received Import Request.
  Time since last request: 0.000045 seconds.
  path: Assets/_Barking_Dog/_3D Scifi Base Vol 1/Prefabs/_Props/P_Grid_Plateform_02.prefab
  artifactKey: Guid(5f910743330b84179b68f32978b49070) Importer(2089858483,b0f066a214c2f5e87bad3c948f4d605d)
Start importing Assets/_Barking_Dog/_3D Scifi Base Vol 1/Prefabs/_Props/P_Grid_Plateform_02.prefab using Guid(5f910743330b84179b68f32978b49070) Importer(2089858483,b0f066a214c2f5e87bad3c948f4d605d) (ScriptedImporter) -> (artifact id: '8333d405e5e8a1caa8a0926fc8b24cc9') in 0.0098752 seconds
Number of updated asset objects reloaded before import = 0Number of asset objects unloaded after import = 25

========================================================================
Received Import Request.
  Time since last request: 0.000029 seconds.
  path: Assets/_Barking_Dog/_3D Scifi Base Vol 1/Prefabs/_Build/P_Wall_Angle_01.prefab
  artifactKey: Guid(37387bc7411c44a5e897c2c80e693210) Importer(2089858483,b0f066a214c2f5e87bad3c948f4d605d)
Start importing Assets/_Barking_Dog/_3D Scifi Base Vol 1/Prefabs/_Build/P_Wall_Angle_01.prefab using Guid(37387bc7411c44a5e897c2c80e693210) Importer(2089858483,b0f066a214c2f5e87bad3c948f4d605d) (ScriptedImporter) -> (artifact id: '3612423d8a544774678205c0074b73f3') in 0.0083598 seconds
Number of updated asset objects reloaded before import = 0Number of asset objects unloaded after import = 69

========================================================================
Received Import Request.
  Time since last request: 0.000028 seconds.
  path: Assets/_Barking_Dog/_3D Scifi Base Vol 1/Prefabs/_Build/P_Roof_Cache_07_B.prefab
  artifactKey: Guid(f5cac5a384e264c1abb6f7226e9a171a) Importer(2089858483,b0f066a214c2f5e87bad3c948f4d605d)
Start importing Assets/_Barking_Dog/_3D Scifi Base Vol 1/Prefabs/_Build/P_Roof_Cache_07_B.prefab using Guid(f5cac5a384e264c1abb6f7226e9a171a) Importer(2089858483,b0f066a214c2f5e87bad3c948f4d605d) (ScriptedImporter) -> (artifact id: 'e96ffd03118815c40c5476249632660d') in 0.0195368 seconds
Number of updated asset objects reloaded before import = 0Number of asset objects unloaded after import = 9

========================================================================
Received Import Request.
  Time since last request: 0.000052 seconds.
  path: Assets/_Barking_Dog/_3D Scifi Base Vol 1/Prefabs/_Props/P_Laser_Fence_02.prefab
  artifactKey: Guid(4bf5e8621380045fc8d8de7691daa938) Importer(2089858483,b0f066a214c2f5e87bad3c948f4d605d)
Start importing Assets/_Barking_Dog/_3D Scifi Base Vol 1/Prefabs/_Props/P_Laser_Fence_02.prefab using Guid(4bf5e8621380045fc8d8de7691daa938) Importer(2089858483,b0f066a214c2f5e87bad3c948f4d605d) (ScriptedImporter) -> (artifact id: '77b5a708e3836888b85ffb4eda7d458c') in 0.0067864 seconds
Number of updated asset objects reloaded before import = 0Number of asset objects unloaded after import = 10

========================================================================
Received Import Request.
  Time since last request: 0.000053 seconds.
  path: Assets/_Barking_Dog/_3D Scifi Base Vol 1/Prefabs/_Build/P_Metal_Tube_01.prefab
  artifactKey: Guid(bfadd65d86c1e4539b1fb638a7abd1e4) Importer(2089858483,b0f066a214c2f5e87bad3c948f4d605d)
Start importing Assets/_Barking_Dog/_3D Scifi Base Vol 1/Prefabs/_Build/P_Metal_Tube_01.prefab using Guid(bfadd65d86c1e4539b1fb638a7abd1e4) Importer(2089858483,b0f066a214c2f5e87bad3c948f4d605d) (ScriptedImporter) -> (artifact id: '2c083428e092319ae2f7c8e4a320d71d') in 0.0069845 seconds
Number of updated asset objects reloaded before import = 0Number of asset objects unloaded after import = 25

========================================================================
Received Import Request.
  Time since last request: 0.000038 seconds.
  path: Assets/_Barking_Dog/_3D Scifi Base Vol 1/Prefabs/_Build/P_Reactor_02.prefab
  artifactKey: Guid(062bd9f3b161f4ef9ac876ac8a5f0c21) Importer(2089858483,b0f066a214c2f5e87bad3c948f4d605d)
Start importing Assets/_Barking_Dog/_3D Scifi Base Vol 1/Prefabs/_Build/P_Reactor_02.prefab using Guid(062bd9f3b161f4ef9ac876ac8a5f0c21) Importer(2089858483,b0f066a214c2f5e87bad3c948f4d605d) (ScriptedImporter) -> (artifact id: 'ab7cdd2b25a21d92d72c7bcfab27b6d8') in 0.0160014 seconds
Number of updated asset objects reloaded before import = 0Number of asset objects unloaded after import = 9

========================================================================
Received Import Request.
  Time since last request: 0.000046 seconds.
  path: Assets/_Barking_Dog/_3D Scifi Base Vol 1/Prefabs/_Build/P_Pipes_Insert_01.prefab
  artifactKey: Guid(3bb1d650f89824edb844c495fa0a02e8) Importer(2089858483,b0f066a214c2f5e87bad3c948f4d605d)
Start importing Assets/_Barking_Dog/_3D Scifi Base Vol 1/Prefabs/_Build/P_Pipes_Insert_01.prefab using Guid(3bb1d650f89824edb844c495fa0a02e8) Importer(2089858483,b0f066a214c2f5e87bad3c948f4d605d) (ScriptedImporter) -> (artifact id: 'a4ce29fa962bea7b5599998356b1026a') in 0.0090233 seconds
Number of updated asset objects reloaded before import = 0Number of asset objects unloaded after import = 10

========================================================================
Received Import Request.
  Time since last request: 0.000059 seconds.
  path: Assets/_Barking_Dog/_3D Scifi Base Vol 1/Prefabs/_Build/P_Wall_Angle_02.prefab
  artifactKey: Guid(5c6905cdf4e724ff2855c063304c6871) Importer(2089858483,b0f066a214c2f5e87bad3c948f4d605d)
Start importing Assets/_Barking_Dog/_3D Scifi Base Vol 1/Prefabs/_Build/P_Wall_Angle_02.prefab using Guid(5c6905cdf4e724ff2855c063304c6871) Importer(2089858483,b0f066a214c2f5e87bad3c948f4d605d) (ScriptedImporter) -> (artifact id: '6cd6534d5b3321f104fa676fc0d56822') in 0.0066733 seconds
Number of updated asset objects reloaded before import = 0Number of asset objects unloaded after import = 69

========================================================================
Received Import Request.
  Time since last request: 0.000073 seconds.
  path: Assets/_Barking_Dog/_3D Scifi Base Vol 1/Prefabs/_Build/P_Wall_Half_01.prefab
  artifactKey: Guid(dff5fb494714f4ceeb21e2254b436743) Importer(2089858483,b0f066a214c2f5e87bad3c948f4d605d)
Start importing Assets/_Barking_Dog/_3D Scifi Base Vol 1/Prefabs/_Build/P_Wall_Half_01.prefab using Guid(dff5fb494714f4ceeb21e2254b436743) Importer(2089858483,b0f066a214c2f5e87bad3c948f4d605d) (ScriptedImporter) -> (artifact id: '4a00ff93b877e35e89f48872d43487d3') in 0.0063304 seconds
Number of updated asset objects reloaded before import = 0Number of asset objects unloaded after import = 21

========================================================================
Received Import Request.
  Time since last request: 0.000032 seconds.
  path: Assets/_Barking_Dog/_3D Scifi Base Vol 1/Prefabs/_Build/P_Rock_01.prefab
  artifactKey: Guid(34e5e22a4a32f4845a77daedb9bdd715) Importer(2089858483,b0f066a214c2f5e87bad3c948f4d605d)
Start importing Assets/_Barking_Dog/_3D Scifi Base Vol 1/Prefabs/_Build/P_Rock_01.prefab using Guid(34e5e22a4a32f4845a77daedb9bdd715) Importer(2089858483,b0f066a214c2f5e87bad3c948f4d605d) (ScriptedImporter) -> (artifact id: 'f9e2e69f6141e9b0ae7fac272b77c8a1') in 0.0067114 seconds
Number of updated asset objects reloaded before import = 0Number of asset objects unloaded after import = 10

========================================================================
Received Import Request.
  Time since last request: 0.000036 seconds.
  path: Assets/_Barking_Dog/_3D Scifi Base Vol 1/Prefabs/_Build/P_Pipes_Insert_05.prefab
  artifactKey: Guid(63885e382038e4c0ab2408ed5ccef3e6) Importer(2089858483,b0f066a214c2f5e87bad3c948f4d605d)
Start importing Assets/_Barking_Dog/_3D Scifi Base Vol 1/Prefabs/_Build/P_Pipes_Insert_05.prefab using Guid(63885e382038e4c0ab2408ed5ccef3e6) Importer(2089858483,b0f066a214c2f5e87bad3c948f4d605d) (ScriptedImporter) -> (artifact id: '5ed450bf1eba42bae05442d9e6b5a251') in 0.0417793 seconds
Number of updated asset objects reloaded before import = 0Number of asset objects unloaded after import = 10

========================================================================
Received Import Request.
  Time since last request: 0.000044 seconds.
  path: Assets/_Barking_Dog/_3D Scifi Base Vol 1/Prefabs/_Build/P_Table_Angle_02.prefab
  artifactKey: Guid(a0e84f772b89f4629982cab1ff45f553) Importer(2089858483,b0f066a214c2f5e87bad3c948f4d605d)
Start importing Assets/_Barking_Dog/_3D Scifi Base Vol 1/Prefabs/_Build/P_Table_Angle_02.prefab using Guid(a0e84f772b89f4629982cab1ff45f553) Importer(2089858483,b0f066a214c2f5e87bad3c948f4d605d) (ScriptedImporter) -> (artifact id: '3e2c468c6be5734c29e4339a902760d9') in 0.014786 seconds
Number of updated asset objects reloaded before import = 0Number of asset objects unloaded after import = 10

========================================================================
Received Import Request.
  Time since last request: 0.000053 seconds.
  path: Assets/_Barking_Dog/_3D Scifi Base Vol 1/Prefabs/_Legos/P_Plateform_Big_05.prefab
  artifactKey: Guid(3956195420b374ae9b6cee702448eba7) Importer(2089858483,b0f066a214c2f5e87bad3c948f4d605d)
Start importing Assets/_Barking_Dog/_3D Scifi Base Vol 1/Prefabs/_Legos/P_Plateform_Big_05.prefab using Guid(3956195420b374ae9b6cee702448eba7) Importer(2089858483,b0f066a214c2f5e87bad3c948f4d605d) (ScriptedImporter) -> (artifact id: '3825d845c0cd2b9df4128b16182c56f4') in 0.0901918 seconds
Number of updated asset objects reloaded before import = 0Number of asset objects unloaded after import = 726

========================================================================
Received Import Request.
  Time since last request: 0.000033 seconds.
  path: Assets/_Barking_Dog/_3D Scifi Base Vol 1/Prefabs/_Legos/P_Small_Tower_Room_05.prefab
  artifactKey: Guid(b0aff7ca205964699bd00e81d1cd9286) Importer(2089858483,b0f066a214c2f5e87bad3c948f4d605d)
Start importing Assets/_Barking_Dog/_3D Scifi Base Vol 1/Prefabs/_Legos/P_Small_Tower_Room_05.prefab using Guid(b0aff7ca205964699bd00e81d1cd9286) Importer(2089858483,b0f066a214c2f5e87bad3c948f4d605d) (ScriptedImporter) -> (artifact id: 'c5633ea4ece1667691d2e88c1482c1f5') in 0.0563622 seconds
Number of updated asset objects reloaded before import = 0Number of asset objects unloaded after import = 791

========================================================================
Received Import Request.
  Time since last request: 0.000036 seconds.
  path: Assets/_Barking_Dog/_3D Scifi Base Vol 1/Prefabs/_Props/P_Char_06.prefab
  artifactKey: Guid(e7988f5abbf6d443fb0e777d1ac996ac) Importer(2089858483,b0f066a214c2f5e87bad3c948f4d605d)
Start importing Assets/_Barking_Dog/_3D Scifi Base Vol 1/Prefabs/_Props/P_Char_06.prefab using Guid(e7988f5abbf6d443fb0e777d1ac996ac) Importer(2089858483,b0f066a214c2f5e87bad3c948f4d605d) (ScriptedImporter) -> (artifact id: '6b1f2297b456779811872bfc0f615f91') in 0.00883 seconds
Number of updated asset objects reloaded before import = 0Number of asset objects unloaded after import = 44

========================================================================
Received Import Request.
  Time since last request: 0.000044 seconds.
  path: Assets/_Barking_Dog/_3D Scifi Base Vol 1/Prefabs/_Props/P_Computer_Rack_01.prefab
  artifactKey: Guid(fd5135fbf7fd84da1929d7c1c1572e5e) Importer(2089858483,b0f066a214c2f5e87bad3c948f4d605d)
Start importing Assets/_Barking_Dog/_3D Scifi Base Vol 1/Prefabs/_Props/P_Computer_Rack_01.prefab using Guid(fd5135fbf7fd84da1929d7c1c1572e5e) Importer(2089858483,b0f066a214c2f5e87bad3c948f4d605d) (ScriptedImporter) -> (artifact id: 'b4d5196546d4dc17ebfbd0cacd08e089') in 0.0068582 seconds
Number of updated asset objects reloaded before import = 0Number of asset objects unloaded after import = 10

========================================================================
Received Import Request.
  Time since last request: 0.000034 seconds.
  path: Assets/_Barking_Dog/_3D Scifi Base Vol 1/Prefabs/_Legos/P_Plateform_Big_01.prefab
  artifactKey: Guid(011b6917c07494ac9b9a80e4dd451ea2) Importer(2089858483,b0f066a214c2f5e87bad3c948f4d605d)
Start importing Assets/_Barking_Dog/_3D Scifi Base Vol 1/Prefabs/_Legos/P_Plateform_Big_01.prefab using Guid(011b6917c07494ac9b9a80e4dd451ea2) Importer(2089858483,b0f066a214c2f5e87bad3c948f4d605d) (ScriptedImporter) -> (artifact id: '1fca44bca6600bf9b6b5c4ac6bc861e2') in 0.0312938 seconds
Number of updated asset objects reloaded before import = 0Number of asset objects unloaded after import = 367

========================================================================
Received Import Request.
  Time since last request: 0.000049 seconds.
  path: Assets/_Barking_Dog/_3D Scifi Base Vol 1/Prefabs/_Build/P_Wall_Normal_01.prefab
  artifactKey: Guid(8722399cf1a2245269db6be7947bfbbd) Importer(2089858483,b0f066a214c2f5e87bad3c948f4d605d)
Start importing Assets/_Barking_Dog/_3D Scifi Base Vol 1/Prefabs/_Build/P_Wall_Normal_01.prefab using Guid(8722399cf1a2245269db6be7947bfbbd) Importer(2089858483,b0f066a214c2f5e87bad3c948f4d605d) (ScriptedImporter) -> (artifact id: 'a24b411836536c0b1efee725a02d350d') in 0.0170426 seconds
Number of updated asset objects reloaded before import = 0Number of asset objects unloaded after import = 27

========================================================================
Received Import Request.
  Time since last request: 0.000073 seconds.
  path: Assets/_Barking_Dog/_3D Scifi Base Vol 1/Fx/Smoke.prefab
  artifactKey: Guid(37a3f83674c154a4e9b6adc500fd1d02) Importer(2089858483,b0f066a214c2f5e87bad3c948f4d605d)
Start importing Assets/_Barking_Dog/_3D Scifi Base Vol 1/Fx/Smoke.prefab using Guid(37a3f83674c154a4e9b6adc500fd1d02) Importer(2089858483,b0f066a214c2f5e87bad3c948f4d605d) (ScriptedImporter) -> (artifact id: '3b7fd3ffa9cabe8238005e174a42a9fc') in 0.0515625 seconds
Number of updated asset objects reloaded before import = 0Number of asset objects unloaded after import = 8

========================================================================
Received Import Request.
  Time since last request: 0.000048 seconds.
  path: Assets/_Barking_Dog/_3D Scifi Base Vol 1/Prefabs/_Build/P_Wall_Grid_01.prefab
  artifactKey: Guid(3ffbd774c20744941aebddb930990572) Importer(2089858483,b0f066a214c2f5e87bad3c948f4d605d)
Start importing Assets/_Barking_Dog/_3D Scifi Base Vol 1/Prefabs/_Build/P_Wall_Grid_01.prefab using Guid(3ffbd774c20744941aebddb930990572) Importer(2089858483,b0f066a214c2f5e87bad3c948f4d605d) (ScriptedImporter) -> (artifact id: '795695361bbac42d6123a28b3fbef752') in 0.0144582 seconds
Number of updated asset objects reloaded before import = 0Number of asset objects unloaded after import = 10

========================================================================
Received Import Request.
  Time since last request: 0.000037 seconds.
  path: Assets/_Barking_Dog/_3D Scifi Base Vol 1/Prefabs/_Props/P_Can_Red_01.prefab
  artifactKey: Guid(ae3885213e51a4622976003cb60fe5da) Importer(2089858483,b0f066a214c2f5e87bad3c948f4d605d)
Start importing Assets/_Barking_Dog/_3D Scifi Base Vol 1/Prefabs/_Props/P_Can_Red_01.prefab using Guid(ae3885213e51a4622976003cb60fe5da) Importer(2089858483,b0f066a214c2f5e87bad3c948f4d605d) (ScriptedImporter) -> (artifact id: '02c04cbdda43dea2f128f49af128ca12') in 0.0122879 seconds
Number of updated asset objects reloaded before import = 0Number of asset objects unloaded after import = 11

========================================================================
Received Import Request.
  Time since last request: 0.000049 seconds.
  path: Assets/_Barking_Dog/_3D Scifi Base Vol 1/Prefabs/_Props/P_Computer_Dbl_03.prefab
  artifactKey: Guid(3aa199ebb69b94a8da1d93951953fd81) Importer(2089858483,b0f066a214c2f5e87bad3c948f4d605d)
Start importing Assets/_Barking_Dog/_3D Scifi Base Vol 1/Prefabs/_Props/P_Computer_Dbl_03.prefab using Guid(3aa199ebb69b94a8da1d93951953fd81) Importer(2089858483,b0f066a214c2f5e87bad3c948f4d605d) (ScriptedImporter) -> (artifact id: '4fb203290588c63747208574b7ea4317') in 0.0157996 seconds
Number of updated asset objects reloaded before import = 0Number of asset objects unloaded after import = 85

========================================================================
Received Import Request.
  Time since last request: 0.000080 seconds.
  path: Assets/_Barking_Dog/_3D Scifi Base Vol 1/Prefabs/_Build/P_Corridor_Angle_01.prefab
  artifactKey: Guid(fbc166e293b7242db9965757861be098) Importer(2089858483,b0f066a214c2f5e87bad3c948f4d605d)
Start importing Assets/_Barking_Dog/_3D Scifi Base Vol 1/Prefabs/_Build/P_Corridor_Angle_01.prefab using Guid(fbc166e293b7242db9965757861be098) Importer(2089858483,b0f066a214c2f5e87bad3c948f4d605d) (ScriptedImporter) -> (artifact id: '344b664791ac8a35780364461cc1f438') in 0.0156491 seconds
Number of updated asset objects reloaded before import = 0Number of asset objects unloaded after import = 86

========================================================================
Received Import Request.
  Time since last request: 0.000060 seconds.
  path: Assets/_Barking_Dog/_3D Scifi Base Vol 1/Prefabs/_Props/P_Char_03.prefab
  artifactKey: Guid(9159071179cfa43b8b89dcc0bb70463f) Importer(2089858483,b0f066a214c2f5e87bad3c948f4d605d)
Start importing Assets/_Barking_Dog/_3D Scifi Base Vol 1/Prefabs/_Props/P_Char_03.prefab using Guid(9159071179cfa43b8b89dcc0bb70463f) Importer(2089858483,b0f066a214c2f5e87bad3c948f4d605d) (ScriptedImporter) -> (artifact id: '8aa4ea3007a4965aab5cb88261720f1a') in 0.0129311 seconds
Number of updated asset objects reloaded before import = 0Number of asset objects unloaded after import = 32

========================================================================
Received Import Request.
  Time since last request: 0.000034 seconds.
  path: Assets/_Barking_Dog/_3D Scifi Base Vol 1/Prefabs/_Build/P_Door_Bar_01.prefab
  artifactKey: Guid(002549d40c339403682b41627405e2fc) Importer(2089858483,b0f066a214c2f5e87bad3c948f4d605d)
Start importing Assets/_Barking_Dog/_3D Scifi Base Vol 1/Prefabs/_Build/P_Door_Bar_01.prefab using Guid(002549d40c339403682b41627405e2fc) Importer(2089858483,b0f066a214c2f5e87bad3c948f4d605d) (ScriptedImporter) -> (artifact id: '309a2907f54dea876e77f4b5d116c4dc') in 0.0093386 seconds
Number of updated asset objects reloaded before import = 0Number of asset objects unloaded after import = 9

========================================================================
Received Import Request.
  Time since last request: 0.000027 seconds.
  path: Assets/_Barking_Dog/_3D Scifi Base Vol 1/Prefabs/_Build/P_Glass_Tube_02.prefab
  artifactKey: Guid(d97bb7cea5b1b4c27af4c872b1a68bcc) Importer(2089858483,b0f066a214c2f5e87bad3c948f4d605d)
Start importing Assets/_Barking_Dog/_3D Scifi Base Vol 1/Prefabs/_Build/P_Glass_Tube_02.prefab using Guid(d97bb7cea5b1b4c27af4c872b1a68bcc) Importer(2089858483,b0f066a214c2f5e87bad3c948f4d605d) (ScriptedImporter) -> (artifact id: 'ceec1ccd6712741dc94e37ef2a8d4adc') in 0.0156705 seconds
Number of updated asset objects reloaded before import = 0Number of asset objects unloaded after import = 49

========================================================================
Received Import Request.
  Time since last request: 0.000065 seconds.
  path: Assets/_Barking_Dog/_3D Scifi Base Vol 1/Prefabs/_Props/P_Solar_Panel_02.prefab
  artifactKey: Guid(b57afd488984347b4bf1df9db1ca5552) Importer(2089858483,b0f066a214c2f5e87bad3c948f4d605d)
Start importing Assets/_Barking_Dog/_3D Scifi Base Vol 1/Prefabs/_Props/P_Solar_Panel_02.prefab using Guid(b57afd488984347b4bf1df9db1ca5552) Importer(2089858483,b0f066a214c2f5e87bad3c948f4d605d) (ScriptedImporter) -> (artifact id: '8fe40a871a75178cd3ee4a6a89181eb2') in 0.0218978 seconds
Number of updated asset objects reloaded before import = 0Number of asset objects unloaded after import = 29

========================================================================
Received Import Request.
  Time since last request: 0.000059 seconds.
  path: Assets/_Barking_Dog/_3D Scifi Base Vol 1/Prefabs/_Build/P_Roof_Cache_12.prefab
  artifactKey: Guid(37a0c66d9f3824a37b7b96085ef82a37) Importer(2089858483,b0f066a214c2f5e87bad3c948f4d605d)
Start importing Assets/_Barking_Dog/_3D Scifi Base Vol 1/Prefabs/_Build/P_Roof_Cache_12.prefab using Guid(37a0c66d9f3824a37b7b96085ef82a37) Importer(2089858483,b0f066a214c2f5e87bad3c948f4d605d) (ScriptedImporter) -> (artifact id: '80e3da583b4f4e2d165556f05498480a') in 0.0101734 seconds
Number of updated asset objects reloaded before import = 0Number of asset objects unloaded after import = 9

========================================================================
Received Import Request.
  Time since last request: 0.000029 seconds.
  path: Assets/_Barking_Dog/_3D Scifi Base Vol 1/Prefabs/_Props/P_Antenna_01.prefab
  artifactKey: Guid(786fd4c0182d74eae8671308a69d6cfa) Importer(2089858483,b0f066a214c2f5e87bad3c948f4d605d)
Start importing Assets/_Barking_Dog/_3D Scifi Base Vol 1/Prefabs/_Props/P_Antenna_01.prefab using Guid(786fd4c0182d74eae8671308a69d6cfa) Importer(2089858483,b0f066a214c2f5e87bad3c948f4d605d) (ScriptedImporter) -> (artifact id: 'dd3c7366bd0bbd9472e195c7b93e87df') in 0.0109794 seconds
Number of updated asset objects reloaded before import = 0Number of asset objects unloaded after import = 10

========================================================================
Received Import Request.
  Time since last request: 0.000056 seconds.
  path: Assets/_Barking_Dog/_3D Scifi Base Vol 1/Prefabs/_Props/P_Eole_01.prefab
  artifactKey: Guid(fdcb6720e4002417784e26c07d5854ea) Importer(2089858483,b0f066a214c2f5e87bad3c948f4d605d)
Start importing Assets/_Barking_Dog/_3D Scifi Base Vol 1/Prefabs/_Props/P_Eole_01.prefab using Guid(fdcb6720e4002417784e26c07d5854ea) Importer(2089858483,b0f066a214c2f5e87bad3c948f4d605d) (ScriptedImporter) -> (artifact id: '9f337817bfddbf49847ce3bc71f1389d') in 0.0232143 seconds
Number of updated asset objects reloaded before import = 0Number of asset objects unloaded after import = 16

========================================================================
Received Import Request.
  Time since last request: 0.000073 seconds.
  path: Assets/_Barking_Dog/_3D Scifi Base Vol 1/Prefabs/_Build/P_Pipe_End_02.prefab
  artifactKey: Guid(6bef4bde4efe7466c85a0776bbf312f9) Importer(2089858483,b0f066a214c2f5e87bad3c948f4d605d)
Start importing Assets/_Barking_Dog/_3D Scifi Base Vol 1/Prefabs/_Build/P_Pipe_End_02.prefab using Guid(6bef4bde4efe7466c85a0776bbf312f9) Importer(2089858483,b0f066a214c2f5e87bad3c948f4d605d) (ScriptedImporter) -> (artifact id: 'f8dcd2fe6a8ab53286871d6d6c258981') in 0.0068173 seconds
Number of updated asset objects reloaded before import = 0Number of asset objects unloaded after import = 9

========================================================================
Received Import Request.
  Time since last request: 0.000279 seconds.
  path: Assets/_Barking_Dog/_3D Scifi Base Vol 1/Prefabs/_Legos/P_Small_Base_01.prefab
  artifactKey: Guid(6b64413353b83483d93aa4ca738c3ece) Importer(2089858483,b0f066a214c2f5e87bad3c948f4d605d)
Start importing Assets/_Barking_Dog/_3D Scifi Base Vol 1/Prefabs/_Legos/P_Small_Base_01.prefab using Guid(6b64413353b83483d93aa4ca738c3ece) Importer(2089858483,b0f066a214c2f5e87bad3c948f4d605d) (ScriptedImporter) -> (artifact id: 'b4461ff3003ce1227c657b1af16032ce') in 0.0981586 seconds
Number of updated asset objects reloaded before import = 0Number of asset objects unloaded after import = 2520

========================================================================
Received Import Request.
  Time since last request: 0.000044 seconds.
  path: Assets/_Barking_Dog/_3D Scifi Base Vol 1/Prefabs/_Legos/P_Radar_Base_Fence_01.prefab
  artifactKey: Guid(263d9e3f51d654e2e882b7a1e35242c8) Importer(2089858483,b0f066a214c2f5e87bad3c948f4d605d)
Start importing Assets/_Barking_Dog/_3D Scifi Base Vol 1/Prefabs/_Legos/P_Radar_Base_Fence_01.prefab using Guid(263d9e3f51d654e2e882b7a1e35242c8) Importer(2089858483,b0f066a214c2f5e87bad3c948f4d605d) (ScriptedImporter) -> (artifact id: 'be9a8eba2aae263e542823e259ab55a5') in 0.0229534 seconds
Number of updated asset objects reloaded before import = 0Number of asset objects unloaded after import = 308

========================================================================
Received Import Request.
  Time since last request: 0.000046 seconds.
  path: Assets/_Barking_Dog/_3D Scifi Base Vol 1/Prefabs/_Props/P_Laser_Fence_06.prefab
  artifactKey: Guid(19ccaadc457334542a80e5ff3172f1a9) Importer(2089858483,b0f066a214c2f5e87bad3c948f4d605d)
Start importing Assets/_Barking_Dog/_3D Scifi Base Vol 1/Prefabs/_Props/P_Laser_Fence_06.prefab using Guid(19ccaadc457334542a80e5ff3172f1a9) Importer(2089858483,b0f066a214c2f5e87bad3c948f4d605d) (ScriptedImporter) -> (artifact id: '013c98b7e71bfe1c4214a9932da48245') in 0.0325211 seconds
Number of updated asset objects reloaded before import = 0Number of asset objects unloaded after import = 35

========================================================================
Received Import Request.
  Time since last request: 0.000058 seconds.
  path: Assets/_Barking_Dog/_3D Scifi Base Vol 1/Prefabs/_Legos/P_Small_Tower_Room_06.prefab
  artifactKey: Guid(595a396050bd5488997b131eb2c2305d) Importer(2089858483,b0f066a214c2f5e87bad3c948f4d605d)
Start importing Assets/_Barking_Dog/_3D Scifi Base Vol 1/Prefabs/_Legos/P_Small_Tower_Room_06.prefab using Guid(595a396050bd5488997b131eb2c2305d) Importer(2089858483,b0f066a214c2f5e87bad3c948f4d605d) (ScriptedImporter) -> (artifact id: '11820b104c0f5938d8e8145437e294db') in 0.101973 seconds
Number of updated asset objects reloaded before import = 0Number of asset objects unloaded after import = 2210

========================================================================
Received Import Request.
  Time since last request: 0.000050 seconds.
  path: Assets/_Barking_Dog/_3D Scifi Base Vol 1/Prefabs/_Props/P_Computer_03.prefab
  artifactKey: Guid(257008f9214de4647bbc131825b77733) Importer(2089858483,b0f066a214c2f5e87bad3c948f4d605d)
Start importing Assets/_Barking_Dog/_3D Scifi Base Vol 1/Prefabs/_Props/P_Computer_03.prefab using Guid(257008f9214de4647bbc131825b77733) Importer(2089858483,b0f066a214c2f5e87bad3c948f4d605d) (ScriptedImporter) -> (artifact id: '7290312c133cbed07d550b057cc8ca83') in 0.0085387 seconds
Number of updated asset objects reloaded before import = 0Number of asset objects unloaded after import = 43

========================================================================
Received Import Request.
  Time since last request: 0.000041 seconds.
  path: Assets/_Barking_Dog/_3D Scifi Base Vol 1/Prefabs/_Props/P_Laser_Fence_03.prefab
  artifactKey: Guid(405e846282a234e17adfbf5b39c5a58f) Importer(2089858483,b0f066a214c2f5e87bad3c948f4d605d)
Start importing Assets/_Barking_Dog/_3D Scifi Base Vol 1/Prefabs/_Props/P_Laser_Fence_03.prefab using Guid(405e846282a234e17adfbf5b39c5a58f) Importer(2089858483,b0f066a214c2f5e87bad3c948f4d605d) (ScriptedImporter) -> (artifact id: 'f906e9f1caca05eb9af6eb5a8876753f') in 0.0248996 seconds
Number of updated asset objects reloaded before import = 0Number of asset objects unloaded after import = 10

========================================================================
Received Import Request.
  Time since last request: 0.000048 seconds.
  path: Assets/_Barking_Dog/_3D Scifi Base Vol 1/Prefabs/_Build/P_Roof_Angle_03_B.prefab
  artifactKey: Guid(c0b07f89348f6468bb72f8d7e467f761) Importer(2089858483,b0f066a214c2f5e87bad3c948f4d605d)
Start importing Assets/_Barking_Dog/_3D Scifi Base Vol 1/Prefabs/_Build/P_Roof_Angle_03_B.prefab using Guid(c0b07f89348f6468bb72f8d7e467f761) Importer(2089858483,b0f066a214c2f5e87bad3c948f4d605d) (ScriptedImporter) -> (artifact id: '508aa469baa2c2770eeb1ac490712ad9') in 0.0101678 seconds
Number of updated asset objects reloaded before import = 0Number of asset objects unloaded after import = 10

========================================================================
Received Import Request.
  Time since last request: 0.000048 seconds.
  path: Assets/_Barking_Dog/_3D Scifi Base Vol 1/Prefabs/_Props/P_Scanner_01.prefab
  artifactKey: Guid(37ce61a6e917d4648a6fb58d2634eed1) Importer(2089858483,b0f066a214c2f5e87bad3c948f4d605d)
Start importing Assets/_Barking_Dog/_3D Scifi Base Vol 1/Prefabs/_Props/P_Scanner_01.prefab using Guid(37ce61a6e917d4648a6fb58d2634eed1) Importer(2089858483,b0f066a214c2f5e87bad3c948f4d605d) (ScriptedImporter) -> (artifact id: '8f25626d85f9302966868ca38db8ed73') in 0.0096308 seconds
Number of updated asset objects reloaded before import = 0Number of asset objects unloaded after import = 19

========================================================================
Received Import Request.
  Time since last request: 0.000044 seconds.
  path: Assets/_Barking_Dog/_3D Scifi Base Vol 1/Prefabs/_Build/P_Circular_Plateform_01.prefab
  artifactKey: Guid(c25fa8c9932504ef389111f08026961c) Importer(2089858483,b0f066a214c2f5e87bad3c948f4d605d)
Start importing Assets/_Barking_Dog/_3D Scifi Base Vol 1/Prefabs/_Build/P_Circular_Plateform_01.prefab using Guid(c25fa8c9932504ef389111f08026961c) Importer(2089858483,b0f066a214c2f5e87bad3c948f4d605d) (ScriptedImporter) -> (artifact id: '565da8e2ca867d39d15de7e9f23f7546') in 0.0231072 seconds
Number of updated asset objects reloaded before import = 0Number of asset objects unloaded after import = 54

========================================================================
Received Import Request.
  Time since last request: 0.000056 seconds.
  path: Assets/_Barking_Dog/_3D Scifi Base Vol 1/Prefabs/_Build/P_Big_Support_01.prefab
  artifactKey: Guid(8e845c63c944f44b29886fca137a1b4c) Importer(2089858483,b0f066a214c2f5e87bad3c948f4d605d)
Start importing Assets/_Barking_Dog/_3D Scifi Base Vol 1/Prefabs/_Build/P_Big_Support_01.prefab using Guid(8e845c63c944f44b29886fca137a1b4c) Importer(2089858483,b0f066a214c2f5e87bad3c948f4d605d) (ScriptedImporter) -> (artifact id: 'fbaddc8b79efa10e15f74b5aa304381e') in 0.0193736 seconds
Number of updated asset objects reloaded before import = 0Number of asset objects unloaded after import = 52

========================================================================
Received Import Request.
  Time since last request: 0.000060 seconds.
  path: Assets/_Barking_Dog/_3D Scifi Base Vol 1/Prefabs/_Legos/P_Small_Pod_01.prefab
  artifactKey: Guid(1f1f2bf34fcb14387934133ed044c464) Importer(2089858483,b0f066a214c2f5e87bad3c948f4d605d)
Start importing Assets/_Barking_Dog/_3D Scifi Base Vol 1/Prefabs/_Legos/P_Small_Pod_01.prefab using Guid(1f1f2bf34fcb14387934133ed044c464) Importer(2089858483,b0f066a214c2f5e87bad3c948f4d605d) (ScriptedImporter) -> (artifact id: 'c5d76b43be73126d3c294e5ecee4cf3c') in 0.0537961 seconds
Number of updated asset objects reloaded before import = 0Number of asset objects unloaded after import = 516

========================================================================
Received Import Request.
  Time since last request: 0.000032 seconds.
  path: Assets/_Barking_Dog/_3D Scifi Base Vol 1/Prefabs/_Props/P_Char_01.prefab
  artifactKey: Guid(bd7ebf83bccfb4cbd942c996f40485f9) Importer(2089858483,b0f066a214c2f5e87bad3c948f4d605d)
Start importing Assets/_Barking_Dog/_3D Scifi Base Vol 1/Prefabs/_Props/P_Char_01.prefab using Guid(bd7ebf83bccfb4cbd942c996f40485f9) Importer(2089858483,b0f066a214c2f5e87bad3c948f4d605d) (ScriptedImporter) -> (artifact id: '8e09889c9cffcea64f3cffbf58c1648a') in 0.0129003 seconds
Number of updated asset objects reloaded before import = 0Number of asset objects unloaded after import = 21

========================================================================
Received Import Request.
  Time since last request: 0.000042 seconds.
  path: Assets/_Barking_Dog/_3D Scifi Base Vol 1/Prefabs/_Build/P_Fence_01.prefab
  artifactKey: Guid(aa5129ccbc0fb49afb57f376724148f3) Importer(2089858483,b0f066a214c2f5e87bad3c948f4d605d)
Start importing Assets/_Barking_Dog/_3D Scifi Base Vol 1/Prefabs/_Build/P_Fence_01.prefab using Guid(aa5129ccbc0fb49afb57f376724148f3) Importer(2089858483,b0f066a214c2f5e87bad3c948f4d605d) (ScriptedImporter) -> (artifact id: '35e665f42a46d49c2403c8998d7a52cf') in 0.0190318 seconds
Number of updated asset objects reloaded before import = 0Number of asset objects unloaded after import = 10

========================================================================
Received Import Request.
  Time since last request: 0.000033 seconds.
  path: Assets/_Barking_Dog/_3D Scifi Base Vol 1/Prefabs/_Build/P_Lamp_Rotating_01.prefab
  artifactKey: Guid(a7396ddc20e074f8bb5ded6aeabb5c41) Importer(2089858483,b0f066a214c2f5e87bad3c948f4d605d)
Start importing Assets/_Barking_Dog/_3D Scifi Base Vol 1/Prefabs/_Build/P_Lamp_Rotating_01.prefab using Guid(a7396ddc20e074f8bb5ded6aeabb5c41) Importer(2089858483,b0f066a214c2f5e87bad3c948f4d605d) (ScriptedImporter) -> (artifact id: 'e09353ab74d8b90911c571054648fb1c') in 0.0064805 seconds
Number of updated asset objects reloaded before import = 0Number of asset objects unloaded after import = 18

========================================================================
Received Import Request.
  Time since last request: 0.000055 seconds.
  path: Assets/_Barking_Dog/_3D Scifi Base Vol 1/Prefabs/_Build/P_Roof_Normal_01_B.prefab
  artifactKey: Guid(aff8b9f967fd64371913e7346d3e17cf) Importer(2089858483,b0f066a214c2f5e87bad3c948f4d605d)
Start importing Assets/_Barking_Dog/_3D Scifi Base Vol 1/Prefabs/_Build/P_Roof_Normal_01_B.prefab using Guid(aff8b9f967fd64371913e7346d3e17cf) Importer(2089858483,b0f066a214c2f5e87bad3c948f4d605d) (ScriptedImporter) -> (artifact id: '2f606c5a2be0ba0b64e0c7e7194365d5') in 0.0059514 seconds
Number of updated asset objects reloaded before import = 0Number of asset objects unloaded after import = 24

========================================================================
Received Import Request.
  Time since last request: 0.000030 seconds.
  path: Assets/_Barking_Dog/_3D Scifi Base Vol 1/Prefabs/_Legos/P_Corridor_Small_07.prefab
  artifactKey: Guid(7dc4540c94faf41a09b41b78469293a8) Importer(2089858483,b0f066a214c2f5e87bad3c948f4d605d)
Start importing Assets/_Barking_Dog/_3D Scifi Base Vol 1/Prefabs/_Legos/P_Corridor_Small_07.prefab using Guid(7dc4540c94faf41a09b41b78469293a8) Importer(2089858483,b0f066a214c2f5e87bad3c948f4d605d) (ScriptedImporter) -> (artifact id: '3dfa9721484806f0c9f11894a1553a02') in 0.0219849 seconds
Number of updated asset objects reloaded before import = 0Number of asset objects unloaded after import = 106

========================================================================
Received Import Request.
  Time since last request: 0.000051 seconds.
  path: Assets/_Barking_Dog/_3D Scifi Base Vol 1/Prefabs/_Build/P_Floor_Normal_01.prefab
  artifactKey: Guid(8077538ed99a542eaa2cdbfba7521b6f) Importer(2089858483,b0f066a214c2f5e87bad3c948f4d605d)
Start importing Assets/_Barking_Dog/_3D Scifi Base Vol 1/Prefabs/_Build/P_Floor_Normal_01.prefab using Guid(8077538ed99a542eaa2cdbfba7521b6f) Importer(2089858483,b0f066a214c2f5e87bad3c948f4d605d) (ScriptedImporter) -> (artifact id: '2bb8ae899c9f763fd357bc9b50328191') in 0.0102473 seconds
Number of updated asset objects reloaded before import = 0Number of asset objects unloaded after import = 10

========================================================================
Received Import Request.
  Time since last request: 3.027669 seconds.
  path: Assets/Settings/Mobile_RPAsset.asset
  artifactKey: Guid(5e6cbd92db86f4b18aec3ed561671858) Importer(2089858483,b0f066a214c2f5e87bad3c948f4d605d)
Start importing Assets/Settings/Mobile_RPAsset.asset using Guid(5e6cbd92db86f4b18aec3ed561671858) Importer(2089858483,b0f066a214c2f5e87bad3c948f4d605d) (ScriptedImporter) -> (artifact id: 'd6b28161114d40c82c840a110f4c9f7e') in 0.1176525 seconds
Number of updated asset objects reloaded before import = 0Number of asset objects unloaded after import = 2

========================================================================
Received Import Request.
  Time since last request: 17.616270 seconds.
  path: Assets/_Barking_Dog/_3D Scifi Base Vol 1/Prefabs/_Props/P_Air_Grid_01.prefab
  artifactKey: Guid(6a531243fb4dd46cdb794c48e05fa30d) Importer(815301076,1909f56bfc062723c751e8b465ee728b)
Start importing Assets/_Barking_Dog/_3D Scifi Base Vol 1/Prefabs/_Props/P_Air_Grid_01.prefab using Guid(6a531243fb4dd46cdb794c48e05fa30d) Importer(815301076,1909f56bfc062723c751e8b465ee728b) (PreviewImporter) -> (artifact id: '99d9eead2b11f4e16f861b27e6fe82b6') in 14.5769331 seconds
Number of updated asset objects reloaded before import = 0Number of asset objects unloaded after import = 33

========================================================================
Received Import Request.
  Time since last request: 0.000046 seconds.
  path: Assets/_Barking_Dog/_3D Scifi Base Vol 1/SpeedTree/Broadleaf/Broadleaf_Desktop Materials/LOD1/Branches_1.mat
  artifactKey: Guid(97ad51f0a4aed0a4289f5462ce6dc18f) Importer(2089858483,b0f066a214c2f5e87bad3c948f4d605d)
Start importing Assets/_Barking_Dog/_3D Scifi Base Vol 1/SpeedTree/Broadleaf/Broadleaf_Desktop Materials/LOD1/Branches_1.mat using Guid(97ad51f0a4aed0a4289f5462ce6dc18f) Importer(2089858483,b0f066a214c2f5e87bad3c948f4d605d) (ScriptedImporter) -> (artifact id: '132c23ba028993cbc77d8c950263cd59') in 0.4603784 seconds
Number of updated asset objects reloaded before import = 0Number of asset objects unloaded after import = 3

========================================================================
Received Import Request.
  Time since last request: 0.000051 seconds.
  path: Assets/_Barking_Dog/_3D Scifi Base Vol 1/Prefabs/_Props/P_Reactor_02.prefab
  artifactKey: Guid(10a0d0974d31f4badbe65bd49939c6c3) Importer(815301076,1909f56bfc062723c751e8b465ee728b)
Start importing Assets/_Barking_Dog/_3D Scifi Base Vol 1/Prefabs/_Props/P_Reactor_02.prefab using Guid(10a0d0974d31f4badbe65bd49939c6c3) Importer(815301076,1909f56bfc062723c751e8b465ee728b) (PreviewImporter) -> (artifact id: 'd9491751ce412100ba5f0b262f73db8e') in 16.8007365 seconds
Number of updated asset objects reloaded before import = 0Number of asset objects unloaded after import = 263

========================================================================
Received Import Request.
  Time since last request: 0.000136 seconds.
  path: Assets/_Barking_Dog/_3D Scifi Base Vol 1/Prefabs/_Props/P_Table_Laptop_02.prefab
  artifactKey: Guid(3f0d6e61bad404329951d3393a32bcd6) Importer(815301076,1909f56bfc062723c751e8b465ee728b)
Start importing Assets/_Barking_Dog/_3D Scifi Base Vol 1/Prefabs/_Props/P_Table_Laptop_02.prefab using Guid(3f0d6e61bad404329951d3393a32bcd6) Importer(815301076,1909f56bfc062723c751e8b465ee728b) (PreviewImporter) -> (artifact id: '07b81ac6be965cab52f4522151f92d92') in 1.0409578 seconds
Number of updated asset objects reloaded before import = 0Number of asset objects unloaded after import = 82

========================================================================
Received Import Request.
  Time since last request: 0.000097 seconds.
  path: Assets/_Barking_Dog/_3D Scifi Base Vol 1/Prefabs/_Build/P_Floor_Normal_04.prefab
  artifactKey: Guid(0bdccf3db4569414bb2edd3ad3ffd78e) Importer(815301076,1909f56bfc062723c751e8b465ee728b)
Start importing Assets/_Barking_Dog/_3D Scifi Base Vol 1/Prefabs/_Build/P_Floor_Normal_04.prefab using Guid(0bdccf3db4569414bb2edd3ad3ffd78e) Importer(815301076,1909f56bfc062723c751e8b465ee728b) (PreviewImporter) -> (artifact id: 'd940780ba07659aacbf791049e7535b7') in 8.1396758 seconds
Number of updated asset objects reloaded before import = 0Number of asset objects unloaded after import = 35

========================================================================
Received Import Request.
  Time since last request: 0.000063 seconds.
  path: Assets/_Barking_Dog/_3D Scifi Base Vol 1/Prefabs/_Build/P_Wall_Angle_05.prefab
  artifactKey: Guid(2f0fd2aa7754d452cb167544fec4a75e) Importer(815301076,1909f56bfc062723c751e8b465ee728b)
Start importing Assets/_Barking_Dog/_3D Scifi Base Vol 1/Prefabs/_Build/P_Wall_Angle_05.prefab using Guid(2f0fd2aa7754d452cb167544fec4a75e) Importer(815301076,1909f56bfc062723c751e8b465ee728b) (PreviewImporter) -> (artifact id: 'b4edf3da6225a382fec1267a558ab369') in 0.1009487 seconds
Number of updated asset objects reloaded before import = 0Number of asset objects unloaded after import = 15

========================================================================
Received Import Request.
  Time since last request: 0.000072 seconds.
  path: Assets/_Barking_Dog/_3D Scifi Base Vol 1/Prefabs/_Build/P_Roof_Cache_11.prefab
  artifactKey: Guid(79ece937b71a54f27b1c4c4ccb3d34f9) Importer(815301076,1909f56bfc062723c751e8b465ee728b)
Start importing Assets/_Barking_Dog/_3D Scifi Base Vol 1/Prefabs/_Build/P_Roof_Cache_11.prefab using Guid(79ece937b71a54f27b1c4c4ccb3d34f9) Importer(815301076,1909f56bfc062723c751e8b465ee728b) (PreviewImporter) -> (artifact id: '0e5a9e31496f8efcbd28d31f87604e03') in 0.1143734 seconds
Number of updated asset objects reloaded before import = 0Number of asset objects unloaded after import = 15

========================================================================
Received Import Request.
  Time since last request: 0.000065 seconds.
  path: Assets/_Barking_Dog/_3D Scifi Base Vol 1/Prefabs/_Build/P_Floor_Angle_01.prefab
  artifactKey: Guid(b59dea9df4ee446d5a5f88268e4eee13) Importer(815301076,1909f56bfc062723c751e8b465ee728b)
Start importing Assets/_Barking_Dog/_3D Scifi Base Vol 1/Prefabs/_Build/P_Floor_Angle_01.prefab using Guid(b59dea9df4ee446d5a5f88268e4eee13) Importer(815301076,1909f56bfc062723c751e8b465ee728b) (PreviewImporter) -> (artifact id: '7d9ccced1892e526b6206f4c7d27e4b4') in 0.1078007 seconds
Number of updated asset objects reloaded before import = 0Number of asset objects unloaded after import = 16

========================================================================
Received Import Request.
  Time since last request: 0.000055 seconds.
  path: Assets/_Barking_Dog/_3D Scifi Base Vol 1/Meshes/Materials/Wall_Atlas_03_Dif.mat
  artifactKey: Guid(4d3a0ed857f42449fb323471aea8e610) Importer(2089858483,b0f066a214c2f5e87bad3c948f4d605d)
Start importing Assets/_Barking_Dog/_3D Scifi Base Vol 1/Meshes/Materials/Wall_Atlas_03_Dif.mat using Guid(4d3a0ed857f42449fb323471aea8e610) Importer(2089858483,b0f066a214c2f5e87bad3c948f4d605d) (ScriptedImporter) -> (artifact id: '431078196bf27ac20186d8040590da8d') in 0.095689 seconds
Number of updated asset objects reloaded before import = 0Number of asset objects unloaded after import = 6

========================================================================
Received Import Request.
  Time since last request: 0.000089 seconds.
  path: Assets/_Barking_Dog/_3D Scifi Base Vol 1/Prefabs/_Props/P_Computer_Rack_02.prefab
  artifactKey: Guid(5b254512692a74fef89e260ffbe93484) Importer(815301076,1909f56bfc062723c751e8b465ee728b)
Start importing Assets/_Barking_Dog/_3D Scifi Base Vol 1/Prefabs/_Props/P_Computer_Rack_02.prefab using Guid(5b254512692a74fef89e260ffbe93484) Importer(815301076,1909f56bfc062723c751e8b465ee728b) (PreviewImporter) -> (artifact id: '74d3fe23d44b29b4e5b9c4fa45922df5') in 0.1356517 seconds
Number of updated asset objects reloaded before import = 0Number of asset objects unloaded after import = 16

========================================================================
Received Import Request.
  Time since last request: 0.000039 seconds.
  path: Assets/_Barking_Dog/_3D Scifi Base Vol 1/Prefabs/_Build/P_Reactor_02.prefab
  artifactKey: Guid(062bd9f3b161f4ef9ac876ac8a5f0c21) Importer(815301076,1909f56bfc062723c751e8b465ee728b)
Start importing Assets/_Barking_Dog/_3D Scifi Base Vol 1/Prefabs/_Build/P_Reactor_02.prefab using Guid(062bd9f3b161f4ef9ac876ac8a5f0c21) Importer(815301076,1909f56bfc062723c751e8b465ee728b) (PreviewImporter) -> (artifact id: 'ec211303b56df87d2e4f1448aa35eacd') in 0.1055761 seconds
Number of updated asset objects reloaded before import = 0Number of asset objects unloaded after import = 17

========================================================================
Received Import Request.
  Time since last request: 0.000121 seconds.
  path: Assets/_Barking_Dog/_3D Scifi Base Vol 1/Prefabs/_Props/P_Eole_01.prefab
  artifactKey: Guid(fdcb6720e4002417784e26c07d5854ea) Importer(815301076,1909f56bfc062723c751e8b465ee728b)
Start importing Assets/_Barking_Dog/_3D Scifi Base Vol 1/Prefabs/_Props/P_Eole_01.prefab using Guid(fdcb6720e4002417784e26c07d5854ea) Importer(815301076,1909f56bfc062723c751e8b465ee728b) (PreviewImporter) -> (artifact id: 'c11007fc4538944c0765d30c7a984c78') in 0.2202648 seconds
Number of updated asset objects reloaded before import = 0Number of asset objects unloaded after import = 28

========================================================================
Received Import Request.
  Time since last request: 0.000067 seconds.
  path: Assets/_Barking_Dog/_3D Scifi Base Vol 1/Meshes/Materials/Wall_Atlas_02_Dif.mat
  artifactKey: Guid(1ac847cb5cf114b8da3ff584b17377c0) Importer(2089858483,b0f066a214c2f5e87bad3c948f4d605d)
Start importing Assets/_Barking_Dog/_3D Scifi Base Vol 1/Meshes/Materials/Wall_Atlas_02_Dif.mat using Guid(1ac847cb5cf114b8da3ff584b17377c0) Importer(2089858483,b0f066a214c2f5e87bad3c948f4d605d) (ScriptedImporter) -> (artifact id: 'ed472f723fa8239b4ada3dcee62914cd') in 0.1448292 seconds
Number of updated asset objects reloaded before import = 0Number of asset objects unloaded after import = 6

========================================================================
Received Import Request.
  Time since last request: 0.000073 seconds.
  path: Assets/_Barking_Dog/_3D Scifi Base Vol 1/Prefabs/_Props/P_Table_Big_Chairs_01.prefab
  artifactKey: Guid(e9847728308c64fdc927ebea4c9e001c) Importer(815301076,1909f56bfc062723c751e8b465ee728b)
Start importing Assets/_Barking_Dog/_3D Scifi Base Vol 1/Prefabs/_Props/P_Table_Big_Chairs_01.prefab using Guid(e9847728308c64fdc927ebea4c9e001c) Importer(815301076,1909f56bfc062723c751e8b465ee728b) (PreviewImporter) -> (artifact id: 'e5c239da7268ab323cc48bd21f174723') in 0.3922191 seconds
Number of updated asset objects reloaded before import = 0Number of asset objects unloaded after import = 118

========================================================================
Received Import Request.
  Time since last request: 0.000050 seconds.
  path: Assets/_Barking_Dog/_3D Scifi Base Vol 1/Prefabs/_Build/P_Lamp_Rotating_01.prefab
  artifactKey: Guid(a7396ddc20e074f8bb5ded6aeabb5c41) Importer(815301076,1909f56bfc062723c751e8b465ee728b)
Start importing Assets/_Barking_Dog/_3D Scifi Base Vol 1/Prefabs/_Build/P_Lamp_Rotating_01.prefab using Guid(a7396ddc20e074f8bb5ded6aeabb5c41) Importer(815301076,1909f56bfc062723c751e8b465ee728b) (PreviewImporter) -> (artifact id: 'c28c628ef6aa0bd40afaf6fb08ee502c') in 0.1038823 seconds
Number of updated asset objects reloaded before import = 0Number of asset objects unloaded after import = 25

========================================================================
Received Import Request.
  Time since last request: 0.000049 seconds.
  path: Assets/_Barking_Dog/_3D Scifi Base Vol 1/Prefabs/_Props/P_Monitor_01.prefab
  artifactKey: Guid(56aeafee9f44c4264a3ba989c1164444) Importer(815301076,1909f56bfc062723c751e8b465ee728b)
Start importing Assets/_Barking_Dog/_3D Scifi Base Vol 1/Prefabs/_Props/P_Monitor_01.prefab using Guid(56aeafee9f44c4264a3ba989c1164444) Importer(815301076,1909f56bfc062723c751e8b465ee728b) (PreviewImporter) -> (artifact id: '83a0a8f242e3e876bead47dd796b7d24') in 0.1228585 seconds
Number of updated asset objects reloaded before import = 0Number of asset objects unloaded after import = 37

========================================================================
Received Import Request.
  Time since last request: 0.000077 seconds.
  path: Assets/_Barking_Dog/_3D Scifi Base Vol 1/Prefabs/_Props/P_Computer_03.prefab
  artifactKey: Guid(257008f9214de4647bbc131825b77733) Importer(815301076,1909f56bfc062723c751e8b465ee728b)
Start importing Assets/_Barking_Dog/_3D Scifi Base Vol 1/Prefabs/_Props/P_Computer_03.prefab using Guid(257008f9214de4647bbc131825b77733) Importer(815301076,1909f56bfc062723c751e8b465ee728b) (PreviewImporter) -> (artifact id: '7cf5339df12cb04bed811ca911e560f2') in 0.4106794 seconds
Number of updated asset objects reloaded before import = 0Number of asset objects unloaded after import = 63

========================================================================
Received Import Request.
  Time since last request: 0.000037 seconds.
  path: Assets/_Barking_Dog/_3D Scifi Base Vol 1/Prefabs/_Build/P_Wall_Pilar_01.prefab
  artifactKey: Guid(61c2044d036dd439fa11c967aad0db76) Importer(815301076,1909f56bfc062723c751e8b465ee728b)
Start importing Assets/_Barking_Dog/_3D Scifi Base Vol 1/Prefabs/_Build/P_Wall_Pilar_01.prefab using Guid(61c2044d036dd439fa11c967aad0db76) Importer(815301076,1909f56bfc062723c751e8b465ee728b) (PreviewImporter) -> (artifact id: 'a5c98b16441e3f27611168354c2de3fb') in 0.1566396 seconds
Number of updated asset objects reloaded before import = 0Number of asset objects unloaded after import = 24

========================================================================
Received Import Request.
  Time since last request: 0.000066 seconds.
  path: Assets/_Barking_Dog/_3D Scifi Base Vol 1/Prefabs/_Props/P_Electric_Pylon_01.prefab
  artifactKey: Guid(73aeb9e95435c4482b0b14c9dc4fd990) Importer(815301076,1909f56bfc062723c751e8b465ee728b)
Start importing Assets/_Barking_Dog/_3D Scifi Base Vol 1/Prefabs/_Props/P_Electric_Pylon_01.prefab using Guid(73aeb9e95435c4482b0b14c9dc4fd990) Importer(815301076,1909f56bfc062723c751e8b465ee728b) (PreviewImporter) -> (artifact id: '97addcbd5e4be9c8ba181bdc063b29f2') in 0.2924988 seconds
Number of updated asset objects reloaded before import = 0Number of asset objects unloaded after import = 47

========================================================================
Received Import Request.
  Time since last request: 0.000065 seconds.
  path: Assets/_Barking_Dog/_3D Scifi Base Vol 1/Prefabs/_Props/P_Table_Round_01.prefab
  artifactKey: Guid(fcf07e63355d44749a677a39fa24d090) Importer(815301076,1909f56bfc062723c751e8b465ee728b)
Start importing Assets/_Barking_Dog/_3D Scifi Base Vol 1/Prefabs/_Props/P_Table_Round_01.prefab using Guid(fcf07e63355d44749a677a39fa24d090) Importer(815301076,1909f56bfc062723c751e8b465ee728b) (PreviewImporter) -> (artifact id: 'c5dc62d422b820694d02d129ee10e037') in 0.5154771 seconds
Number of updated asset objects reloaded before import = 0Number of asset objects unloaded after import = 75

========================================================================
Received Import Request.
  Time since last request: 0.000095 seconds.
  path: Assets/_Barking_Dog/_3D Scifi Base Vol 1/Prefabs/_Build/P_Dome_Line_01.prefab
  artifactKey: Guid(57d7e879c41b746bdbca75a531931d4f) Importer(815301076,1909f56bfc062723c751e8b465ee728b)
Start importing Assets/_Barking_Dog/_3D Scifi Base Vol 1/Prefabs/_Build/P_Dome_Line_01.prefab using Guid(57d7e879c41b746bdbca75a531931d4f) Importer(815301076,1909f56bfc062723c751e8b465ee728b) (PreviewImporter) -> (artifact id: '72bbe532aad4ae949153401cd1e0af06') in 0.2415266 seconds
Number of updated asset objects reloaded before import = 0Number of asset objects unloaded after import = 22

========================================================================
Received Import Request.
  Time since last request: 0.000069 seconds.
  path: Assets/_Barking_Dog/_3D Scifi Base Vol 1/Prefabs/_Build/P_Roof_Normal_01.prefab
  artifactKey: Guid(2ac3d04ba8247444e88883541d2f1234) Importer(815301076,1909f56bfc062723c751e8b465ee728b)
Start importing Assets/_Barking_Dog/_3D Scifi Base Vol 1/Prefabs/_Build/P_Roof_Normal_01.prefab using Guid(2ac3d04ba8247444e88883541d2f1234) Importer(815301076,1909f56bfc062723c751e8b465ee728b) (PreviewImporter) -> (artifact id: 'eefd5b57f8e94f215154b7d1f125067a') in 0.110305 seconds
Number of updated asset objects reloaded before import = 0Number of asset objects unloaded after import = 30

========================================================================
Received Import Request.
  Time since last request: 0.000069 seconds.
  path: Assets/_Barking_Dog/_3D Scifi Base Vol 1/Prefabs/_Props/P_Char_04.prefab
  artifactKey: Guid(66f512b6ac13c4d5e8e8d8bb546fe702) Importer(815301076,1909f56bfc062723c751e8b465ee728b)
Start importing Assets/_Barking_Dog/_3D Scifi Base Vol 1/Prefabs/_Props/P_Char_04.prefab using Guid(66f512b6ac13c4d5e8e8d8bb546fe702) Importer(815301076,1909f56bfc062723c751e8b465ee728b) (PreviewImporter) -> (artifact id: 'c7da4468a3dd7d584714266af757fcbd') in 0.190756 seconds
Number of updated asset objects reloaded before import = 0Number of asset objects unloaded after import = 42

========================================================================
Received Import Request.
  Time since last request: 0.000062 seconds.
  path: Assets/_Barking_Dog/_3D Scifi Base Vol 1/Prefabs/_Props/P_Grid_Plateform_02.prefab
  artifactKey: Guid(5f910743330b84179b68f32978b49070) Importer(815301076,1909f56bfc062723c751e8b465ee728b)
Start importing Assets/_Barking_Dog/_3D Scifi Base Vol 1/Prefabs/_Props/P_Grid_Plateform_02.prefab using Guid(5f910743330b84179b68f32978b49070) Importer(815301076,1909f56bfc062723c751e8b465ee728b) (PreviewImporter) -> (artifact id: '924c62f6c9abd8f422c50e461b7579cd') in 0.332387 seconds
Number of updated asset objects reloaded before import = 0Number of asset objects unloaded after import = 38

========================================================================
Received Import Request.
  Time since last request: 0.000076 seconds.
  path: Assets/_Barking_Dog/_3D Scifi Base Vol 1/Prefabs/_Props/P_Reactor_03.prefab
  artifactKey: Guid(c89dc320a761649c8a956f848d98dbdd) Importer(815301076,1909f56bfc062723c751e8b465ee728b)
Start importing Assets/_Barking_Dog/_3D Scifi Base Vol 1/Prefabs/_Props/P_Reactor_03.prefab using Guid(c89dc320a761649c8a956f848d98dbdd) Importer(815301076,1909f56bfc062723c751e8b465ee728b) (PreviewImporter) -> (artifact id: '4d165f67f7beec9ca1a85d87f5267ec5') in 0.3541933 seconds
Number of updated asset objects reloaded before import = 0Number of asset objects unloaded after import = 107

========================================================================
Received Import Request.
  Time since last request: 0.000071 seconds.
  path: Assets/_Barking_Dog/_3D Scifi Base Vol 1/SpeedTree/Broadleaf/Broadleaf_Desktop Materials/Billboard.mat
  artifactKey: Guid(d68104aea3d1d084385a1acc7c896247) Importer(2089858483,b0f066a214c2f5e87bad3c948f4d605d)
Start importing Assets/_Barking_Dog/_3D Scifi Base Vol 1/SpeedTree/Broadleaf/Broadleaf_Desktop Materials/Billboard.mat using Guid(d68104aea3d1d084385a1acc7c896247) Importer(2089858483,b0f066a214c2f5e87bad3c948f4d605d) (ScriptedImporter) -> (artifact id: '994ba2ec087aae0aa68deed49546a53a') in 0.0548503 seconds
Number of updated asset objects reloaded before import = 0Number of asset objects unloaded after import = 3

========================================================================
Received Import Request.
  Time since last request: 0.000100 seconds.
  path: Assets/_Barking_Dog/_3D Scifi Base Vol 1/Prefabs/_Build/P_Pipe_End_02.prefab
  artifactKey: Guid(6bef4bde4efe7466c85a0776bbf312f9) Importer(815301076,1909f56bfc062723c751e8b465ee728b)
Start importing Assets/_Barking_Dog/_3D Scifi Base Vol 1/Prefabs/_Build/P_Pipe_End_02.prefab using Guid(6bef4bde4efe7466c85a0776bbf312f9) Importer(815301076,1909f56bfc062723c751e8b465ee728b) (PreviewImporter) -> (artifact id: 'fa7ee3ed6fe62d43295ddc3d4976a928') in 0.1092081 seconds
Number of updated asset objects reloaded before import = 0Number of asset objects unloaded after import = 15

========================================================================
Received Import Request.
  Time since last request: 0.000073 seconds.
  path: Assets/_Barking_Dog/_3D Scifi Base Vol 1/Prefabs/_Props/P_Crate_Yellow_Big_01.prefab
  artifactKey: Guid(432778808f5bc4f18b75113d4f299254) Importer(815301076,1909f56bfc062723c751e8b465ee728b)
Start importing Assets/_Barking_Dog/_3D Scifi Base Vol 1/Prefabs/_Props/P_Crate_Yellow_Big_01.prefab using Guid(432778808f5bc4f18b75113d4f299254) Importer(815301076,1909f56bfc062723c751e8b465ee728b) (PreviewImporter) -> (artifact id: 'f86e65fc2cca9cca95db2ab30d1913d0') in 0.123539 seconds
Number of updated asset objects reloaded before import = 0Number of asset objects unloaded after import = 22

========================================================================
Received Import Request.
  Time since last request: 0.000083 seconds.
  path: Assets/_Barking_Dog/_3D Scifi Base Vol 1/Prefabs/_Build/P_Floor_Normal_02.prefab
  artifactKey: Guid(ab56a5a1555134f558dc8fbe14a0536d) Importer(815301076,1909f56bfc062723c751e8b465ee728b)
Start importing Assets/_Barking_Dog/_3D Scifi Base Vol 1/Prefabs/_Build/P_Floor_Normal_02.prefab using Guid(ab56a5a1555134f558dc8fbe14a0536d) Importer(815301076,1909f56bfc062723c751e8b465ee728b) (PreviewImporter) -> (artifact id: 'aac60e2a9ee1496910bef2664957a801') in 0.2350376 seconds
Number of updated asset objects reloaded before import = 0Number of asset objects unloaded after import = 22

========================================================================
Received Import Request.
  Time since last request: 0.000037 seconds.
  path: Assets/_Barking_Dog/_3D Scifi Base Vol 1/Prefabs/_Build/P_Metal_Tube_01.prefab
  artifactKey: Guid(bfadd65d86c1e4539b1fb638a7abd1e4) Importer(815301076,1909f56bfc062723c751e8b465ee728b)
Start importing Assets/_Barking_Dog/_3D Scifi Base Vol 1/Prefabs/_Build/P_Metal_Tube_01.prefab using Guid(bfadd65d86c1e4539b1fb638a7abd1e4) Importer(815301076,1909f56bfc062723c751e8b465ee728b) (PreviewImporter) -> (artifact id: '35eab0cfd3189c433221ec732fdbc741') in 0.2224401 seconds
Number of updated asset objects reloaded before import = 0Number of asset objects unloaded after import = 37

========================================================================
Received Import Request.
  Time since last request: 0.000103 seconds.
  path: Assets/_Barking_Dog/_3D Scifi Base Vol 1/Prefabs/_Props/P_Table_01.prefab
  artifactKey: Guid(94b7b188baf4c4c5fa47778e68e3ba70) Importer(815301076,1909f56bfc062723c751e8b465ee728b)
Start importing Assets/_Barking_Dog/_3D Scifi Base Vol 1/Prefabs/_Props/P_Table_01.prefab using Guid(94b7b188baf4c4c5fa47778e68e3ba70) Importer(815301076,1909f56bfc062723c751e8b465ee728b) (PreviewImporter) -> (artifact id: '395ab65b29f201efddc44478ca8c20b6') in 0.2043528 seconds
Number of updated asset objects reloaded before import = 0Number of asset objects unloaded after import = 22

========================================================================
Received Import Request.
  Time since last request: 0.000082 seconds.
  path: Assets/_Barking_Dog/_3D Scifi Base Vol 1/Prefabs/_Props/P_Antenna_01.prefab
  artifactKey: Guid(786fd4c0182d74eae8671308a69d6cfa) Importer(815301076,1909f56bfc062723c751e8b465ee728b)
Start importing Assets/_Barking_Dog/_3D Scifi Base Vol 1/Prefabs/_Props/P_Antenna_01.prefab using Guid(786fd4c0182d74eae8671308a69d6cfa) Importer(815301076,1909f56bfc062723c751e8b465ee728b) (PreviewImporter) -> (artifact id: '0f69e810b36452e66492667c8ebd2469') in 0.1959281 seconds
Number of updated asset objects reloaded before import = 0Number of asset objects unloaded after import = 22

========================================================================
Received Import Request.
  Time since last request: 0.000053 seconds.
  path: Assets/_Barking_Dog/_3D Scifi Base Vol 1/SpeedTree/Broadleaf/Broadleaf_Mobile Materials/LOD1/Leaves_1.mat
  artifactKey: Guid(a940b48d553d9c74f9ca0a3b4cf74336) Importer(2089858483,b0f066a214c2f5e87bad3c948f4d605d)
Start importing Assets/_Barking_Dog/_3D Scifi Base Vol 1/SpeedTree/Broadleaf/Broadleaf_Mobile Materials/LOD1/Leaves_1.mat using Guid(a940b48d553d9c74f9ca0a3b4cf74336) Importer(2089858483,b0f066a214c2f5e87bad3c948f4d605d) (ScriptedImporter) -> (artifact id: '78fe9d34380cce61802bc6d36b4c6b95') in 0.6183794 seconds
Number of updated asset objects reloaded before import = 0Number of asset objects unloaded after import = 3

========================================================================
Received Import Request.
  Time since last request: 0.000046 seconds.
  path: Assets/_Barking_Dog/_3D Scifi Base Vol 1/Prefabs/_Props/P_Computer_Dbl_01.prefab
  artifactKey: Guid(c39efed210dcb447fbfc80d610212532) Importer(815301076,1909f56bfc062723c751e8b465ee728b)
Start importing Assets/_Barking_Dog/_3D Scifi Base Vol 1/Prefabs/_Props/P_Computer_Dbl_01.prefab using Guid(c39efed210dcb447fbfc80d610212532) Importer(815301076,1909f56bfc062723c751e8b465ee728b) (PreviewImporter) -> (artifact id: '7eecc7c3fc80ca7fb25898eeb6aac79a') in 0.2215334 seconds
Number of updated asset objects reloaded before import = 0Number of asset objects unloaded after import = 64

========================================================================
Received Import Request.
  Time since last request: 0.000049 seconds.
  path: Assets/_Barking_Dog/_3D Scifi Base Vol 1/SpeedTree/Conifer/Conifer_Desktop Materials/LOD1/Branches_0.mat
  artifactKey: Guid(54ee8e39b634b6d45aae528b6b24e879) Importer(2089858483,b0f066a214c2f5e87bad3c948f4d605d)
Start importing Assets/_Barking_Dog/_3D Scifi Base Vol 1/SpeedTree/Conifer/Conifer_Desktop Materials/LOD1/Branches_0.mat using Guid(54ee8e39b634b6d45aae528b6b24e879) Importer(2089858483,b0f066a214c2f5e87bad3c948f4d605d) (ScriptedImporter) -> (artifact id: '015d3af8f7315e8c92a6b05e87f1ae71') in 0.4107672 seconds
Number of updated asset objects reloaded before import = 0Number of asset objects unloaded after import = 3

========================================================================
Received Import Request.
  Time since last request: 0.000047 seconds.
  path: Assets/_Barking_Dog/_3D Scifi Base Vol 1/Prefabs/_Props/P_Laptop_01.prefab
  artifactKey: Guid(9cd5e167b147846b9a0b217637160d6d) Importer(815301076,1909f56bfc062723c751e8b465ee728b)
Start importing Assets/_Barking_Dog/_3D Scifi Base Vol 1/Prefabs/_Props/P_Laptop_01.prefab using Guid(9cd5e167b147846b9a0b217637160d6d) Importer(815301076,1909f56bfc062723c751e8b465ee728b) (PreviewImporter) -> (artifact id: 'be716b8a207bb66f132b37ec7c8b202e') in 0.1408534 seconds
Number of updated asset objects reloaded before import = 0Number of asset objects unloaded after import = 30

========================================================================
Received Import Request.
  Time since last request: 0.000050 seconds.
  path: Assets/_Barking_Dog/_3D Scifi Base Vol 1/Prefabs/_Props/P_Laser_Fence_02.prefab
  artifactKey: Guid(4bf5e8621380045fc8d8de7691daa938) Importer(815301076,1909f56bfc062723c751e8b465ee728b)
Start importing Assets/_Barking_Dog/_3D Scifi Base Vol 1/Prefabs/_Props/P_Laser_Fence_02.prefab using Guid(4bf5e8621380045fc8d8de7691daa938) Importer(815301076,1909f56bfc062723c751e8b465ee728b) (PreviewImporter) -> (artifact id: '4c17c402847f162a88e12cf6e9d1de03') in 0.2183436 seconds
Number of updated asset objects reloaded before import = 0Number of asset objects unloaded after import = 22

========================================================================
Received Import Request.
  Time since last request: 0.000081 seconds.
  path: Assets/_Barking_Dog/_3D Scifi Base Vol 1/Prefabs/_Build/P_Wall_Normal_05.prefab
  artifactKey: Guid(b33a60849182f462c8653fded5850884) Importer(815301076,1909f56bfc062723c751e8b465ee728b)
Start importing Assets/_Barking_Dog/_3D Scifi Base Vol 1/Prefabs/_Build/P_Wall_Normal_05.prefab using Guid(b33a60849182f462c8653fded5850884) Importer(815301076,1909f56bfc062723c751e8b465ee728b) (PreviewImporter) -> (artifact id: '1622ca656baf4357c49bcfcb28f242bd') in 0.3715417 seconds
Number of updated asset objects reloaded before import = 0Number of asset objects unloaded after import = 34

========================================================================
Received Import Request.
  Time since last request: 0.000074 seconds.
  path: Assets/_Barking_Dog/_3D Scifi Base Vol 1/Prefabs/_Props/P_Laser_Fence_05.prefab
  artifactKey: Guid(3fe935ac1528a447eb3aff08371570d7) Importer(815301076,1909f56bfc062723c751e8b465ee728b)
Start importing Assets/_Barking_Dog/_3D Scifi Base Vol 1/Prefabs/_Props/P_Laser_Fence_05.prefab using Guid(3fe935ac1528a447eb3aff08371570d7) Importer(815301076,1909f56bfc062723c751e8b465ee728b) (PreviewImporter) -> (artifact id: 'e3dbb376605e6376b073ec4f7a6dd09d') in 0.2353944 seconds
Number of updated asset objects reloaded before import = 0Number of asset objects unloaded after import = 40

========================================================================
Received Import Request.
  Time since last request: 0.000068 seconds.
  path: Assets/_Barking_Dog/_3D Scifi Base Vol 1/Prefabs/_Build/P_Pipes_Insert_07.prefab
  artifactKey: Guid(f4547f6da4a7c4949ba05cddc5423399) Importer(815301076,1909f56bfc062723c751e8b465ee728b)
Start importing Assets/_Barking_Dog/_3D Scifi Base Vol 1/Prefabs/_Build/P_Pipes_Insert_07.prefab using Guid(f4547f6da4a7c4949ba05cddc5423399) Importer(815301076,1909f56bfc062723c751e8b465ee728b) (PreviewImporter) -> (artifact id: '8110440a3bd559215d2c926f2d20c706') in 0.1233585 seconds
Number of updated asset objects reloaded before import = 0Number of asset objects unloaded after import = 15

========================================================================
Received Import Request.
  Time since last request: 0.000103 seconds.
  path: Assets/_Barking_Dog/_3D Scifi Base Vol 1/Prefabs/_Build/P_Stair_Metal_01.prefab
  artifactKey: Guid(8755fbfde114e44e49a519aea012263f) Importer(815301076,1909f56bfc062723c751e8b465ee728b)
Start importing Assets/_Barking_Dog/_3D Scifi Base Vol 1/Prefabs/_Build/P_Stair_Metal_01.prefab using Guid(8755fbfde114e44e49a519aea012263f) Importer(815301076,1909f56bfc062723c751e8b465ee728b) (PreviewImporter) -> (artifact id: '7502044b6f7e741cb44e23fe7170777e') in 0.2413756 seconds
Number of updated asset objects reloaded before import = 0Number of asset objects unloaded after import = 30

========================================================================
Received Import Request.
  Time since last request: 0.000054 seconds.
  path: Assets/_Barking_Dog/_3D Scifi Base Vol 1/Prefabs/_Build/P_Wall_Angle_01.prefab
  artifactKey: Guid(37387bc7411c44a5e897c2c80e693210) Importer(815301076,1909f56bfc062723c751e8b465ee728b)
Start importing Assets/_Barking_Dog/_3D Scifi Base Vol 1/Prefabs/_Build/P_Wall_Angle_01.prefab using Guid(37387bc7411c44a5e897c2c80e693210) Importer(815301076,1909f56bfc062723c751e8b465ee728b) (PreviewImporter) -> (artifact id: '7d7f3c8a2e45e30ab19ee163f23c1654') in 0.261215 seconds
Number of updated asset objects reloaded before import = 0Number of asset objects unloaded after import = 82

========================================================================
Received Import Request.
  Time since last request: 0.000058 seconds.
  path: Assets/_Barking_Dog/_3D Scifi Base Vol 1/Prefabs/_Props/P_Laser_Fence_07.prefab
  artifactKey: Guid(96e4d417ac8574751a06925182328af4) Importer(815301076,1909f56bfc062723c751e8b465ee728b)
Start importing Assets/_Barking_Dog/_3D Scifi Base Vol 1/Prefabs/_Props/P_Laser_Fence_07.prefab using Guid(96e4d417ac8574751a06925182328af4) Importer(815301076,1909f56bfc062723c751e8b465ee728b) (PreviewImporter) -> (artifact id: '959e36b5eac5a4585a8bc3eebcc1d526') in 0.2535784 seconds
Number of updated asset objects reloaded before import = 0Number of asset objects unloaded after import = 33

========================================================================
Received Import Request.
  Time since last request: 0.000054 seconds.
  path: Assets/_Barking_Dog/_3D Scifi Base Vol 1/Prefabs/_Build/P_Pipes_Insert_02.prefab
  artifactKey: Guid(28e299ad287cc4fab9a30ce5a9c12c45) Importer(815301076,1909f56bfc062723c751e8b465ee728b)
Start importing Assets/_Barking_Dog/_3D Scifi Base Vol 1/Prefabs/_Build/P_Pipes_Insert_02.prefab using Guid(28e299ad287cc4fab9a30ce5a9c12c45) Importer(815301076,1909f56bfc062723c751e8b465ee728b) (PreviewImporter) -> (artifact id: 'f7f3507d1b65e32d3671ba96e02ef8c2') in 0.1058276 seconds
Number of updated asset objects reloaded before import = 0Number of asset objects unloaded after import = 15

========================================================================
Received Import Request.
  Time since last request: 0.000060 seconds.
  path: Assets/_Barking_Dog/_3D Scifi Base Vol 1/Prefabs/_Props/P_Shield_Generator.prefab
  artifactKey: Guid(93540607394df456e94c3b5dec17a671) Importer(815301076,1909f56bfc062723c751e8b465ee728b)
Start importing Assets/_Barking_Dog/_3D Scifi Base Vol 1/Prefabs/_Props/P_Shield_Generator.prefab using Guid(93540607394df456e94c3b5dec17a671) Importer(815301076,1909f56bfc062723c751e8b465ee728b) (PreviewImporter) -> (artifact id: 'fb1983829e010928a477a217c79c822c') in 0.6043164 seconds
Number of updated asset objects reloaded before import = 0Number of asset objects unloaded after import = 268

========================================================================
Received Import Request.
  Time since last request: 0.000083 seconds.
  path: Assets/_Barking_Dog/_3D Scifi Base Vol 1/Prefabs/_Props/P_Char_05.prefab
  artifactKey: Guid(960d1c03ec6d44102ac6524b098e1eb8) Importer(815301076,1909f56bfc062723c751e8b465ee728b)
Start importing Assets/_Barking_Dog/_3D Scifi Base Vol 1/Prefabs/_Props/P_Char_05.prefab using Guid(960d1c03ec6d44102ac6524b098e1eb8) Importer(815301076,1909f56bfc062723c751e8b465ee728b) (PreviewImporter) -> (artifact id: '9320dfa7f1504027e14145c19692b26a') in 0.3723961 seconds
Number of updated asset objects reloaded before import = 0Number of asset objects unloaded after import = 90

========================================================================
Received Import Request.
  Time since last request: 0.000102 seconds.
  path: Assets/_Barking_Dog/_3D Scifi Base Vol 1/Prefabs/_Props/P_Bed_Couch_01.prefab
  artifactKey: Guid(45db41ab21a2241d78867a43b196f515) Importer(815301076,1909f56bfc062723c751e8b465ee728b)
Start importing Assets/_Barking_Dog/_3D Scifi Base Vol 1/Prefabs/_Props/P_Bed_Couch_01.prefab using Guid(45db41ab21a2241d78867a43b196f515) Importer(815301076,1909f56bfc062723c751e8b465ee728b) (PreviewImporter) -> (artifact id: 'c13d24d6744bcb599bb9d3546298b520') in 0.1153249 seconds
Number of updated asset objects reloaded before import = 0Number of asset objects unloaded after import = 16

========================================================================
Received Import Request.
  Time since last request: 0.000068 seconds.
  path: Assets/_Barking_Dog/_3D Scifi Base Vol 1/SpeedTree/Broadleaf/Broadleaf_Mobile Materials/LOD2/Leaves_1.mat
  artifactKey: Guid(f568ca8b20ae095418f3e2a3b341d8f6) Importer(2089858483,b0f066a214c2f5e87bad3c948f4d605d)
Start importing Assets/_Barking_Dog/_3D Scifi Base Vol 1/SpeedTree/Broadleaf/Broadleaf_Mobile Materials/LOD2/Leaves_1.mat using Guid(f568ca8b20ae095418f3e2a3b341d8f6) Importer(2089858483,b0f066a214c2f5e87bad3c948f4d605d) (ScriptedImporter) -> (artifact id: 'f5376284293c04e204c3a28fb5d8ab03') in 0.0120833 seconds
Number of updated asset objects reloaded before import = 0Number of asset objects unloaded after import = 3

========================================================================
Received Import Request.
  Time since last request: 0.000053 seconds.
  path: Assets/_Barking_Dog/_3D Scifi Base Vol 1/Prefabs/_Build/P_Big_Support_02.prefab
  artifactKey: Guid(86c2bca869ba84766848201d3969fae2) Importer(815301076,1909f56bfc062723c751e8b465ee728b)
Start importing Assets/_Barking_Dog/_3D Scifi Base Vol 1/Prefabs/_Build/P_Big_Support_02.prefab using Guid(86c2bca869ba84766848201d3969fae2) Importer(815301076,1909f56bfc062723c751e8b465ee728b) (PreviewImporter) -> (artifact id: '19897fa66ee4fbddc4c892a34311c221') in 0.3176008 seconds
Number of updated asset objects reloaded before import = 0Number of asset objects unloaded after import = 134

========================================================================
Received Import Request.
  Time since last request: 0.000081 seconds.
  path: Assets/_Barking_Dog/_3D Scifi Base Vol 1/Prefabs/_Build/P_Roof_Angle_05.prefab
  artifactKey: Guid(e917625e5ed05453fb6d212abdf3521d) Importer(815301076,1909f56bfc062723c751e8b465ee728b)
Start importing Assets/_Barking_Dog/_3D Scifi Base Vol 1/Prefabs/_Build/P_Roof_Angle_05.prefab using Guid(e917625e5ed05453fb6d212abdf3521d) Importer(815301076,1909f56bfc062723c751e8b465ee728b) (PreviewImporter) -> (artifact id: 'f8670e16832f62bbfbbe2255e0738a04') in 0.1283757 seconds
Number of updated asset objects reloaded before import = 0Number of asset objects unloaded after import = 15

========================================================================
Received Import Request.
  Time since last request: 0.000048 seconds.
  path: Assets/_Barking_Dog/_3D Scifi Base Vol 1/Prefabs/_Props/P_Bed_Simple_01.prefab
  artifactKey: Guid(8572b8d18825e42ac868f80a808a5bc5) Importer(815301076,1909f56bfc062723c751e8b465ee728b)
Start importing Assets/_Barking_Dog/_3D Scifi Base Vol 1/Prefabs/_Props/P_Bed_Simple_01.prefab using Guid(8572b8d18825e42ac868f80a808a5bc5) Importer(815301076,1909f56bfc062723c751e8b465ee728b) (PreviewImporter) -> (artifact id: '5a41c97f5064e7935a055062369507ab') in 0.3669974 seconds
Number of updated asset objects reloaded before import = 0Number of asset objects unloaded after import = 50

========================================================================
Received Import Request.
  Time since last request: 0.000082 seconds.
  path: Assets/_Barking_Dog/_3D Scifi Base Vol 1/Prefabs/_Build/P_Roof_Cache_13_B.prefab
  artifactKey: Guid(0a7850802722f48edb57ca78bb7923c1) Importer(815301076,1909f56bfc062723c751e8b465ee728b)
Start importing Assets/_Barking_Dog/_3D Scifi Base Vol 1/Prefabs/_Build/P_Roof_Cache_13_B.prefab using Guid(0a7850802722f48edb57ca78bb7923c1) Importer(815301076,1909f56bfc062723c751e8b465ee728b) (PreviewImporter) -> (artifact id: '8968a392c3a30e1396aa0504930ff3c8') in 0.1205851 seconds
Number of updated asset objects reloaded before import = 0Number of asset objects unloaded after import = 16

========================================================================
Received Import Request.
  Time since last request: 0.000130 seconds.
  path: Assets/_Barking_Dog/_3D Scifi Base Vol 1/Meshes/Materials/Wall_Atlas_04_Dif.mat
  artifactKey: Guid(7120ab67262e24480bbf596cf72c0c66) Importer(2089858483,b0f066a214c2f5e87bad3c948f4d605d)
Start importing Assets/_Barking_Dog/_3D Scifi Base Vol 1/Meshes/Materials/Wall_Atlas_04_Dif.mat using Guid(7120ab67262e24480bbf596cf72c0c66) Importer(2089858483,b0f066a214c2f5e87bad3c948f4d605d) (ScriptedImporter) -> (artifact id: 'dca5361fb80d8ff09385e679bbc89c65') in 0.098148 seconds
Number of updated asset objects reloaded before import = 0Number of asset objects unloaded after import = 6

========================================================================
Received Import Request.
  Time since last request: 0.000076 seconds.
  path: Assets/_Barking_Dog/_3D Scifi Base Vol 1/Prefabs/_Build/P_Dome_Angle_01.prefab
  artifactKey: Guid(94e39d4d957004a68b07c38034210791) Importer(815301076,1909f56bfc062723c751e8b465ee728b)
Start importing Assets/_Barking_Dog/_3D Scifi Base Vol 1/Prefabs/_Build/P_Dome_Angle_01.prefab using Guid(94e39d4d957004a68b07c38034210791) Importer(815301076,1909f56bfc062723c751e8b465ee728b) (PreviewImporter) -> (artifact id: 'bc02b03b7f862d1f32c6659201849f78') in 0.2146649 seconds
Number of updated asset objects reloaded before import = 0Number of asset objects unloaded after import = 22

========================================================================
Received Import Request.
  Time since last request: 0.000078 seconds.
  path: Assets/_Barking_Dog/_3D Scifi Base Vol 1/Prefabs/_Props/P_Reactor_06.prefab
  artifactKey: Guid(215f9a3af47774f828bbcad397c6f8cd) Importer(815301076,1909f56bfc062723c751e8b465ee728b)
Start importing Assets/_Barking_Dog/_3D Scifi Base Vol 1/Prefabs/_Props/P_Reactor_06.prefab using Guid(215f9a3af47774f828bbcad397c6f8cd) Importer(815301076,1909f56bfc062723c751e8b465ee728b) (PreviewImporter) -> (artifact id: 'c36ef638aa984b65558ef61d4b3e01c6') in 0.4005031 seconds
Number of updated asset objects reloaded before import = 0Number of asset objects unloaded after import = 122

========================================================================
Received Import Request.
  Time since last request: 0.000115 seconds.
  path: Assets/_Barking_Dog/_3D Scifi Base Vol 1/Prefabs/_Props/P_Laser_Fence_04.prefab
  artifactKey: Guid(6b1fc04a1b9fd45649d0f1f26e47732d) Importer(815301076,1909f56bfc062723c751e8b465ee728b)
Start importing Assets/_Barking_Dog/_3D Scifi Base Vol 1/Prefabs/_Props/P_Laser_Fence_04.prefab using Guid(6b1fc04a1b9fd45649d0f1f26e47732d) Importer(815301076,1909f56bfc062723c751e8b465ee728b) (PreviewImporter) -> (artifact id: '0630b9d74cd61974dce6600ad006866a') in 0.2081561 seconds
Number of updated asset objects reloaded before import = 0Number of asset objects unloaded after import = 41

========================================================================
Received Import Request.
  Time since last request: 0.000046 seconds.
  path: Assets/_Barking_Dog/_3D Scifi Base Vol 1/Prefabs/_Build/P_Roof_Cache_05.prefab
  artifactKey: Guid(d8e28b5fc71e4475cab53855307b762d) Importer(815301076,1909f56bfc062723c751e8b465ee728b)
Start importing Assets/_Barking_Dog/_3D Scifi Base Vol 1/Prefabs/_Build/P_Roof_Cache_05.prefab using Guid(d8e28b5fc71e4475cab53855307b762d) Importer(815301076,1909f56bfc062723c751e8b465ee728b) (PreviewImporter) -> (artifact id: '1b74d4fc0cc0e8edca05ba2dfaa01ec5') in 0.1222385 seconds
Number of updated asset objects reloaded before import = 0Number of asset objects unloaded after import = 15

========================================================================
Received Import Request.
  Time since last request: 0.000056 seconds.
  path: Assets/_Barking_Dog/_3D Scifi Base Vol 1/Prefabs/_Build/P_Computer_Angle_01.prefab
  artifactKey: Guid(2041073040bb34a6991350311f72e6fe) Importer(815301076,1909f56bfc062723c751e8b465ee728b)
Start importing Assets/_Barking_Dog/_3D Scifi Base Vol 1/Prefabs/_Build/P_Computer_Angle_01.prefab using Guid(2041073040bb34a6991350311f72e6fe) Importer(815301076,1909f56bfc062723c751e8b465ee728b) (PreviewImporter) -> (artifact id: 'a942536fc5ba56c3f064ca520c00c18d') in 0.2238043 seconds
Number of updated asset objects reloaded before import = 0Number of asset objects unloaded after import = 22

========================================================================
Received Import Request.
  Time since last request: 0.000036 seconds.
  path: Assets/_Barking_Dog/_3D Scifi Base Vol 1/Prefabs/_Props/P_Wall_TV_01.prefab
  artifactKey: Guid(ca561006757c14416add12f5ba07dba8) Importer(815301076,1909f56bfc062723c751e8b465ee728b)
Start importing Assets/_Barking_Dog/_3D Scifi Base Vol 1/Prefabs/_Props/P_Wall_TV_01.prefab using Guid(ca561006757c14416add12f5ba07dba8) Importer(815301076,1909f56bfc062723c751e8b465ee728b) (PreviewImporter) -> (artifact id: '1569235fb2b2c6112fa0211134fb4507') in 0.2270493 seconds
Number of updated asset objects reloaded before import = 0Number of asset objects unloaded after import = 31

========================================================================
Received Import Request.
  Time since last request: 0.000071 seconds.
  path: Assets/_Barking_Dog/_3D Scifi Base Vol 1/Prefabs/_Props/P_Laser_Fence_01.prefab
  artifactKey: Guid(99882afdabca645a88855b837ae97f8d) Importer(815301076,1909f56bfc062723c751e8b465ee728b)
Start importing Assets/_Barking_Dog/_3D Scifi Base Vol 1/Prefabs/_Props/P_Laser_Fence_01.prefab using Guid(99882afdabca645a88855b837ae97f8d) Importer(815301076,1909f56bfc062723c751e8b465ee728b) (PreviewImporter) -> (artifact id: '2f783d4c543e84a2f8d187332d006d5d') in 0.1870842 seconds
Number of updated asset objects reloaded before import = 0Number of asset objects unloaded after import = 22

========================================================================
Received Import Request.
  Time since last request: 0.000042 seconds.
  path: Assets/_Barking_Dog/_3D Scifi Base Vol 1/Prefabs/_Props/P_Keyboard_01.prefab
  artifactKey: Guid(f90114997cb054a82898c9f61cf5570d) Importer(815301076,1909f56bfc062723c751e8b465ee728b)
Start importing Assets/_Barking_Dog/_3D Scifi Base Vol 1/Prefabs/_Props/P_Keyboard_01.prefab using Guid(f90114997cb054a82898c9f61cf5570d) Importer(815301076,1909f56bfc062723c751e8b465ee728b) (PreviewImporter) -> (artifact id: '0af6c8290e81654ed55a478432bb7682') in 0.1076458 seconds
Number of updated asset objects reloaded before import = 0Number of asset objects unloaded after import = 15

========================================================================
Received Import Request.
  Time since last request: 0.000053 seconds.
  path: Assets/_Barking_Dog/_3D Scifi Base Vol 1/Prefabs/_Build/P_Wall_Half_02.prefab
  artifactKey: Guid(726f9dbef49394867b0ac27cc437e747) Importer(815301076,1909f56bfc062723c751e8b465ee728b)
Start importing Assets/_Barking_Dog/_3D Scifi Base Vol 1/Prefabs/_Build/P_Wall_Half_02.prefab using Guid(726f9dbef49394867b0ac27cc437e747) Importer(815301076,1909f56bfc062723c751e8b465ee728b) (PreviewImporter) -> (artifact id: '907d092dd2f9fe260dd2b6e88b66717e') in 0.090733 seconds
Number of updated asset objects reloaded before import = 0Number of asset objects unloaded after import = 16

========================================================================
Received Import Request.
  Time since last request: 0.000076 seconds.
  path: Assets/_Barking_Dog/_3D Scifi Base Vol 1/Prefabs/_Props/P_Char_06.prefab
  artifactKey: Guid(e7988f5abbf6d443fb0e777d1ac996ac) Importer(815301076,1909f56bfc062723c751e8b465ee728b)
Start importing Assets/_Barking_Dog/_3D Scifi Base Vol 1/Prefabs/_Props/P_Char_06.prefab using Guid(e7988f5abbf6d443fb0e777d1ac996ac) Importer(815301076,1909f56bfc062723c751e8b465ee728b) (PreviewImporter) -> (artifact id: '0217fb5125090feb59f3c147eb0aa44c') in 0.1263926 seconds
Number of updated asset objects reloaded before import = 0Number of asset objects unloaded after import = 50

========================================================================
Received Import Request.
  Time since last request: 0.000054 seconds.
  path: Assets/_Barking_Dog/_3D Scifi Base Vol 1/SpeedTree/Broadleaf/Broadleaf_Mobile Materials/LOD2/Branches_0.mat
  artifactKey: Guid(cd764ab8662bea6468202df8741bcfd3) Importer(2089858483,b0f066a214c2f5e87bad3c948f4d605d)
Start importing Assets/_Barking_Dog/_3D Scifi Base Vol 1/SpeedTree/Broadleaf/Broadleaf_Mobile Materials/LOD2/Branches_0.mat using Guid(cd764ab8662bea6468202df8741bcfd3) Importer(2089858483,b0f066a214c2f5e87bad3c948f4d605d) (ScriptedImporter) -> (artifact id: '4993e80ee8557494539232608597420c') in 0.0371931 seconds
Number of updated asset objects reloaded before import = 0Number of asset objects unloaded after import = 3

========================================================================
Received Import Request.
  Time since last request: 0.000068 seconds.
  path: Assets/_Barking_Dog/_3D Scifi Base Vol 1/SpeedTree/Conifer/Conifer_Desktop Materials/LOD2/Branches_1.mat
  artifactKey: Guid(57df284b8a7c87b4894ac5f9c86e0be9) Importer(2089858483,b0f066a214c2f5e87bad3c948f4d605d)
Start importing Assets/_Barking_Dog/_3D Scifi Base Vol 1/SpeedTree/Conifer/Conifer_Desktop Materials/LOD2/Branches_1.mat using Guid(57df284b8a7c87b4894ac5f9c86e0be9) Importer(2089858483,b0f066a214c2f5e87bad3c948f4d605d) (ScriptedImporter) -> (artifact id: 'c415a0b9fa13febe5b82c6ab6b8592bf') in 0.0177212 seconds
Number of updated asset objects reloaded before import = 0Number of asset objects unloaded after import = 3

========================================================================
Received Import Request.
  Time since last request: 0.000052 seconds.
  path: Assets/_Barking_Dog/_3D Scifi Base Vol 1/Prefabs/_Props/P_Technical_Cab_02.prefab
  artifactKey: Guid(cbebd1df03d5a47ea8c55364e6b05366) Importer(815301076,1909f56bfc062723c751e8b465ee728b)
Start importing Assets/_Barking_Dog/_3D Scifi Base Vol 1/Prefabs/_Props/P_Technical_Cab_02.prefab using Guid(cbebd1df03d5a47ea8c55364e6b05366) Importer(815301076,1909f56bfc062723c751e8b465ee728b) (PreviewImporter) -> (artifact id: '89b45467ddd601588729fa24878160ae') in 0.2865778 seconds
Number of updated asset objects reloaded before import = 0Number of asset objects unloaded after import = 28

========================================================================
Received Import Request.
  Time since last request: 0.000051 seconds.
  path: Assets/_Barking_Dog/_3D Scifi Base Vol 1/Meshes/Materials/Glass.mat
  artifactKey: Guid(b08c8fcabaa454468be5524624d1e3ca) Importer(2089858483,b0f066a214c2f5e87bad3c948f4d605d)
Start importing Assets/_Barking_Dog/_3D Scifi Base Vol 1/Meshes/Materials/Glass.mat using Guid(b08c8fcabaa454468be5524624d1e3ca) Importer(2089858483,b0f066a214c2f5e87bad3c948f4d605d) (ScriptedImporter) -> (artifact id: 'f64e6d4cf17e631b8907da7590ee44b7') in 0.0061898 seconds
Number of updated asset objects reloaded before import = 0Number of asset objects unloaded after import = 1

========================================================================
Received Import Request.
  Time since last request: 0.000050 seconds.
  path: Assets/_Barking_Dog/_3D Scifi Base Vol 1/Prefabs/_Props/P_Reactor_04.prefab
  artifactKey: Guid(cc707ca2484794174b5087a5a8e22546) Importer(815301076,1909f56bfc062723c751e8b465ee728b)
Start importing Assets/_Barking_Dog/_3D Scifi Base Vol 1/Prefabs/_Props/P_Reactor_04.prefab using Guid(cc707ca2484794174b5087a5a8e22546) Importer(815301076,1909f56bfc062723c751e8b465ee728b) (PreviewImporter) -> (artifact id: '2732fee630f798d10667415f3791ab5a') in 0.325088 seconds
Number of updated asset objects reloaded before import = 0Number of asset objects unloaded after import = 121

========================================================================
Received Import Request.
  Time since last request: 0.000047 seconds.
  path: Assets/_Barking_Dog/_3D Scifi Base Vol 1/Prefabs/_Props/P_Grid_Plateform_01.prefab
  artifactKey: Guid(a107d7970e52f494f844641cc5e2d994) Importer(815301076,1909f56bfc062723c751e8b465ee728b)
Start importing Assets/_Barking_Dog/_3D Scifi Base Vol 1/Prefabs/_Props/P_Grid_Plateform_01.prefab using Guid(a107d7970e52f494f844641cc5e2d994) Importer(815301076,1909f56bfc062723c751e8b465ee728b) (PreviewImporter) -> (artifact id: '61e54e97cf6bbc79b58f2a629b2ee5bd') in 0.2268761 seconds
Number of updated asset objects reloaded before import = 0Number of asset objects unloaded after import = 23

========================================================================
Received Import Request.
  Time since last request: 0.000075 seconds.
  path: Assets/_Barking_Dog/_3D Scifi Base Vol 1/Prefabs/_Build/P_Fence_02.prefab
  artifactKey: Guid(d043079025b4b48199b439d78570cc7c) Importer(815301076,1909f56bfc062723c751e8b465ee728b)
Start importing Assets/_Barking_Dog/_3D Scifi Base Vol 1/Prefabs/_Build/P_Fence_02.prefab using Guid(d043079025b4b48199b439d78570cc7c) Importer(815301076,1909f56bfc062723c751e8b465ee728b) (PreviewImporter) -> (artifact id: '41bd9013c9f83e16919dcc2e23d65820') in 0.106174 seconds
Number of updated asset objects reloaded before import = 0Number of asset objects unloaded after import = 15

========================================================================
Received Import Request.
  Time since last request: 0.000042 seconds.
  path: Assets/_Barking_Dog/_3D Scifi Base Vol 1/Prefabs/_Build/P_Plateforme_02.prefab
  artifactKey: Guid(e13f85d2428034fef890e44954e1b8f9) Importer(815301076,1909f56bfc062723c751e8b465ee728b)
Start importing Assets/_Barking_Dog/_3D Scifi Base Vol 1/Prefabs/_Build/P_Plateforme_02.prefab using Guid(e13f85d2428034fef890e44954e1b8f9) Importer(815301076,1909f56bfc062723c751e8b465ee728b) (PreviewImporter) -> (artifact id: 'a2cbbd546c93ac6c3f3e178967813b67') in 0.1892851 seconds
Number of updated asset objects reloaded before import = 0Number of asset objects unloaded after import = 27

========================================================================
Received Import Request.
  Time since last request: 0.000047 seconds.
  path: Assets/_Barking_Dog/_3D Scifi Base Vol 1/Meshes/Materials/Light_Red.mat
  artifactKey: Guid(05b4ef2168fbd4a6ead159582ca23125) Importer(2089858483,b0f066a214c2f5e87bad3c948f4d605d)
Start importing Assets/_Barking_Dog/_3D Scifi Base Vol 1/Meshes/Materials/Light_Red.mat using Guid(05b4ef2168fbd4a6ead159582ca23125) Importer(2089858483,b0f066a214c2f5e87bad3c948f4d605d) (ScriptedImporter) -> (artifact id: 'bf0d2dac54eaa69bd7d3ef655cf328f2') in 0.0068367 seconds
Number of updated asset objects reloaded before import = 0Number of asset objects unloaded after import = 1

========================================================================
Received Import Request.
  Time since last request: 0.000081 seconds.
  path: Assets/_Barking_Dog/_3D Scifi Base Vol 1/SpeedTree/Broadleaf/Broadleaf_Desktop Materials/LOD2/Branches_0.mat
  artifactKey: Guid(b0d5705176a0d36419d034e2ea46491a) Importer(2089858483,b0f066a214c2f5e87bad3c948f4d605d)
Start importing Assets/_Barking_Dog/_3D Scifi Base Vol 1/SpeedTree/Broadleaf/Broadleaf_Desktop Materials/LOD2/Branches_0.mat using Guid(b0d5705176a0d36419d034e2ea46491a) Importer(2089858483,b0f066a214c2f5e87bad3c948f4d605d) (ScriptedImporter) -> (artifact id: '3478c0dd836d2ec10fb5174fe5709c42') in 0.0147712 seconds
Number of updated asset objects reloaded before import = 0Number of asset objects unloaded after import = 3

========================================================================
Received Import Request.
  Time since last request: 0.000053 seconds.
  path: Assets/_Barking_Dog/_3D Scifi Base Vol 1/Prefabs/_Build/P_Glass_Tube_01.prefab
  artifactKey: Guid(38cdf75fade944265975cb392366e509) Importer(815301076,1909f56bfc062723c751e8b465ee728b)
Start importing Assets/_Barking_Dog/_3D Scifi Base Vol 1/Prefabs/_Build/P_Glass_Tube_01.prefab using Guid(38cdf75fade944265975cb392366e509) Importer(815301076,1909f56bfc062723c751e8b465ee728b) (PreviewImporter) -> (artifact id: 'ca282c5f7f46aad0c5074c7f9329b6ea') in 0.1025896 seconds
Number of updated asset objects reloaded before import = 0Number of asset objects unloaded after import = 32

========================================================================
Received Import Request.
  Time since last request: 0.000051 seconds.
  path: Assets/_Barking_Dog/_3D Scifi Base Vol 1/Prefabs/_Props/P_Can_Red_01.prefab
  artifactKey: Guid(ae3885213e51a4622976003cb60fe5da) Importer(815301076,1909f56bfc062723c751e8b465ee728b)
Start importing Assets/_Barking_Dog/_3D Scifi Base Vol 1/Prefabs/_Props/P_Can_Red_01.prefab using Guid(ae3885213e51a4622976003cb60fe5da) Importer(815301076,1909f56bfc062723c751e8b465ee728b) (PreviewImporter) -> (artifact id: '59b72873c82d9aeb4165f0a6b442c833') in 0.1211738 seconds
Number of updated asset objects reloaded before import = 0Number of asset objects unloaded after import = 17

========================================================================
Received Import Request.
  Time since last request: 0.000059 seconds.
  path: Assets/_Barking_Dog/_3D Scifi Base Vol 1/Prefabs/_Build/P_Wall_Door_Small_02.prefab
  artifactKey: Guid(a8959ba55e1a64bcdbf3ecec9b77d348) Importer(815301076,1909f56bfc062723c751e8b465ee728b)
Start importing Assets/_Barking_Dog/_3D Scifi Base Vol 1/Prefabs/_Build/P_Wall_Door_Small_02.prefab using Guid(a8959ba55e1a64bcdbf3ecec9b77d348) Importer(815301076,1909f56bfc062723c751e8b465ee728b) (PreviewImporter) -> (artifact id: 'c3c0870416c05c8c969da1b9f14e6d4f') in 0.3389984 seconds
Number of updated asset objects reloaded before import = 0Number of asset objects unloaded after import = 80

========================================================================
Received Import Request.
  Time since last request: 0.000057 seconds.
  path: Assets/_Barking_Dog/_3D Scifi Base Vol 1/Prefabs/_Build/P_Roof_Cache_12.prefab
  artifactKey: Guid(37a0c66d9f3824a37b7b96085ef82a37) Importer(815301076,1909f56bfc062723c751e8b465ee728b)
Start importing Assets/_Barking_Dog/_3D Scifi Base Vol 1/Prefabs/_Build/P_Roof_Cache_12.prefab using Guid(37a0c66d9f3824a37b7b96085ef82a37) Importer(815301076,1909f56bfc062723c751e8b465ee728b) (PreviewImporter) -> (artifact id: '6986793db1ff7e8e6633038e8132fa3b') in 0.116369 seconds
Number of updated asset objects reloaded before import = 0Number of asset objects unloaded after import = 15

========================================================================
Received Import Request.
  Time since last request: 0.000076 seconds.
  path: Assets/_Barking_Dog/_3D Scifi Base Vol 1/Prefabs/_Props/P_Wall_Console_01.prefab
  artifactKey: Guid(230f69ba8591849ec8333b2e9e2523dd) Importer(815301076,1909f56bfc062723c751e8b465ee728b)
Start importing Assets/_Barking_Dog/_3D Scifi Base Vol 1/Prefabs/_Props/P_Wall_Console_01.prefab using Guid(230f69ba8591849ec8333b2e9e2523dd) Importer(815301076,1909f56bfc062723c751e8b465ee728b) (PreviewImporter) -> (artifact id: '331cf07d9ea8863e3c70c7668fe3cbc9') in 0.119568 seconds
Number of updated asset objects reloaded before import = 0Number of asset objects unloaded after import = 16

========================================================================
Received Import Request.
  Time since last request: 0.000053 seconds.
  path: Assets/_Barking_Dog/_3D Scifi Base Vol 1/Prefabs/_Build/P_Solar_Panel_01.prefab
  artifactKey: Guid(0120ee67dc8e34c548eb833379c8c1f4) Importer(815301076,1909f56bfc062723c751e8b465ee728b)
Start importing Assets/_Barking_Dog/_3D Scifi Base Vol 1/Prefabs/_Build/P_Solar_Panel_01.prefab using Guid(0120ee67dc8e34c548eb833379c8c1f4) Importer(815301076,1909f56bfc062723c751e8b465ee728b) (PreviewImporter) -> (artifact id: '50bce386d42ccfaf27cabe7881211ce8') in 0.1292524 seconds
Number of updated asset objects reloaded before import = 0Number of asset objects unloaded after import = 16

========================================================================
Received Import Request.
  Time since last request: 0.000054 seconds.
  path: Assets/_Barking_Dog/_3D Scifi Base Vol 1/Prefabs/_Props/P_Reactor_05.prefab
  artifactKey: Guid(b62628b4ae6ea48a8ac2af85fca9b006) Importer(815301076,1909f56bfc062723c751e8b465ee728b)
Start importing Assets/_Barking_Dog/_3D Scifi Base Vol 1/Prefabs/_Props/P_Reactor_05.prefab using Guid(b62628b4ae6ea48a8ac2af85fca9b006) Importer(815301076,1909f56bfc062723c751e8b465ee728b) (PreviewImporter) -> (artifact id: '9de2a843f0837f1aea72326a2108e3f8') in 0.4977699 seconds
Number of updated asset objects reloaded before import = 0Number of asset objects unloaded after import = 263

========================================================================
Received Import Request.
  Time since last request: 0.000064 seconds.
  path: Assets/_Barking_Dog/_3D Scifi Base Vol 1/Prefabs/_Props/P_Computer_04.prefab
  artifactKey: Guid(0b6b90440584542369133afa21b89d9f) Importer(815301076,1909f56bfc062723c751e8b465ee728b)
Start importing Assets/_Barking_Dog/_3D Scifi Base Vol 1/Prefabs/_Props/P_Computer_04.prefab using Guid(0b6b90440584542369133afa21b89d9f) Importer(815301076,1909f56bfc062723c751e8b465ee728b) (PreviewImporter) -> (artifact id: 'b26d7cadf17db7e69e726aa0d5a6c631') in 0.3957743 seconds
Number of updated asset objects reloaded before import = 0Number of asset objects unloaded after import = 63

========================================================================
Received Import Request.
  Time since last request: 0.000069 seconds.
  path: Assets/_Barking_Dog/_3D Scifi Base Vol 1/Prefabs/_Props/P_Wardrobe_Big_01.prefab
  artifactKey: Guid(4ba7c0dafe5f94f26ae5311c2f05149f) Importer(815301076,1909f56bfc062723c751e8b465ee728b)
Start importing Assets/_Barking_Dog/_3D Scifi Base Vol 1/Prefabs/_Props/P_Wardrobe_Big_01.prefab using Guid(4ba7c0dafe5f94f26ae5311c2f05149f) Importer(815301076,1909f56bfc062723c751e8b465ee728b) (PreviewImporter) -> (artifact id: 'be3c5fcc266c9fd13d6c1734d390ace8') in 0.3550168 seconds
Number of updated asset objects reloaded before import = 0Number of asset objects unloaded after import = 38

========================================================================
Received Import Request.
  Time since last request: 0.000080 seconds.
  path: Assets/_Barking_Dog/_3D Scifi Base Vol 1/SpeedTree/Conifer/Conifer_Desktop Materials/LOD1/Fronds_2.mat
  artifactKey: Guid(e183610e060210e44ac38d34e83c54d1) Importer(2089858483,b0f066a214c2f5e87bad3c948f4d605d)
Start importing Assets/_Barking_Dog/_3D Scifi Base Vol 1/SpeedTree/Conifer/Conifer_Desktop Materials/LOD1/Fronds_2.mat using Guid(e183610e060210e44ac38d34e83c54d1) Importer(2089858483,b0f066a214c2f5e87bad3c948f4d605d) (ScriptedImporter) -> (artifact id: '003ce7a916e71851db0109c5196b86d0') in 0.5972848 seconds
Number of updated asset objects reloaded before import = 0Number of asset objects unloaded after import = 3

========================================================================
Received Import Request.
  Time since last request: 0.000036 seconds.
  path: Assets/_Barking_Dog/_3D Scifi Base Vol 1/Prefabs/_Props/P_Computer_Rack_01.prefab
  artifactKey: Guid(fd5135fbf7fd84da1929d7c1c1572e5e) Importer(815301076,1909f56bfc062723c751e8b465ee728b)
Start importing Assets/_Barking_Dog/_3D Scifi Base Vol 1/Prefabs/_Props/P_Computer_Rack_01.prefab using Guid(fd5135fbf7fd84da1929d7c1c1572e5e) Importer(815301076,1909f56bfc062723c751e8b465ee728b) (PreviewImporter) -> (artifact id: '51b16cb4e9cf588cba69f2cc703910a5') in 0.2101409 seconds
Number of updated asset objects reloaded before import = 0Number of asset objects unloaded after import = 16

========================================================================
Received Import Request.
  Time since last request: 0.000108 seconds.
  path: Assets/_Barking_Dog/_3D Scifi Base Vol 1/Prefabs/_Build/P_Door_Bar_01.prefab
  artifactKey: Guid(002549d40c339403682b41627405e2fc) Importer(815301076,1909f56bfc062723c751e8b465ee728b)
Start importing Assets/_Barking_Dog/_3D Scifi Base Vol 1/Prefabs/_Build/P_Door_Bar_01.prefab using Guid(002549d40c339403682b41627405e2fc) Importer(815301076,1909f56bfc062723c751e8b465ee728b) (PreviewImporter) -> (artifact id: '3028c16b283b26615faf5914bebc03d3') in 0.1250329 seconds
Number of updated asset objects reloaded before import = 0Number of asset objects unloaded after import = 15

========================================================================
Received Import Request.
  Time since last request: 0.000057 seconds.
  path: Assets/_Barking_Dog/_3D Scifi Base Vol 1/Prefabs/_Build/P_Roof_Cache_02_B.prefab
  artifactKey: Guid(d5995e7aac7d9417da97a1c5984e56ae) Importer(815301076,1909f56bfc062723c751e8b465ee728b)
Start importing Assets/_Barking_Dog/_3D Scifi Base Vol 1/Prefabs/_Build/P_Roof_Cache_02_B.prefab using Guid(d5995e7aac7d9417da97a1c5984e56ae) Importer(815301076,1909f56bfc062723c751e8b465ee728b) (PreviewImporter) -> (artifact id: '83e98802d7e903eb0c75650b65d8801c') in 0.1303892 seconds
Number of updated asset objects reloaded before import = 0Number of asset objects unloaded after import = 15

========================================================================
Received Import Request.
  Time since last request: 0.000101 seconds.
  path: Assets/_Barking_Dog/_3D Scifi Base Vol 1/Prefabs/_Props/P_Basin_01.prefab
  artifactKey: Guid(9eed909f2b80043dab663dd1c10f6fea) Importer(815301076,1909f56bfc062723c751e8b465ee728b)
Start importing Assets/_Barking_Dog/_3D Scifi Base Vol 1/Prefabs/_Props/P_Basin_01.prefab using Guid(9eed909f2b80043dab663dd1c10f6fea) Importer(815301076,1909f56bfc062723c751e8b465ee728b) (PreviewImporter) -> (artifact id: '12abcf3dd211d0f6a1ed1c1b2b9675db') in 0.4172965 seconds
Number of updated asset objects reloaded before import = 0Number of asset objects unloaded after import = 33

========================================================================
Received Import Request.
  Time since last request: 0.000089 seconds.
  path: Assets/_Barking_Dog/_3D Scifi Base Vol 1/Prefabs/_Build/P_Rock_02.prefab
  artifactKey: Guid(0a7cb2998217444e0aacda5c9c09237d) Importer(815301076,1909f56bfc062723c751e8b465ee728b)
Start importing Assets/_Barking_Dog/_3D Scifi Base Vol 1/Prefabs/_Build/P_Rock_02.prefab using Guid(0a7cb2998217444e0aacda5c9c09237d) Importer(815301076,1909f56bfc062723c751e8b465ee728b) (PreviewImporter) -> (artifact id: 'db8f6a0b8e47ea6f8c62b0e36c5f4fc7') in 9.9820703 seconds
Number of updated asset objects reloaded before import = 0Number of asset objects unloaded after import = 14

========================================================================
Received Import Request.
  Time since last request: 0.000044 seconds.
  path: Assets/_Barking_Dog/_3D Scifi Base Vol 1/Prefabs/_Build/P_Pipes_Insert_03.prefab
  artifactKey: Guid(34eb839e9be9a4c3f825e61711de92e0) Importer(815301076,1909f56bfc062723c751e8b465ee728b)
Start importing Assets/_Barking_Dog/_3D Scifi Base Vol 1/Prefabs/_Build/P_Pipes_Insert_03.prefab using Guid(34eb839e9be9a4c3f825e61711de92e0) Importer(815301076,1909f56bfc062723c751e8b465ee728b) (PreviewImporter) -> (artifact id: '5f347af51e74e212b167a33679db3e65') in 0.1231301 seconds
Number of updated asset objects reloaded before import = 0Number of asset objects unloaded after import = 16

========================================================================
Received Import Request.
  Time since last request: 0.000066 seconds.
  path: Assets/_Barking_Dog/_3D Scifi Base Vol 1/Prefabs/_Props/P_Computer_01.prefab
  artifactKey: Guid(b76cd7de082e441d5a857beb4515185c) Importer(815301076,1909f56bfc062723c751e8b465ee728b)
Start importing Assets/_Barking_Dog/_3D Scifi Base Vol 1/Prefabs/_Props/P_Computer_01.prefab using Guid(b76cd7de082e441d5a857beb4515185c) Importer(815301076,1909f56bfc062723c751e8b465ee728b) (PreviewImporter) -> (artifact id: 'b32411ca931e2cac97a369e52c970b49') in 0.2605902 seconds
Number of updated asset objects reloaded before import = 0Number of asset objects unloaded after import = 40

========================================================================
Received Import Request.
  Time since last request: 0.000047 seconds.
  path: Assets/_Barking_Dog/_3D Scifi Base Vol 1/Prefabs/_Build/P_Roof_Cache_07_B.prefab
  artifactKey: Guid(f5cac5a384e264c1abb6f7226e9a171a) Importer(815301076,1909f56bfc062723c751e8b465ee728b)
Start importing Assets/_Barking_Dog/_3D Scifi Base Vol 1/Prefabs/_Build/P_Roof_Cache_07_B.prefab using Guid(f5cac5a384e264c1abb6f7226e9a171a) Importer(815301076,1909f56bfc062723c751e8b465ee728b) (PreviewImporter) -> (artifact id: 'fd49538800b5cb86aa9afddf197940cf') in 0.1279198 seconds
Number of updated asset objects reloaded before import = 0Number of asset objects unloaded after import = 15

========================================================================
Received Import Request.
  Time since last request: 0.000098 seconds.
  path: Assets/_Barking_Dog/_3D Scifi Base Vol 1/Prefabs/_Build/P_Plateforme_03.prefab
  artifactKey: Guid(7eafdc0cbf520462d83b70aa2b32dce2) Importer(815301076,1909f56bfc062723c751e8b465ee728b)
Start importing Assets/_Barking_Dog/_3D Scifi Base Vol 1/Prefabs/_Build/P_Plateforme_03.prefab using Guid(7eafdc0cbf520462d83b70aa2b32dce2) Importer(815301076,1909f56bfc062723c751e8b465ee728b) (PreviewImporter) -> (artifact id: 'f6768e7adf7fc4850710a0e414aed36a') in 0.5130345 seconds
Number of updated asset objects reloaded before import = 0Number of asset objects unloaded after import = 42

========================================================================
Received Import Request.
  Time since last request: 0.000074 seconds.
  path: Assets/_Barking_Dog/_3D Scifi Base Vol 1/Prefabs/_Props/P_Can_Blue_01.prefab
  artifactKey: Guid(a2b8590e546814f4c8b542963477d374) Importer(815301076,1909f56bfc062723c751e8b465ee728b)
Start importing Assets/_Barking_Dog/_3D Scifi Base Vol 1/Prefabs/_Props/P_Can_Blue_01.prefab using Guid(a2b8590e546814f4c8b542963477d374) Importer(815301076,1909f56bfc062723c751e8b465ee728b) (PreviewImporter) -> (artifact id: '67e98b9008647361903980c7a3d85633') in 0.1422629 seconds
Number of updated asset objects reloaded before import = 0Number of asset objects unloaded after import = 17

========================================================================
Received Import Request.
  Time since last request: 0.000052 seconds.
  path: Assets/_Barking_Dog/_3D Scifi Base Vol 1/Meshes/Materials/Wall_Atlas_07_Dif.mat
  artifactKey: Guid(8b1c16d3c43324ed1abf432b456dff6a) Importer(2089858483,b0f066a214c2f5e87bad3c948f4d605d)
Start importing Assets/_Barking_Dog/_3D Scifi Base Vol 1/Meshes/Materials/Wall_Atlas_07_Dif.mat using Guid(8b1c16d3c43324ed1abf432b456dff6a) Importer(2089858483,b0f066a214c2f5e87bad3c948f4d605d) (ScriptedImporter) -> (artifact id: 'dc87d5320ca02c1499249be789743951') in 0.1349884 seconds
Number of updated asset objects reloaded before import = 0Number of asset objects unloaded after import = 6

========================================================================
Received Import Request.
  Time since last request: 0.000077 seconds.
  path: Assets/_Barking_Dog/_3D Scifi Base Vol 1/Prefabs/_Build/P_Roof_Cache_04_B.prefab
  artifactKey: Guid(29dec274d9a6a4bc99fb021199f5a5ef) Importer(815301076,1909f56bfc062723c751e8b465ee728b)
Start importing Assets/_Barking_Dog/_3D Scifi Base Vol 1/Prefabs/_Build/P_Roof_Cache_04_B.prefab using Guid(29dec274d9a6a4bc99fb021199f5a5ef) Importer(815301076,1909f56bfc062723c751e8b465ee728b) (PreviewImporter) -> (artifact id: '0320371334a631e5274c9340b09ae15b') in 0.166536 seconds
Number of updated asset objects reloaded before import = 0Number of asset objects unloaded after import = 15

========================================================================
Received Import Request.
  Time since last request: 0.000064 seconds.
  path: Assets/_Barking_Dog/_3D Scifi Base Vol 1/Prefabs/_Build/P_Table_Angle_02.prefab
  artifactKey: Guid(a0e84f772b89f4629982cab1ff45f553) Importer(815301076,1909f56bfc062723c751e8b465ee728b)
Start importing Assets/_Barking_Dog/_3D Scifi Base Vol 1/Prefabs/_Build/P_Table_Angle_02.prefab using Guid(a0e84f772b89f4629982cab1ff45f553) Importer(815301076,1909f56bfc062723c751e8b465ee728b) (PreviewImporter) -> (artifact id: '8ef7b9927ae2a62e6e680a7b157332a9') in 0.2518852 seconds
Number of updated asset objects reloaded before import = 0Number of asset objects unloaded after import = 22

========================================================================
Received Import Request.
  Time since last request: 0.000096 seconds.
  path: Assets/_Barking_Dog/_3D Scifi Base Vol 1/Meshes/Materials/Wall_Atlas_08_Dif.mat
  artifactKey: Guid(05df4a394d78c484caf9134ac61ea16b) Importer(2089858483,b0f066a214c2f5e87bad3c948f4d605d)
Start importing Assets/_Barking_Dog/_3D Scifi Base Vol 1/Meshes/Materials/Wall_Atlas_08_Dif.mat using Guid(05df4a394d78c484caf9134ac61ea16b) Importer(2089858483,b0f066a214c2f5e87bad3c948f4d605d) (ScriptedImporter) -> (artifact id: 'a93ba431c73ef67636efa229d93122db') in 0.1166057 seconds
Number of updated asset objects reloaded before import = 0Number of asset objects unloaded after import = 6

========================================================================
Received Import Request.
  Time since last request: 0.000062 seconds.
  path: Assets/_Barking_Dog/_3D Scifi Base Vol 1/SpeedTree/Broadleaf/Broadleaf_Desktop Materials/LOD0/Leaves_3.mat
  artifactKey: Guid(19d7ece9e3def3745a0f6e75d984fdf6) Importer(2089858483,b0f066a214c2f5e87bad3c948f4d605d)
Start importing Assets/_Barking_Dog/_3D Scifi Base Vol 1/SpeedTree/Broadleaf/Broadleaf_Desktop Materials/LOD0/Leaves_3.mat using Guid(19d7ece9e3def3745a0f6e75d984fdf6) Importer(2089858483,b0f066a214c2f5e87bad3c948f4d605d) (ScriptedImporter) -> (artifact id: '5ed9fb3d3a3f3dc086439d8987c2c0b6') in 0.0245533 seconds
Number of updated asset objects reloaded before import = 0Number of asset objects unloaded after import = 3

========================================================================
Received Import Request.
  Time since last request: 0.000047 seconds.
  path: Assets/_Barking_Dog/_3D Scifi Base Vol 1/Prefabs/_Build/P_Pipe_End_03.prefab
  artifactKey: Guid(1fcf7b7a6f6ee4154bf8062154fa6a57) Importer(815301076,1909f56bfc062723c751e8b465ee728b)
Start importing Assets/_Barking_Dog/_3D Scifi Base Vol 1/Prefabs/_Build/P_Pipe_End_03.prefab using Guid(1fcf7b7a6f6ee4154bf8062154fa6a57) Importer(815301076,1909f56bfc062723c751e8b465ee728b) (PreviewImporter) -> (artifact id: '6f2be62c050b90c1f9beca07a8a478cc') in 0.2098345 seconds
Number of updated asset objects reloaded before import = 0Number of asset objects unloaded after import = 21

========================================================================
Received Import Request.
  Time since last request: 0.000085 seconds.
  path: Assets/_Barking_Dog/_3D Scifi Base Vol 1/SpeedTree/Conifer/Conifer_Desktop Materials/LOD0/Branches_0.mat
  artifactKey: Guid(d4880c932a8e12b48a3039233e9634a0) Importer(2089858483,b0f066a214c2f5e87bad3c948f4d605d)
Start importing Assets/_Barking_Dog/_3D Scifi Base Vol 1/SpeedTree/Conifer/Conifer_Desktop Materials/LOD0/Branches_0.mat using Guid(d4880c932a8e12b48a3039233e9634a0) Importer(2089858483,b0f066a214c2f5e87bad3c948f4d605d) (ScriptedImporter) -> (artifact id: '5a37e7b5a0665dd1268cad688ae1b66f') in 0.0133827 seconds
Number of updated asset objects reloaded before import = 0Number of asset objects unloaded after import = 3

========================================================================
Received Import Request.
  Time since last request: 0.000072 seconds.
  path: Assets/_Barking_Dog/_3D Scifi Base Vol 1/Prefabs/_Build/P_Wall_Normal_02.prefab
  artifactKey: Guid(d228c3786d9dd42aebcb5fe040b8ab76) Importer(815301076,1909f56bfc062723c751e8b465ee728b)
Start importing Assets/_Barking_Dog/_3D Scifi Base Vol 1/Prefabs/_Build/P_Wall_Normal_02.prefab using Guid(d228c3786d9dd42aebcb5fe040b8ab76) Importer(815301076,1909f56bfc062723c751e8b465ee728b) (PreviewImporter) -> (artifact id: '28c431307218b04816434ab94644f822') in 0.2357087 seconds
Number of updated asset objects reloaded before import = 0Number of asset objects unloaded after import = 40

========================================================================
Received Import Request.
  Time since last request: 0.000048 seconds.
  path: Assets/_Barking_Dog/_3D Scifi Base Vol 1/Prefabs/_Build/P_Corridor_Angle_01.prefab
  artifactKey: Guid(fbc166e293b7242db9965757861be098) Importer(815301076,1909f56bfc062723c751e8b465ee728b)
Start importing Assets/_Barking_Dog/_3D Scifi Base Vol 1/Prefabs/_Build/P_Corridor_Angle_01.prefab using Guid(fbc166e293b7242db9965757861be098) Importer(815301076,1909f56bfc062723c751e8b465ee728b) (PreviewImporter) -> (artifact id: '18ed6b281240bf9ae26ea32c28eb7f3b') in 0.366473 seconds
Number of updated asset objects reloaded before import = 0Number of asset objects unloaded after import = 106

========================================================================
Received Import Request.
  Time since last request: 0.000175 seconds.
  path: Assets/_Barking_Dog/_3D Scifi Base Vol 1/SpeedTree/Broadleaf/Broadleaf_Desktop Materials/LOD1/FacingLeaves_4.mat
  artifactKey: Guid(9938463bcd729fe41b4937cb6d2d692b) Importer(2089858483,b0f066a214c2f5e87bad3c948f4d605d)
Start importing Assets/_Barking_Dog/_3D Scifi Base Vol 1/SpeedTree/Broadleaf/Broadleaf_Desktop Materials/LOD1/FacingLeaves_4.mat using Guid(9938463bcd729fe41b4937cb6d2d692b) Importer(2089858483,b0f066a214c2f5e87bad3c948f4d605d) (ScriptedImporter) -> (artifact id: 'c36ed075375467a24bc7ed5d5362a0e8') in 0.0196372 seconds
Number of updated asset objects reloaded before import = 0Number of asset objects unloaded after import = 3

========================================================================
Received Import Request.
  Time since last request: 0.000080 seconds.
  path: Assets/_Barking_Dog/_3D Scifi Base Vol 1/Prefabs/_Build/P_Roof_Window_02.prefab
  artifactKey: Guid(331ad835d3c7c46f89e4a3727c2c7a01) Importer(815301076,1909f56bfc062723c751e8b465ee728b)
Start importing Assets/_Barking_Dog/_3D Scifi Base Vol 1/Prefabs/_Build/P_Roof_Window_02.prefab using Guid(331ad835d3c7c46f89e4a3727c2c7a01) Importer(815301076,1909f56bfc062723c751e8b465ee728b) (PreviewImporter) -> (artifact id: '4ded51167d7586c736e2113f480426e9') in 0.2652144 seconds
Number of updated asset objects reloaded before import = 0Number of asset objects unloaded after import = 23

========================================================================
Received Import Request.
  Time since last request: 22.785305 seconds.
  path: Assets/_Barking_Dog/Common Scripts
  artifactKey: Guid(8b51a17d8c3224496a953bc53935e5af) Importer(815301076,1909f56bfc062723c751e8b465ee728b)
Start importing Assets/_Barking_Dog/Common Scripts using Guid(8b51a17d8c3224496a953bc53935e5af) Importer(815301076,1909f56bfc062723c751e8b465ee728b) (PreviewImporter) -> (artifact id: '5f1d278c0265fe25972ea44a2ae37ea4') in 0.0013199 seconds
Number of updated asset objects reloaded before import = 0Number of asset objects unloaded after import = 0

========================================================================
Received Import Request.
  Time since last request: 1.818037 seconds.
  path: Assets/_Barking_Dog/README - SETUP DOORS AND PROJECT.txt
  artifactKey: Guid(98e7bbce4272a4016b12d836e9d3ffad) Importer(815301076,1909f56bfc062723c751e8b465ee728b)
Start importing Assets/_Barking_Dog/README - SETUP DOORS AND PROJECT.txt using Guid(98e7bbce4272a4016b12d836e9d3ffad) Importer(815301076,1909f56bfc062723c751e8b465ee728b) (PreviewImporter) -> (artifact id: '5453a67b681e9d3f5921cd1427d9866e') in 0.00103 seconds
Number of updated asset objects reloaded before import = 0Number of asset objects unloaded after import = 1

========================================================================
Received Import Request.
  Time since last request: 11.888385 seconds.
  path: Assets/!GET_MORE_ASSETS_FOR_FREE
  artifactKey: Guid(778cd9c08e70408409e033cfa23ea829) Importer(815301076,1909f56bfc062723c751e8b465ee728b)
Start importing Assets/!GET_MORE_ASSETS_FOR_FREE using Guid(778cd9c08e70408409e033cfa23ea829) Importer(815301076,1909f56bfc062723c751e8b465ee728b) (PreviewImporter) -> (artifact id: '128275aaac6eeabd520673664d35ad9e') in 0.0009802 seconds
Number of updated asset objects reloaded before import = 0Number of asset objects unloaded after import = 0

========================================================================
Received Import Request.
  Time since last request: 2.120907 seconds.
  path: Assets/!GET_MORE_ASSETS_FOR_FREE/DEV FREEDOM.txt
  artifactKey: Guid(1aa5e515bb5dad84ba632109b94013d8) Importer(815301076,1909f56bfc062723c751e8b465ee728b)
Start importing Assets/!GET_MORE_ASSETS_FOR_FREE/DEV FREEDOM.txt using Guid(1aa5e515bb5dad84ba632109b94013d8) Importer(815301076,1909f56bfc062723c751e8b465ee728b) (PreviewImporter) -> (artifact id: '633d980b0262ab82bd64fefbfc3ad06c') in 0.0020519 seconds
Number of updated asset objects reloaded before import = 0Number of asset objects unloaded after import = 1

========================================================================
Received Import Request.
  Time since last request: 20.214617 seconds.
  path: Assets/Scenes
  artifactKey: Guid(bce5fe2fed9738b419bdb0c1ef83e603) Importer(815301076,1909f56bfc062723c751e8b465ee728b)
Start importing Assets/Scenes using Guid(bce5fe2fed9738b419bdb0c1ef83e603) Importer(815301076,1909f56bfc062723c751e8b465ee728b) (PreviewImporter) -> (artifact id: 'a8ea38e82a6aba1a7501dba3b33ad6cd') in 0.014604 seconds
Number of updated asset objects reloaded before import = 0Number of asset objects unloaded after import = 0

========================================================================
Received Import Request.
  Time since last request: 1.991167 seconds.
  path: Assets/Scenes/SampleScene.unity
  artifactKey: Guid(99c9720ab356a0642a771bea13969a05) Importer(815301076,1909f56bfc062723c751e8b465ee728b)
Start importing Assets/Scenes/SampleScene.unity using Guid(99c9720ab356a0642a771bea13969a05) Importer(815301076,1909f56bfc062723c751e8b465ee728b) (PreviewImporter) -> (artifact id: '092f7974db3fb175701bdf9959c1e23b') in 0.0011802 seconds
Number of updated asset objects reloaded before import = 0Number of asset objects unloaded after import = 0

========================================================================
Received Import Request.
  Time since last request: 15.337725 seconds.
  path: Assets/_Barking_Dog/_3D Scifi Base Vol 1/Example_01.unity
  artifactKey: Guid(75e76ba4aa90548258615a2ef30ef30a) Importer(815301076,1909f56bfc062723c751e8b465ee728b)
Start importing Assets/_Barking_Dog/_3D Scifi Base Vol 1/Example_01.unity using Guid(75e76ba4aa90548258615a2ef30ef30a) Importer(815301076,1909f56bfc062723c751e8b465ee728b) (PreviewImporter) -> (artifact id: 'af3f657489401e32338e7ce3d84644cc') in 0.0010462 seconds
Number of updated asset objects reloaded before import = 0Number of asset objects unloaded after import = 0

========================================================================
Received Import Request.
  Time since last request: 103.537262 seconds.
  path: Assets/_Barking_Dog/_3D Scifi Base Vol 1/Splat/Grass_02.png
  artifactKey: Guid(f49bc021daa99c444a53f9bdd4f29a70) Importer(815301076,1909f56bfc062723c751e8b465ee728b)
Start importing Assets/_Barking_Dog/_3D Scifi Base Vol 1/Splat/Grass_02.png using Guid(f49bc021daa99c444a53f9bdd4f29a70) Importer(815301076,1909f56bfc062723c751e8b465ee728b) (PreviewImporter) -> (artifact id: '68014275c2b2f9c59d0c394e764880e0') in 0.0746247 seconds
Number of updated asset objects reloaded before import = 0Number of asset objects unloaded after import = 2

========================================================================
Received Import Request.
  Time since last request: 96.331177 seconds.
  path: Assets/_Barking_Dog/_3D Scifi Base Vol 1/SpeedTree/Broadleaf/Broadleaf_Desktop.spm
  artifactKey: Guid(c91c1eb85782d5748ace27eb4d7415bb) Importer(815301076,1909f56bfc062723c751e8b465ee728b)
Start importing Assets/_Barking_Dog/_3D Scifi Base Vol 1/SpeedTree/Broadleaf/Broadleaf_Desktop.spm using Guid(c91c1eb85782d5748ace27eb4d7415bb) Importer(815301076,1909f56bfc062723c751e8b465ee728b) (PreviewImporter) -> (artifact id: '2d9ed97c9c44b7823c995f656e981989') in 33.4213333 seconds
Number of updated asset objects reloaded before import = 0Number of asset objects unloaded after import = 91

========================================================================
Received Prepare
Begin MonoManager ReloadAssembly
[Licensing::Client] Successfully resolved entitlement details
ADTM: Control thread waiting for realtime thread timed out, have to lock...
- Loaded All Assemblies, in  4.091 seconds
Refreshing native plugins compatible for Editor in 1.03 ms, found 3 plugins.
Native extension for Android target not found
Native extension for WindowsStandalone target not found
[Package Manager] Failed to launch server process. Reason: Unity was launched with the -noUpm command-line argument
[Package Manager] Unable to send message (not connected to server process).
[Package Manager] Cannot connect to Unity Package Manager local server
[Package Manager] Failed to launch server process. Reason: Unity was launched with the -noUpm command-line argument
[Package Manager] Unable to send message (not connected to server process).
[Package Manager] Cannot connect to Unity Package Manager local server
ScheduleIndexationOnStartup MainProcess:False IndexOnStartup:True
Mono: successfully reloaded assembly
- Finished resetting the current domain, in  2.491 seconds
Domain Reload Profiling: 6590ms
	BeginReloadAssembly (1551ms)
		ExecutionOrderSort (0ms)
		DisableScriptedObjects (22ms)
		BackupInstance (0ms)
		ReleaseScriptingObjects (0ms)
		CreateAndSetChildDomain (1150ms)
	RebuildCommonClasses (100ms)
	RebuildNativeTypeToScriptingClass (35ms)
	initialDomainReloadingComplete (65ms)
	LoadAllAssembliesAndSetupDomain (2347ms)
		LoadAssemblies (2096ms)
		RebuildTransferFunctionScriptingTraits (0ms)
		AnalyzeDomain (505ms)
			TypeCache.Refresh (22ms)
				TypeCache.ScanAssembly (0ms)
			BuildScriptInfoCaches (444ms)
			ResolveRequiredComponents (34ms)
	FinalizeReload (2492ms)
		ReleaseScriptCaches (0ms)
		RebuildScriptCaches (0ms)
		SetupLoadedEditorAssemblies (2038ms)
			LogAssemblyErrors (0ms)
			InitializePlatformSupportModulesInManaged (25ms)
			SetLoadedEditorAssemblies (16ms)
			BeforeProcessingInitializeOnLoad (420ms)
			ProcessInitializeOnLoadAttributes (1252ms)
			ProcessInitializeOnLoadMethodAttributes (304ms)
			AfterProcessingInitializeOnLoad (20ms)
			EditorAssembliesLoaded (1ms)
		ExecutionOrderSort2 (0ms)
		AwakeInstancesAfterBackupRestoration (54ms)
Refreshing native plugins compatible for Editor in 1.65 ms, found 3 plugins.
Preloading 0 native plugins for Editor in 0.00 ms.
Unloading 17 Unused Serialized files (Serialized files now loaded: 0)
Unloading 6195 unused Assets / (4.1 MB). Loaded Objects now: 7076.
Memory consumption went from 167.0 MB to 162.9 MB.
Total: 28.386500 ms (FindLiveObjects: 1.506000 ms CreateObjectMapping: 3.944800 ms MarkObjects: 14.254600 ms  DeleteObjects: 8.679400 ms)

Prepare: number of updated asset objects reloaded= 0
========================================================================
Received Import Request.
  Time since last request: 12.793579 seconds.
  path: Assets/_Barking_Dog/_3D Scifi Base Vol 1/SpeedTree/Conifer/Conifer_Desktop.spm
  artifactKey: Guid(469edab27ab6d004d84af2c4a851bd7f) Importer(815301076,1909f56bfc062723c751e8b465ee728b)
Start importing Assets/_Barking_Dog/_3D Scifi Base Vol 1/SpeedTree/Conifer/Conifer_Desktop.spm using Guid(469edab27ab6d004d84af2c4a851bd7f) Importer(815301076,1909f56bfc062723c751e8b465ee728b) (PreviewImporter) -> (artifact id: '44bee29ed62e1e6d1241e79a52c61a8a') in 2.3375103 seconds
Number of updated asset objects reloaded before import = 0Number of asset objects unloaded after import = 72

========================================================================
Received Prepare
Begin MonoManager ReloadAssembly
[Licensing::Client] Successfully resolved entitlement details
ADTM: Control thread waiting for realtime thread timed out, have to lock...
- Loaded All Assemblies, in  8.207 seconds
Refreshing native plugins compatible for Editor in 104.13 ms, found 3 plugins.
Native extension for Android target not found
Native extension for WindowsStandalone target not found
[Package Manager] Failed to launch server process. Reason: Unity was launched with the -noUpm command-line argument
[Package Manager] Unable to send message (not connected to server process).
[Package Manager] Cannot connect to Unity Package Manager local server
[Package Manager] Failed to launch server process. Reason: Unity was launched with the -noUpm command-line argument
[Package Manager] Unable to send message (not connected to server process).
[Package Manager] Cannot connect to Unity Package Manager local server
ScheduleIndexationOnStartup MainProcess:False IndexOnStartup:True
Mono: successfully reloaded assembly
- Finished resetting the current domain, in  2.251 seconds
Domain Reload Profiling: 10466ms
	BeginReloadAssembly (1669ms)
		ExecutionOrderSort (0ms)
		DisableScriptedObjects (71ms)
		BackupInstance (0ms)
		ReleaseScriptingObjects (1ms)
		CreateAndSetChildDomain (1176ms)
	RebuildCommonClasses (113ms)
	RebuildNativeTypeToScriptingClass (37ms)
	initialDomainReloadingComplete (72ms)
	LoadAllAssembliesAndSetupDomain (6322ms)
		LoadAssemblies (6047ms)
		RebuildTransferFunctionScriptingTraits (0ms)
		AnalyzeDomain (561ms)
			TypeCache.Refresh (21ms)
				TypeCache.ScanAssembly (0ms)
			BuildScriptInfoCaches (501ms)
			ResolveRequiredComponents (29ms)
	FinalizeReload (2252ms)
		ReleaseScriptCaches (0ms)
		RebuildScriptCaches (0ms)
		SetupLoadedEditorAssemblies (1779ms)
			LogAssemblyErrors (0ms)
			InitializePlatformSupportModulesInManaged (20ms)
			SetLoadedEditorAssemblies (8ms)
			BeforeProcessingInitializeOnLoad (396ms)
			ProcessInitializeOnLoadAttributes (1161ms)
			ProcessInitializeOnLoadMethodAttributes (184ms)
			AfterProcessingInitializeOnLoad (9ms)
			EditorAssembliesLoaded (1ms)
		ExecutionOrderSort2 (0ms)
		AwakeInstancesAfterBackupRestoration (42ms)
Refreshing native plugins compatible for Editor in 1.31 ms, found 3 plugins.
Preloading 0 native plugins for Editor in 0.00 ms.
Unloading 17 Unused Serialized files (Serialized files now loaded: 0)
Unloading 6192 unused Assets / (5.7 MB). Loaded Objects now: 7099.
Memory consumption went from 167.1 MB to 161.3 MB.
Total: 25.615400 ms (FindLiveObjects: 2.721000 ms CreateObjectMapping: 3.352600 ms MarkObjects: 9.354700 ms  DeleteObjects: 10.185400 ms)

Prepare: number of updated asset objects reloaded= 0
========================================================================
Received Prepare
Begin MonoManager ReloadAssembly
ADTM: Control thread waiting for realtime thread timed out, have to lock...
- Loaded All Assemblies, in  4.529 seconds
Refreshing native plugins compatible for Editor in 1.32 ms, found 3 plugins.
Native extension for Android target not found
Native extension for WindowsStandalone target not found
[Package Manager] Failed to launch server process. Reason: Unity was launched with the -noUpm command-line argument
[Package Manager] Unable to send message (not connected to server process).
[Package Manager] Cannot connect to Unity Package Manager local server
[Package Manager] Failed to launch server process. Reason: Unity was launched with the -noUpm command-line argument
[Package Manager] Unable to send message (not connected to server process).
[Package Manager] Cannot connect to Unity Package Manager local server
ScheduleIndexationOnStartup MainProcess:False IndexOnStartup:True
Mono: successfully reloaded assembly
- Finished resetting the current domain, in  1.871 seconds
Domain Reload Profiling: 6411ms
	BeginReloadAssembly (1331ms)
		ExecutionOrderSort (0ms)
		DisableScriptedObjects (11ms)
		BackupInstance (0ms)
		ReleaseScriptingObjects (0ms)
		CreateAndSetChildDomain (1078ms)
	RebuildCommonClasses (63ms)
	RebuildNativeTypeToScriptingClass (35ms)
	initialDomainReloadingComplete (48ms)
	LoadAllAssembliesAndSetupDomain (3063ms)
		LoadAssemblies (2652ms)
		RebuildTransferFunctionScriptingTraits (0ms)
		AnalyzeDomain (568ms)
			TypeCache.Refresh (21ms)
				TypeCache.ScanAssembly (0ms)
			BuildScriptInfoCaches (511ms)
			ResolveRequiredComponents (30ms)
	FinalizeReload (1872ms)
		ReleaseScriptCaches (0ms)
		RebuildScriptCaches (0ms)
		SetupLoadedEditorAssemblies (1396ms)
			LogAssemblyErrors (0ms)
			InitializePlatformSupportModulesInManaged (22ms)
			SetLoadedEditorAssemblies (14ms)
			BeforeProcessingInitializeOnLoad (370ms)
			ProcessInitializeOnLoadAttributes (802ms)
			ProcessInitializeOnLoadMethodAttributes (177ms)
			AfterProcessingInitializeOnLoad (11ms)
			EditorAssembliesLoaded (1ms)
		ExecutionOrderSort2 (0ms)
		AwakeInstancesAfterBackupRestoration (57ms)
Refreshing native plugins compatible for Editor in 1.26 ms, found 3 plugins.
Preloading 0 native plugins for Editor in 0.00 ms.
Unloading 17 Unused Serialized files (Serialized files now loaded: 0)
Unloading 6192 unused Assets / (5.5 MB). Loaded Objects now: 7102.
Memory consumption went from 167.0 MB to 161.5 MB.
Total: 28.214400 ms (FindLiveObjects: 1.468300 ms CreateObjectMapping: 3.955300 ms MarkObjects: 13.719200 ms  DeleteObjects: 9.070300 ms)

Prepare: number of updated asset objects reloaded= 0
========================================================================
Received Import Request.
  Time since last request: 782.232677 seconds.
  path: Assets/_Barking_Dog/_3D Scifi Base Vol 1/Prefabs/_Build/P_Wall_Window_03.prefab
  artifactKey: Guid(480402c20d8a545dd9b099cb85dd9bea) Importer(815301076,1909f56bfc062723c751e8b465ee728b)
Start importing Assets/_Barking_Dog/_3D Scifi Base Vol 1/Prefabs/_Build/P_Wall_Window_03.prefab using Guid(480402c20d8a545dd9b099cb85dd9bea) Importer(815301076,1909f56bfc062723c751e8b465ee728b) (PreviewImporter) -> (artifact id: 'bd0ec84df2f862b6d357f86d5ccdd87d') in 3.8383324 seconds
Number of updated asset objects reloaded before import = 0Number of asset objects unloaded after import = 40

========================================================================
Received Import Request.
  Time since last request: 20.141843 seconds.
  path: Assets/_Barking_Dog/_3D Scifi Base Vol 1/SpeedTree
  artifactKey: Guid(c04a867c41990cb44b46672730a8e63f) Importer(815301076,1909f56bfc062723c751e8b465ee728b)
Start importing Assets/_Barking_Dog/_3D Scifi Base Vol 1/SpeedTree using Guid(c04a867c41990cb44b46672730a8e63f) Importer(815301076,1909f56bfc062723c751e8b465ee728b) (PreviewImporter) -> (artifact id: '8bc9caa7d0db3da0545d6a7c564698cf') in 0.0187275 seconds
Number of updated asset objects reloaded before import = 0Number of asset objects unloaded after import = 0

========================================================================
Received Import Request.
  Time since last request: 1.957594 seconds.
  path: Assets/_Barking_Dog/_3D Scifi Base Vol 1/SpeedTree/Broadleaf
  artifactKey: Guid(98f48093c79e1de4aad538371abbe607) Importer(815301076,1909f56bfc062723c751e8b465ee728b)
Start importing Assets/_Barking_Dog/_3D Scifi Base Vol 1/SpeedTree/Broadleaf using Guid(98f48093c79e1de4aad538371abbe607) Importer(815301076,1909f56bfc062723c751e8b465ee728b) (PreviewImporter) -> (artifact id: '92ffa31bed652c1408ee584a186714ba') in 0.0012973 seconds
Number of updated asset objects reloaded before import = 0Number of asset objects unloaded after import = 0

========================================================================
Received Import Request.
  Time since last request: 0.223134 seconds.
  path: Assets/_Barking_Dog/_3D Scifi Base Vol 1/SpeedTree/Broadleaf/Broadleaf_Desktop_Atlas.tga
  artifactKey: Guid(d20e5329bb2905844a1ae38b80640d3f) Importer(815301076,1909f56bfc062723c751e8b465ee728b)
Start importing Assets/_Barking_Dog/_3D Scifi Base Vol 1/SpeedTree/Broadleaf/Broadleaf_Desktop_Atlas.tga using Guid(d20e5329bb2905844a1ae38b80640d3f) Importer(815301076,1909f56bfc062723c751e8b465ee728b) (PreviewImporter) -> (artifact id: '20274612b3d40a1f0a9620fc8b8decaa') in 0.1668351 seconds
Number of updated asset objects reloaded before import = 0Number of asset objects unloaded after import = 2

========================================================================
Received Import Request.
  Time since last request: 0.000031 seconds.
  path: Assets/_Barking_Dog/_3D Scifi Base Vol 1/SpeedTree/Broadleaf/BroadleafBark.tga
  artifactKey: Guid(2c1c27ec8c3b75a4c80a795adc9ca788) Importer(815301076,1909f56bfc062723c751e8b465ee728b)
Start importing Assets/_Barking_Dog/_3D Scifi Base Vol 1/SpeedTree/Broadleaf/BroadleafBark.tga using Guid(2c1c27ec8c3b75a4c80a795adc9ca788) Importer(815301076,1909f56bfc062723c751e8b465ee728b) (PreviewImporter) -> (artifact id: '79b5b27f7f0c226fb91f1867bf0a6427') in 0.1271282 seconds
Number of updated asset objects reloaded before import = 0Number of asset objects unloaded after import = 2

========================================================================
Received Import Request.
  Time since last request: 0.000054 seconds.
  path: Assets/_Barking_Dog/_3D Scifi Base Vol 1/SpeedTree/Broadleaf/Broadleaves_Mobile.tga
  artifactKey: Guid(b063a9f2b9f645b40948a32b447c738f) Importer(815301076,1909f56bfc062723c751e8b465ee728b)
Start importing Assets/_Barking_Dog/_3D Scifi Base Vol 1/SpeedTree/Broadleaf/Broadleaves_Mobile.tga using Guid(b063a9f2b9f645b40948a32b447c738f) Importer(815301076,1909f56bfc062723c751e8b465ee728b) (PreviewImporter) -> (artifact id: '0671b00467bd1dee6e497af7cc251cf9') in 0.1651389 seconds
Number of updated asset objects reloaded before import = 0Number of asset objects unloaded after import = 2

========================================================================
Received Import Request.
  Time since last request: 0.000040 seconds.
  path: Assets/_Barking_Dog/_3D Scifi Base Vol 1/SpeedTree/Broadleaf/Broadleaves_Desktop_Spec.tga
  artifactKey: Guid(30586af2d47849140b2d533bb6f75eaa) Importer(815301076,1909f56bfc062723c751e8b465ee728b)
Start importing Assets/_Barking_Dog/_3D Scifi Base Vol 1/SpeedTree/Broadleaf/Broadleaves_Desktop_Spec.tga using Guid(30586af2d47849140b2d533bb6f75eaa) Importer(815301076,1909f56bfc062723c751e8b465ee728b) (PreviewImporter) -> (artifact id: '77dc5a6b309f7ea62043460f48edda43') in 0.0828437 seconds
Number of updated asset objects reloaded before import = 0Number of asset objects unloaded after import = 2

========================================================================
Received Import Request.
  Time since last request: 0.000119 seconds.
  path: Assets/_Barking_Dog/_3D Scifi Base Vol 1/SpeedTree/Broadleaf/ClippedFrond.tga
  artifactKey: Guid(f82badc465974aa4cbc424065780aa3d) Importer(815301076,1909f56bfc062723c751e8b465ee728b)
Start importing Assets/_Barking_Dog/_3D Scifi Base Vol 1/SpeedTree/Broadleaf/ClippedFrond.tga using Guid(f82badc465974aa4cbc424065780aa3d) Importer(815301076,1909f56bfc062723c751e8b465ee728b) (PreviewImporter) -> (artifact id: '785638d8dac4181ff538ff027de345d7') in 0.0144971 seconds
Number of updated asset objects reloaded before import = 0Number of asset objects unloaded after import = 2

========================================================================
Received Import Request.
  Time since last request: 0.000072 seconds.
  path: Assets/_Barking_Dog/_3D Scifi Base Vol 1/SpeedTree/Broadleaf/Broadleaves_Mobile_Spec.tga
  artifactKey: Guid(db2f1c62933fa1745a9eb8479b15698b) Importer(815301076,1909f56bfc062723c751e8b465ee728b)
Start importing Assets/_Barking_Dog/_3D Scifi Base Vol 1/SpeedTree/Broadleaf/Broadleaves_Mobile_Spec.tga using Guid(db2f1c62933fa1745a9eb8479b15698b) Importer(815301076,1909f56bfc062723c751e8b465ee728b) (PreviewImporter) -> (artifact id: '8c3d27140e493162a53ccae0ada95384') in 0.042845 seconds
Number of updated asset objects reloaded before import = 0Number of asset objects unloaded after import = 2

========================================================================
Received Import Request.
  Time since last request: 0.000031 seconds.
  path: Assets/_Barking_Dog/_3D Scifi Base Vol 1/SpeedTree/Broadleaf/Broadleaves_Desktop_Normal.tga
  artifactKey: Guid(e7b2d3eeb0a4d694792c93a8ab87e4a4) Importer(815301076,1909f56bfc062723c751e8b465ee728b)
Start importing Assets/_Barking_Dog/_3D Scifi Base Vol 1/SpeedTree/Broadleaf/Broadleaves_Desktop_Normal.tga using Guid(e7b2d3eeb0a4d694792c93a8ab87e4a4) Importer(815301076,1909f56bfc062723c751e8b465ee728b) (PreviewImporter) -> (artifact id: '4898b870662a41f8372411d412079580') in 0.041642 seconds
Number of updated asset objects reloaded before import = 0Number of asset objects unloaded after import = 2

========================================================================
Received Import Request.
  Time since last request: 0.000034 seconds.
  path: Assets/_Barking_Dog/_3D Scifi Base Vol 1/SpeedTree/Broadleaf/Cap_02.tga
  artifactKey: Guid(ee07ea8cb1a00c844b4048d37dcfe712) Importer(815301076,1909f56bfc062723c751e8b465ee728b)
Start importing Assets/_Barking_Dog/_3D Scifi Base Vol 1/SpeedTree/Broadleaf/Cap_02.tga using Guid(ee07ea8cb1a00c844b4048d37dcfe712) Importer(815301076,1909f56bfc062723c751e8b465ee728b) (PreviewImporter) -> (artifact id: '963598d24c4f197293d6e0e376fe0153') in 0.0178119 seconds
Number of updated asset objects reloaded before import = 0Number of asset objects unloaded after import = 2

========================================================================
Received Import Request.
  Time since last request: 0.000086 seconds.
  path: Assets/_Barking_Dog/_3D Scifi Base Vol 1/SpeedTree/Broadleaf/Broadleaf_Mobile_Atlas_Specular.tga
  artifactKey: Guid(45cab4c9b31009748999eec1556926b3) Importer(815301076,1909f56bfc062723c751e8b465ee728b)
Start importing Assets/_Barking_Dog/_3D Scifi Base Vol 1/SpeedTree/Broadleaf/Broadleaf_Mobile_Atlas_Specular.tga using Guid(45cab4c9b31009748999eec1556926b3) Importer(815301076,1909f56bfc062723c751e8b465ee728b) (PreviewImporter) -> (artifact id: '37af1087edbb11f4f49efbb802168034') in 0.0750912 seconds
Number of updated asset objects reloaded before import = 0Number of asset objects unloaded after import = 2

========================================================================
Received Import Request.
  Time since last request: 0.000039 seconds.
  path: Assets/_Barking_Dog/_3D Scifi Base Vol 1/SpeedTree/Broadleaf/Broadleaves_Card_Desktop.tga
  artifactKey: Guid(ea60173ceac07334c91568c48cc765cd) Importer(815301076,1909f56bfc062723c751e8b465ee728b)
Start importing Assets/_Barking_Dog/_3D Scifi Base Vol 1/SpeedTree/Broadleaf/Broadleaves_Card_Desktop.tga using Guid(ea60173ceac07334c91568c48cc765cd) Importer(815301076,1909f56bfc062723c751e8b465ee728b) (PreviewImporter) -> (artifact id: '355553beef5ced75d206479271fa5145') in 0.0371479 seconds
Number of updated asset objects reloaded before import = 0Number of asset objects unloaded after import = 2

========================================================================
Received Import Request.
  Time since last request: 0.000042 seconds.
  path: Assets/_Barking_Dog/_3D Scifi Base Vol 1/SpeedTree/Broadleaf/Cap_01.tga
  artifactKey: Guid(c688b8230f338954e977969bd4457584) Importer(815301076,1909f56bfc062723c751e8b465ee728b)
Start importing Assets/_Barking_Dog/_3D Scifi Base Vol 1/SpeedTree/Broadleaf/Cap_01.tga using Guid(c688b8230f338954e977969bd4457584) Importer(815301076,1909f56bfc062723c751e8b465ee728b) (PreviewImporter) -> (artifact id: '32b628e2b748b0279872a4801f1cb098') in 0.0508851 seconds
Number of updated asset objects reloaded before import = 0Number of asset objects unloaded after import = 2

========================================================================
Received Import Request.
  Time since last request: 0.000046 seconds.
  path: Assets/_Barking_Dog/_3D Scifi Base Vol 1/SpeedTree/Broadleaf/Broadleaf_Mobile_Atlas_Billboards_Normal.tga
  artifactKey: Guid(c9de3ae2361df6c469caeb2024321cbf) Importer(815301076,1909f56bfc062723c751e8b465ee728b)
Start importing Assets/_Barking_Dog/_3D Scifi Base Vol 1/SpeedTree/Broadleaf/Broadleaf_Mobile_Atlas_Billboards_Normal.tga using Guid(c9de3ae2361df6c469caeb2024321cbf) Importer(815301076,1909f56bfc062723c751e8b465ee728b) (PreviewImporter) -> (artifact id: '562490dfdf05585498b4f3d57339c363') in 0.0451501 seconds
Number of updated asset objects reloaded before import = 0Number of asset objects unloaded after import = 2

========================================================================
Received Import Request.
  Time since last request: 0.000057 seconds.
  path: Assets/_Barking_Dog/_3D Scifi Base Vol 1/SpeedTree/Broadleaf/Broadleaf_Desktop_Atlas_Specular.tga
  artifactKey: Guid(d954891cb9e58434d86e01d839ed4997) Importer(815301076,1909f56bfc062723c751e8b465ee728b)
Start importing Assets/_Barking_Dog/_3D Scifi Base Vol 1/SpeedTree/Broadleaf/Broadleaf_Desktop_Atlas_Specular.tga using Guid(d954891cb9e58434d86e01d839ed4997) Importer(815301076,1909f56bfc062723c751e8b465ee728b) (PreviewImporter) -> (artifact id: 'b3cb842d03767172c56576df7f923b81') in 0.071475 seconds
Number of updated asset objects reloaded before import = 0Number of asset objects unloaded after import = 2

========================================================================
Received Import Request.
  Time since last request: 0.000047 seconds.
  path: Assets/_Barking_Dog/_3D Scifi Base Vol 1/SpeedTree/Broadleaf/Broadleaves_Card_Desktop_Normal.tga
  artifactKey: Guid(f0d8945c7972e4747aa776e16494fa37) Importer(815301076,1909f56bfc062723c751e8b465ee728b)
Start importing Assets/_Barking_Dog/_3D Scifi Base Vol 1/SpeedTree/Broadleaf/Broadleaves_Card_Desktop_Normal.tga using Guid(f0d8945c7972e4747aa776e16494fa37) Importer(815301076,1909f56bfc062723c751e8b465ee728b) (PreviewImporter) -> (artifact id: '28904bf9bcee026173057400b6af7ace') in 0.0455079 seconds
Number of updated asset objects reloaded before import = 0Number of asset objects unloaded after import = 2

========================================================================
Received Import Request.
  Time since last request: 8.691347 seconds.
  path: Assets/_Barking_Dog/_3D Scifi Base Vol 1/Prefabs/_Doors
  artifactKey: Guid(9cbc119bbf7b649cb89b233983dd9274) Importer(815301076,1909f56bfc062723c751e8b465ee728b)
Start importing Assets/_Barking_Dog/_3D Scifi Base Vol 1/Prefabs/_Doors using Guid(9cbc119bbf7b649cb89b233983dd9274) Importer(815301076,1909f56bfc062723c751e8b465ee728b) (PreviewImporter) -> (artifact id: '04f78d9dbaf57cdedd9681ea93aab0c0') in 0.0225747 seconds
Number of updated asset objects reloaded before import = 0Number of asset objects unloaded after import = 0

========================================================================
Received Import Request.
  Time since last request: 0.197794 seconds.
  path: Assets/_Barking_Dog/_3D Scifi Base Vol 1/Prefabs/_Doors/Horizontal_Doors_Kit.prefab
  artifactKey: Guid(493786f8822084ddf9dd64b47a40c45e) Importer(815301076,1909f56bfc062723c751e8b465ee728b)
Start importing Assets/_Barking_Dog/_3D Scifi Base Vol 1/Prefabs/_Doors/Horizontal_Doors_Kit.prefab using Guid(493786f8822084ddf9dd64b47a40c45e) Importer(815301076,1909f56bfc062723c751e8b465ee728b) (PreviewImporter) -> (artifact id: 'c5aa6c043c4ba2b1e9bedebc67140053') in 0.0350486 seconds
Number of updated asset objects reloaded before import = 0Number of asset objects unloaded after import = 6

========================================================================
Received Import Request.
  Time since last request: 447.184753 seconds.
  path: Assets/_Barking_Dog/_3D Scifi Base Vol 1/TerrainAutoUpgrade/layer_Grass_02Grass_02_Norm(5.000,5.000)(0.000,0.000)(0.000,0.000,0.000),0.000,0.200.terrainlayer
  artifactKey: Guid(3e9be0bccca228a4c9547039db17a4f3) Importer(815301076,1909f56bfc062723c751e8b465ee728b)
Start importing Assets/_Barking_Dog/_3D Scifi Base Vol 1/TerrainAutoUpgrade/layer_Grass_02Grass_02_Norm(5.000,5.000)(0.000,0.000)(0.000,0.000,0.000),0.000,0.200.terrainlayer using Guid(3e9be0bccca228a4c9547039db17a4f3) Importer(815301076,1909f56bfc062723c751e8b465ee728b) (PreviewImporter) -> (artifact id: '68df5d04e0ac85ddef13afd83238a109') in 0.2860848 seconds
Number of updated asset objects reloaded before import = 0Number of asset objects unloaded after import = 4

========================================================================
Received Import Request.
  Time since last request: 61.048541 seconds.
  path: Assets/New Terrain.asset
  artifactKey: Guid(2e8ab34505a1d7746946187acf53c989) Importer(2089858483,b0f066a214c2f5e87bad3c948f4d605d)
Start importing Assets/New Terrain.asset using Guid(2e8ab34505a1d7746946187acf53c989) Importer(2089858483,b0f066a214c2f5e87bad3c948f4d605d) (ScriptedImporter) -> (artifact id: '60ad678a38a12e841f52f2a291666bc6') in 0.2008606 seconds
Number of updated asset objects reloaded before import = 0Number of asset objects unloaded after import = 2

========================================================================
Received Import Request.
  Time since last request: 0.000079 seconds.
  path: Assets/_Barking_Dog/_3D Scifi Base Vol 1/Meshes/Materials/Wall_Atlas_02_Dif_Alpha.mat
  artifactKey: Guid(33cac922f8a0948a7a33ed1b88809899) Importer(2089858483,b0f066a214c2f5e87bad3c948f4d605d)
Start importing Assets/_Barking_Dog/_3D Scifi Base Vol 1/Meshes/Materials/Wall_Atlas_02_Dif_Alpha.mat using Guid(33cac922f8a0948a7a33ed1b88809899) Importer(2089858483,b0f066a214c2f5e87bad3c948f4d605d) (ScriptedImporter) -> (artifact id: '7499d19ae84293cd8776f2027fa7875b') in 1.7187909 seconds
Number of updated asset objects reloaded before import = 0Number of asset objects unloaded after import = 6

========================================================================
Received Import Request.
  Time since last request: 0.000049 seconds.
  path: Assets/Scenes/SampleScene.unity
  artifactKey: Guid(99c9720ab356a0642a771bea13969a05) Importer(2089858483,b0f066a214c2f5e87bad3c948f4d605d)
Start importing Assets/Scenes/SampleScene.unity using Guid(99c9720ab356a0642a771bea13969a05) Importer(2089858483,b0f066a214c2f5e87bad3c948f4d605d) (ScriptedImporter) -> (artifact id: 'c411894ff1b1b23efeca53aa20e9497c') in 0.0237385 seconds
Number of updated asset objects reloaded before import = 0Number of asset objects unloaded after import = 1

========================================================================
Received Import Request.
  Time since last request: 0.000033 seconds.
  path: Assets/_Barking_Dog/_3D Scifi Base Vol 1/Meshes/Materials/Wall_Atlas_02_Dif.mat
  artifactKey: Guid(1ac847cb5cf114b8da3ff584b17377c0) Importer(2089858483,b0f066a214c2f5e87bad3c948f4d605d)
Start importing Assets/_Barking_Dog/_3D Scifi Base Vol 1/Meshes/Materials/Wall_Atlas_02_Dif.mat using Guid(1ac847cb5cf114b8da3ff584b17377c0) Importer(2089858483,b0f066a214c2f5e87bad3c948f4d605d) (ScriptedImporter) -> (artifact id: 'eaf97461c44f3de5cc8ba9a014734cf7') in 0.295632 seconds
Number of updated asset objects reloaded before import = 0Number of asset objects unloaded after import = 6

========================================================================
Received Import Request.
  Time since last request: 0.000048 seconds.
  path: Assets/_Barking_Dog/_3D Scifi Base Vol 1/Meshes/Materials/Wall_Atlas_06_Dif.mat
  artifactKey: Guid(14048f322290c4011b3c46546da90f66) Importer(2089858483,b0f066a214c2f5e87bad3c948f4d605d)
Start importing Assets/_Barking_Dog/_3D Scifi Base Vol 1/Meshes/Materials/Wall_Atlas_06_Dif.mat using Guid(14048f322290c4011b3c46546da90f66) Importer(2089858483,b0f066a214c2f5e87bad3c948f4d605d) (ScriptedImporter) -> (artifact id: 'e60a5c9640bf6abe7da22f1fd7f9441d') in 1.2786426 seconds
Number of updated asset objects reloaded before import = 0Number of asset objects unloaded after import = 6

========================================================================
Received Import Request.
  Time since last request: 0.000054 seconds.
  path: Assets/_Barking_Dog/_3D Scifi Base Vol 1/Meshes/Materials/Wall_Atlas_04_Dif.mat
  artifactKey: Guid(7120ab67262e24480bbf596cf72c0c66) Importer(2089858483,b0f066a214c2f5e87bad3c948f4d605d)
Start importing Assets/_Barking_Dog/_3D Scifi Base Vol 1/Meshes/Materials/Wall_Atlas_04_Dif.mat using Guid(7120ab67262e24480bbf596cf72c0c66) Importer(2089858483,b0f066a214c2f5e87bad3c948f4d605d) (ScriptedImporter) -> (artifact id: 'e76625d96f86636bf0e8cbf904849168') in 1.7265661 seconds
Number of updated asset objects reloaded before import = 0Number of asset objects unloaded after import = 6

========================================================================
Received Import Request.
  Time since last request: 0.000049 seconds.
  path: Assets/_Barking_Dog/_3D Scifi Base Vol 1/Meshes/Materials/Light_Yellow.mat
  artifactKey: Guid(f3c43bc207f8d483d8539ca0cd66426c) Importer(2089858483,b0f066a214c2f5e87bad3c948f4d605d)
Start importing Assets/_Barking_Dog/_3D Scifi Base Vol 1/Meshes/Materials/Light_Yellow.mat using Guid(f3c43bc207f8d483d8539ca0cd66426c) Importer(2089858483,b0f066a214c2f5e87bad3c948f4d605d) (ScriptedImporter) -> (artifact id: '08ba023f940ad0b49bb65846845d6a3f') in 0.0078994 seconds
Number of updated asset objects reloaded before import = 0Number of asset objects unloaded after import = 1

========================================================================
Received Import Request.
  Time since last request: 0.000044 seconds.
  path: Assets/_Barking_Dog/_3D Scifi Base Vol 1/Textures/Screen_02.mat
  artifactKey: Guid(3434a38242ca941518d1d5e12972b4ee) Importer(2089858483,b0f066a214c2f5e87bad3c948f4d605d)
Start importing Assets/_Barking_Dog/_3D Scifi Base Vol 1/Textures/Screen_02.mat using Guid(3434a38242ca941518d1d5e12972b4ee) Importer(2089858483,b0f066a214c2f5e87bad3c948f4d605d) (ScriptedImporter) -> (artifact id: '7aa2ea5cf478428c39c3255a847e8f5a') in 0.1729076 seconds
Number of updated asset objects reloaded before import = 0Number of asset objects unloaded after import = 2

========================================================================
Received Import Request.
  Time since last request: 0.000048 seconds.
  path: Assets/_Barking_Dog/_3D Scifi Base Vol 1/Textures/Screen_01.mat
  artifactKey: Guid(8b6c1037bbebf4bdd8d31f114c466032) Importer(2089858483,b0f066a214c2f5e87bad3c948f4d605d)
Start importing Assets/_Barking_Dog/_3D Scifi Base Vol 1/Textures/Screen_01.mat using Guid(8b6c1037bbebf4bdd8d31f114c466032) Importer(2089858483,b0f066a214c2f5e87bad3c948f4d605d) (ScriptedImporter) -> (artifact id: 'c9c966b82150652d1aae25d32423eb8c') in 0.1659259 seconds
Number of updated asset objects reloaded before import = 0Number of asset objects unloaded after import = 2

========================================================================
Received Import Request.
  Time since last request: 0.000058 seconds.
  path: Assets/_Barking_Dog/_3D Scifi Base Vol 1/Meshes/Materials/Water.mat
  artifactKey: Guid(0e10949afaf7b734e89d7ceefb279d73) Importer(2089858483,b0f066a214c2f5e87bad3c948f4d605d)
Start importing Assets/_Barking_Dog/_3D Scifi Base Vol 1/Meshes/Materials/Water.mat using Guid(0e10949afaf7b734e89d7ceefb279d73) Importer(2089858483,b0f066a214c2f5e87bad3c948f4d605d) (ScriptedImporter) -> (artifact id: 'c497cb0cedf56d5513a4a924456d6e88') in 0.1196267 seconds
Number of updated asset objects reloaded before import = 0Number of asset objects unloaded after import = 2

========================================================================
Received Import Request.
  Time since last request: 0.000042 seconds.
  path: Assets/_Barking_Dog/_3D Scifi Base Vol 1/Meshes/Materials/Wall_Atlas_07_Dif.mat
  artifactKey: Guid(8b1c16d3c43324ed1abf432b456dff6a) Importer(2089858483,b0f066a214c2f5e87bad3c948f4d605d)
Start importing Assets/_Barking_Dog/_3D Scifi Base Vol 1/Meshes/Materials/Wall_Atlas_07_Dif.mat using Guid(8b1c16d3c43324ed1abf432b456dff6a) Importer(2089858483,b0f066a214c2f5e87bad3c948f4d605d) (ScriptedImporter) -> (artifact id: '14268904a7cf7669af65e2ec2f7f10fa') in 1.2338706 seconds
Number of updated asset objects reloaded before import = 0Number of asset objects unloaded after import = 6

========================================================================
Received Import Request.
  Time since last request: 0.000043 seconds.
  path: Assets/_Barking_Dog/_3D Scifi Base Vol 1/Meshes/Materials/Wall_Atlas_05_Dif.mat
  artifactKey: Guid(3c8efba4a44334e8fb04831e0d8a8f65) Importer(2089858483,b0f066a214c2f5e87bad3c948f4d605d)
Start importing Assets/_Barking_Dog/_3D Scifi Base Vol 1/Meshes/Materials/Wall_Atlas_05_Dif.mat using Guid(3c8efba4a44334e8fb04831e0d8a8f65) Importer(2089858483,b0f066a214c2f5e87bad3c948f4d605d) (ScriptedImporter) -> (artifact id: 'b8fbc00367d46e976d318ba0c75d0b6e') in 1.0933166 seconds
Number of updated asset objects reloaded before import = 0Number of asset objects unloaded after import = 6

========================================================================
Received Import Request.
  Time since last request: 0.000068 seconds.
  path: Assets/_Barking_Dog/_3D Scifi Base Vol 1/Meshes/Materials/Wall_Atlas_08_Dif.mat
  artifactKey: Guid(05df4a394d78c484caf9134ac61ea16b) Importer(2089858483,b0f066a214c2f5e87bad3c948f4d605d)
Start importing Assets/_Barking_Dog/_3D Scifi Base Vol 1/Meshes/Materials/Wall_Atlas_08_Dif.mat using Guid(05df4a394d78c484caf9134ac61ea16b) Importer(2089858483,b0f066a214c2f5e87bad3c948f4d605d) (ScriptedImporter) -> (artifact id: '5080cba71598c0a19593bddca0f237a0') in 1.1464947 seconds
Number of updated asset objects reloaded before import = 0Number of asset objects unloaded after import = 6

========================================================================
Received Prepare
Begin MonoManager ReloadAssembly
[Licensing::Client] Successfully resolved entitlement details
ADTM: Control thread waiting for realtime thread timed out, have to lock...
- Loaded All Assemblies, in  3.349 seconds
Refreshing native plugins compatible for Editor in 1.28 ms, found 3 plugins.
Native extension for Android target not found
Native extension for WindowsStandalone target not found
[Package Manager] Failed to launch server process. Reason: Unity was launched with the -noUpm command-line argument
[Package Manager] Unable to send message (not connected to server process).
[Package Manager] Cannot connect to Unity Package Manager local server
[Package Manager] Failed to launch server process. Reason: Unity was launched with the -noUpm command-line argument
[Package Manager] Unable to send message (not connected to server process).
[Package Manager] Cannot connect to Unity Package Manager local server
ScheduleIndexationOnStartup MainProcess:False IndexOnStartup:True
Mono: successfully reloaded assembly
- Finished resetting the current domain, in  2.240 seconds
Domain Reload Profiling: 5597ms
	BeginReloadAssembly (1814ms)
		ExecutionOrderSort (0ms)
		DisableScriptedObjects (63ms)
		BackupInstance (0ms)
		ReleaseScriptingObjects (0ms)
		CreateAndSetChildDomain (1221ms)
	RebuildCommonClasses (128ms)
	RebuildNativeTypeToScriptingClass (43ms)
	initialDomainReloadingComplete (62ms)
	LoadAllAssembliesAndSetupDomain (1308ms)
		LoadAssemblies (1043ms)
		RebuildTransferFunctionScriptingTraits (0ms)
		AnalyzeDomain (647ms)
			TypeCache.Refresh (24ms)
				TypeCache.ScanAssembly (0ms)
			BuildScriptInfoCaches (582ms)
			ResolveRequiredComponents (31ms)
	FinalizeReload (2241ms)
		ReleaseScriptCaches (0ms)
		RebuildScriptCaches (0ms)
		SetupLoadedEditorAssemblies (1738ms)
			LogAssemblyErrors (0ms)
			InitializePlatformSupportModulesInManaged (22ms)
			SetLoadedEditorAssemblies (12ms)
			BeforeProcessingInitializeOnLoad (413ms)
			ProcessInitializeOnLoadAttributes (1025ms)
			ProcessInitializeOnLoadMethodAttributes (256ms)
			AfterProcessingInitializeOnLoad (8ms)
			EditorAssembliesLoaded (1ms)
		ExecutionOrderSort2 (0ms)
		AwakeInstancesAfterBackupRestoration (51ms)
Refreshing native plugins compatible for Editor in 3.04 ms, found 3 plugins.
Preloading 0 native plugins for Editor in 0.00 ms.
Unloading 17 Unused Serialized files (Serialized files now loaded: 0)
Unloading 6193 unused Assets / (6.4 MB). Loaded Objects now: 7130.
Memory consumption went from 167.2 MB to 160.8 MB.
Total: 34.171700 ms (FindLiveObjects: 1.493800 ms CreateObjectMapping: 4.402200 ms MarkObjects: 14.799000 ms  DeleteObjects: 13.474800 ms)

Prepare: number of updated asset objects reloaded= 0
========================================================================
Received Prepare
Begin MonoManager ReloadAssembly
[Licensing::Client] Successfully resolved entitlement details
ADTM: Control thread waiting for realtime thread timed out, have to lock...
- Loaded All Assemblies, in  2.122 seconds
Refreshing native plugins compatible for Editor in 1.25 ms, found 3 plugins.
Native extension for Android target not found
Native extension for WindowsStandalone target not found
[Package Manager] Failed to launch server process. Reason: Unity was launched with the -noUpm command-line argument
[Package Manager] Unable to send message (not connected to server process).
[Package Manager] Cannot connect to Unity Package Manager local server
[Package Manager] Failed to launch server process. Reason: Unity was launched with the -noUpm command-line argument
[Package Manager] Unable to send message (not connected to server process).
[Package Manager] Cannot connect to Unity Package Manager local server
ScheduleIndexationOnStartup MainProcess:False IndexOnStartup:True
Mono: successfully reloaded assembly
- Finished resetting the current domain, in  1.676 seconds
Domain Reload Profiling: 3801ms
	BeginReloadAssembly (1353ms)
		ExecutionOrderSort (0ms)
		DisableScriptedObjects (8ms)
		BackupInstance (0ms)
		ReleaseScriptingObjects (0ms)
		CreateAndSetChildDomain (1074ms)
	RebuildCommonClasses (75ms)
	RebuildNativeTypeToScriptingClass (30ms)
	initialDomainReloadingComplete (35ms)
	LoadAllAssembliesAndSetupDomain (632ms)
		LoadAssemblies (511ms)
		RebuildTransferFunctionScriptingTraits (0ms)
		AnalyzeDomain (281ms)
			TypeCache.Refresh (12ms)
				TypeCache.ScanAssembly (0ms)
			BuildScriptInfoCaches (245ms)
			ResolveRequiredComponents (19ms)
	FinalizeReload (1677ms)
		ReleaseScriptCaches (0ms)
		RebuildScriptCaches (0ms)
		SetupLoadedEditorAssemblies (1272ms)
			LogAssemblyErrors (0ms)
			InitializePlatformSupportModulesInManaged (19ms)
			SetLoadedEditorAssemblies (13ms)
			BeforeProcessingInitializeOnLoad (321ms)
			ProcessInitializeOnLoadAttributes (734ms)
			ProcessInitializeOnLoadMethodAttributes (179ms)
			AfterProcessingInitializeOnLoad (6ms)
			EditorAssembliesLoaded (1ms)
		ExecutionOrderSort2 (1ms)
		AwakeInstancesAfterBackupRestoration (39ms)
Refreshing native plugins compatible for Editor in 0.91 ms, found 3 plugins.
Preloading 0 native plugins for Editor in 0.00 ms.
Unloading 17 Unused Serialized files (Serialized files now loaded: 0)
Unloading 6192 unused Assets / (5.1 MB). Loaded Objects now: 7133.
Memory consumption went from 167.1 MB to 162.0 MB.
Total: 26.385500 ms (FindLiveObjects: 1.864100 ms CreateObjectMapping: 5.460600 ms MarkObjects: 10.703800 ms  DeleteObjects: 8.355200 ms)

Prepare: number of updated asset objects reloaded= 0
========================================================================
Received Prepare
Begin MonoManager ReloadAssembly
[Licensing::Client] Successfully resolved entitlement details
ADTM: Control thread waiting for realtime thread timed out, have to lock...
- Loaded All Assemblies, in  2.631 seconds
Refreshing native plugins compatible for Editor in 1.53 ms, found 3 plugins.
Native extension for Android target not found
Native extension for WindowsStandalone target not found
[Package Manager] Failed to launch server process. Reason: Unity was launched with the -noUpm command-line argument
[Package Manager] Unable to send message (not connected to server process).
[Package Manager] Cannot connect to Unity Package Manager local server
[Package Manager] Failed to launch server process. Reason: Unity was launched with the -noUpm command-line argument
[Package Manager] Unable to send message (not connected to server process).
[Package Manager] Cannot connect to Unity Package Manager local server
ScheduleIndexationOnStartup MainProcess:False IndexOnStartup:True
Mono: successfully reloaded assembly
- Finished resetting the current domain, in  2.355 seconds
Domain Reload Profiling: 4991ms
	BeginReloadAssembly (1447ms)
		ExecutionOrderSort (0ms)
		DisableScriptedObjects (9ms)
		BackupInstance (0ms)
		ReleaseScriptingObjects (0ms)
		CreateAndSetChildDomain (1086ms)
	RebuildCommonClasses (107ms)
	RebuildNativeTypeToScriptingClass (34ms)
	initialDomainReloadingComplete (60ms)
	LoadAllAssembliesAndSetupDomain (988ms)
		LoadAssemblies (825ms)
		RebuildTransferFunctionScriptingTraits (0ms)
		AnalyzeDomain (392ms)
			TypeCache.Refresh (12ms)
				TypeCache.ScanAssembly (0ms)
			BuildScriptInfoCaches (353ms)
			ResolveRequiredComponents (22ms)
	FinalizeReload (2356ms)
		ReleaseScriptCaches (0ms)
		RebuildScriptCaches (0ms)
		SetupLoadedEditorAssemblies (1840ms)
			LogAssemblyErrors (0ms)
			InitializePlatformSupportModulesInManaged (29ms)
			SetLoadedEditorAssemblies (16ms)
			BeforeProcessingInitializeOnLoad (474ms)
			ProcessInitializeOnLoadAttributes (1096ms)
			ProcessInitializeOnLoadMethodAttributes (215ms)
			AfterProcessingInitializeOnLoad (9ms)
			EditorAssembliesLoaded (1ms)
		ExecutionOrderSort2 (0ms)
		AwakeInstancesAfterBackupRestoration (63ms)
Refreshing native plugins compatible for Editor in 1.55 ms, found 3 plugins.
Preloading 0 native plugins for Editor in 0.00 ms.
Unloading 17 Unused Serialized files (Serialized files now loaded: 0)
Unloading 6192 unused Assets / (5.3 MB). Loaded Objects now: 7136.
Memory consumption went from 167.2 MB to 161.9 MB.
Total: 45.017000 ms (FindLiveObjects: 4.108400 ms CreateObjectMapping: 3.827900 ms MarkObjects: 29.388200 ms  DeleteObjects: 7.691100 ms)

Prepare: number of updated asset objects reloaded= 0
========================================================================
Received Prepare
Begin MonoManager ReloadAssembly
[Licensing::Client] Successfully resolved entitlement details
ADTM: Control thread waiting for realtime thread timed out, have to lock...
- Loaded All Assemblies, in  2.212 seconds
Refreshing native plugins compatible for Editor in 1.15 ms, found 3 plugins.
Native extension for Android target not found
Native extension for WindowsStandalone target not found
[Package Manager] Failed to launch server process. Reason: Unity was launched with the -noUpm command-line argument
[Package Manager] Unable to send message (not connected to server process).
[Package Manager] Cannot connect to Unity Package Manager local server
[Package Manager] Failed to launch server process. Reason: Unity was launched with the -noUpm command-line argument
[Package Manager] Unable to send message (not connected to server process).
[Package Manager] Cannot connect to Unity Package Manager local server
ScheduleIndexationOnStartup MainProcess:False IndexOnStartup:True
Mono: successfully reloaded assembly
- Finished resetting the current domain, in  1.669 seconds
Domain Reload Profiling: 3886ms
	BeginReloadAssembly (1349ms)
		ExecutionOrderSort (0ms)
		DisableScriptedObjects (11ms)
		BackupInstance (0ms)
		ReleaseScriptingObjects (0ms)
		CreateAndSetChildDomain (1080ms)
	RebuildCommonClasses (64ms)
	RebuildNativeTypeToScriptingClass (21ms)
	initialDomainReloadingComplete (50ms)
	LoadAllAssembliesAndSetupDomain (733ms)
		LoadAssemblies (609ms)
		RebuildTransferFunctionScriptingTraits (0ms)
		AnalyzeDomain (297ms)
			TypeCache.Refresh (11ms)
				TypeCache.ScanAssembly (0ms)
			BuildScriptInfoCaches (267ms)
			ResolveRequiredComponents (15ms)
	FinalizeReload (1670ms)
		ReleaseScriptCaches (0ms)
		RebuildScriptCaches (0ms)
		SetupLoadedEditorAssemblies (1309ms)
			LogAssemblyErrors (0ms)
			InitializePlatformSupportModulesInManaged (20ms)
			SetLoadedEditorAssemblies (12ms)
			BeforeProcessingInitializeOnLoad (349ms)
			ProcessInitializeOnLoadAttributes (746ms)
			ProcessInitializeOnLoadMethodAttributes (175ms)
			AfterProcessingInitializeOnLoad (6ms)
			EditorAssembliesLoaded (0ms)
		ExecutionOrderSort2 (0ms)
		AwakeInstancesAfterBackupRestoration (39ms)
Refreshing native plugins compatible for Editor in 1.40 ms, found 3 plugins.
Preloading 0 native plugins for Editor in 0.00 ms.
Unloading 17 Unused Serialized files (Serialized files now loaded: 0)
Unloading 6192 unused Assets / (6.0 MB). Loaded Objects now: 7139.
Memory consumption went from 167.2 MB to 161.2 MB.
Total: 22.613200 ms (FindLiveObjects: 1.143400 ms CreateObjectMapping: 1.962800 ms MarkObjects: 11.876400 ms  DeleteObjects: 7.628700 ms)

Prepare: number of updated asset objects reloaded= 0
========================================================================
Received Import Request.
  Time since last request: 2275.939901 seconds.
  path: Assets/New Terrain.asset
  artifactKey: Guid(2e8ab34505a1d7746946187acf53c989) Importer(815301076,1909f56bfc062723c751e8b465ee728b)
Start importing Assets/New Terrain.asset using Guid(2e8ab34505a1d7746946187acf53c989) Importer(815301076,1909f56bfc062723c751e8b465ee728b) (PreviewImporter) -> (artifact id: '5bea6e284dc774489b80a7d708b1033c') in 0.2643264 seconds
Number of updated asset objects reloaded before import = 0Number of asset objects unloaded after import = 3

========================================================================
Received Import Request.
  Time since last request: 1.480636 seconds.
  path: Assets/Scenes/SampleScene.unity
  artifactKey: Guid(99c9720ab356a0642a771bea13969a05) Importer(815301076,1909f56bfc062723c751e8b465ee728b)
Start importing Assets/Scenes/SampleScene.unity using Guid(99c9720ab356a0642a771bea13969a05) Importer(815301076,1909f56bfc062723c751e8b465ee728b) (PreviewImporter) -> (artifact id: '0d7b36059b9cbf56dbfde94ecb4c6be4') in 0.0009904 seconds
Number of updated asset objects reloaded before import = 0Number of asset objects unloaded after import = 0

========================================================================
Received Prepare
Begin MonoManager ReloadAssembly
[Licensing::Client] Successfully resolved entitlement details
ADTM: Control thread waiting for realtime thread timed out, have to lock...
- Loaded All Assemblies, in  2.083 seconds
Refreshing native plugins compatible for Editor in 1.44 ms, found 3 plugins.
Native extension for Android target not found
Native extension for WindowsStandalone target not found
[Package Manager] Failed to launch server process. Reason: Unity was launched with the -noUpm command-line argument
[Package Manager] Unable to send message (not connected to server process).
[Package Manager] Cannot connect to Unity Package Manager local server
[Package Manager] Failed to launch server process. Reason: Unity was launched with the -noUpm command-line argument
[Package Manager] Unable to send message (not connected to server process).
[Package Manager] Cannot connect to Unity Package Manager local server
ScheduleIndexationOnStartup MainProcess:False IndexOnStartup:True
Mono: successfully reloaded assembly
- Finished resetting the current domain, in  1.792 seconds
Domain Reload Profiling: 3879ms
	BeginReloadAssembly (1328ms)
		ExecutionOrderSort (0ms)
		DisableScriptedObjects (9ms)
		BackupInstance (0ms)
		ReleaseScriptingObjects (0ms)
		CreateAndSetChildDomain (1082ms)
	RebuildCommonClasses (53ms)
	RebuildNativeTypeToScriptingClass (28ms)
	initialDomainReloadingComplete (44ms)
	LoadAllAssembliesAndSetupDomain (634ms)
		LoadAssemblies (513ms)
		RebuildTransferFunctionScriptingTraits (0ms)
		AnalyzeDomain (276ms)
			TypeCache.Refresh (17ms)
				TypeCache.ScanAssembly (0ms)
			BuildScriptInfoCaches (241ms)
			ResolveRequiredComponents (14ms)
	FinalizeReload (1793ms)
		ReleaseScriptCaches (0ms)
		RebuildScriptCaches (0ms)
		SetupLoadedEditorAssemblies (1349ms)
			LogAssemblyErrors (0ms)
			InitializePlatformSupportModulesInManaged (19ms)
			SetLoadedEditorAssemblies (10ms)
			BeforeProcessingInitializeOnLoad (349ms)
			ProcessInitializeOnLoadAttributes (794ms)
			ProcessInitializeOnLoadMethodAttributes (168ms)
			AfterProcessingInitializeOnLoad (8ms)
			EditorAssembliesLoaded (1ms)
		ExecutionOrderSort2 (0ms)
		AwakeInstancesAfterBackupRestoration (41ms)
Refreshing native plugins compatible for Editor in 1.45 ms, found 3 plugins.
Preloading 0 native plugins for Editor in 0.00 ms.
Unloading 17 Unused Serialized files (Serialized files now loaded: 0)
Unloading 6192 unused Assets / (6.2 MB). Loaded Objects now: 7142.
Memory consumption went from 167.3 MB to 161.1 MB.
Total: 30.392400 ms (FindLiveObjects: 2.940700 ms CreateObjectMapping: 2.702300 ms MarkObjects: 15.577600 ms  DeleteObjects: 9.170100 ms)

Prepare: number of updated asset objects reloaded= 0
========================================================================
Received Import Request.
  Time since last request: 199.698258 seconds.
  path: Assets/_Barking_Dog/_3D Scifi Base Vol 1/Splat/Grass_02_Norm.png
  artifactKey: Guid(ff9c37cf0b00b41ec81f5b0c1386a696) Importer(815301076,1909f56bfc062723c751e8b465ee728b)
Start importing Assets/_Barking_Dog/_3D Scifi Base Vol 1/Splat/Grass_02_Norm.png using Guid(ff9c37cf0b00b41ec81f5b0c1386a696) Importer(815301076,1909f56bfc062723c751e8b465ee728b) (PreviewImporter) -> (artifact id: '4b9418d58b8008b38244d12f82064880') in 0.0989788 seconds
Number of updated asset objects reloaded before import = 0Number of asset objects unloaded after import = 2

========================================================================
Received Import Request.
  Time since last request: 8.326185 seconds.
  path: Assets/_Barking_Dog/_3D Scifi Base Vol 1/Splat/Sand_02_Norm.png
  artifactKey: Guid(b2efe22fb24f24e1bbfd83101ea0dbcb) Importer(815301076,1909f56bfc062723c751e8b465ee728b)
Start importing Assets/_Barking_Dog/_3D Scifi Base Vol 1/Splat/Sand_02_Norm.png using Guid(b2efe22fb24f24e1bbfd83101ea0dbcb) Importer(815301076,1909f56bfc062723c751e8b465ee728b) (PreviewImporter) -> (artifact id: 'f3bec17cff0efd75d959bf8095617a39') in 0.0088638 seconds
Number of updated asset objects reloaded before import = 0Number of asset objects unloaded after import = 2

========================================================================
Received Import Request.
  Time since last request: 30.563260 seconds.
  path: Assets/_Barking_Dog/_3D Scifi Base Vol 1/Splat/Rock_01_Norm.png
  artifactKey: Guid(539f6dfa6d5594ce5aaacec9e05ce162) Importer(815301076,1909f56bfc062723c751e8b465ee728b)
Start importing Assets/_Barking_Dog/_3D Scifi Base Vol 1/Splat/Rock_01_Norm.png using Guid(539f6dfa6d5594ce5aaacec9e05ce162) Importer(815301076,1909f56bfc062723c751e8b465ee728b) (PreviewImporter) -> (artifact id: 'd17a6d18435306f79bfe6c3f5e8e3b6d') in 0.0351805 seconds
Number of updated asset objects reloaded before import = 0Number of asset objects unloaded after import = 2

========================================================================
Received Prepare
Begin MonoManager ReloadAssembly
[Licensing::Client] Successfully resolved entitlement details
ADTM: Control thread waiting for realtime thread timed out, have to lock...
- Loaded All Assemblies, in  2.152 seconds
Refreshing native plugins compatible for Editor in 0.67 ms, found 3 plugins.
Native extension for Android target not found
Native extension for WindowsStandalone target not found
[Package Manager] Failed to launch server process. Reason: Unity was launched with the -noUpm command-line argument
[Package Manager] Unable to send message (not connected to server process).
[Package Manager] Cannot connect to Unity Package Manager local server
[Package Manager] Failed to launch server process. Reason: Unity was launched with the -noUpm command-line argument
[Package Manager] Unable to send message (not connected to server process).
[Package Manager] Cannot connect to Unity Package Manager local server
ScheduleIndexationOnStartup MainProcess:False IndexOnStartup:True
Mono: successfully reloaded assembly
- Finished resetting the current domain, in  1.864 seconds
Domain Reload Profiling: 4019ms
	BeginReloadAssembly (1345ms)
		ExecutionOrderSort (0ms)
		DisableScriptedObjects (8ms)
		BackupInstance (0ms)
		ReleaseScriptingObjects (0ms)
		CreateAndSetChildDomain (1092ms)
	RebuildCommonClasses (55ms)
	RebuildNativeTypeToScriptingClass (26ms)
	initialDomainReloadingComplete (35ms)
	LoadAllAssembliesAndSetupDomain (693ms)
		LoadAssemblies (501ms)
		RebuildTransferFunctionScriptingTraits (0ms)
		AnalyzeDomain (349ms)
			TypeCache.Refresh (10ms)
				TypeCache.ScanAssembly (0ms)
			BuildScriptInfoCaches (316ms)
			ResolveRequiredComponents (18ms)
	FinalizeReload (1864ms)
		ReleaseScriptCaches (0ms)
		RebuildScriptCaches (0ms)
		SetupLoadedEditorAssemblies (1535ms)
			LogAssemblyErrors (0ms)
			InitializePlatformSupportModulesInManaged (17ms)
			SetLoadedEditorAssemblies (15ms)
			BeforeProcessingInitializeOnLoad (387ms)
			ProcessInitializeOnLoadAttributes (908ms)
			ProcessInitializeOnLoadMethodAttributes (195ms)
			AfterProcessingInitializeOnLoad (12ms)
			EditorAssembliesLoaded (1ms)
		ExecutionOrderSort2 (0ms)
		AwakeInstancesAfterBackupRestoration (53ms)
Refreshing native plugins compatible for Editor in 0.83 ms, found 3 plugins.
Preloading 0 native plugins for Editor in 0.00 ms.
Unloading 17 Unused Serialized files (Serialized files now loaded: 0)
Unloading 6192 unused Assets / (6.1 MB). Loaded Objects now: 7145.
Memory consumption went from 167.3 MB to 161.2 MB.
Total: 26.682300 ms (FindLiveObjects: 2.245500 ms CreateObjectMapping: 3.240100 ms MarkObjects: 13.575100 ms  DeleteObjects: 7.619300 ms)

Prepare: number of updated asset objects reloaded= 0
========================================================================
Received Prepare
Begin MonoManager ReloadAssembly
[Licensing::Client] Successfully resolved entitlement details
ADTM: Control thread waiting for realtime thread timed out, have to lock...
- Loaded All Assemblies, in  2.174 seconds
Refreshing native plugins compatible for Editor in 1.35 ms, found 3 plugins.
Native extension for Android target not found
Native extension for WindowsStandalone target not found
[Package Manager] Failed to launch server process. Reason: Unity was launched with the -noUpm command-line argument
[Package Manager] Unable to send message (not connected to server process).
[Package Manager] Cannot connect to Unity Package Manager local server
[Package Manager] Failed to launch server process. Reason: Unity was launched with the -noUpm command-line argument
[Package Manager] Unable to send message (not connected to server process).
[Package Manager] Cannot connect to Unity Package Manager local server
ScheduleIndexationOnStartup MainProcess:False IndexOnStartup:True
Mono: successfully reloaded assembly
- Finished resetting the current domain, in  1.918 seconds
Domain Reload Profiling: 4097ms
	BeginReloadAssembly (1353ms)
		ExecutionOrderSort (0ms)
		DisableScriptedObjects (7ms)
		BackupInstance (0ms)
		ReleaseScriptingObjects (0ms)
		CreateAndSetChildDomain (1092ms)
	RebuildCommonClasses (58ms)
	RebuildNativeTypeToScriptingClass (20ms)
	initialDomainReloadingComplete (44ms)
	LoadAllAssembliesAndSetupDomain (703ms)
		LoadAssemblies (470ms)
		RebuildTransferFunctionScriptingTraits (0ms)
		AnalyzeDomain (373ms)
			TypeCache.Refresh (22ms)
				TypeCache.ScanAssembly (0ms)
			BuildScriptInfoCaches (327ms)
			ResolveRequiredComponents (19ms)
	FinalizeReload (1919ms)
		ReleaseScriptCaches (0ms)
		RebuildScriptCaches (0ms)
		SetupLoadedEditorAssemblies (1434ms)
			LogAssemblyErrors (0ms)
			InitializePlatformSupportModulesInManaged (19ms)
			SetLoadedEditorAssemblies (9ms)
			BeforeProcessingInitializeOnLoad (362ms)
			ProcessInitializeOnLoadAttributes (838ms)
			ProcessInitializeOnLoadMethodAttributes (196ms)
			AfterProcessingInitializeOnLoad (8ms)
			EditorAssembliesLoaded (1ms)
		ExecutionOrderSort2 (0ms)
		AwakeInstancesAfterBackupRestoration (42ms)
Refreshing native plugins compatible for Editor in 1.45 ms, found 3 plugins.
Preloading 0 native plugins for Editor in 0.00 ms.
Unloading 17 Unused Serialized files (Serialized files now loaded: 0)
Unloading 6192 unused Assets / (5.6 MB). Loaded Objects now: 7148.
Memory consumption went from 167.4 MB to 161.7 MB.
Total: 24.581200 ms (FindLiveObjects: 0.946200 ms CreateObjectMapping: 1.819800 ms MarkObjects: 10.802300 ms  DeleteObjects: 11.010500 ms)

Prepare: number of updated asset objects reloaded= 0
========================================================================
Received Prepare
Begin MonoManager ReloadAssembly
[Licensing::Client] Successfully resolved entitlement details
ADTM: Control thread waiting for realtime thread timed out, have to lock...
- Loaded All Assemblies, in  2.091 seconds
Refreshing native plugins compatible for Editor in 0.89 ms, found 3 plugins.
Native extension for Android target not found
Native extension for WindowsStandalone target not found
[Package Manager] Failed to launch server process. Reason: Unity was launched with the -noUpm command-line argument
[Package Manager] Unable to send message (not connected to server process).
[Package Manager] Cannot connect to Unity Package Manager local server
[Package Manager] Failed to launch server process. Reason: Unity was launched with the -noUpm command-line argument
[Package Manager] Unable to send message (not connected to server process).
[Package Manager] Cannot connect to Unity Package Manager local server
ScheduleIndexationOnStartup MainProcess:False IndexOnStartup:True
Mono: successfully reloaded assembly
- Finished resetting the current domain, in  1.596 seconds
Domain Reload Profiling: 3691ms
	BeginReloadAssembly (1311ms)
		ExecutionOrderSort (0ms)
		DisableScriptedObjects (8ms)
		BackupInstance (0ms)
		ReleaseScriptingObjects (0ms)
		CreateAndSetChildDomain (1072ms)
	RebuildCommonClasses (53ms)
	RebuildNativeTypeToScriptingClass (26ms)
	initialDomainReloadingComplete (36ms)
	LoadAllAssembliesAndSetupDomain (667ms)
		LoadAssemblies (489ms)
		RebuildTransferFunctionScriptingTraits (0ms)
		AnalyzeDomain (323ms)
			TypeCache.Refresh (13ms)
				TypeCache.ScanAssembly (0ms)
			BuildScriptInfoCaches (283ms)
			ResolveRequiredComponents (22ms)
	FinalizeReload (1597ms)
		ReleaseScriptCaches (0ms)
		RebuildScriptCaches (0ms)
		SetupLoadedEditorAssemblies (1299ms)
			LogAssemblyErrors (0ms)
			InitializePlatformSupportModulesInManaged (12ms)
			SetLoadedEditorAssemblies (10ms)
			BeforeProcessingInitializeOnLoad (343ms)
			ProcessInitializeOnLoadAttributes (749ms)
			ProcessInitializeOnLoadMethodAttributes (176ms)
			AfterProcessingInitializeOnLoad (8ms)
			EditorAssembliesLoaded (0ms)
		ExecutionOrderSort2 (0ms)
		AwakeInstancesAfterBackupRestoration (42ms)
Refreshing native plugins compatible for Editor in 6.71 ms, found 3 plugins.
Preloading 0 native plugins for Editor in 0.00 ms.
Unloading 17 Unused Serialized files (Serialized files now loaded: 0)
Unloading 6192 unused Assets / (5.9 MB). Loaded Objects now: 7151.
Memory consumption went from 167.4 MB to 161.5 MB.
Total: 29.528900 ms (FindLiveObjects: 2.750000 ms CreateObjectMapping: 3.655500 ms MarkObjects: 11.706100 ms  DeleteObjects: 11.414200 ms)

Prepare: number of updated asset objects reloaded= 0
========================================================================
Received Prepare
Begin MonoManager ReloadAssembly
[Licensing::Client] Successfully resolved entitlement details
ADTM: Control thread waiting for realtime thread timed out, have to lock...
- Loaded All Assemblies, in  2.189 seconds
Refreshing native plugins compatible for Editor in 1.07 ms, found 3 plugins.
Native extension for Android target not found
Native extension for WindowsStandalone target not found
[Package Manager] Failed to launch server process. Reason: Unity was launched with the -noUpm command-line argument
[Package Manager] Unable to send message (not connected to server process).
[Package Manager] Cannot connect to Unity Package Manager local server
[Package Manager] Failed to launch server process. Reason: Unity was launched with the -noUpm command-line argument
[Package Manager] Unable to send message (not connected to server process).
[Package Manager] Cannot connect to Unity Package Manager local server
ScheduleIndexationOnStartup MainProcess:False IndexOnStartup:True
Mono: successfully reloaded assembly
- Finished resetting the current domain, in  0.997 seconds
Domain Reload Profiling: 3189ms
	BeginReloadAssembly (1327ms)
		ExecutionOrderSort (0ms)
		DisableScriptedObjects (8ms)
		BackupInstance (0ms)
		ReleaseScriptingObjects (0ms)
		CreateAndSetChildDomain (1073ms)
	RebuildCommonClasses (77ms)
	RebuildNativeTypeToScriptingClass (21ms)
	initialDomainReloadingComplete (44ms)
	LoadAllAssembliesAndSetupDomain (723ms)
		LoadAssemblies (569ms)
		RebuildTransferFunctionScriptingTraits (0ms)
		AnalyzeDomain (312ms)
			TypeCache.Refresh (13ms)
				TypeCache.ScanAssembly (0ms)
			BuildScriptInfoCaches (276ms)
			ResolveRequiredComponents (17ms)
	FinalizeReload (998ms)
		ReleaseScriptCaches (0ms)
		RebuildScriptCaches (0ms)
		SetupLoadedEditorAssemblies (750ms)
			LogAssemblyErrors (0ms)
			InitializePlatformSupportModulesInManaged (11ms)
			SetLoadedEditorAssemblies (6ms)
			BeforeProcessingInitializeOnLoad (193ms)
			ProcessInitializeOnLoadAttributes (444ms)
			ProcessInitializeOnLoadMethodAttributes (91ms)
			AfterProcessingInitializeOnLoad (5ms)
			EditorAssembliesLoaded (0ms)
		ExecutionOrderSort2 (0ms)
		AwakeInstancesAfterBackupRestoration (25ms)
Refreshing native plugins compatible for Editor in 1.06 ms, found 3 plugins.
Preloading 0 native plugins for Editor in 0.00 ms.
Unloading 17 Unused Serialized files (Serialized files now loaded: 0)
Unloading 6192 unused Assets / (5.5 MB). Loaded Objects now: 7154.
Memory consumption went from 167.5 MB to 161.9 MB.
Total: 19.183300 ms (FindLiveObjects: 1.463200 ms CreateObjectMapping: 2.294100 ms MarkObjects: 10.614800 ms  DeleteObjects: 4.808200 ms)

Prepare: number of updated asset objects reloaded= 0
========================================================================
Received Prepare
Begin MonoManager ReloadAssembly
[Licensing::Client] Successfully resolved entitlement details
ADTM: Control thread waiting for realtime thread timed out, have to lock...
- Loaded All Assemblies, in  2.078 seconds
Refreshing native plugins compatible for Editor in 1.48 ms, found 3 plugins.
Native extension for Android target not found
Native extension for WindowsStandalone target not found
[Package Manager] Failed to launch server process. Reason: Unity was launched with the -noUpm command-line argument
[Package Manager] Unable to send message (not connected to server process).
[Package Manager] Cannot connect to Unity Package Manager local server
[Package Manager] Failed to launch server process. Reason: Unity was launched with the -noUpm command-line argument
[Package Manager] Unable to send message (not connected to server process).
[Package Manager] Cannot connect to Unity Package Manager local server
ScheduleIndexationOnStartup MainProcess:False IndexOnStartup:True
Mono: successfully reloaded assembly
- Finished resetting the current domain, in  1.674 seconds
Domain Reload Profiling: 3755ms
	BeginReloadAssembly (1304ms)
		ExecutionOrderSort (0ms)
		DisableScriptedObjects (8ms)
		BackupInstance (0ms)
		ReleaseScriptingObjects (0ms)
		CreateAndSetChildDomain (1070ms)
	RebuildCommonClasses (63ms)
	RebuildNativeTypeToScriptingClass (20ms)
	initialDomainReloadingComplete (43ms)
	LoadAllAssembliesAndSetupDomain (650ms)
		LoadAssemblies (510ms)
		RebuildTransferFunctionScriptingTraits (0ms)
		AnalyzeDomain (286ms)
			TypeCache.Refresh (10ms)
				TypeCache.ScanAssembly (0ms)
			BuildScriptInfoCaches (257ms)
			ResolveRequiredComponents (14ms)
	FinalizeReload (1675ms)
		ReleaseScriptCaches (0ms)
		RebuildScriptCaches (0ms)
		SetupLoadedEditorAssemblies (1277ms)
			LogAssemblyErrors (0ms)
			InitializePlatformSupportModulesInManaged (18ms)
			SetLoadedEditorAssemblies (12ms)
			BeforeProcessingInitializeOnLoad (329ms)
			ProcessInitializeOnLoadAttributes (749ms)
			ProcessInitializeOnLoadMethodAttributes (161ms)
			AfterProcessingInitializeOnLoad (8ms)
			EditorAssembliesLoaded (1ms)
		ExecutionOrderSort2 (0ms)
		AwakeInstancesAfterBackupRestoration (46ms)
Refreshing native plugins compatible for Editor in 1.22 ms, found 3 plugins.
Preloading 0 native plugins for Editor in 0.00 ms.
Unloading 17 Unused Serialized files (Serialized files now loaded: 0)
Unloading 6192 unused Assets / (6.0 MB). Loaded Objects now: 7157.
Memory consumption went from 167.5 MB to 161.5 MB.
Total: 28.678500 ms (FindLiveObjects: 1.968200 ms CreateObjectMapping: 2.040300 ms MarkObjects: 12.785800 ms  DeleteObjects: 11.881900 ms)

Prepare: number of updated asset objects reloaded= 0
========================================================================
Received Prepare
Begin MonoManager ReloadAssembly
[Licensing::Client] Successfully resolved entitlement details
ADTM: Control thread waiting for realtime thread timed out, have to lock...
- Loaded All Assemblies, in  2.457 seconds
Refreshing native plugins compatible for Editor in 0.99 ms, found 3 plugins.
Native extension for Android target not found
Native extension for WindowsStandalone target not found
[Package Manager] Failed to launch server process. Reason: Unity was launched with the -noUpm command-line argument
[Package Manager] Unable to send message (not connected to server process).
[Package Manager] Cannot connect to Unity Package Manager local server
[Package Manager] Failed to launch server process. Reason: Unity was launched with the -noUpm command-line argument
[Package Manager] Unable to send message (not connected to server process).
[Package Manager] Cannot connect to Unity Package Manager local server
ScheduleIndexationOnStartup MainProcess:False IndexOnStartup:True
Mono: successfully reloaded assembly
- Finished resetting the current domain, in  1.071 seconds
Domain Reload Profiling: 3532ms
	BeginReloadAssembly (1412ms)
		ExecutionOrderSort (0ms)
		DisableScriptedObjects (12ms)
		BackupInstance (0ms)
		ReleaseScriptingObjects (0ms)
		CreateAndSetChildDomain (1087ms)
	RebuildCommonClasses (72ms)
	RebuildNativeTypeToScriptingClass (32ms)
	initialDomainReloadingComplete (50ms)
	LoadAllAssembliesAndSetupDomain (893ms)
		LoadAssemblies (597ms)
		RebuildTransferFunctionScriptingTraits (0ms)
		AnalyzeDomain (488ms)
			TypeCache.Refresh (270ms)
				TypeCache.ScanAssembly (236ms)
			BuildScriptInfoCaches (190ms)
			ResolveRequiredComponents (19ms)
	FinalizeReload (1071ms)
		ReleaseScriptCaches (0ms)
		RebuildScriptCaches (0ms)
		SetupLoadedEditorAssemblies (795ms)
			LogAssemblyErrors (0ms)
			InitializePlatformSupportModulesInManaged (11ms)
			SetLoadedEditorAssemblies (6ms)
			BeforeProcessingInitializeOnLoad (207ms)
			ProcessInitializeOnLoadAttributes (467ms)
			ProcessInitializeOnLoadMethodAttributes (99ms)
			AfterProcessingInitializeOnLoad (4ms)
			EditorAssembliesLoaded (0ms)
		ExecutionOrderSort2 (0ms)
		AwakeInstancesAfterBackupRestoration (25ms)
Refreshing native plugins compatible for Editor in 0.87 ms, found 3 plugins.
Preloading 0 native plugins for Editor in 0.00 ms.
Unloading 17 Unused Serialized files (Serialized files now loaded: 0)
Unloading 6192 unused Assets / (5.5 MB). Loaded Objects now: 7160.
Memory consumption went from 167.6 MB to 162.1 MB.
Total: 17.094400 ms (FindLiveObjects: 1.443100 ms CreateObjectMapping: 1.837700 ms MarkObjects: 9.127700 ms  DeleteObjects: 4.684400 ms)

Prepare: number of updated asset objects reloaded= 0
========================================================================
Received Prepare
Begin MonoManager ReloadAssembly
ADTM: Control thread waiting for realtime thread timed out, have to lock...
- Loaded All Assemblies, in  2.063 seconds
Refreshing native plugins compatible for Editor in 2.32 ms, found 3 plugins.
Native extension for Android target not found
Native extension for WindowsStandalone target not found
[Package Manager] Failed to launch server process. Reason: Unity was launched with the -noUpm command-line argument
[Package Manager] Unable to send message (not connected to server process).
[Package Manager] Cannot connect to Unity Package Manager local server
[Package Manager] Failed to launch server process. Reason: Unity was launched with the -noUpm command-line argument
[Package Manager] Unable to send message (not connected to server process).
[Package Manager] Cannot connect to Unity Package Manager local server
ScheduleIndexationOnStartup MainProcess:False IndexOnStartup:True
Mono: successfully reloaded assembly
- Finished resetting the current domain, in  1.758 seconds
Domain Reload Profiling: 3825ms
	BeginReloadAssembly (1283ms)
		ExecutionOrderSort (0ms)
		DisableScriptedObjects (8ms)
		BackupInstance (0ms)
		ReleaseScriptingObjects (0ms)
		CreateAndSetChildDomain (1063ms)
	RebuildCommonClasses (58ms)
	RebuildNativeTypeToScriptingClass (23ms)
	initialDomainReloadingComplete (43ms)
	LoadAllAssembliesAndSetupDomain (660ms)
		LoadAssemblies (471ms)
		RebuildTransferFunctionScriptingTraits (0ms)
		AnalyzeDomain (326ms)
			TypeCache.Refresh (15ms)
				TypeCache.ScanAssembly (0ms)
			BuildScriptInfoCaches (287ms)
			ResolveRequiredComponents (20ms)
	FinalizeReload (1759ms)
		ReleaseScriptCaches (0ms)
		RebuildScriptCaches (0ms)
		SetupLoadedEditorAssemblies (1317ms)
			LogAssemblyErrors (0ms)
			InitializePlatformSupportModulesInManaged (22ms)
			SetLoadedEditorAssemblies (9ms)
			BeforeProcessingInitializeOnLoad (324ms)
			ProcessInitializeOnLoadAttributes (769ms)
			ProcessInitializeOnLoadMethodAttributes (184ms)
			AfterProcessingInitializeOnLoad (7ms)
			EditorAssembliesLoaded (1ms)
		ExecutionOrderSort2 (0ms)
		AwakeInstancesAfterBackupRestoration (44ms)
Refreshing native plugins compatible for Editor in 0.95 ms, found 3 plugins.
Preloading 0 native plugins for Editor in 0.00 ms.
Unloading 17 Unused Serialized files (Serialized files now loaded: 0)
Unloading 6192 unused Assets / (5.8 MB). Loaded Objects now: 7163.
Memory consumption went from 167.6 MB to 161.8 MB.
Total: 24.070300 ms (FindLiveObjects: 1.483900 ms CreateObjectMapping: 2.990200 ms MarkObjects: 13.113800 ms  DeleteObjects: 6.480600 ms)

Prepare: number of updated asset objects reloaded= 0
========================================================================
Received Prepare
Begin MonoManager ReloadAssembly
[Licensing::Client] Successfully resolved entitlement details
ADTM: Control thread waiting for realtime thread timed out, have to lock...
- Loaded All Assemblies, in  2.195 seconds
Refreshing native plugins compatible for Editor in 0.87 ms, found 3 plugins.
Native extension for Android target not found
Native extension for WindowsStandalone target not found
[Package Manager] Failed to launch server process. Reason: Unity was launched with the -noUpm command-line argument
[Package Manager] Unable to send message (not connected to server process).
[Package Manager] Cannot connect to Unity Package Manager local server
[Package Manager] Failed to launch server process. Reason: Unity was launched with the -noUpm command-line argument
[Package Manager] Unable to send message (not connected to server process).
[Package Manager] Cannot connect to Unity Package Manager local server
ScheduleIndexationOnStartup MainProcess:False IndexOnStartup:True
Mono: successfully reloaded assembly
- Finished resetting the current domain, in  0.988 seconds
Domain Reload Profiling: 3188ms
	BeginReloadAssembly (1294ms)
		ExecutionOrderSort (0ms)
		DisableScriptedObjects (8ms)
		BackupInstance (0ms)
		ReleaseScriptingObjects (0ms)
		CreateAndSetChildDomain (1073ms)
	RebuildCommonClasses (68ms)
	RebuildNativeTypeToScriptingClass (21ms)
	initialDomainReloadingComplete (36ms)
	LoadAllAssembliesAndSetupDomain (779ms)
		LoadAssemblies (548ms)
		RebuildTransferFunctionScriptingTraits (0ms)
		AnalyzeDomain (349ms)
			TypeCache.Refresh (31ms)
				TypeCache.ScanAssembly (1ms)
			BuildScriptInfoCaches (293ms)
			ResolveRequiredComponents (20ms)
	FinalizeReload (989ms)
		ReleaseScriptCaches (0ms)
		RebuildScriptCaches (0ms)
		SetupLoadedEditorAssemblies (746ms)
			LogAssemblyErrors (0ms)
			InitializePlatformSupportModulesInManaged (16ms)
			SetLoadedEditorAssemblies (7ms)
			BeforeProcessingInitializeOnLoad (189ms)
			ProcessInitializeOnLoadAttributes (425ms)
			ProcessInitializeOnLoadMethodAttributes (103ms)
			AfterProcessingInitializeOnLoad (5ms)
			EditorAssembliesLoaded (0ms)
		ExecutionOrderSort2 (0ms)
		AwakeInstancesAfterBackupRestoration (35ms)
Refreshing native plugins compatible for Editor in 1.02 ms, found 3 plugins.
Preloading 0 native plugins for Editor in 0.00 ms.
Unloading 17 Unused Serialized files (Serialized files now loaded: 0)
Unloading 6192 unused Assets / (5.6 MB). Loaded Objects now: 7166.
Memory consumption went from 167.6 MB to 162.0 MB.
Total: 14.666400 ms (FindLiveObjects: 1.336700 ms CreateObjectMapping: 1.598800 ms MarkObjects: 7.052100 ms  DeleteObjects: 4.677200 ms)

Prepare: number of updated asset objects reloaded= 0
========================================================================
Received Prepare
Begin MonoManager ReloadAssembly
ADTM: Control thread waiting for realtime thread timed out, have to lock...
- Loaded All Assemblies, in  2.089 seconds
Refreshing native plugins compatible for Editor in 1.31 ms, found 3 plugins.
Native extension for Android target not found
Native extension for WindowsStandalone target not found
[Package Manager] Failed to launch server process. Reason: Unity was launched with the -noUpm command-line argument
[Package Manager] Unable to send message (not connected to server process).
[Package Manager] Cannot connect to Unity Package Manager local server
[Package Manager] Failed to launch server process. Reason: Unity was launched with the -noUpm command-line argument
[Package Manager] Unable to send message (not connected to server process).
[Package Manager] Cannot connect to Unity Package Manager local server
ScheduleIndexationOnStartup MainProcess:False IndexOnStartup:True
Mono: successfully reloaded assembly
- Finished resetting the current domain, in  1.490 seconds
Domain Reload Profiling: 3582ms
	BeginReloadAssembly (1310ms)
		ExecutionOrderSort (0ms)
		DisableScriptedObjects (11ms)
		BackupInstance (0ms)
		ReleaseScriptingObjects (0ms)
		CreateAndSetChildDomain (1058ms)
	RebuildCommonClasses (68ms)
	RebuildNativeTypeToScriptingClass (23ms)
	initialDomainReloadingComplete (43ms)
	LoadAllAssembliesAndSetupDomain (647ms)
		LoadAssemblies (495ms)
		RebuildTransferFunctionScriptingTraits (0ms)
		AnalyzeDomain (297ms)
			TypeCache.Refresh (16ms)
				TypeCache.ScanAssembly (0ms)
			BuildScriptInfoCaches (263ms)
			ResolveRequiredComponents (14ms)
	FinalizeReload (1491ms)
		ReleaseScriptCaches (0ms)
		RebuildScriptCaches (0ms)
		SetupLoadedEditorAssemblies (1199ms)
			LogAssemblyErrors (0ms)
			InitializePlatformSupportModulesInManaged (13ms)
			SetLoadedEditorAssemblies (8ms)
			BeforeProcessingInitializeOnLoad (291ms)
			ProcessInitializeOnLoadAttributes (711ms)
			ProcessInitializeOnLoadMethodAttributes (164ms)
			AfterProcessingInitializeOnLoad (10ms)
			EditorAssembliesLoaded (1ms)
		ExecutionOrderSort2 (0ms)
		AwakeInstancesAfterBackupRestoration (38ms)
Refreshing native plugins compatible for Editor in 1.19 ms, found 3 plugins.
Preloading 0 native plugins for Editor in 0.00 ms.
Unloading 17 Unused Serialized files (Serialized files now loaded: 0)
Unloading 6192 unused Assets / (5.2 MB). Loaded Objects now: 7169.
Memory consumption went from 167.7 MB to 162.5 MB.
Total: 24.707600 ms (FindLiveObjects: 1.450300 ms CreateObjectMapping: 3.984200 ms MarkObjects: 11.880600 ms  DeleteObjects: 7.390200 ms)

Prepare: number of updated asset objects reloaded= 0
========================================================================
Received Prepare
Begin MonoManager ReloadAssembly
[Licensing::Client] Successfully resolved entitlement details
ADTM: Control thread waiting for realtime thread timed out, have to lock...
- Loaded All Assemblies, in  2.070 seconds
Refreshing native plugins compatible for Editor in 0.71 ms, found 3 plugins.
Native extension for Android target not found
Native extension for WindowsStandalone target not found
[Package Manager] Failed to launch server process. Reason: Unity was launched with the -noUpm command-line argument
[Package Manager] Unable to send message (not connected to server process).
[Package Manager] Cannot connect to Unity Package Manager local server
[Package Manager] Failed to launch server process. Reason: Unity was launched with the -noUpm command-line argument
[Package Manager] Unable to send message (not connected to server process).
[Package Manager] Cannot connect to Unity Package Manager local server
ScheduleIndexationOnStartup MainProcess:False IndexOnStartup:True
Mono: successfully reloaded assembly
- Finished resetting the current domain, in  1.088 seconds
Domain Reload Profiling: 3161ms
	BeginReloadAssembly (1316ms)
		ExecutionOrderSort (0ms)
		DisableScriptedObjects (9ms)
		BackupInstance (0ms)
		ReleaseScriptingObjects (0ms)
		CreateAndSetChildDomain (1073ms)
	RebuildCommonClasses (61ms)
	RebuildNativeTypeToScriptingClass (23ms)
	initialDomainReloadingComplete (34ms)
	LoadAllAssembliesAndSetupDomain (638ms)
		LoadAssemblies (469ms)
		RebuildTransferFunctionScriptingTraits (0ms)
		AnalyzeDomain (319ms)
			TypeCache.Refresh (14ms)
				TypeCache.ScanAssembly (0ms)
			BuildScriptInfoCaches (282ms)
			ResolveRequiredComponents (17ms)
	FinalizeReload (1089ms)
		ReleaseScriptCaches (0ms)
		RebuildScriptCaches (0ms)
		SetupLoadedEditorAssemblies (817ms)
			LogAssemblyErrors (0ms)
			InitializePlatformSupportModulesInManaged (14ms)
			SetLoadedEditorAssemblies (7ms)
			BeforeProcessingInitializeOnLoad (207ms)
			ProcessInitializeOnLoadAttributes (479ms)
			ProcessInitializeOnLoadMethodAttributes (105ms)
			AfterProcessingInitializeOnLoad (5ms)
			EditorAssembliesLoaded (0ms)
		ExecutionOrderSort2 (0ms)
		AwakeInstancesAfterBackupRestoration (21ms)
Refreshing native plugins compatible for Editor in 0.87 ms, found 3 plugins.
Preloading 0 native plugins for Editor in 0.00 ms.
Unloading 17 Unused Serialized files (Serialized files now loaded: 0)
Unloading 6192 unused Assets / (4.3 MB). Loaded Objects now: 7172.
Memory consumption went from 167.8 MB to 163.5 MB.
Total: 14.884500 ms (FindLiveObjects: 1.121600 ms CreateObjectMapping: 1.543900 ms MarkObjects: 7.703800 ms  DeleteObjects: 4.513600 ms)

Prepare: number of updated asset objects reloaded= 0
========================================================================
Received Prepare
Begin MonoManager ReloadAssembly
ADTM: Control thread waiting for realtime thread timed out, have to lock...
- Loaded All Assemblies, in  2.102 seconds
Refreshing native plugins compatible for Editor in 1.37 ms, found 3 plugins.
Native extension for Android target not found
Native extension for WindowsStandalone target not found
[Package Manager] Failed to launch server process. Reason: Unity was launched with the -noUpm command-line argument
[Package Manager] Unable to send message (not connected to server process).
[Package Manager] Cannot connect to Unity Package Manager local server
[Package Manager] Failed to launch server process. Reason: Unity was launched with the -noUpm command-line argument
[Package Manager] Unable to send message (not connected to server process).
[Package Manager] Cannot connect to Unity Package Manager local server
ScheduleIndexationOnStartup MainProcess:False IndexOnStartup:True
Mono: successfully reloaded assembly
- Finished resetting the current domain, in  1.740 seconds
Domain Reload Profiling: 3848ms
	BeginReloadAssembly (1316ms)
		ExecutionOrderSort (0ms)
		DisableScriptedObjects (7ms)
		BackupInstance (0ms)
		ReleaseScriptingObjects (0ms)
		CreateAndSetChildDomain (1084ms)
	RebuildCommonClasses (80ms)
	RebuildNativeTypeToScriptingClass (28ms)
	initialDomainReloadingComplete (38ms)
	LoadAllAssembliesAndSetupDomain (644ms)
		LoadAssemblies (476ms)
		RebuildTransferFunctionScriptingTraits (0ms)
		AnalyzeDomain (317ms)
			TypeCache.Refresh (13ms)
				TypeCache.ScanAssembly (0ms)
			BuildScriptInfoCaches (283ms)
			ResolveRequiredComponents (17ms)
	FinalizeReload (1741ms)
		ReleaseScriptCaches (0ms)
		RebuildScriptCaches (0ms)
		SetupLoadedEditorAssemblies (1278ms)
			LogAssemblyErrors (0ms)
			InitializePlatformSupportModulesInManaged (19ms)
			SetLoadedEditorAssemblies (14ms)
			BeforeProcessingInitializeOnLoad (332ms)
			ProcessInitializeOnLoadAttributes (755ms)
			ProcessInitializeOnLoadMethodAttributes (150ms)
			AfterProcessingInitializeOnLoad (7ms)
			EditorAssembliesLoaded (0ms)
		ExecutionOrderSort2 (0ms)
		AwakeInstancesAfterBackupRestoration (39ms)
Refreshing native plugins compatible for Editor in 1.24 ms, found 3 plugins.
Preloading 0 native plugins for Editor in 0.00 ms.
Unloading 17 Unused Serialized files (Serialized files now loaded: 0)
Unloading 6192 unused Assets / (6.2 MB). Loaded Objects now: 7175.
Memory consumption went from 167.8 MB to 161.7 MB.
Total: 36.403400 ms (FindLiveObjects: 3.026300 ms CreateObjectMapping: 3.060100 ms MarkObjects: 14.732000 ms  DeleteObjects: 15.583100 ms)

Prepare: number of updated asset objects reloaded= 0
========================================================================
Received Import Request.
  Time since last request: 2300.773974 seconds.
  path: Assets/_Barking_Dog/_3D Scifi Base Vol 1/Textures/Wall_Atlas_08_Norm.png
  artifactKey: Guid(182d388e9c073461882f5ad88bac7c21) Importer(815301076,1909f56bfc062723c751e8b465ee728b)
Start importing Assets/_Barking_Dog/_3D Scifi Base Vol 1/Textures/Wall_Atlas_08_Norm.png using Guid(182d388e9c073461882f5ad88bac7c21) Importer(815301076,1909f56bfc062723c751e8b465ee728b) (PreviewImporter) -> (artifact id: '01dc9e27ebb6cd8fbe9fd25ecdd03e63') in 0.7068406 seconds
Number of updated asset objects reloaded before import = 0Number of asset objects unloaded after import = 2

========================================================================
Received Import Request.
  Time since last request: 0.000038 seconds.
  path: Assets/_Barking_Dog/_3D Scifi Base Vol 1/Textures/WaterBump.png
  artifactKey: Guid(db3b54edad747ea45843d50add794fcf) Importer(815301076,1909f56bfc062723c751e8b465ee728b)
Start importing Assets/_Barking_Dog/_3D Scifi Base Vol 1/Textures/WaterBump.png using Guid(db3b54edad747ea45843d50add794fcf) Importer(815301076,1909f56bfc062723c751e8b465ee728b) (PreviewImporter) -> (artifact id: 'aef56dcc68b91821a9a625faf625ab5b') in 0.0318171 seconds
Number of updated asset objects reloaded before import = 0Number of asset objects unloaded after import = 2

========================================================================
Received Import Request.
  Time since last request: 22.920995 seconds.
  path: Assets/_Barking_Dog/_3D Scifi Base Vol 1/Textures/Wall_Atlas_08_Illum.png
  artifactKey: Guid(a0fb0628ea4d242edb57185783dd4c4f) Importer(815301076,1909f56bfc062723c751e8b465ee728b)
Start importing Assets/_Barking_Dog/_3D Scifi Base Vol 1/Textures/Wall_Atlas_08_Illum.png using Guid(a0fb0628ea4d242edb57185783dd4c4f) Importer(815301076,1909f56bfc062723c751e8b465ee728b) (PreviewImporter) -> (artifact id: '65883051f0ddb20d753fe88f05f249e3') in 0.2060263 seconds
Number of updated asset objects reloaded before import = 0Number of asset objects unloaded after import = 2

========================================================================
Received Import Request.
  Time since last request: 0.000046 seconds.
  path: Assets/_Barking_Dog/_3D Scifi Base Vol 1/Textures/Wall_Atlas_07_Dif_02.png
  artifactKey: Guid(315dd082dbcbc4597814280b804246b3) Importer(815301076,1909f56bfc062723c751e8b465ee728b)
Start importing Assets/_Barking_Dog/_3D Scifi Base Vol 1/Textures/Wall_Atlas_07_Dif_02.png using Guid(315dd082dbcbc4597814280b804246b3) Importer(815301076,1909f56bfc062723c751e8b465ee728b) (PreviewImporter) -> (artifact id: 'c9e6ad5cc386fd659c4c8ba6445ed951') in 0.3345412 seconds
Number of updated asset objects reloaded before import = 0Number of asset objects unloaded after import = 2

========================================================================
Received Import Request.
  Time since last request: 0.000051 seconds.
  path: Assets/_Barking_Dog/_3D Scifi Base Vol 1/Textures/Wall_Atlas_06_Metal.tif
  artifactKey: Guid(da570d0c368a4417c84e293ed188f158) Importer(815301076,1909f56bfc062723c751e8b465ee728b)
Start importing Assets/_Barking_Dog/_3D Scifi Base Vol 1/Textures/Wall_Atlas_06_Metal.tif using Guid(da570d0c368a4417c84e293ed188f158) Importer(815301076,1909f56bfc062723c751e8b465ee728b) (PreviewImporter) -> (artifact id: '872c28e870acc27dbb22863ce674d832') in 0.2804242 seconds
Number of updated asset objects reloaded before import = 0Number of asset objects unloaded after import = 2

========================================================================
Received Import Request.
  Time since last request: 0.000027 seconds.
  path: Assets/_Barking_Dog/_3D Scifi Base Vol 1/Textures/Wall_Atlas_04_Metal_02.tif
  artifactKey: Guid(80bfffb34de9048628306dfee3f27545) Importer(815301076,1909f56bfc062723c751e8b465ee728b)
Start importing Assets/_Barking_Dog/_3D Scifi Base Vol 1/Textures/Wall_Atlas_04_Metal_02.tif using Guid(80bfffb34de9048628306dfee3f27545) Importer(815301076,1909f56bfc062723c751e8b465ee728b) (PreviewImporter) -> (artifact id: '81c0d1d18ea855dece45f31c88b2e5ee') in 0.2737417 seconds
Number of updated asset objects reloaded before import = 0Number of asset objects unloaded after import = 2

========================================================================
Received Import Request.
  Time since last request: 0.000033 seconds.
  path: Assets/_Barking_Dog/_3D Scifi Base Vol 1/Textures/Wall_Atlas_05_Ao.png
  artifactKey: Guid(b6764907fe96c40b6a69e505b3f0a0ae) Importer(815301076,1909f56bfc062723c751e8b465ee728b)
Start importing Assets/_Barking_Dog/_3D Scifi Base Vol 1/Textures/Wall_Atlas_05_Ao.png using Guid(b6764907fe96c40b6a69e505b3f0a0ae) Importer(815301076,1909f56bfc062723c751e8b465ee728b) (PreviewImporter) -> (artifact id: '7fcf922ab9c0ee92d923576053ef6349') in 0.1348983 seconds
Number of updated asset objects reloaded before import = 0Number of asset objects unloaded after import = 2

========================================================================
Received Import Request.
  Time since last request: 0.000035 seconds.
  path: Assets/_Barking_Dog/_3D Scifi Base Vol 1/Textures/Wall_Atlas_03_Illum.png
  artifactKey: Guid(c3201c4f3faf54b66887f7a888e0f3fa) Importer(815301076,1909f56bfc062723c751e8b465ee728b)
Start importing Assets/_Barking_Dog/_3D Scifi Base Vol 1/Textures/Wall_Atlas_03_Illum.png using Guid(c3201c4f3faf54b66887f7a888e0f3fa) Importer(815301076,1909f56bfc062723c751e8b465ee728b) (PreviewImporter) -> (artifact id: '77c4671ed4b09ea27eca3104a1dc33b5') in 0.222869 seconds
Number of updated asset objects reloaded before import = 0Number of asset objects unloaded after import = 2

========================================================================
Received Import Request.
  Time since last request: 0.000026 seconds.
  path: Assets/_Barking_Dog/_3D Scifi Base Vol 1/Textures/Wall_Atlas_04_Dif.png
  artifactKey: Guid(6a74a879f24be4b608096b1e2a97fb80) Importer(815301076,1909f56bfc062723c751e8b465ee728b)
Start importing Assets/_Barking_Dog/_3D Scifi Base Vol 1/Textures/Wall_Atlas_04_Dif.png using Guid(6a74a879f24be4b608096b1e2a97fb80) Importer(815301076,1909f56bfc062723c751e8b465ee728b) (PreviewImporter) -> (artifact id: '76a4a499409efe48dfe7fabfceecf864') in 0.2184935 seconds
Number of updated asset objects reloaded before import = 0Number of asset objects unloaded after import = 2

========================================================================
Received Import Request.
  Time since last request: 0.000033 seconds.
  path: Assets/_Barking_Dog/_3D Scifi Base Vol 1/Textures/Wall_Atlas_01_Dif.png
  artifactKey: Guid(e561a60e4f3a24f18b4f96562cc09198) Importer(815301076,1909f56bfc062723c751e8b465ee728b)
Start importing Assets/_Barking_Dog/_3D Scifi Base Vol 1/Textures/Wall_Atlas_01_Dif.png using Guid(e561a60e4f3a24f18b4f96562cc09198) Importer(815301076,1909f56bfc062723c751e8b465ee728b) (PreviewImporter) -> (artifact id: '777d28203885d08859311d04c6ed995d') in 0.1897092 seconds
Number of updated asset objects reloaded before import = 0Number of asset objects unloaded after import = 2

========================================================================
Received Import Request.
  Time since last request: 0.000025 seconds.
  path: Assets/_Barking_Dog/_3D Scifi Base Vol 1/Textures/Wall_Atlas_02_Dif_02.png
  artifactKey: Guid(b79064fa13d654663833fbbbb9ed20eb) Importer(815301076,1909f56bfc062723c751e8b465ee728b)
Start importing Assets/_Barking_Dog/_3D Scifi Base Vol 1/Textures/Wall_Atlas_02_Dif_02.png using Guid(b79064fa13d654663833fbbbb9ed20eb) Importer(815301076,1909f56bfc062723c751e8b465ee728b) (PreviewImporter) -> (artifact id: '042c7c9272a7fe39805697206d491126') in 0.3355771 seconds
Number of updated asset objects reloaded before import = 0Number of asset objects unloaded after import = 2

========================================================================
Received Import Request.
  Time since last request: 0.000048 seconds.
  path: Assets/_Barking_Dog/_3D Scifi Base Vol 1/Textures/Wall_Atlas_05_Metal.tif
  artifactKey: Guid(6d90d73c60aeb4b93b59d74b03db76c5) Importer(815301076,1909f56bfc062723c751e8b465ee728b)
Start importing Assets/_Barking_Dog/_3D Scifi Base Vol 1/Textures/Wall_Atlas_05_Metal.tif using Guid(6d90d73c60aeb4b93b59d74b03db76c5) Importer(815301076,1909f56bfc062723c751e8b465ee728b) (PreviewImporter) -> (artifact id: '37617fa24533636f60a33bc49fdc5b62') in 0.3897309 seconds
Number of updated asset objects reloaded before import = 0Number of asset objects unloaded after import = 2

========================================================================
Received Import Request.
  Time since last request: 0.000042 seconds.
  path: Assets/_Barking_Dog/_3D Scifi Base Vol 1/Splat/Rock_01_Ao.png
  artifactKey: Guid(d24cd659ce0df425cb29e86e75f7ef77) Importer(815301076,1909f56bfc062723c751e8b465ee728b)
Start importing Assets/_Barking_Dog/_3D Scifi Base Vol 1/Splat/Rock_01_Ao.png using Guid(d24cd659ce0df425cb29e86e75f7ef77) Importer(815301076,1909f56bfc062723c751e8b465ee728b) (PreviewImporter) -> (artifact id: '11ec8a42de0f78e3aa61f216ff81aa56') in 0.0194507 seconds
Number of updated asset objects reloaded before import = 0Number of asset objects unloaded after import = 2

========================================================================
Received Import Request.
  Time since last request: 0.000057 seconds.
  path: Assets/_Barking_Dog/_3D Scifi Base Vol 1/Textures/Wall_Atlas_03_Metal.tif
  artifactKey: Guid(24888ab17a254425a9132fb248f093ba) Importer(815301076,1909f56bfc062723c751e8b465ee728b)
Start importing Assets/_Barking_Dog/_3D Scifi Base Vol 1/Textures/Wall_Atlas_03_Metal.tif using Guid(24888ab17a254425a9132fb248f093ba) Importer(815301076,1909f56bfc062723c751e8b465ee728b) (PreviewImporter) -> (artifact id: '86821f22b3caf04796834d031d5e8167') in 0.2570902 seconds
Number of updated asset objects reloaded before import = 0Number of asset objects unloaded after import = 2

========================================================================
Received Import Request.
  Time since last request: 0.000039 seconds.
  path: Assets/_Barking_Dog/_3D Scifi Base Vol 1/Textures/ForceField_01.png
  artifactKey: Guid(880451996ac944144a9594550d10d6cf) Importer(815301076,1909f56bfc062723c751e8b465ee728b)
Start importing Assets/_Barking_Dog/_3D Scifi Base Vol 1/Textures/ForceField_01.png using Guid(880451996ac944144a9594550d10d6cf) Importer(815301076,1909f56bfc062723c751e8b465ee728b) (PreviewImporter) -> (artifact id: 'd500ffdd5aa5dc333a059547fc2c5347') in 0.0169312 seconds
Number of updated asset objects reloaded before import = 0Number of asset objects unloaded after import = 2

========================================================================
Received Import Request.
  Time since last request: 0.000049 seconds.
  path: Assets/_Barking_Dog/_3D Scifi Base Vol 1/Textures/Wall_Atlas_02_Norm_02.png
  artifactKey: Guid(6b0cb067c758848d1b8d7d70bc8b0510) Importer(815301076,1909f56bfc062723c751e8b465ee728b)
Start importing Assets/_Barking_Dog/_3D Scifi Base Vol 1/Textures/Wall_Atlas_02_Norm_02.png using Guid(6b0cb067c758848d1b8d7d70bc8b0510) Importer(815301076,1909f56bfc062723c751e8b465ee728b) (PreviewImporter) -> (artifact id: '7a1b07ea3e0497e518a3b80a302ae10d') in 0.2997732 seconds
Number of updated asset objects reloaded before import = 0Number of asset objects unloaded after import = 2

========================================================================
Received Import Request.
  Time since last request: 0.000035 seconds.
  path: Assets/_Barking_Dog/_3D Scifi Base Vol 1/Textures/Ring02.png
  artifactKey: Guid(c5c39da6f46954a5d8aa72717d1274b3) Importer(815301076,1909f56bfc062723c751e8b465ee728b)
Start importing Assets/_Barking_Dog/_3D Scifi Base Vol 1/Textures/Ring02.png using Guid(c5c39da6f46954a5d8aa72717d1274b3) Importer(815301076,1909f56bfc062723c751e8b465ee728b) (PreviewImporter) -> (artifact id: '33724285b440fae4c35b7d2e8cff44e4') in 0.0158579 seconds
Number of updated asset objects reloaded before import = 0Number of asset objects unloaded after import = 2

========================================================================
Received Import Request.
  Time since last request: 0.000033 seconds.
  path: Assets/_Barking_Dog/_3D Scifi Base Vol 1/Splat/Sand_01_Norm.png
  artifactKey: Guid(3f1efc81b93ef414f9c1e03a6e8a4134) Importer(815301076,1909f56bfc062723c751e8b465ee728b)
Start importing Assets/_Barking_Dog/_3D Scifi Base Vol 1/Splat/Sand_01_Norm.png using Guid(3f1efc81b93ef414f9c1e03a6e8a4134) Importer(815301076,1909f56bfc062723c751e8b465ee728b) (PreviewImporter) -> (artifact id: '94b5f3b8f7c814903eeb5ae72ece18f9') in 0.1616777 seconds
Number of updated asset objects reloaded before import = 0Number of asset objects unloaded after import = 2

========================================================================
Received Import Request.
  Time since last request: 0.000037 seconds.
  path: Assets/_Barking_Dog/_3D Scifi Base Vol 1/Textures/Wall_Atlas_01_Dif_02.png
  artifactKey: Guid(4eacdec8b5c094240abc0f26cec8e2f5) Importer(815301076,1909f56bfc062723c751e8b465ee728b)
Start importing Assets/_Barking_Dog/_3D Scifi Base Vol 1/Textures/Wall_Atlas_01_Dif_02.png using Guid(4eacdec8b5c094240abc0f26cec8e2f5) Importer(815301076,1909f56bfc062723c751e8b465ee728b) (PreviewImporter) -> (artifact id: '61be756936e1e90e5bbcbbda7a2f9747') in 0.2079531 seconds
Number of updated asset objects reloaded before import = 0Number of asset objects unloaded after import = 2

========================================================================
Received Import Request.
  Time since last request: 0.000043 seconds.
  path: Assets/_Barking_Dog/_3D Scifi Base Vol 1/Textures/Wall_Atlas_02_Metal.tif
  artifactKey: Guid(8521f523b578b40b6b6affa940a66893) Importer(815301076,1909f56bfc062723c751e8b465ee728b)
Start importing Assets/_Barking_Dog/_3D Scifi Base Vol 1/Textures/Wall_Atlas_02_Metal.tif using Guid(8521f523b578b40b6b6affa940a66893) Importer(815301076,1909f56bfc062723c751e8b465ee728b) (PreviewImporter) -> (artifact id: '54b1735721dada7e8d46004acaaa242c') in 0.2749354 seconds
Number of updated asset objects reloaded before import = 0Number of asset objects unloaded after import = 2

========================================================================
Received Import Request.
  Time since last request: 0.000032 seconds.
  path: Assets/_Barking_Dog/_3D Scifi Base Vol 1/Splat/Sand_01.png
  artifactKey: Guid(a64fc061a57bcf145876dc0762b30b67) Importer(815301076,1909f56bfc062723c751e8b465ee728b)
Start importing Assets/_Barking_Dog/_3D Scifi Base Vol 1/Splat/Sand_01.png using Guid(a64fc061a57bcf145876dc0762b30b67) Importer(815301076,1909f56bfc062723c751e8b465ee728b) (PreviewImporter) -> (artifact id: '809d8795d70fd223254b42fdea736da4') in 0.1809843 seconds
Number of updated asset objects reloaded before import = 0Number of asset objects unloaded after import = 2

========================================================================
Received Import Request.
  Time since last request: 0.000040 seconds.
  path: Assets/_Barking_Dog/_3D Scifi Base Vol 1/Textures/Planet_01.png
  artifactKey: Guid(750f460d3eb4843e7a625acbf2da3877) Importer(815301076,1909f56bfc062723c751e8b465ee728b)
Start importing Assets/_Barking_Dog/_3D Scifi Base Vol 1/Textures/Planet_01.png using Guid(750f460d3eb4843e7a625acbf2da3877) Importer(815301076,1909f56bfc062723c751e8b465ee728b) (PreviewImporter) -> (artifact id: 'd39ce97ee3119018c56ce398c7c3311d') in 0.0133867 seconds
Number of updated asset objects reloaded before import = 0Number of asset objects unloaded after import = 2

========================================================================
Received Import Request.
  Time since last request: 0.000020 seconds.
  path: Assets/_Barking_Dog/_3D Scifi Base Vol 1/Textures/Wall_Atlas_06_Norm_02.png
  artifactKey: Guid(61418d3db0f5d44a3b664af1c4b07863) Importer(815301076,1909f56bfc062723c751e8b465ee728b)
Start importing Assets/_Barking_Dog/_3D Scifi Base Vol 1/Textures/Wall_Atlas_06_Norm_02.png using Guid(61418d3db0f5d44a3b664af1c4b07863) Importer(815301076,1909f56bfc062723c751e8b465ee728b) (PreviewImporter) -> (artifact id: '5315bc0c621f1681afa3e1e616fc5d57') in 0.2539364 seconds
Number of updated asset objects reloaded before import = 0Number of asset objects unloaded after import = 2

========================================================================
Received Import Request.
  Time since last request: 0.000047 seconds.
  path: Assets/_Barking_Dog/_3D Scifi Base Vol 1/Textures/Wall_Atlas_07_Norm.png
  artifactKey: Guid(740aebbe780594443879cd56e5a5796d) Importer(815301076,1909f56bfc062723c751e8b465ee728b)
Start importing Assets/_Barking_Dog/_3D Scifi Base Vol 1/Textures/Wall_Atlas_07_Norm.png using Guid(740aebbe780594443879cd56e5a5796d) Importer(815301076,1909f56bfc062723c751e8b465ee728b) (PreviewImporter) -> (artifact id: '7288ebd54c73dcb4a3a1373445250fac') in 0.271383 seconds
Number of updated asset objects reloaded before import = 0Number of asset objects unloaded after import = 2

========================================================================
Received Import Request.
  Time since last request: 0.000055 seconds.
  path: Assets/_Barking_Dog/_3D Scifi Base Vol 1/Textures/Wall_Atlas_05_Norm_02.png
  artifactKey: Guid(49b09b2fab3584294959e5867f0b6343) Importer(815301076,1909f56bfc062723c751e8b465ee728b)
Start importing Assets/_Barking_Dog/_3D Scifi Base Vol 1/Textures/Wall_Atlas_05_Norm_02.png using Guid(49b09b2fab3584294959e5867f0b6343) Importer(815301076,1909f56bfc062723c751e8b465ee728b) (PreviewImporter) -> (artifact id: '180ce8688524beeac46545def149cadf') in 0.2191223 seconds
Number of updated asset objects reloaded before import = 0Number of asset objects unloaded after import = 2

========================================================================
Received Import Request.
  Time since last request: 0.000029 seconds.
  path: Assets/_Barking_Dog/_3D Scifi Base Vol 1/Textures/Wall_Atlas_01_Norm.png
  artifactKey: Guid(91f8ed51312dd458eaa19e27b6e15c8d) Importer(815301076,1909f56bfc062723c751e8b465ee728b)
Start importing Assets/_Barking_Dog/_3D Scifi Base Vol 1/Textures/Wall_Atlas_01_Norm.png using Guid(91f8ed51312dd458eaa19e27b6e15c8d) Importer(815301076,1909f56bfc062723c751e8b465ee728b) (PreviewImporter) -> (artifact id: '73dcc7999e22516151271a2b3ec8c066') in 0.2656938 seconds
Number of updated asset objects reloaded before import = 0Number of asset objects unloaded after import = 2

========================================================================
Received Import Request.
  Time since last request: 0.000043 seconds.
  path: Assets/_Barking_Dog/_3D Scifi Base Vol 1/Textures/Wall_Atlas_02_Norm.png
  artifactKey: Guid(bb58b94519b2a4c69b1989574c36514d) Importer(815301076,1909f56bfc062723c751e8b465ee728b)
Start importing Assets/_Barking_Dog/_3D Scifi Base Vol 1/Textures/Wall_Atlas_02_Norm.png using Guid(bb58b94519b2a4c69b1989574c36514d) Importer(815301076,1909f56bfc062723c751e8b465ee728b) (PreviewImporter) -> (artifact id: 'cecb5c7042d95dc5c82452d9388b64e1') in 0.3065487 seconds
Number of updated asset objects reloaded before import = 0Number of asset objects unloaded after import = 2

========================================================================
Received Import Request.
  Time since last request: 0.000046 seconds.
  path: Assets/_Barking_Dog/_3D Scifi Base Vol 1/Textures/ForceField_02.png
  artifactKey: Guid(9b69f733e3f4b4c52bd97572359abbb2) Importer(815301076,1909f56bfc062723c751e8b465ee728b)
Start importing Assets/_Barking_Dog/_3D Scifi Base Vol 1/Textures/ForceField_02.png using Guid(9b69f733e3f4b4c52bd97572359abbb2) Importer(815301076,1909f56bfc062723c751e8b465ee728b) (PreviewImporter) -> (artifact id: '24664c463a2b4da684af59584b50a2d9') in 0.1877525 seconds
Number of updated asset objects reloaded before import = 0Number of asset objects unloaded after import = 2

========================================================================
Received Import Request.
  Time since last request: 0.000044 seconds.
  path: Assets/_Barking_Dog/_3D Scifi Base Vol 1/Textures/Wall_Atlas_03_Norm_02.png
  artifactKey: Guid(bf946393576be407f9cb860565bc3476) Importer(815301076,1909f56bfc062723c751e8b465ee728b)
Start importing Assets/_Barking_Dog/_3D Scifi Base Vol 1/Textures/Wall_Atlas_03_Norm_02.png using Guid(bf946393576be407f9cb860565bc3476) Importer(815301076,1909f56bfc062723c751e8b465ee728b) (PreviewImporter) -> (artifact id: '70214652d2f708bb7bcf705b7c097ba0') in 0.2001477 seconds
Number of updated asset objects reloaded before import = 0Number of asset objects unloaded after import = 2

========================================================================
Received Import Request.
  Time since last request: 0.000047 seconds.
  path: Assets/_Barking_Dog/_3D Scifi Base Vol 1/Textures/Wall_Atlas_06_Illum.png
  artifactKey: Guid(7984d8381c9b640899aa8cc95cf761e2) Importer(815301076,1909f56bfc062723c751e8b465ee728b)
Start importing Assets/_Barking_Dog/_3D Scifi Base Vol 1/Textures/Wall_Atlas_06_Illum.png using Guid(7984d8381c9b640899aa8cc95cf761e2) Importer(815301076,1909f56bfc062723c751e8b465ee728b) (PreviewImporter) -> (artifact id: '9cd48850b58e5e4eb611efdc9a41fdbc') in 0.263682 seconds
Number of updated asset objects reloaded before import = 0Number of asset objects unloaded after import = 2

========================================================================
Received Import Request.
  Time since last request: 0.000064 seconds.
  path: Assets/_Barking_Dog/_3D Scifi Base Vol 1/Textures/Wall_Atlas_06_Dif_02.png
  artifactKey: Guid(b38a5f34bfb75453bb669434a71677e5) Importer(815301076,1909f56bfc062723c751e8b465ee728b)
Start importing Assets/_Barking_Dog/_3D Scifi Base Vol 1/Textures/Wall_Atlas_06_Dif_02.png using Guid(b38a5f34bfb75453bb669434a71677e5) Importer(815301076,1909f56bfc062723c751e8b465ee728b) (PreviewImporter) -> (artifact id: 'cdd49075f1ccb9a6d5538caf96c0d682') in 0.1926262 seconds
Number of updated asset objects reloaded before import = 0Number of asset objects unloaded after import = 2

========================================================================
Received Import Request.
  Time since last request: 0.000026 seconds.
  path: Assets/_Barking_Dog/_3D Scifi Base Vol 1/Textures/Intro.png
  artifactKey: Guid(7dfbf1342881b428a88b2b73408bf481) Importer(815301076,1909f56bfc062723c751e8b465ee728b)
Start importing Assets/_Barking_Dog/_3D Scifi Base Vol 1/Textures/Intro.png using Guid(7dfbf1342881b428a88b2b73408bf481) Importer(815301076,1909f56bfc062723c751e8b465ee728b) (PreviewImporter) -> (artifact id: 'c2a2ddfee3fcdfb87ee6800b258af758') in 0.0205009 seconds
Number of updated asset objects reloaded before import = 0Number of asset objects unloaded after import = 2

========================================================================
Received Import Request.
  Time since last request: 0.000037 seconds.
  path: Assets/_Barking_Dog/_3D Scifi Base Vol 1/Textures/Wall_Atlas_05_Dif_02.png
  artifactKey: Guid(96ba198dc7ff44a3686f644151bbcf8b) Importer(815301076,1909f56bfc062723c751e8b465ee728b)
Start importing Assets/_Barking_Dog/_3D Scifi Base Vol 1/Textures/Wall_Atlas_05_Dif_02.png using Guid(96ba198dc7ff44a3686f644151bbcf8b) Importer(815301076,1909f56bfc062723c751e8b465ee728b) (PreviewImporter) -> (artifact id: 'f8031778645ddb4877108a6e198f5908') in 0.2008151 seconds
Number of updated asset objects reloaded before import = 0Number of asset objects unloaded after import = 2

========================================================================
Received Import Request.
  Time since last request: 0.000030 seconds.
  path: Assets/_Barking_Dog/_3D Scifi Base Vol 1/Splat/Grass_Sprite_01.tga
  artifactKey: Guid(0fb14dec8628a4a6cafcda16ae57ebf9) Importer(815301076,1909f56bfc062723c751e8b465ee728b)
Start importing Assets/_Barking_Dog/_3D Scifi Base Vol 1/Splat/Grass_Sprite_01.tga using Guid(0fb14dec8628a4a6cafcda16ae57ebf9) Importer(815301076,1909f56bfc062723c751e8b465ee728b) (PreviewImporter) -> (artifact id: '5275b6834183b80349bd2b437a3bfa60') in 0.0181549 seconds
Number of updated asset objects reloaded before import = 0Number of asset objects unloaded after import = 2

========================================================================
Received Import Request.
  Time since last request: 0.000037 seconds.
  path: Assets/_Barking_Dog/_3D Scifi Base Vol 1/Textures/Wall_Atlas_04_Dif_02.png
  artifactKey: Guid(a4a07f549c05a4e85b6d7ec8cc9b8fd7) Importer(815301076,1909f56bfc062723c751e8b465ee728b)
Start importing Assets/_Barking_Dog/_3D Scifi Base Vol 1/Textures/Wall_Atlas_04_Dif_02.png using Guid(a4a07f549c05a4e85b6d7ec8cc9b8fd7) Importer(815301076,1909f56bfc062723c751e8b465ee728b) (PreviewImporter) -> (artifact id: '9b53c0f7c14aa8be77937d4abfd785fa') in 0.1022515 seconds
Number of updated asset objects reloaded before import = 0Number of asset objects unloaded after import = 2

========================================================================
Received Import Request.
  Time since last request: 0.000066 seconds.
  path: Assets/_Barking_Dog/_3D Scifi Base Vol 1/Textures/Bubble_A.png
  artifactKey: Guid(4982197b2b6e4464c9e1ac14131abd5b) Importer(815301076,1909f56bfc062723c751e8b465ee728b)
Start importing Assets/_Barking_Dog/_3D Scifi Base Vol 1/Textures/Bubble_A.png using Guid(4982197b2b6e4464c9e1ac14131abd5b) Importer(815301076,1909f56bfc062723c751e8b465ee728b) (PreviewImporter) -> (artifact id: 'e62d7c4b5df3f2dbb9f541551b7c990d') in 0.179758 seconds
Number of updated asset objects reloaded before import = 0Number of asset objects unloaded after import = 2

========================================================================
Received Import Request.
  Time since last request: 0.000031 seconds.
  path: Assets/_Barking_Dog/_3D Scifi Base Vol 1/Textures/Wall_Atlas_04_Metal.tif
  artifactKey: Guid(bfb6d67acc6084c8a89a9de758773a96) Importer(815301076,1909f56bfc062723c751e8b465ee728b)
Start importing Assets/_Barking_Dog/_3D Scifi Base Vol 1/Textures/Wall_Atlas_04_Metal.tif using Guid(bfb6d67acc6084c8a89a9de758773a96) Importer(815301076,1909f56bfc062723c751e8b465ee728b) (PreviewImporter) -> (artifact id: '725dede38b954d728c293c8865db41d5') in 0.2072786 seconds
Number of updated asset objects reloaded before import = 0Number of asset objects unloaded after import = 2

========================================================================
Received Import Request.
  Time since last request: 0.000032 seconds.
  path: Assets/_Barking_Dog/_3D Scifi Base Vol 1/Textures/Wall_Atlas_01_Ao.png
  artifactKey: Guid(7c28de6447a614ce18317c1e56543833) Importer(815301076,1909f56bfc062723c751e8b465ee728b)
Start importing Assets/_Barking_Dog/_3D Scifi Base Vol 1/Textures/Wall_Atlas_01_Ao.png using Guid(7c28de6447a614ce18317c1e56543833) Importer(815301076,1909f56bfc062723c751e8b465ee728b) (PreviewImporter) -> (artifact id: 'c740b76ad3bc780d6e7ec1e8add26690') in 0.2604047 seconds
Number of updated asset objects reloaded before import = 0Number of asset objects unloaded after import = 2

========================================================================
Received Import Request.
  Time since last request: 0.000035 seconds.
  path: Assets/_Barking_Dog/_3D Scifi Base Vol 1/SpeedTree/Conifer/Conifer_Desktop_Atlas.tga
  artifactKey: Guid(ea9799c461d3f6e4eb0be2264829282d) Importer(815301076,1909f56bfc062723c751e8b465ee728b)
Start importing Assets/_Barking_Dog/_3D Scifi Base Vol 1/SpeedTree/Conifer/Conifer_Desktop_Atlas.tga using Guid(ea9799c461d3f6e4eb0be2264829282d) Importer(815301076,1909f56bfc062723c751e8b465ee728b) (PreviewImporter) -> (artifact id: '129bfc3aea5a86fb19ae91bce7a6be10') in 0.0196688 seconds
Number of updated asset objects reloaded before import = 0Number of asset objects unloaded after import = 2

========================================================================
Received Import Request.
  Time since last request: 0.000070 seconds.
  path: Assets/_Barking_Dog/_3D Scifi Base Vol 1/Textures/Wall_Atlas_03_Dif.png
  artifactKey: Guid(7595de1fb48414c11b8d0236505a4d33) Importer(815301076,1909f56bfc062723c751e8b465ee728b)
Start importing Assets/_Barking_Dog/_3D Scifi Base Vol 1/Textures/Wall_Atlas_03_Dif.png using Guid(7595de1fb48414c11b8d0236505a4d33) Importer(815301076,1909f56bfc062723c751e8b465ee728b) (PreviewImporter) -> (artifact id: '4ed1af8c9d1469e8a2243c8c6ddf1ca7') in 0.2762676 seconds
Number of updated asset objects reloaded before import = 0Number of asset objects unloaded after import = 2

========================================================================
Received Import Request.
  Time since last request: 0.000046 seconds.
  path: Assets/_Barking_Dog/_3D Scifi Base Vol 1/Splat/Rock_01_Metal.tif
  artifactKey: Guid(4f35e5ee85b7c44b9a3e63d8db723d4e) Importer(815301076,1909f56bfc062723c751e8b465ee728b)
Start importing Assets/_Barking_Dog/_3D Scifi Base Vol 1/Splat/Rock_01_Metal.tif using Guid(4f35e5ee85b7c44b9a3e63d8db723d4e) Importer(815301076,1909f56bfc062723c751e8b465ee728b) (PreviewImporter) -> (artifact id: '176219f065901c75f9f3a756d6bc43c4') in 0.0151797 seconds
Number of updated asset objects reloaded before import = 0Number of asset objects unloaded after import = 2

========================================================================
Received Import Request.
  Time since last request: 0.000054 seconds.
  path: Assets/_Barking_Dog/_3D Scifi Base Vol 1/Textures/Wall_Atlas_05_Metal_02.tif
  artifactKey: Guid(873be3a5a7f2b48bd9dc298203763b7a) Importer(815301076,1909f56bfc062723c751e8b465ee728b)
Start importing Assets/_Barking_Dog/_3D Scifi Base Vol 1/Textures/Wall_Atlas_05_Metal_02.tif using Guid(873be3a5a7f2b48bd9dc298203763b7a) Importer(815301076,1909f56bfc062723c751e8b465ee728b) (PreviewImporter) -> (artifact id: 'ac6575046d04f8142f3813d1c5009288') in 0.3384677 seconds
Number of updated asset objects reloaded before import = 0Number of asset objects unloaded after import = 2

========================================================================
Received Import Request.
  Time since last request: 0.000051 seconds.
  path: Assets/_Barking_Dog/_3D Scifi Base Vol 1/Textures/Wall_Atlas_03_Norm.png
  artifactKey: Guid(a00e8066480c04b1cbbd633c7adafcb6) Importer(815301076,1909f56bfc062723c751e8b465ee728b)
Start importing Assets/_Barking_Dog/_3D Scifi Base Vol 1/Textures/Wall_Atlas_03_Norm.png using Guid(a00e8066480c04b1cbbd633c7adafcb6) Importer(815301076,1909f56bfc062723c751e8b465ee728b) (PreviewImporter) -> (artifact id: 'deaf35aea74882b3ee10d038099e0afc') in 0.3287563 seconds
Number of updated asset objects reloaded before import = 0Number of asset objects unloaded after import = 2

========================================================================
Received Import Request.
  Time since last request: 0.000098 seconds.
  path: Assets/_Barking_Dog/_3D Scifi Base Vol 1/Textures/Wall_Atlas_03_Dif_02.png
  artifactKey: Guid(a77100fd8fba04a5a9b1d15b49205eb4) Importer(815301076,1909f56bfc062723c751e8b465ee728b)
Start importing Assets/_Barking_Dog/_3D Scifi Base Vol 1/Textures/Wall_Atlas_03_Dif_02.png using Guid(a77100fd8fba04a5a9b1d15b49205eb4) Importer(815301076,1909f56bfc062723c751e8b465ee728b) (PreviewImporter) -> (artifact id: 'd7698634452a419205dadfba87f15c23') in 0.1729226 seconds
Number of updated asset objects reloaded before import = 0Number of asset objects unloaded after import = 2

========================================================================
Received Import Request.
  Time since last request: 33.895443 seconds.
  path: Assets/_Barking_Dog/_3D Scifi Base Vol 1/TerrainAutoUpgrade/layer_Rock_01Rock_01_Norm(8.000,8.000)(0.000,0.000)(0.000,0.000,0.000),0.530,0.393.terrainlayer
  artifactKey: Guid(c7ece9c614d19e64c8cdaf871965bcdd) Importer(815301076,1909f56bfc062723c751e8b465ee728b)
Start importing Assets/_Barking_Dog/_3D Scifi Base Vol 1/TerrainAutoUpgrade/layer_Rock_01Rock_01_Norm(8.000,8.000)(0.000,0.000)(0.000,0.000,0.000),0.530,0.393.terrainlayer using Guid(c7ece9c614d19e64c8cdaf871965bcdd) Importer(815301076,1909f56bfc062723c751e8b465ee728b) (PreviewImporter) -> (artifact id: '247851503594c14f8fa002ed5fcb8c93') in 0.0262392 seconds
Number of updated asset objects reloaded before import = 0Number of asset objects unloaded after import = 4

========================================================================
Received Prepare
Begin MonoManager ReloadAssembly
[Licensing::Client] Successfully resolved entitlement details
ADTM: Control thread waiting for realtime thread timed out, have to lock...
- Loaded All Assemblies, in  2.213 seconds
Refreshing native plugins compatible for Editor in 0.95 ms, found 3 plugins.
Native extension for Android target not found
Native extension for WindowsStandalone target not found
[Package Manager] Failed to launch server process. Reason: Unity was launched with the -noUpm command-line argument
[Package Manager] Unable to send message (not connected to server process).
[Package Manager] Cannot connect to Unity Package Manager local server
[Package Manager] Failed to launch server process. Reason: Unity was launched with the -noUpm command-line argument
[Package Manager] Unable to send message (not connected to server process).
[Package Manager] Cannot connect to Unity Package Manager local server
ScheduleIndexationOnStartup MainProcess:False IndexOnStartup:True
Mono: successfully reloaded assembly
- Finished resetting the current domain, in  1.721 seconds
Domain Reload Profiling: 3940ms
	BeginReloadAssembly (1387ms)
		ExecutionOrderSort (0ms)
		DisableScriptedObjects (8ms)
		BackupInstance (0ms)
		ReleaseScriptingObjects (0ms)
		CreateAndSetChildDomain (1111ms)
	RebuildCommonClasses (55ms)
	RebuildNativeTypeToScriptingClass (20ms)
	initialDomainReloadingComplete (48ms)
	LoadAllAssembliesAndSetupDomain (709ms)
		LoadAssemblies (583ms)
		RebuildTransferFunctionScriptingTraits (0ms)
		AnalyzeDomain (282ms)
			TypeCache.Refresh (10ms)
				TypeCache.ScanAssembly (0ms)
			BuildScriptInfoCaches (254ms)
			ResolveRequiredComponents (14ms)
	FinalizeReload (1722ms)
		ReleaseScriptCaches (0ms)
		RebuildScriptCaches (0ms)
		SetupLoadedEditorAssemblies (1297ms)
			LogAssemblyErrors (0ms)
			InitializePlatformSupportModulesInManaged (17ms)
			SetLoadedEditorAssemblies (8ms)
			BeforeProcessingInitializeOnLoad (312ms)
			ProcessInitializeOnLoadAttributes (773ms)
			ProcessInitializeOnLoadMethodAttributes (179ms)
			AfterProcessingInitializeOnLoad (8ms)
			EditorAssembliesLoaded (0ms)
		ExecutionOrderSort2 (0ms)
		AwakeInstancesAfterBackupRestoration (47ms)
Refreshing native plugins compatible for Editor in 0.97 ms, found 3 plugins.
Preloading 0 native plugins for Editor in 0.00 ms.
Unloading 17 Unused Serialized files (Serialized files now loaded: 0)
Unloading 6192 unused Assets / (4.8 MB). Loaded Objects now: 7179.
Memory consumption went from 167.9 MB to 163.1 MB.
Total: 26.303200 ms (FindLiveObjects: 1.621400 ms CreateObjectMapping: 3.836600 ms MarkObjects: 11.972500 ms  DeleteObjects: 8.871500 ms)

Prepare: number of updated asset objects reloaded= 0
========================================================================
Received Prepare
Begin MonoManager ReloadAssembly
[Licensing::Client] Successfully resolved entitlement details
ADTM: Control thread waiting for realtime thread timed out, have to lock...
- Loaded All Assemblies, in  2.500 seconds
Refreshing native plugins compatible for Editor in 1.14 ms, found 3 plugins.
Native extension for Android target not found
Native extension for WindowsStandalone target not found
[Package Manager] Failed to launch server process. Reason: Unity was launched with the -noUpm command-line argument
[Package Manager] Unable to send message (not connected to server process).
[Package Manager] Cannot connect to Unity Package Manager local server
[Package Manager] Failed to launch server process. Reason: Unity was launched with the -noUpm command-line argument
[Package Manager] Unable to send message (not connected to server process).
[Package Manager] Cannot connect to Unity Package Manager local server
ScheduleIndexationOnStartup MainProcess:False IndexOnStartup:True
Mono: successfully reloaded assembly
- Finished resetting the current domain, in  1.897 seconds
Domain Reload Profiling: 4406ms
	BeginReloadAssembly (1411ms)
		ExecutionOrderSort (0ms)
		DisableScriptedObjects (9ms)
		BackupInstance (0ms)
		ReleaseScriptingObjects (0ms)
		CreateAndSetChildDomain (1125ms)
	RebuildCommonClasses (84ms)
	RebuildNativeTypeToScriptingClass (20ms)
	initialDomainReloadingComplete (49ms)
	LoadAllAssembliesAndSetupDomain (944ms)
		LoadAssemblies (726ms)
		RebuildTransferFunctionScriptingTraits (0ms)
		AnalyzeDomain (389ms)
			TypeCache.Refresh (11ms)
				TypeCache.ScanAssembly (0ms)
			BuildScriptInfoCaches (359ms)
			ResolveRequiredComponents (15ms)
	FinalizeReload (1898ms)
		ReleaseScriptCaches (0ms)
		RebuildScriptCaches (0ms)
		SetupLoadedEditorAssemblies (1481ms)
			LogAssemblyErrors (0ms)
			InitializePlatformSupportModulesInManaged (19ms)
			SetLoadedEditorAssemblies (12ms)
			BeforeProcessingInitializeOnLoad (342ms)
			ProcessInitializeOnLoadAttributes (899ms)
			ProcessInitializeOnLoadMethodAttributes (201ms)
			AfterProcessingInitializeOnLoad (7ms)
			EditorAssembliesLoaded (0ms)
		ExecutionOrderSort2 (0ms)
		AwakeInstancesAfterBackupRestoration (41ms)
Refreshing native plugins compatible for Editor in 1.51 ms, found 3 plugins.
Preloading 0 native plugins for Editor in 0.00 ms.
Unloading 17 Unused Serialized files (Serialized files now loaded: 0)
Unloading 6192 unused Assets / (8.1 MB). Loaded Objects now: 7182.
Memory consumption went from 167.9 MB to 159.8 MB.
Total: 34.368600 ms (FindLiveObjects: 1.353400 ms CreateObjectMapping: 3.259400 ms MarkObjects: 11.838300 ms  DeleteObjects: 17.915500 ms)

Prepare: number of updated asset objects reloaded= 0
========================================================================
Received Prepare
Begin MonoManager ReloadAssembly
[Licensing::Client] Successfully resolved entitlement details
ADTM: Control thread waiting for realtime thread timed out, have to lock...
- Loaded All Assemblies, in  2.070 seconds
Refreshing native plugins compatible for Editor in 1.21 ms, found 3 plugins.
Native extension for Android target not found
Native extension for WindowsStandalone target not found
[Package Manager] Failed to launch server process. Reason: Unity was launched with the -noUpm command-line argument
[Package Manager] Unable to send message (not connected to server process).
[Package Manager] Cannot connect to Unity Package Manager local server
[Package Manager] Failed to launch server process. Reason: Unity was launched with the -noUpm command-line argument
[Package Manager] Unable to send message (not connected to server process).
[Package Manager] Cannot connect to Unity Package Manager local server
ScheduleIndexationOnStartup MainProcess:False IndexOnStartup:True
Mono: successfully reloaded assembly
- Finished resetting the current domain, in  1.592 seconds
Domain Reload Profiling: 3669ms
	BeginReloadAssembly (1313ms)
		ExecutionOrderSort (0ms)
		DisableScriptedObjects (8ms)
		BackupInstance (0ms)
		ReleaseScriptingObjects (0ms)
		CreateAndSetChildDomain (1071ms)
	RebuildCommonClasses (63ms)
	RebuildNativeTypeToScriptingClass (22ms)
	initialDomainReloadingComplete (39ms)
	LoadAllAssembliesAndSetupDomain (637ms)
		LoadAssemblies (495ms)
		RebuildTransferFunctionScriptingTraits (0ms)
		AnalyzeDomain (285ms)
			TypeCache.Refresh (12ms)
				TypeCache.ScanAssembly (0ms)
			BuildScriptInfoCaches (252ms)
			ResolveRequiredComponents (16ms)
	FinalizeReload (1595ms)
		ReleaseScriptCaches (0ms)
		RebuildScriptCaches (0ms)
		SetupLoadedEditorAssemblies (1288ms)
			LogAssemblyErrors (0ms)
			InitializePlatformSupportModulesInManaged (12ms)
			SetLoadedEditorAssemblies (9ms)
			BeforeProcessingInitializeOnLoad (316ms)
			ProcessInitializeOnLoadAttributes (749ms)
			ProcessInitializeOnLoadMethodAttributes (192ms)
			AfterProcessingInitializeOnLoad (9ms)
			EditorAssembliesLoaded (1ms)
		ExecutionOrderSort2 (0ms)
		AwakeInstancesAfterBackupRestoration (43ms)
Refreshing native plugins compatible for Editor in 1.58 ms, found 3 plugins.
Preloading 0 native plugins for Editor in 0.00 ms.
Unloading 17 Unused Serialized files (Serialized files now loaded: 0)
Unloading 6192 unused Assets / (9.6 MB). Loaded Objects now: 7185.
Memory consumption went from 168.0 MB to 158.3 MB.
Total: 31.866100 ms (FindLiveObjects: 1.506800 ms CreateObjectMapping: 3.783900 ms MarkObjects: 10.984800 ms  DeleteObjects: 15.587300 ms)

Prepare: number of updated asset objects reloaded= 0
========================================================================
Received Import Request.
  Time since last request: 3578.281487 seconds.
  path: Assets
  artifactKey: Guid(00000000000000001000000000000000) Importer(815301076,1909f56bfc062723c751e8b465ee728b)
Start importing Assets using Guid(00000000000000001000000000000000) Importer(815301076,1909f56bfc062723c751e8b465ee728b) (PreviewImporter) -> (artifact id: 'c391582d739b6e62a5220f35cbb167ac') in 0.1520657 seconds
Number of updated asset objects reloaded before import = 0Number of asset objects unloaded after import = 0

========================================================================
Received Import Request.
  Time since last request: 2.771678 seconds.
  path: Assets/_Barking_Dog/_3D Scifi Base Vol 1/Splat/TerrainData.asset
  artifactKey: Guid(2f7c2fd4a801c724c89f934b7ce0165f) Importer(2089858483,b0f066a214c2f5e87bad3c948f4d605d)
Start importing Assets/_Barking_Dog/_3D Scifi Base Vol 1/Splat/TerrainData.asset using Guid(2f7c2fd4a801c724c89f934b7ce0165f) Importer(2089858483,b0f066a214c2f5e87bad3c948f4d605d) (ScriptedImporter) -> (artifact id: '93ad3bfdde5bc5eff0486c907d19e226') in 0.4799721 seconds
Number of updated asset objects reloaded before import = 0Number of asset objects unloaded after import = 194

========================================================================
Received Import Request.
  Time since last request: 0.000031 seconds.
  path: Assets/_Barking_Dog/Common Scripts/MouseLook.cs
  artifactKey: Guid(f01bd4c86abb8314b810e35708a25532) Importer(2089858483,b0f066a214c2f5e87bad3c948f4d605d)
Start importing Assets/_Barking_Dog/Common Scripts/MouseLook.cs using Guid(f01bd4c86abb8314b810e35708a25532) Importer(2089858483,b0f066a214c2f5e87bad3c948f4d605d) (ScriptedImporter) -> (artifact id: 'cca3817223a193c159c10f9cf8d2c780') in 0.0316965 seconds
Number of updated asset objects reloaded before import = 0Number of asset objects unloaded after import = 0

========================================================================
Received Import Request.
  Time since last request: 6.435353 seconds.
  path: Assets/3D Models
  artifactKey: Guid(6d48cdc6f159863418b3c4468c89d4aa) Importer(815301076,1909f56bfc062723c751e8b465ee728b)
Start importing Assets/3D Models using Guid(6d48cdc6f159863418b3c4468c89d4aa) Importer(815301076,1909f56bfc062723c751e8b465ee728b) (PreviewImporter) -> (artifact id: '1f60b0de6a17deb57221554daa78d600') in 0.0006993 seconds
Number of updated asset objects reloaded before import = 0Number of asset objects unloaded after import = 0

========================================================================
Received Import Request.
  Time since last request: 0.828487 seconds.
  path: Assets/3D Models
  artifactKey: Guid(6d48cdc6f159863418b3c4468c89d4aa) Importer(2089858483,b0f066a214c2f5e87bad3c948f4d605d)
Start importing Assets/3D Models using Guid(6d48cdc6f159863418b3c4468c89d4aa) Importer(2089858483,b0f066a214c2f5e87bad3c948f4d605d) (ScriptedImporter) -> (artifact id: '7c901f042cfd7e9a20f214c7f59d6790') in 0.0045982 seconds
Number of updated asset objects reloaded before import = 0Number of asset objects unloaded after import = 1

========================================================================
Received Import Request.
  Time since last request: 7.244593 seconds.
  path: Assets/3D Models/Walking.fbx
  artifactKey: Guid(6415120ffc93d17418ddf88678ca9f4d) Importer(815301076,1909f56bfc062723c751e8b465ee728b)
Start importing Assets/3D Models/Walking.fbx using Guid(6415120ffc93d17418ddf88678ca9f4d) Importer(815301076,1909f56bfc062723c751e8b465ee728b) (PreviewImporter) -> (artifact id: '2732e79f1513dda91e81e6a081993473') in 15.1559115 seconds
Number of updated asset objects reloaded before import = 0Number of asset objects unloaded after import = 266

========================================================================
Received Prepare
Begin MonoManager ReloadAssembly
[Licensing::Client] Successfully resolved entitlement details
ADTM: Control thread waiting for realtime thread timed out, have to lock...
- Loaded All Assemblies, in  2.935 seconds
Refreshing native plugins compatible for Editor in 0.89 ms, found 3 plugins.
Native extension for Android target not found
Native extension for WindowsStandalone target not found
[Package Manager] Failed to launch server process. Reason: Unity was launched with the -noUpm command-line argument
[Package Manager] Unable to send message (not connected to server process).
[Package Manager] Cannot connect to Unity Package Manager local server
[Package Manager] Failed to launch server process. Reason: Unity was launched with the -noUpm command-line argument
[Package Manager] Unable to send message (not connected to server process).
[Package Manager] Cannot connect to Unity Package Manager local server
ScheduleIndexationOnStartup MainProcess:False IndexOnStartup:True
Mono: successfully reloaded assembly
- Finished resetting the current domain, in  1.096 seconds
Domain Reload Profiling: 4046ms
	BeginReloadAssembly (1617ms)
		ExecutionOrderSort (0ms)
		DisableScriptedObjects (41ms)
		BackupInstance (0ms)
		ReleaseScriptingObjects (1ms)
		CreateAndSetChildDomain (1208ms)
	RebuildCommonClasses (73ms)
	RebuildNativeTypeToScriptingClass (31ms)
	initialDomainReloadingComplete (57ms)
	LoadAllAssembliesAndSetupDomain (1171ms)
		LoadAssemblies (897ms)
		RebuildTransferFunctionScriptingTraits (0ms)
		AnalyzeDomain (520ms)
			TypeCache.Refresh (25ms)
				TypeCache.ScanAssembly (1ms)
			BuildScriptInfoCaches (462ms)
			ResolveRequiredComponents (23ms)
	FinalizeReload (1097ms)
		ReleaseScriptCaches (0ms)
		RebuildScriptCaches (0ms)
		SetupLoadedEditorAssemblies (799ms)
			LogAssemblyErrors (0ms)
			InitializePlatformSupportModulesInManaged (12ms)
			SetLoadedEditorAssemblies (10ms)
			BeforeProcessingInitializeOnLoad (215ms)
			ProcessInitializeOnLoadAttributes (450ms)
			ProcessInitializeOnLoadMethodAttributes (105ms)
			AfterProcessingInitializeOnLoad (7ms)
			EditorAssembliesLoaded (0ms)
		ExecutionOrderSort2 (0ms)
		AwakeInstancesAfterBackupRestoration (23ms)
Refreshing native plugins compatible for Editor in 0.84 ms, found 3 plugins.
Preloading 0 native plugins for Editor in 0.00 ms.
Unloading 17 Unused Serialized files (Serialized files now loaded: 0)
Unloading 6194 unused Assets / (5.3 MB). Loaded Objects now: 7242.
Memory consumption went from 174.9 MB to 169.6 MB.
Total: 16.203000 ms (FindLiveObjects: 1.293300 ms CreateObjectMapping: 1.662200 ms MarkObjects: 7.451300 ms  DeleteObjects: 5.794800 ms)

Prepare: number of updated asset objects reloaded= 0
========================================================================
Received Prepare
Begin MonoManager ReloadAssembly
[Licensing::Client] Successfully resolved entitlement details
ADTM: Control thread waiting for realtime thread timed out, have to lock...
- Loaded All Assemblies, in  2.108 seconds
Refreshing native plugins compatible for Editor in 0.95 ms, found 3 plugins.
Native extension for Android target not found
Native extension for WindowsStandalone target not found
[Package Manager] Failed to launch server process. Reason: Unity was launched with the -noUpm command-line argument
[Package Manager] Unable to send message (not connected to server process).
[Package Manager] Cannot connect to Unity Package Manager local server
[Package Manager] Failed to launch server process. Reason: Unity was launched with the -noUpm command-line argument
[Package Manager] Unable to send message (not connected to server process).
[Package Manager] Cannot connect to Unity Package Manager local server
ScheduleIndexationOnStartup MainProcess:False IndexOnStartup:True
Mono: successfully reloaded assembly
- Finished resetting the current domain, in  1.394 seconds
Domain Reload Profiling: 3507ms
	BeginReloadAssembly (1334ms)
		ExecutionOrderSort (0ms)
		DisableScriptedObjects (12ms)
		BackupInstance (0ms)
		ReleaseScriptingObjects (0ms)
		CreateAndSetChildDomain (1086ms)
	RebuildCommonClasses (58ms)
	RebuildNativeTypeToScriptingClass (22ms)
	initialDomainReloadingComplete (37ms)
	LoadAllAssembliesAndSetupDomain (661ms)
		LoadAssemblies (492ms)
		RebuildTransferFunctionScriptingTraits (0ms)
		AnalyzeDomain (307ms)
			TypeCache.Refresh (10ms)
				TypeCache.ScanAssembly (0ms)
			BuildScriptInfoCaches (274ms)
			ResolveRequiredComponents (19ms)
	FinalizeReload (1395ms)
		ReleaseScriptCaches (0ms)
		RebuildScriptCaches (0ms)
		SetupLoadedEditorAssemblies (1103ms)
			LogAssemblyErrors (0ms)
			InitializePlatformSupportModulesInManaged (15ms)
			SetLoadedEditorAssemblies (8ms)
			BeforeProcessingInitializeOnLoad (221ms)
			ProcessInitializeOnLoadAttributes (698ms)
			ProcessInitializeOnLoadMethodAttributes (152ms)
			AfterProcessingInitializeOnLoad (8ms)
			EditorAssembliesLoaded (0ms)
		ExecutionOrderSort2 (0ms)
		AwakeInstancesAfterBackupRestoration (38ms)
Refreshing native plugins compatible for Editor in 0.92 ms, found 3 plugins.
Preloading 0 native plugins for Editor in 0.00 ms.
Unloading 17 Unused Serialized files (Serialized files now loaded: 0)
Unloading 6193 unused Assets / (5.5 MB). Loaded Objects now: 7245.
Memory consumption went from 174.8 MB to 169.3 MB.
Total: 22.429200 ms (FindLiveObjects: 3.530700 ms CreateObjectMapping: 2.653300 ms MarkObjects: 10.922100 ms  DeleteObjects: 5.321600 ms)

Prepare: number of updated asset objects reloaded= 0
========================================================================
Received Prepare
Begin MonoManager ReloadAssembly
[Licensing::Client] Successfully resolved entitlement details
ADTM: Control thread waiting for realtime thread timed out, have to lock...
- Loaded All Assemblies, in  2.057 seconds
Refreshing native plugins compatible for Editor in 0.96 ms, found 3 plugins.
Native extension for Android target not found
Native extension for WindowsStandalone target not found
[Package Manager] Failed to launch server process. Reason: Unity was launched with the -noUpm command-line argument
[Package Manager] Unable to send message (not connected to server process).
[Package Manager] Cannot connect to Unity Package Manager local server
[Package Manager] Failed to launch server process. Reason: Unity was launched with the -noUpm command-line argument
[Package Manager] Unable to send message (not connected to server process).
[Package Manager] Cannot connect to Unity Package Manager local server
ScheduleIndexationOnStartup MainProcess:False IndexOnStartup:True
Mono: successfully reloaded assembly
- Finished resetting the current domain, in  1.025 seconds
Domain Reload Profiling: 3088ms
	BeginReloadAssembly (1314ms)
		ExecutionOrderSort (0ms)
		DisableScriptedObjects (10ms)
		BackupInstance (0ms)
		ReleaseScriptingObjects (0ms)
		CreateAndSetChildDomain (1071ms)
	RebuildCommonClasses (54ms)
	RebuildNativeTypeToScriptingClass (23ms)
	initialDomainReloadingComplete (36ms)
	LoadAllAssembliesAndSetupDomain (636ms)
		LoadAssemblies (491ms)
		RebuildTransferFunctionScriptingTraits (0ms)
		AnalyzeDomain (296ms)
			TypeCache.Refresh (15ms)
				TypeCache.ScanAssembly (0ms)
			BuildScriptInfoCaches (260ms)
			ResolveRequiredComponents (16ms)
	FinalizeReload (1026ms)
		ReleaseScriptCaches (0ms)
		RebuildScriptCaches (0ms)
		SetupLoadedEditorAssemblies (787ms)
			LogAssemblyErrors (0ms)
			InitializePlatformSupportModulesInManaged (10ms)
			SetLoadedEditorAssemblies (7ms)
			BeforeProcessingInitializeOnLoad (200ms)
			ProcessInitializeOnLoadAttributes (469ms)
			ProcessInitializeOnLoadMethodAttributes (96ms)
			AfterProcessingInitializeOnLoad (5ms)
			EditorAssembliesLoaded (0ms)
		ExecutionOrderSort2 (0ms)
		AwakeInstancesAfterBackupRestoration (27ms)
Refreshing native plugins compatible for Editor in 1.03 ms, found 3 plugins.
Preloading 0 native plugins for Editor in 0.00 ms.
Unloading 17 Unused Serialized files (Serialized files now loaded: 0)
Unloading 6193 unused Assets / (5.3 MB). Loaded Objects now: 7248.
Memory consumption went from 174.9 MB to 169.6 MB.
Total: 16.932700 ms (FindLiveObjects: 1.436900 ms CreateObjectMapping: 2.278500 ms MarkObjects: 7.928800 ms  DeleteObjects: 5.287300 ms)

Prepare: number of updated asset objects reloaded= 0
========================================================================
Received Prepare
Begin MonoManager ReloadAssembly
ADTM: Control thread waiting for realtime thread timed out, have to lock...
- Loaded All Assemblies, in  2.143 seconds
Refreshing native plugins compatible for Editor in 2.16 ms, found 3 plugins.
Native extension for Android target not found
Native extension for WindowsStandalone target not found
[Package Manager] Failed to launch server process. Reason: Unity was launched with the -noUpm command-line argument
[Package Manager] Unable to send message (not connected to server process).
[Package Manager] Cannot connect to Unity Package Manager local server
[Package Manager] Failed to launch server process. Reason: Unity was launched with the -noUpm command-line argument
[Package Manager] Unable to send message (not connected to server process).
[Package Manager] Cannot connect to Unity Package Manager local server
ScheduleIndexationOnStartup MainProcess:False IndexOnStartup:True
Mono: successfully reloaded assembly
- Finished resetting the current domain, in  2.122 seconds
Domain Reload Profiling: 4268ms
	BeginReloadAssembly (1344ms)
		ExecutionOrderSort (0ms)
		DisableScriptedObjects (10ms)
		BackupInstance (0ms)
		ReleaseScriptingObjects (0ms)
		CreateAndSetChildDomain (1087ms)
	RebuildCommonClasses (70ms)
	RebuildNativeTypeToScriptingClass (25ms)
	initialDomainReloadingComplete (42ms)
	LoadAllAssembliesAndSetupDomain (664ms)
		LoadAssemblies (530ms)
		RebuildTransferFunctionScriptingTraits (0ms)
		AnalyzeDomain (307ms)
			TypeCache.Refresh (17ms)
				TypeCache.ScanAssembly (0ms)
			BuildScriptInfoCaches (269ms)
			ResolveRequiredComponents (16ms)
	FinalizeReload (2123ms)
		ReleaseScriptCaches (0ms)
		RebuildScriptCaches (0ms)
		SetupLoadedEditorAssemblies (1579ms)
			LogAssemblyErrors (0ms)
			InitializePlatformSupportModulesInManaged (22ms)
			SetLoadedEditorAssemblies (13ms)
			BeforeProcessingInitializeOnLoad (416ms)
			ProcessInitializeOnLoadAttributes (910ms)
			ProcessInitializeOnLoadMethodAttributes (209ms)
			AfterProcessingInitializeOnLoad (9ms)
			EditorAssembliesLoaded (1ms)
		ExecutionOrderSort2 (0ms)
		AwakeInstancesAfterBackupRestoration (49ms)
Refreshing native plugins compatible for Editor in 6.58 ms, found 3 plugins.
Preloading 0 native plugins for Editor in 0.00 ms.
Unloading 17 Unused Serialized files (Serialized files now loaded: 0)
Unloading 6193 unused Assets / (4.7 MB). Loaded Objects now: 7251.
Memory consumption went from 174.8 MB to 170.1 MB.
Total: 27.784500 ms (FindLiveObjects: 1.762400 ms CreateObjectMapping: 3.967000 ms MarkObjects: 14.093900 ms  DeleteObjects: 7.959300 ms)

Prepare: number of updated asset objects reloaded= 0
========================================================================
Received Prepare
Begin MonoManager ReloadAssembly
[Licensing::Client] Successfully resolved entitlement details
ADTM: Control thread waiting for realtime thread timed out, have to lock...
- Loaded All Assemblies, in  2.052 seconds
Refreshing native plugins compatible for Editor in 1.23 ms, found 3 plugins.
Native extension for Android target not found
Native extension for WindowsStandalone target not found
[Package Manager] Failed to launch server process. Reason: Unity was launched with the -noUpm command-line argument
[Package Manager] Unable to send message (not connected to server process).
[Package Manager] Cannot connect to Unity Package Manager local server
[Package Manager] Failed to launch server process. Reason: Unity was launched with the -noUpm command-line argument
[Package Manager] Unable to send message (not connected to server process).
[Package Manager] Cannot connect to Unity Package Manager local server
ScheduleIndexationOnStartup MainProcess:False IndexOnStartup:True
Mono: successfully reloaded assembly
- Finished resetting the current domain, in  1.720 seconds
Domain Reload Profiling: 3776ms
	BeginReloadAssembly (1302ms)
		ExecutionOrderSort (0ms)
		DisableScriptedObjects (8ms)
		BackupInstance (0ms)
		ReleaseScriptingObjects (0ms)
		CreateAndSetChildDomain (1065ms)
	RebuildCommonClasses (53ms)
	RebuildNativeTypeToScriptingClass (28ms)
	initialDomainReloadingComplete (37ms)
	LoadAllAssembliesAndSetupDomain (636ms)
		LoadAssemblies (494ms)
		RebuildTransferFunctionScriptingTraits (0ms)
		AnalyzeDomain (291ms)
			TypeCache.Refresh (12ms)
				TypeCache.ScanAssembly (0ms)
			BuildScriptInfoCaches (254ms)
			ResolveRequiredComponents (20ms)
	FinalizeReload (1721ms)
		ReleaseScriptCaches (0ms)
		RebuildScriptCaches (0ms)
		SetupLoadedEditorAssemblies (1295ms)
			LogAssemblyErrors (0ms)
			InitializePlatformSupportModulesInManaged (24ms)
			SetLoadedEditorAssemblies (12ms)
			BeforeProcessingInitializeOnLoad (336ms)
			ProcessInitializeOnLoadAttributes (753ms)
			ProcessInitializeOnLoadMethodAttributes (161ms)
			AfterProcessingInitializeOnLoad (8ms)
			EditorAssembliesLoaded (1ms)
		ExecutionOrderSort2 (0ms)
		AwakeInstancesAfterBackupRestoration (42ms)
Refreshing native plugins compatible for Editor in 1.50 ms, found 3 plugins.
Preloading 0 native plugins for Editor in 0.00 ms.
Unloading 17 Unused Serialized files (Serialized files now loaded: 0)
Unloading 6193 unused Assets / (6.3 MB). Loaded Objects now: 7254.
Memory consumption went from 174.9 MB to 168.6 MB.
Total: 28.651300 ms (FindLiveObjects: 2.839600 ms CreateObjectMapping: 2.499600 ms MarkObjects: 11.903100 ms  DeleteObjects: 11.406500 ms)

Prepare: number of updated asset objects reloaded= 0
========================================================================
Received Prepare
Begin MonoManager ReloadAssembly
ADTM: Control thread waiting for realtime thread timed out, have to lock...
- Loaded All Assemblies, in  2.045 seconds
Refreshing native plugins compatible for Editor in 0.70 ms, found 3 plugins.
Native extension for Android target not found
Native extension for WindowsStandalone target not found
[Package Manager] Failed to launch server process. Reason: Unity was launched with the -noUpm command-line argument
[Package Manager] Unable to send message (not connected to server process).
[Package Manager] Cannot connect to Unity Package Manager local server
[Package Manager] Failed to launch server process. Reason: Unity was launched with the -noUpm command-line argument
[Package Manager] Unable to send message (not connected to server process).
[Package Manager] Cannot connect to Unity Package Manager local server
ScheduleIndexationOnStartup MainProcess:False IndexOnStartup:True
Mono: successfully reloaded assembly
- Finished resetting the current domain, in  1.731 seconds
Domain Reload Profiling: 3779ms
	BeginReloadAssembly (1310ms)
		ExecutionOrderSort (0ms)
		DisableScriptedObjects (9ms)
		BackupInstance (0ms)
		ReleaseScriptingObjects (1ms)
		CreateAndSetChildDomain (1075ms)
	RebuildCommonClasses (62ms)
	RebuildNativeTypeToScriptingClass (20ms)
	initialDomainReloadingComplete (36ms)
	LoadAllAssembliesAndSetupDomain (619ms)
		LoadAssemblies (480ms)
		RebuildTransferFunctionScriptingTraits (0ms)
		AnalyzeDomain (293ms)
			TypeCache.Refresh (15ms)
				TypeCache.ScanAssembly (0ms)
			BuildScriptInfoCaches (259ms)
			ResolveRequiredComponents (14ms)
	FinalizeReload (1732ms)
		ReleaseScriptCaches (0ms)
		RebuildScriptCaches (0ms)
		SetupLoadedEditorAssemblies (1368ms)
			LogAssemblyErrors (0ms)
			InitializePlatformSupportModulesInManaged (21ms)
			SetLoadedEditorAssemblies (13ms)
			BeforeProcessingInitializeOnLoad (340ms)
			ProcessInitializeOnLoadAttributes (794ms)
			ProcessInitializeOnLoadMethodAttributes (189ms)
			AfterProcessingInitializeOnLoad (8ms)
			EditorAssembliesLoaded (1ms)
		ExecutionOrderSort2 (0ms)
		AwakeInstancesAfterBackupRestoration (46ms)
Refreshing native plugins compatible for Editor in 1.32 ms, found 3 plugins.
Preloading 0 native plugins for Editor in 0.00 ms.
Unloading 17 Unused Serialized files (Serialized files now loaded: 0)
Unloading 6193 unused Assets / (5.0 MB). Loaded Objects now: 7257.
Memory consumption went from 174.9 MB to 169.9 MB.
Total: 28.059000 ms (FindLiveObjects: 1.834800 ms CreateObjectMapping: 2.539400 ms MarkObjects: 12.684600 ms  DeleteObjects: 10.998300 ms)

Prepare: number of updated asset objects reloaded= 0
========================================================================
Received Prepare
Begin MonoManager ReloadAssembly
[Licensing::Client] Successfully resolved entitlement details
ADTM: Control thread waiting for realtime thread timed out, have to lock...
- Loaded All Assemblies, in  2.048 seconds
Refreshing native plugins compatible for Editor in 0.79 ms, found 3 plugins.
Native extension for Android target not found
Native extension for WindowsStandalone target not found
[Package Manager] Failed to launch server process. Reason: Unity was launched with the -noUpm command-line argument
[Package Manager] Unable to send message (not connected to server process).
[Package Manager] Cannot connect to Unity Package Manager local server
[Package Manager] Failed to launch server process. Reason: Unity was launched with the -noUpm command-line argument
[Package Manager] Unable to send message (not connected to server process).
[Package Manager] Cannot connect to Unity Package Manager local server
ScheduleIndexationOnStartup MainProcess:False IndexOnStartup:True
Mono: successfully reloaded assembly
- Finished resetting the current domain, in  1.532 seconds
Domain Reload Profiling: 3583ms
	BeginReloadAssembly (1297ms)
		ExecutionOrderSort (0ms)
		DisableScriptedObjects (12ms)
		BackupInstance (0ms)
		ReleaseScriptingObjects (0ms)
		CreateAndSetChildDomain (1069ms)
	RebuildCommonClasses (53ms)
	RebuildNativeTypeToScriptingClass (22ms)
	initialDomainReloadingComplete (36ms)
	LoadAllAssembliesAndSetupDomain (644ms)
		LoadAssemblies (491ms)
		RebuildTransferFunctionScriptingTraits (0ms)
		AnalyzeDomain (290ms)
			TypeCache.Refresh (14ms)
				TypeCache.ScanAssembly (0ms)
			BuildScriptInfoCaches (258ms)
			ResolveRequiredComponents (14ms)
	FinalizeReload (1533ms)
		ReleaseScriptCaches (0ms)
		RebuildScriptCaches (0ms)
		SetupLoadedEditorAssemblies (1244ms)
			LogAssemblyErrors (0ms)
			InitializePlatformSupportModulesInManaged (13ms)
			SetLoadedEditorAssemblies (8ms)
			BeforeProcessingInitializeOnLoad (306ms)
			ProcessInitializeOnLoadAttributes (747ms)
			ProcessInitializeOnLoadMethodAttributes (163ms)
			AfterProcessingInitializeOnLoad (7ms)
			EditorAssembliesLoaded (1ms)
		ExecutionOrderSort2 (0ms)
		AwakeInstancesAfterBackupRestoration (43ms)
Refreshing native plugins compatible for Editor in 1.52 ms, found 3 plugins.
Preloading 0 native plugins for Editor in 0.00 ms.
Unloading 17 Unused Serialized files (Serialized files now loaded: 0)
Unloading 6193 unused Assets / (5.1 MB). Loaded Objects now: 7260.
Memory consumption went from 175.0 MB to 169.9 MB.
Total: 28.204800 ms (FindLiveObjects: 1.299500 ms CreateObjectMapping: 4.554900 ms MarkObjects: 12.339400 ms  DeleteObjects: 10.009600 ms)

Prepare: number of updated asset objects reloaded= 0
========================================================================
Received Prepare
Begin MonoManager ReloadAssembly
[Licensing::Client] Successfully resolved entitlement details
ADTM: Control thread waiting for realtime thread timed out, have to lock...
- Loaded All Assemblies, in  2.037 seconds
Refreshing native plugins compatible for Editor in 0.87 ms, found 3 plugins.
Native extension for Android target not found
Native extension for WindowsStandalone target not found
[Package Manager] Failed to launch server process. Reason: Unity was launched with the -noUpm command-line argument
[Package Manager] Unable to send message (not connected to server process).
[Package Manager] Cannot connect to Unity Package Manager local server
[Package Manager] Failed to launch server process. Reason: Unity was launched with the -noUpm command-line argument
[Package Manager] Unable to send message (not connected to server process).
[Package Manager] Cannot connect to Unity Package Manager local server
ScheduleIndexationOnStartup MainProcess:False IndexOnStartup:True
Mono: successfully reloaded assembly
- Finished resetting the current domain, in  1.696 seconds
Domain Reload Profiling: 3735ms
	BeginReloadAssembly (1314ms)
		ExecutionOrderSort (0ms)
		DisableScriptedObjects (8ms)
		BackupInstance (0ms)
		ReleaseScriptingObjects (0ms)
		CreateAndSetChildDomain (1075ms)
	RebuildCommonClasses (60ms)
	RebuildNativeTypeToScriptingClass (32ms)
	initialDomainReloadingComplete (39ms)
	LoadAllAssembliesAndSetupDomain (593ms)
		LoadAssemblies (465ms)
		RebuildTransferFunctionScriptingTraits (0ms)
		AnalyzeDomain (274ms)
			TypeCache.Refresh (12ms)
				TypeCache.ScanAssembly (0ms)
			BuildScriptInfoCaches (238ms)
			ResolveRequiredComponents (19ms)
	FinalizeReload (1697ms)
		ReleaseScriptCaches (0ms)
		RebuildScriptCaches (0ms)
		SetupLoadedEditorAssemblies (1301ms)
			LogAssemblyErrors (0ms)
			InitializePlatformSupportModulesInManaged (21ms)
			SetLoadedEditorAssemblies (12ms)
			BeforeProcessingInitializeOnLoad (341ms)
			ProcessInitializeOnLoadAttributes (745ms)
			ProcessInitializeOnLoadMethodAttributes (174ms)
			AfterProcessingInitializeOnLoad (8ms)
			EditorAssembliesLoaded (1ms)
		ExecutionOrderSort2 (0ms)
		AwakeInstancesAfterBackupRestoration (43ms)
Refreshing native plugins compatible for Editor in 1.04 ms, found 3 plugins.
Preloading 0 native plugins for Editor in 0.00 ms.
Unloading 17 Unused Serialized files (Serialized files now loaded: 0)
Unloading 6193 unused Assets / (5.9 MB). Loaded Objects now: 7263.
Memory consumption went from 175.0 MB to 169.1 MB.
Total: 35.298800 ms (FindLiveObjects: 3.151100 ms CreateObjectMapping: 3.825600 ms MarkObjects: 17.416400 ms  DeleteObjects: 10.903200 ms)

Prepare: number of updated asset objects reloaded= 0
========================================================================
Received Prepare
Refreshing native plugins compatible for Editor in 2.23 ms, found 3 plugins.
Preloading 0 native plugins for Editor in 0.00 ms.
Unloading 17 Unused Serialized files (Serialized files now loaded: 0)
Unloading 6188 unused Assets / (5.0 MB). Loaded Objects now: 7264.
Memory consumption went from 175.2 MB to 170.2 MB.
Total: 23.712900 ms (FindLiveObjects: 1.907600 ms CreateObjectMapping: 2.518300 ms MarkObjects: 12.604000 ms  DeleteObjects: 6.681600 ms)

Prepare: number of updated asset objects reloaded= 0
========================================================================
Received Import Request.
  Time since last request: 3361.192628 seconds.
  path: Assets/_Barking_Dog/_3D Scifi Base Vol 1/Prefabs/_Legos/P_Corridor_Small_03.prefab
  artifactKey: Guid(bf3237e1c4a6d4b4cb7ef2bbec2be432) Importer(815301076,1909f56bfc062723c751e8b465ee728b)
Start importing Assets/_Barking_Dog/_3D Scifi Base Vol 1/Prefabs/_Legos/P_Corridor_Small_03.prefab using Guid(bf3237e1c4a6d4b4cb7ef2bbec2be432) Importer(815301076,1909f56bfc062723c751e8b465ee728b) (PreviewImporter) -> (artifact id: 'ece3b01cbd203f74bc4db750e5d31bb0') in 2.8209221 seconds
Number of updated asset objects reloaded before import = 0Number of asset objects unloaded after import = 131

========================================================================
Received Import Request.
  Time since last request: 0.000051 seconds.
  path: Assets/_Barking_Dog/_3D Scifi Base Vol 1/Prefabs/_Legos/P_Small_Pod_01.prefab
  artifactKey: Guid(1f1f2bf34fcb14387934133ed044c464) Importer(815301076,1909f56bfc062723c751e8b465ee728b)
Start importing Assets/_Barking_Dog/_3D Scifi Base Vol 1/Prefabs/_Legos/P_Small_Pod_01.prefab using Guid(1f1f2bf34fcb14387934133ed044c464) Importer(815301076,1909f56bfc062723c751e8b465ee728b) (PreviewImporter) -> (artifact id: '5b366966bb1019e2ae44e20bc1bffdb3') in 1.6888054 seconds
Number of updated asset objects reloaded before import = 0Number of asset objects unloaded after import = 556

========================================================================
Received Import Request.
  Time since last request: 0.000055 seconds.
  path: Assets/_Barking_Dog/_3D Scifi Base Vol 1/Prefabs/_Legos/P_Small_Pod_02.prefab
  artifactKey: Guid(e12f616ec278c4027aa722c07e075861) Importer(815301076,1909f56bfc062723c751e8b465ee728b)
Start importing Assets/_Barking_Dog/_3D Scifi Base Vol 1/Prefabs/_Legos/P_Small_Pod_02.prefab using Guid(e12f616ec278c4027aa722c07e075861) Importer(815301076,1909f56bfc062723c751e8b465ee728b) (PreviewImporter) -> (artifact id: '7d38a1104caae36939e3850f77eb4924') in 0.4934027 seconds
Number of updated asset objects reloaded before import = 0Number of asset objects unloaded after import = 443

========================================================================
Received Import Request.
  Time since last request: 0.000054 seconds.
  path: Assets/_Barking_Dog/_3D Scifi Base Vol 1/Prefabs/_Legos/P_Corridor_WallAngle_04.prefab
  artifactKey: Guid(79412966e24bf442eb4a06e319437099) Importer(815301076,1909f56bfc062723c751e8b465ee728b)
Start importing Assets/_Barking_Dog/_3D Scifi Base Vol 1/Prefabs/_Legos/P_Corridor_WallAngle_04.prefab using Guid(79412966e24bf442eb4a06e319437099) Importer(815301076,1909f56bfc062723c751e8b465ee728b) (PreviewImporter) -> (artifact id: 'c6d68d6a304d1ee9d44748f4ca4401e0') in 0.4933879 seconds
Number of updated asset objects reloaded before import = 0Number of asset objects unloaded after import = 205

========================================================================
Received Import Request.
  Time since last request: 0.000053 seconds.
  path: Assets/_Barking_Dog/_3D Scifi Base Vol 1/Prefabs/_Legos/P_Small_Tower_Room_06.prefab
  artifactKey: Guid(595a396050bd5488997b131eb2c2305d) Importer(815301076,1909f56bfc062723c751e8b465ee728b)
Start importing Assets/_Barking_Dog/_3D Scifi Base Vol 1/Prefabs/_Legos/P_Small_Tower_Room_06.prefab using Guid(595a396050bd5488997b131eb2c2305d) Importer(815301076,1909f56bfc062723c751e8b465ee728b) (PreviewImporter) -> (artifact id: '2d27ba0b3a1db62100e988c9d084ed04') in 0.8007733 seconds
Number of updated asset objects reloaded before import = 0Number of asset objects unloaded after import = 2243

========================================================================
Received Import Request.
  Time since last request: 0.000050 seconds.
  path: Assets/_Barking_Dog/_3D Scifi Base Vol 1/Prefabs/_Legos/P_Small_Pod_03.prefab
  artifactKey: Guid(a8f1221ced29643c49a9a750582ae452) Importer(815301076,1909f56bfc062723c751e8b465ee728b)
Start importing Assets/_Barking_Dog/_3D Scifi Base Vol 1/Prefabs/_Legos/P_Small_Pod_03.prefab using Guid(a8f1221ced29643c49a9a750582ae452) Importer(815301076,1909f56bfc062723c751e8b465ee728b) (PreviewImporter) -> (artifact id: 'be7d4272e3b358b22a63496fa7b49d3e') in 1.0570941 seconds
Number of updated asset objects reloaded before import = 0Number of asset objects unloaded after import = 601

========================================================================
Received Import Request.
  Time since last request: 0.000100 seconds.
  path: Assets/_Barking_Dog/_3D Scifi Base Vol 1/Prefabs/_Legos/P_Small_Base_03.prefab
  artifactKey: Guid(c00fc66f35cbb469bb3c82a2093654fe) Importer(815301076,1909f56bfc062723c751e8b465ee728b)
Start importing Assets/_Barking_Dog/_3D Scifi Base Vol 1/Prefabs/_Legos/P_Small_Base_03.prefab using Guid(c00fc66f35cbb469bb3c82a2093654fe) Importer(815301076,1909f56bfc062723c751e8b465ee728b) (PreviewImporter) -> (artifact id: '6dff3524b49d0312652c562fcbcff72f') in 1.047012 seconds
Number of updated asset objects reloaded before import = 0Number of asset objects unloaded after import = 1479

========================================================================
Received Import Request.
  Time since last request: 0.000114 seconds.
  path: Assets/_Barking_Dog/_3D Scifi Base Vol 1/Prefabs/_Legos/P_Plateform_Big_01.prefab
  artifactKey: Guid(011b6917c07494ac9b9a80e4dd451ea2) Importer(815301076,1909f56bfc062723c751e8b465ee728b)
Start importing Assets/_Barking_Dog/_3D Scifi Base Vol 1/Prefabs/_Legos/P_Plateform_Big_01.prefab using Guid(011b6917c07494ac9b9a80e4dd451ea2) Importer(815301076,1909f56bfc062723c751e8b465ee728b) (PreviewImporter) -> (artifact id: 'eba943454e805af4248a19fb43ca3923') in 0.4907016 seconds
Number of updated asset objects reloaded before import = 0Number of asset objects unloaded after import = 391

========================================================================
Received Import Request.
  Time since last request: 0.000055 seconds.
  path: Assets/_Barking_Dog/_3D Scifi Base Vol 1/Prefabs/_Legos/P_Radar_Base_Fence_01.prefab
  artifactKey: Guid(263d9e3f51d654e2e882b7a1e35242c8) Importer(815301076,1909f56bfc062723c751e8b465ee728b)
Start importing Assets/_Barking_Dog/_3D Scifi Base Vol 1/Prefabs/_Legos/P_Radar_Base_Fence_01.prefab using Guid(263d9e3f51d654e2e882b7a1e35242c8) Importer(815301076,1909f56bfc062723c751e8b465ee728b) (PreviewImporter) -> (artifact id: 'fe77a35bc5e9f33765e1ddeb970801e4') in 0.5406536 seconds
Number of updated asset objects reloaded before import = 0Number of asset objects unloaded after import = 332

========================================================================
Received Import Request.
  Time since last request: 0.000090 seconds.
  path: Assets/_Barking_Dog/_3D Scifi Base Vol 1/Prefabs/_Legos/P_Plateform_Big_05.prefab
  artifactKey: Guid(3956195420b374ae9b6cee702448eba7) Importer(815301076,1909f56bfc062723c751e8b465ee728b)
Start importing Assets/_Barking_Dog/_3D Scifi Base Vol 1/Prefabs/_Legos/P_Plateform_Big_05.prefab using Guid(3956195420b374ae9b6cee702448eba7) Importer(815301076,1909f56bfc062723c751e8b465ee728b) (PreviewImporter) -> (artifact id: '7f3422448eeb36eb6ce7308bcecdcdff') in 0.491934 seconds
Number of updated asset objects reloaded before import = 0Number of asset objects unloaded after import = 753

========================================================================
Received Import Request.
  Time since last request: 0.000134 seconds.
  path: Assets/_Barking_Dog/_3D Scifi Base Vol 1/Prefabs/_Legos/P_Small_Tower_Room_01.prefab
  artifactKey: Guid(1825a1106a5f94d64b980a92274f2a3a) Importer(815301076,1909f56bfc062723c751e8b465ee728b)
Start importing Assets/_Barking_Dog/_3D Scifi Base Vol 1/Prefabs/_Legos/P_Small_Tower_Room_01.prefab using Guid(1825a1106a5f94d64b980a92274f2a3a) Importer(815301076,1909f56bfc062723c751e8b465ee728b) (PreviewImporter) -> (artifact id: '90b20b646beac844975dbc5fa044d265') in 0.507766 seconds
Number of updated asset objects reloaded before import = 0Number of asset objects unloaded after import = 1022

========================================================================
Received Import Request.
  Time since last request: 0.000122 seconds.
  path: Assets/_Barking_Dog/_3D Scifi Base Vol 1/Prefabs/_Legos/P_Plateform_Big_03.prefab
  artifactKey: Guid(e74edb83bfd88497197fdadeaee46597) Importer(815301076,1909f56bfc062723c751e8b465ee728b)
Start importing Assets/_Barking_Dog/_3D Scifi Base Vol 1/Prefabs/_Legos/P_Plateform_Big_03.prefab using Guid(e74edb83bfd88497197fdadeaee46597) Importer(815301076,1909f56bfc062723c751e8b465ee728b) (PreviewImporter) -> (artifact id: 'bc6c03b931538ae2709df0ba851d8a7f') in 0.4192298 seconds
Number of updated asset objects reloaded before import = 0Number of asset objects unloaded after import = 143

========================================================================
Received Import Request.
  Time since last request: 0.000069 seconds.
  path: Assets/_Barking_Dog/_3D Scifi Base Vol 1/Prefabs/_Legos/P_Small_Base_02.prefab
  artifactKey: Guid(332f11f44cbfe48a79cf88f595f749bf) Importer(815301076,1909f56bfc062723c751e8b465ee728b)
Start importing Assets/_Barking_Dog/_3D Scifi Base Vol 1/Prefabs/_Legos/P_Small_Base_02.prefab using Guid(332f11f44cbfe48a79cf88f595f749bf) Importer(815301076,1909f56bfc062723c751e8b465ee728b) (PreviewImporter) -> (artifact id: '194e9e9f59f2575c9263cd8f6256dc1d') in 1.0280391 seconds
Number of updated asset objects reloaded before import = 0Number of asset objects unloaded after import = 2101

========================================================================
Received Import Request.
  Time since last request: 0.000054 seconds.
  path: Assets/_Barking_Dog/_3D Scifi Base Vol 1/Prefabs/_Legos/P_Sphere_Dome_01.prefab
  artifactKey: Guid(f1f3de696b36b48c9ba600c0519904a8) Importer(815301076,1909f56bfc062723c751e8b465ee728b)
Start importing Assets/_Barking_Dog/_3D Scifi Base Vol 1/Prefabs/_Legos/P_Sphere_Dome_01.prefab using Guid(f1f3de696b36b48c9ba600c0519904a8) Importer(815301076,1909f56bfc062723c751e8b465ee728b) (PreviewImporter) -> (artifact id: '6201b69bb92806c14615894aa251618e') in 0.2319765 seconds
Number of updated asset objects reloaded before import = 0Number of asset objects unloaded after import = 72

========================================================================
Received Import Request.
  Time since last request: 0.000045 seconds.
  path: Assets/_Barking_Dog/_3D Scifi Base Vol 1/Prefabs/_Legos/P_Small_Tower_Ring_03.prefab
  artifactKey: Guid(689ead7831fdd4dd39ced959b4e299e3) Importer(815301076,1909f56bfc062723c751e8b465ee728b)
Start importing Assets/_Barking_Dog/_3D Scifi Base Vol 1/Prefabs/_Legos/P_Small_Tower_Ring_03.prefab using Guid(689ead7831fdd4dd39ced959b4e299e3) Importer(815301076,1909f56bfc062723c751e8b465ee728b) (PreviewImporter) -> (artifact id: '0550fecf5a010ed944215cd2aa908916') in 0.7015158 seconds
Number of updated asset objects reloaded before import = 0Number of asset objects unloaded after import = 823

========================================================================
Received Import Request.
  Time since last request: 0.000062 seconds.
  path: Assets/_Barking_Dog/_3D Scifi Base Vol 1/Prefabs/_Legos/P_Radar_Big_01.prefab
  artifactKey: Guid(22546d60180dc47e285643ff19f000be) Importer(815301076,1909f56bfc062723c751e8b465ee728b)
Start importing Assets/_Barking_Dog/_3D Scifi Base Vol 1/Prefabs/_Legos/P_Radar_Big_01.prefab using Guid(22546d60180dc47e285643ff19f000be) Importer(815301076,1909f56bfc062723c751e8b465ee728b) (PreviewImporter) -> (artifact id: '05bf5b10a685a3f908a8612e5f429c46') in 0.1198715 seconds
Number of updated asset objects reloaded before import = 0Number of asset objects unloaded after import = 22

========================================================================
Received Import Request.
  Time since last request: 87.732429 seconds.
  path: Assets/_Barking_Dog/Common Scripts/HaloPlayerController.cs
  artifactKey: Guid(53c9ff74ad2fa0b4d9869ac74509cdf5) Importer(2089858483,b0f066a214c2f5e87bad3c948f4d605d)
Start importing Assets/_Barking_Dog/Common Scripts/HaloPlayerController.cs using Guid(53c9ff74ad2fa0b4d9869ac74509cdf5) Importer(2089858483,b0f066a214c2f5e87bad3c948f4d605d) (ScriptedImporter) -> (artifact id: 'fa563f8f1da6253dbb97f007ccd80087') in 0.096178 seconds
Number of updated asset objects reloaded before import = 0Number of asset objects unloaded after import = 0

========================================================================
Received Import Request.
  Time since last request: 0.706175 seconds.
  path: Assets/Editor/ColliderFixer.cs
  artifactKey: Guid(26dd165ac58ea5d4ab47c92e6b682098) Importer(815301076,1909f56bfc062723c751e8b465ee728b)
Start importing Assets/Editor/ColliderFixer.cs using Guid(26dd165ac58ea5d4ab47c92e6b682098) Importer(815301076,1909f56bfc062723c751e8b465ee728b) (PreviewImporter) -> (artifact id: '640783d26619c67304eb69b9b8530c44') in 0.0012578 seconds
Number of updated asset objects reloaded before import = 0Number of asset objects unloaded after import = 0

========================================================================
Received Prepare
Begin MonoManager ReloadAssembly
[Licensing::Client] Successfully resolved entitlement details
ADTM: Control thread waiting for realtime thread timed out, have to lock...
- Loaded All Assemblies, in  2.272 seconds
Refreshing native plugins compatible for Editor in 0.97 ms, found 3 plugins.
Native extension for Android target not found
Native extension for WindowsStandalone target not found
[Package Manager] Failed to launch server process. Reason: Unity was launched with the -noUpm command-line argument
[Package Manager] Unable to send message (not connected to server process).
[Package Manager] Cannot connect to Unity Package Manager local server
[Package Manager] Failed to launch server process. Reason: Unity was launched with the -noUpm command-line argument
[Package Manager] Unable to send message (not connected to server process).
[Package Manager] Cannot connect to Unity Package Manager local server
ScheduleIndexationOnStartup MainProcess:False IndexOnStartup:True
Mono: successfully reloaded assembly
- Finished resetting the current domain, in  1.125 seconds
Domain Reload Profiling: 3401ms
	BeginReloadAssembly (1393ms)
		ExecutionOrderSort (0ms)
		DisableScriptedObjects (36ms)
		BackupInstance (0ms)
		ReleaseScriptingObjects (0ms)
		CreateAndSetChildDomain (1123ms)
	RebuildCommonClasses (63ms)
	RebuildNativeTypeToScriptingClass (26ms)
	initialDomainReloadingComplete (50ms)
	LoadAllAssembliesAndSetupDomain (744ms)
		LoadAssemblies (595ms)
		RebuildTransferFunctionScriptingTraits (0ms)
		AnalyzeDomain (305ms)
			TypeCache.Refresh (18ms)
				TypeCache.ScanAssembly (0ms)
			BuildScriptInfoCaches (265ms)
			ResolveRequiredComponents (17ms)
	FinalizeReload (1126ms)
		ReleaseScriptCaches (0ms)
		RebuildScriptCaches (0ms)
		SetupLoadedEditorAssemblies (855ms)
			LogAssemblyErrors (0ms)
			InitializePlatformSupportModulesInManaged (13ms)
			SetLoadedEditorAssemblies (6ms)
			BeforeProcessingInitializeOnLoad (231ms)
			ProcessInitializeOnLoadAttributes (488ms)
			ProcessInitializeOnLoadMethodAttributes (113ms)
			AfterProcessingInitializeOnLoad (4ms)
			EditorAssembliesLoaded (0ms)
		ExecutionOrderSort2 (0ms)
		AwakeInstancesAfterBackupRestoration (29ms)
Refreshing native plugins compatible for Editor in 0.99 ms, found 3 plugins.
Preloading 0 native plugins for Editor in 0.00 ms.
Unloading 17 Unused Serialized files (Serialized files now loaded: 0)
Unloading 6195 unused Assets / (5.2 MB). Loaded Objects now: 7287.
Memory consumption went from 175.3 MB to 170.1 MB.
Total: 17.540900 ms (FindLiveObjects: 1.637500 ms CreateObjectMapping: 2.864000 ms MarkObjects: 8.710600 ms  DeleteObjects: 4.327400 ms)

Prepare: number of updated asset objects reloaded= 0
========================================================================
Received Prepare
Begin MonoManager ReloadAssembly
[Licensing::Client] Successfully resolved entitlement details
ADTM: Control thread waiting for realtime thread timed out, have to lock...
- Loaded All Assemblies, in  2.143 seconds
Refreshing native plugins compatible for Editor in 0.96 ms, found 3 plugins.
Native extension for Android target not found
Native extension for WindowsStandalone target not found
[Package Manager] Failed to launch server process. Reason: Unity was launched with the -noUpm command-line argument
[Package Manager] Unable to send message (not connected to server process).
[Package Manager] Cannot connect to Unity Package Manager local server
[Package Manager] Failed to launch server process. Reason: Unity was launched with the -noUpm command-line argument
[Package Manager] Unable to send message (not connected to server process).
[Package Manager] Cannot connect to Unity Package Manager local server
ScheduleIndexationOnStartup MainProcess:False IndexOnStartup:True
Mono: successfully reloaded assembly
- Finished resetting the current domain, in  0.995 seconds
Domain Reload Profiling: 3142ms
	BeginReloadAssembly (1337ms)
		ExecutionOrderSort (0ms)
		DisableScriptedObjects (11ms)
		BackupInstance (0ms)
		ReleaseScriptingObjects (0ms)
		CreateAndSetChildDomain (1086ms)
	RebuildCommonClasses (62ms)
	RebuildNativeTypeToScriptingClass (22ms)
	initialDomainReloadingComplete (38ms)
	LoadAllAssembliesAndSetupDomain (687ms)
		LoadAssemblies (523ms)
		RebuildTransferFunctionScriptingTraits (0ms)
		AnalyzeDomain (325ms)
			TypeCache.Refresh (17ms)
				TypeCache.ScanAssembly (0ms)
			BuildScriptInfoCaches (288ms)
			ResolveRequiredComponents (15ms)
	FinalizeReload (996ms)
		ReleaseScriptCaches (0ms)
		RebuildScriptCaches (0ms)
		SetupLoadedEditorAssemblies (763ms)
			LogAssemblyErrors (0ms)
			InitializePlatformSupportModulesInManaged (9ms)
			SetLoadedEditorAssemblies (5ms)
			BeforeProcessingInitializeOnLoad (200ms)
			ProcessInitializeOnLoadAttributes (445ms)
			ProcessInitializeOnLoadMethodAttributes (99ms)
			AfterProcessingInitializeOnLoad (6ms)
			EditorAssembliesLoaded (0ms)
		ExecutionOrderSort2 (0ms)
		AwakeInstancesAfterBackupRestoration (23ms)
Refreshing native plugins compatible for Editor in 0.80 ms, found 3 plugins.
Preloading 0 native plugins for Editor in 0.00 ms.
Unloading 17 Unused Serialized files (Serialized files now loaded: 0)
Unloading 6194 unused Assets / (5.6 MB). Loaded Objects now: 7290.
Memory consumption went from 175.2 MB to 169.7 MB.
Total: 12.226000 ms (FindLiveObjects: 1.173900 ms CreateObjectMapping: 1.526400 ms MarkObjects: 5.519700 ms  DeleteObjects: 4.005100 ms)

Prepare: number of updated asset objects reloaded= 0
========================================================================
Received Prepare
Begin MonoManager ReloadAssembly
ADTM: Control thread waiting for realtime thread timed out, have to lock...
- Loaded All Assemblies, in  2.040 seconds
Refreshing native plugins compatible for Editor in 1.17 ms, found 3 plugins.
Native extension for Android target not found
Native extension for WindowsStandalone target not found
[Package Manager] Failed to launch server process. Reason: Unity was launched with the -noUpm command-line argument
[Package Manager] Unable to send message (not connected to server process).
[Package Manager] Cannot connect to Unity Package Manager local server
[Package Manager] Failed to launch server process. Reason: Unity was launched with the -noUpm command-line argument
[Package Manager] Unable to send message (not connected to server process).
[Package Manager] Cannot connect to Unity Package Manager local server
ScheduleIndexationOnStartup MainProcess:False IndexOnStartup:True
Mono: successfully reloaded assembly
- Finished resetting the current domain, in  1.722 seconds
Domain Reload Profiling: 3766ms
	BeginReloadAssembly (1303ms)
		ExecutionOrderSort (0ms)
		DisableScriptedObjects (8ms)
		BackupInstance (0ms)
		ReleaseScriptingObjects (0ms)
		CreateAndSetChildDomain (1075ms)
	RebuildCommonClasses (55ms)
	RebuildNativeTypeToScriptingClass (24ms)
	initialDomainReloadingComplete (36ms)
	LoadAllAssembliesAndSetupDomain (624ms)
		LoadAssemblies (476ms)
		RebuildTransferFunctionScriptingTraits (0ms)
		AnalyzeDomain (288ms)
			TypeCache.Refresh (11ms)
				TypeCache.ScanAssembly (0ms)
			BuildScriptInfoCaches (259ms)
			ResolveRequiredComponents (14ms)
	FinalizeReload (1723ms)
		ReleaseScriptCaches (0ms)
		RebuildScriptCaches (0ms)
		SetupLoadedEditorAssemblies (1303ms)
			LogAssemblyErrors (0ms)
			InitializePlatformSupportModulesInManaged (19ms)
			SetLoadedEditorAssemblies (9ms)
			BeforeProcessingInitializeOnLoad (327ms)
			ProcessInitializeOnLoadAttributes (782ms)
			ProcessInitializeOnLoadMethodAttributes (157ms)
			AfterProcessingInitializeOnLoad (8ms)
			EditorAssembliesLoaded (1ms)
		ExecutionOrderSort2 (0ms)
		AwakeInstancesAfterBackupRestoration (39ms)
Refreshing native plugins compatible for Editor in 0.99 ms, found 3 plugins.
Preloading 0 native plugins for Editor in 0.00 ms.
Unloading 17 Unused Serialized files (Serialized files now loaded: 0)
Unloading 6194 unused Assets / (5.4 MB). Loaded Objects now: 7293.
Memory consumption went from 175.3 MB to 169.9 MB.
Total: 22.054000 ms (FindLiveObjects: 1.043100 ms CreateObjectMapping: 2.597700 ms MarkObjects: 10.212100 ms  DeleteObjects: 8.199200 ms)

Prepare: number of updated asset objects reloaded= 0
========================================================================
Received Import Request.
  Time since last request: 614.684466 seconds.
  path: Assets/_Barking_Dog/_3D Scifi Base Vol 1/Example_01.unity
  artifactKey: Guid(75e76ba4aa90548258615a2ef30ef30a) Importer(815301076,1909f56bfc062723c751e8b465ee728b)
Start importing Assets/_Barking_Dog/_3D Scifi Base Vol 1/Example_01.unity using Guid(75e76ba4aa90548258615a2ef30ef30a) Importer(815301076,1909f56bfc062723c751e8b465ee728b) (PreviewImporter) -> (artifact id: '29b13d8a1fae1e2b22e28b4ebaa20116') in 0.0398367 seconds
Number of updated asset objects reloaded before import = 0Number of asset objects unloaded after import = 0

========================================================================
Received Prepare
Begin MonoManager ReloadAssembly
[Licensing::Client] Successfully resolved entitlement details
ADTM: Control thread waiting for realtime thread timed out, have to lock...
- Loaded All Assemblies, in  2.115 seconds
Refreshing native plugins compatible for Editor in 2.11 ms, found 3 plugins.
Native extension for Android target not found
Native extension for WindowsStandalone target not found
[Package Manager] Failed to launch server process. Reason: Unity was launched with the -noUpm command-line argument
[Package Manager] Unable to send message (not connected to server process).
[Package Manager] Cannot connect to Unity Package Manager local server
[Package Manager] Failed to launch server process. Reason: Unity was launched with the -noUpm command-line argument
[Package Manager] Unable to send message (not connected to server process).
[Package Manager] Cannot connect to Unity Package Manager local server
ScheduleIndexationOnStartup MainProcess:False IndexOnStartup:True
Mono: successfully reloaded assembly
- Finished resetting the current domain, in  1.890 seconds
Domain Reload Profiling: 4009ms
	BeginReloadAssembly (1316ms)
		ExecutionOrderSort (0ms)
		DisableScriptedObjects (8ms)
		BackupInstance (0ms)
		ReleaseScriptingObjects (0ms)
		CreateAndSetChildDomain (1088ms)
	RebuildCommonClasses (57ms)
	RebuildNativeTypeToScriptingClass (20ms)
	initialDomainReloadingComplete (46ms)
	LoadAllAssembliesAndSetupDomain (680ms)
		LoadAssemblies (503ms)
		RebuildTransferFunctionScriptingTraits (0ms)
		AnalyzeDomain (318ms)
			TypeCache.Refresh (14ms)
				TypeCache.ScanAssembly (0ms)
			BuildScriptInfoCaches (285ms)
			ResolveRequiredComponents (15ms)
	FinalizeReload (1890ms)
		ReleaseScriptCaches (0ms)
		RebuildScriptCaches (0ms)
		SetupLoadedEditorAssemblies (1392ms)
			LogAssemblyErrors (0ms)
			InitializePlatformSupportModulesInManaged (24ms)
			SetLoadedEditorAssemblies (10ms)
			BeforeProcessingInitializeOnLoad (353ms)
			ProcessInitializeOnLoadAttributes (812ms)
			ProcessInitializeOnLoadMethodAttributes (185ms)
			AfterProcessingInitializeOnLoad (9ms)
			EditorAssembliesLoaded (1ms)
		ExecutionOrderSort2 (0ms)
		AwakeInstancesAfterBackupRestoration (49ms)
Refreshing native plugins compatible for Editor in 2.62 ms, found 3 plugins.
Preloading 0 native plugins for Editor in 0.00 ms.
Unloading 17 Unused Serialized files (Serialized files now loaded: 0)
Unloading 6194 unused Assets / (5.7 MB). Loaded Objects now: 7296.
Memory consumption went from 175.4 MB to 169.6 MB.
Total: 30.729300 ms (FindLiveObjects: 1.953900 ms CreateObjectMapping: 2.663500 ms MarkObjects: 15.877900 ms  DeleteObjects: 10.232300 ms)

Prepare: number of updated asset objects reloaded= 0
========================================================================
Received Prepare
Begin MonoManager ReloadAssembly
[Licensing::Client] Successfully resolved entitlement details
ADTM: Control thread waiting for realtime thread timed out, have to lock...
- Loaded All Assemblies, in  2.025 seconds
Refreshing native plugins compatible for Editor in 0.67 ms, found 3 plugins.
Native extension for Android target not found
Native extension for WindowsStandalone target not found
[Package Manager] Failed to launch server process. Reason: Unity was launched with the -noUpm command-line argument
[Package Manager] Unable to send message (not connected to server process).
[Package Manager] Cannot connect to Unity Package Manager local server
[Package Manager] Failed to launch server process. Reason: Unity was launched with the -noUpm command-line argument
[Package Manager] Unable to send message (not connected to server process).
[Package Manager] Cannot connect to Unity Package Manager local server
ScheduleIndexationOnStartup MainProcess:False IndexOnStartup:True
Mono: successfully reloaded assembly
- Finished resetting the current domain, in  1.015 seconds
Domain Reload Profiling: 3044ms
	BeginReloadAssembly (1320ms)
		ExecutionOrderSort (0ms)
		DisableScriptedObjects (10ms)
		BackupInstance (0ms)
		ReleaseScriptingObjects (0ms)
		CreateAndSetChildDomain (1074ms)
	RebuildCommonClasses (53ms)
	RebuildNativeTypeToScriptingClass (22ms)
	initialDomainReloadingComplete (35ms)
	LoadAllAssembliesAndSetupDomain (598ms)
		LoadAssemblies (461ms)
		RebuildTransferFunctionScriptingTraits (0ms)
		AnalyzeDomain (273ms)
			TypeCache.Refresh (17ms)
				TypeCache.ScanAssembly (0ms)
			BuildScriptInfoCaches (238ms)
			ResolveRequiredComponents (14ms)
	FinalizeReload (1016ms)
		ReleaseScriptCaches (0ms)
		RebuildScriptCaches (0ms)
		SetupLoadedEditorAssemblies (788ms)
			LogAssemblyErrors (0ms)
			InitializePlatformSupportModulesInManaged (10ms)
			SetLoadedEditorAssemblies (5ms)
			BeforeProcessingInitializeOnLoad (205ms)
			ProcessInitializeOnLoadAttributes (464ms)
			ProcessInitializeOnLoadMethodAttributes (98ms)
			AfterProcessingInitializeOnLoad (6ms)
			EditorAssembliesLoaded (0ms)
		ExecutionOrderSort2 (0ms)
		AwakeInstancesAfterBackupRestoration (23ms)
Refreshing native plugins compatible for Editor in 1.06 ms, found 3 plugins.
Preloading 0 native plugins for Editor in 0.00 ms.
Unloading 17 Unused Serialized files (Serialized files now loaded: 0)
Unloading 6194 unused Assets / (5.8 MB). Loaded Objects now: 7299.
Memory consumption went from 175.4 MB to 169.5 MB.
Total: 17.010000 ms (FindLiveObjects: 1.900400 ms CreateObjectMapping: 2.053100 ms MarkObjects: 7.592300 ms  DeleteObjects: 5.462800 ms)

Prepare: number of updated asset objects reloaded= 0
========================================================================
Received Prepare
Begin MonoManager ReloadAssembly
ADTM: Control thread waiting for realtime thread timed out, have to lock...
- Loaded All Assemblies, in  2.044 seconds
Refreshing native plugins compatible for Editor in 0.74 ms, found 3 plugins.
Native extension for Android target not found
Native extension for WindowsStandalone target not found
[Package Manager] Failed to launch server process. Reason: Unity was launched with the -noUpm command-line argument
[Package Manager] Unable to send message (not connected to server process).
[Package Manager] Cannot connect to Unity Package Manager local server
[Package Manager] Failed to launch server process. Reason: Unity was launched with the -noUpm command-line argument
[Package Manager] Unable to send message (not connected to server process).
[Package Manager] Cannot connect to Unity Package Manager local server
ScheduleIndexationOnStartup MainProcess:False IndexOnStartup:True
Mono: successfully reloaded assembly
- Finished resetting the current domain, in  1.458 seconds
Domain Reload Profiling: 3505ms
	BeginReloadAssembly (1269ms)
		ExecutionOrderSort (0ms)
		DisableScriptedObjects (8ms)
		BackupInstance (0ms)
		ReleaseScriptingObjects (0ms)
		CreateAndSetChildDomain (1059ms)
	RebuildCommonClasses (64ms)
	RebuildNativeTypeToScriptingClass (23ms)
	initialDomainReloadingComplete (34ms)
	LoadAllAssembliesAndSetupDomain (656ms)
		LoadAssemblies (461ms)
		RebuildTransferFunctionScriptingTraits (0ms)
		AnalyzeDomain (321ms)
			TypeCache.Refresh (11ms)
				TypeCache.ScanAssembly (0ms)
			BuildScriptInfoCaches (288ms)
			ResolveRequiredComponents (19ms)
	FinalizeReload (1459ms)
		ReleaseScriptCaches (0ms)
		RebuildScriptCaches (0ms)
		SetupLoadedEditorAssemblies (1166ms)
			LogAssemblyErrors (0ms)
			InitializePlatformSupportModulesInManaged (12ms)
			SetLoadedEditorAssemblies (4ms)
			BeforeProcessingInitializeOnLoad (247ms)
			ProcessInitializeOnLoadAttributes (732ms)
			ProcessInitializeOnLoadMethodAttributes (160ms)
			AfterProcessingInitializeOnLoad (9ms)
			EditorAssembliesLoaded (1ms)
		ExecutionOrderSort2 (0ms)
		AwakeInstancesAfterBackupRestoration (45ms)
Refreshing native plugins compatible for Editor in 2.05 ms, found 3 plugins.
Preloading 0 native plugins for Editor in 0.00 ms.
Unloading 17 Unused Serialized files (Serialized files now loaded: 0)
Unloading 6194 unused Assets / (6.5 MB). Loaded Objects now: 7302.
Memory consumption went from 175.4 MB to 169.0 MB.
Total: 27.040500 ms (FindLiveObjects: 1.298200 ms CreateObjectMapping: 2.239500 ms MarkObjects: 13.569700 ms  DeleteObjects: 9.930900 ms)

Prepare: number of updated asset objects reloaded= 0
========================================================================
Received Prepare
Begin MonoManager ReloadAssembly
[Licensing::Client] Successfully resolved entitlement details
ADTM: Control thread waiting for realtime thread timed out, have to lock...
- Loaded All Assemblies, in  2.049 seconds
Refreshing native plugins compatible for Editor in 0.67 ms, found 3 plugins.
Native extension for Android target not found
Native extension for WindowsStandalone target not found
[Package Manager] Failed to launch server process. Reason: Unity was launched with the -noUpm command-line argument
[Package Manager] Unable to send message (not connected to server process).
[Package Manager] Cannot connect to Unity Package Manager local server
[Package Manager] Failed to launch server process. Reason: Unity was launched with the -noUpm command-line argument
[Package Manager] Unable to send message (not connected to server process).
[Package Manager] Cannot connect to Unity Package Manager local server
ScheduleIndexationOnStartup MainProcess:False IndexOnStartup:True
Mono: successfully reloaded assembly
- Finished resetting the current domain, in  0.962 seconds
Domain Reload Profiling: 3014ms
	BeginReloadAssembly (1315ms)
		ExecutionOrderSort (0ms)
		DisableScriptedObjects (8ms)
		BackupInstance (0ms)
		ReleaseScriptingObjects (0ms)
		CreateAndSetChildDomain (1082ms)
	RebuildCommonClasses (54ms)
	RebuildNativeTypeToScriptingClass (21ms)
	initialDomainReloadingComplete (40ms)
	LoadAllAssembliesAndSetupDomain (621ms)
		LoadAssemblies (487ms)
		RebuildTransferFunctionScriptingTraits (0ms)
		AnalyzeDomain (281ms)
			TypeCache.Refresh (7ms)
				TypeCache.ScanAssembly (0ms)
			BuildScriptInfoCaches (256ms)
			ResolveRequiredComponents (14ms)
	FinalizeReload (963ms)
		ReleaseScriptCaches (0ms)
		RebuildScriptCaches (0ms)
		SetupLoadedEditorAssemblies (735ms)
			LogAssemblyErrors (0ms)
			InitializePlatformSupportModulesInManaged (10ms)
			SetLoadedEditorAssemblies (5ms)
			BeforeProcessingInitializeOnLoad (201ms)
			ProcessInitializeOnLoadAttributes (421ms)
			ProcessInitializeOnLoadMethodAttributes (93ms)
			AfterProcessingInitializeOnLoad (4ms)
			EditorAssembliesLoaded (0ms)
		ExecutionOrderSort2 (0ms)
		AwakeInstancesAfterBackupRestoration (27ms)
Refreshing native plugins compatible for Editor in 0.85 ms, found 3 plugins.
Preloading 0 native plugins for Editor in 0.00 ms.
Unloading 17 Unused Serialized files (Serialized files now loaded: 0)
Unloading 6194 unused Assets / (5.3 MB). Loaded Objects now: 7305.
Memory consumption went from 175.5 MB to 170.2 MB.
Total: 15.151400 ms (FindLiveObjects: 1.306200 ms CreateObjectMapping: 1.532500 ms MarkObjects: 8.036100 ms  DeleteObjects: 4.275000 ms)

Prepare: number of updated asset objects reloaded= 0
========================================================================
Received Import Request.
  Time since last request: 870.036894 seconds.
  path: Assets/_Barking_Dog/_3D Scifi Base Vol 1/Example_01.unity
  artifactKey: Guid(75e76ba4aa90548258615a2ef30ef30a) Importer(815301076,1909f56bfc062723c751e8b465ee728b)
Start importing Assets/_Barking_Dog/_3D Scifi Base Vol 1/Example_01.unity using Guid(75e76ba4aa90548258615a2ef30ef30a) Importer(815301076,1909f56bfc062723c751e8b465ee728b) (PreviewImporter) -> (artifact id: 'b99b4d4bcaa5bf239fcfcec76adeb615') in 0.039077 seconds
Number of updated asset objects reloaded before import = 0Number of asset objects unloaded after import = 0

========================================================================
Received Import Request.
  Time since last request: 2.228923 seconds.
  path: Assets/Editor/ColliderFixer.cs
  artifactKey: Guid(26dd165ac58ea5d4ab47c92e6b682098) Importer(2089858483,b0f066a214c2f5e87bad3c948f4d605d)
Start importing Assets/Editor/ColliderFixer.cs using Guid(26dd165ac58ea5d4ab47c92e6b682098) Importer(2089858483,b0f066a214c2f5e87bad3c948f4d605d) (ScriptedImporter) -> (artifact id: 'ee508ab1c6c20b89d3f7b52b15f12a77') in 0.1285201 seconds
Number of updated asset objects reloaded before import = 0Number of asset objects unloaded after import = 0

========================================================================
Received Import Request.
  Time since last request: 0.000028 seconds.
  path: Assets/Scenes/SampleScene.unity
  artifactKey: Guid(99c9720ab356a0642a771bea13969a05) Importer(2089858483,b0f066a214c2f5e87bad3c948f4d605d)
Start importing Assets/Scenes/SampleScene.unity using Guid(99c9720ab356a0642a771bea13969a05) Importer(2089858483,b0f066a214c2f5e87bad3c948f4d605d) (ScriptedImporter) -> (artifact id: '0b56afbe918217817cacb5ff51b86bbe') in 0.0229059 seconds
Number of updated asset objects reloaded before import = 0Number of asset objects unloaded after import = 1

========================================================================
Received Import Request.
  Time since last request: 0.000027 seconds.
  path: Assets/_Barking_Dog/_3D Scifi Base Vol 1/Example_01.unity
  artifactKey: Guid(75e76ba4aa90548258615a2ef30ef30a) Importer(2089858483,b0f066a214c2f5e87bad3c948f4d605d)
Start importing Assets/_Barking_Dog/_3D Scifi Base Vol 1/Example_01.unity using Guid(75e76ba4aa90548258615a2ef30ef30a) Importer(2089858483,b0f066a214c2f5e87bad3c948f4d605d) (ScriptedImporter) -> (artifact id: '494e0eebfc41ee811d0ea9a569f29f6a') in 0.0135981 seconds
Number of updated asset objects reloaded before import = 0Number of asset objects unloaded after import = 1

========================================================================
Received Import Request.
  Time since last request: 9.078353 seconds.
  path: Assets/_Barking_Dog/_3D Scifi Base Vol 1/Samplescene.unity
  artifactKey: Guid(75e76ba4aa90548258615a2ef30ef30a) Importer(815301076,1909f56bfc062723c751e8b465ee728b)
Start importing Assets/_Barking_Dog/_3D Scifi Base Vol 1/Samplescene.unity using Guid(75e76ba4aa90548258615a2ef30ef30a) Importer(815301076,1909f56bfc062723c751e8b465ee728b) (PreviewImporter) -> (artifact id: '67c025563ffadbe25c00e0e8afc4d966') in 0.0008759 seconds
Number of updated asset objects reloaded before import = 0Number of asset objects unloaded after import = 0

========================================================================
Received Import Request.
  Time since last request: 0.890348 seconds.
  path: Assets/_Barking_Dog/_3D Scifi Base Vol 1/Samplescene.unity
  artifactKey: Guid(75e76ba4aa90548258615a2ef30ef30a) Importer(2089858483,b0f066a214c2f5e87bad3c948f4d605d)
Start importing Assets/_Barking_Dog/_3D Scifi Base Vol 1/Samplescene.unity using Guid(75e76ba4aa90548258615a2ef30ef30a) Importer(2089858483,b0f066a214c2f5e87bad3c948f4d605d) (ScriptedImporter) -> (artifact id: '2d848681cd24e379eab898c990e3ec4f') in 0.0131557 seconds
Number of updated asset objects reloaded before import = 0Number of asset objects unloaded after import = 1

========================================================================
Received Prepare
Begin MonoManager ReloadAssembly
[Licensing::Client] Successfully resolved entitlement details
ADTM: Control thread waiting for realtime thread timed out, have to lock...
- Loaded All Assemblies, in  2.168 seconds
Refreshing native plugins compatible for Editor in 0.95 ms, found 3 plugins.
Native extension for Android target not found
Native extension for WindowsStandalone target not found
[Package Manager] Failed to launch server process. Reason: Unity was launched with the -noUpm command-line argument
[Package Manager] Unable to send message (not connected to server process).
[Package Manager] Cannot connect to Unity Package Manager local server
[Package Manager] Failed to launch server process. Reason: Unity was launched with the -noUpm command-line argument
[Package Manager] Unable to send message (not connected to server process).
[Package Manager] Cannot connect to Unity Package Manager local server
ScheduleIndexationOnStartup MainProcess:False IndexOnStartup:True
Mono: successfully reloaded assembly
- Finished resetting the current domain, in  1.943 seconds
Domain Reload Profiling: 4120ms
	BeginReloadAssembly (1360ms)
		ExecutionOrderSort (0ms)
		DisableScriptedObjects (10ms)
		BackupInstance (0ms)
		ReleaseScriptingObjects (0ms)
		CreateAndSetChildDomain (1115ms)
	RebuildCommonClasses (59ms)
	RebuildNativeTypeToScriptingClass (19ms)
	initialDomainReloadingComplete (37ms)
	LoadAllAssembliesAndSetupDomain (702ms)
		LoadAssemblies (513ms)
		RebuildTransferFunctionScriptingTraits (0ms)
		AnalyzeDomain (344ms)
			TypeCache.Refresh (13ms)
				TypeCache.ScanAssembly (0ms)
			BuildScriptInfoCaches (302ms)
			ResolveRequiredComponents (24ms)
	FinalizeReload (1944ms)
		ReleaseScriptCaches (0ms)
		RebuildScriptCaches (0ms)
		SetupLoadedEditorAssemblies (1482ms)
			LogAssemblyErrors (0ms)
			InitializePlatformSupportModulesInManaged (21ms)
			SetLoadedEditorAssemblies (8ms)
			BeforeProcessingInitializeOnLoad (379ms)
			ProcessInitializeOnLoadAttributes (880ms)
			ProcessInitializeOnLoadMethodAttributes (186ms)
			AfterProcessingInitializeOnLoad (7ms)
			EditorAssembliesLoaded (1ms)
		ExecutionOrderSort2 (0ms)
		AwakeInstancesAfterBackupRestoration (44ms)
Refreshing native plugins compatible for Editor in 1.26 ms, found 3 plugins.
Preloading 0 native plugins for Editor in 0.00 ms.
Unloading 17 Unused Serialized files (Serialized files now loaded: 0)
Unloading 6194 unused Assets / (4.3 MB). Loaded Objects now: 7308.
Memory consumption went from 175.5 MB to 171.2 MB.
Total: 29.594100 ms (FindLiveObjects: 5.640400 ms CreateObjectMapping: 3.022600 ms MarkObjects: 12.100200 ms  DeleteObjects: 8.829200 ms)

Prepare: number of updated asset objects reloaded= 0
========================================================================
Received Prepare
Begin MonoManager ReloadAssembly
[Licensing::Client] Successfully resolved entitlement details
ADTM: Control thread waiting for realtime thread timed out, have to lock...
- Loaded All Assemblies, in  2.090 seconds
Refreshing native plugins compatible for Editor in 0.78 ms, found 3 plugins.
Native extension for Android target not found
Native extension for WindowsStandalone target not found
[Package Manager] Failed to launch server process. Reason: Unity was launched with the -noUpm command-line argument
[Package Manager] Unable to send message (not connected to server process).
[Package Manager] Cannot connect to Unity Package Manager local server
[Package Manager] Failed to launch server process. Reason: Unity was launched with the -noUpm command-line argument
[Package Manager] Unable to send message (not connected to server process).
[Package Manager] Cannot connect to Unity Package Manager local server
ScheduleIndexationOnStartup MainProcess:False IndexOnStartup:True
Mono: successfully reloaded assembly
- Finished resetting the current domain, in  1.637 seconds
Domain Reload Profiling: 3732ms
	BeginReloadAssembly (1318ms)
		ExecutionOrderSort (0ms)
		DisableScriptedObjects (11ms)
		BackupInstance (0ms)
		ReleaseScriptingObjects (0ms)
		CreateAndSetChildDomain (1065ms)
	RebuildCommonClasses (55ms)
	RebuildNativeTypeToScriptingClass (19ms)
	initialDomainReloadingComplete (34ms)
	LoadAllAssembliesAndSetupDomain (668ms)
		LoadAssemblies (513ms)
		RebuildTransferFunctionScriptingTraits (0ms)
		AnalyzeDomain (317ms)
			TypeCache.Refresh (15ms)
				TypeCache.ScanAssembly (0ms)
			BuildScriptInfoCaches (281ms)
			ResolveRequiredComponents (14ms)
	FinalizeReload (1637ms)
		ReleaseScriptCaches (0ms)
		RebuildScriptCaches (0ms)
		SetupLoadedEditorAssemblies (1240ms)
			LogAssemblyErrors (0ms)
			InitializePlatformSupportModulesInManaged (19ms)
			SetLoadedEditorAssemblies (8ms)
			BeforeProcessingInitializeOnLoad (319ms)
			ProcessInitializeOnLoadAttributes (711ms)
			ProcessInitializeOnLoadMethodAttributes (173ms)
			AfterProcessingInitializeOnLoad (9ms)
			EditorAssembliesLoaded (1ms)
		ExecutionOrderSort2 (0ms)
		AwakeInstancesAfterBackupRestoration (42ms)
Refreshing native plugins compatible for Editor in 1.06 ms, found 3 plugins.
Preloading 0 native plugins for Editor in 0.00 ms.
Unloading 17 Unused Serialized files (Serialized files now loaded: 0)
Unloading 6194 unused Assets / (5.8 MB). Loaded Objects now: 7311.
Memory consumption went from 175.6 MB to 169.7 MB.
Total: 26.087000 ms (FindLiveObjects: 2.307800 ms CreateObjectMapping: 4.907100 ms MarkObjects: 12.054800 ms  DeleteObjects: 6.814500 ms)

Prepare: number of updated asset objects reloaded= 0
========================================================================
Received Import Request.
  Time since last request: 1277.065279 seconds.
  path: Assets/Scenes/SampleScene.unity
  artifactKey: Guid(99c9720ab356a0642a771bea13969a05) Importer(815301076,1909f56bfc062723c751e8b465ee728b)
Start importing Assets/Scenes/SampleScene.unity using Guid(99c9720ab356a0642a771bea13969a05) Importer(815301076,1909f56bfc062723c751e8b465ee728b) (PreviewImporter) -> (artifact id: '2eb44f66f1d6e74c95a9e1952197faec') in 0.0244319 seconds
Number of updated asset objects reloaded before import = 0Number of asset objects unloaded after import = 0

========================================================================
Received Import Request.
  Time since last request: 30.991437 seconds.
  path: Assets/Scenes/Samplescene.unity
  artifactKey: Guid(aecba8389ccad2a479151b754b5b7529) Importer(815301076,1909f56bfc062723c751e8b465ee728b)
Start importing Assets/Scenes/Samplescene.unity using Guid(aecba8389ccad2a479151b754b5b7529) Importer(815301076,1909f56bfc062723c751e8b465ee728b) (PreviewImporter) -> (artifact id: '516dbed09f3c865c5d9565cb9e0ea42c') in 0.0026955 seconds
Number of updated asset objects reloaded before import = 0Number of asset objects unloaded after import = 0

========================================================================
Received Import Request.
  Time since last request: 0.884763 seconds.
  path: Assets/_Barking_Dog/_3D Scifi Base Vol 1/Splat/TerrainData.asset
  artifactKey: Guid(2f7c2fd4a801c724c89f934b7ce0165f) Importer(2089858483,b0f066a214c2f5e87bad3c948f4d605d)
Start importing Assets/_Barking_Dog/_3D Scifi Base Vol 1/Splat/TerrainData.asset using Guid(2f7c2fd4a801c724c89f934b7ce0165f) Importer(2089858483,b0f066a214c2f5e87bad3c948f4d605d) (ScriptedImporter) -> (artifact id: '30e07f06b2f23ea23b245afe90c88838') in 0.2900122 seconds
Number of updated asset objects reloaded before import = 0Number of asset objects unloaded after import = 194

========================================================================
Received Import Request.
  Time since last request: 5.204086 seconds.
  path: Assets/Scenes/SampleScene.unity
  artifactKey: Guid(aecba8389ccad2a479151b754b5b7529) Importer(815301076,1909f56bfc062723c751e8b465ee728b)
Start importing Assets/Scenes/SampleScene.unity using Guid(aecba8389ccad2a479151b754b5b7529) Importer(815301076,1909f56bfc062723c751e8b465ee728b) (PreviewImporter) -> (artifact id: '06754a8f6b265878806280fe85ef1775') in 0.0008276 seconds
Number of updated asset objects reloaded before import = 0Number of asset objects unloaded after import = 0

========================================================================
Received Import Request.
  Time since last request: 0.883399 seconds.
  path: Assets/Scenes/SampleScene.unity
  artifactKey: Guid(aecba8389ccad2a479151b754b5b7529) Importer(2089858483,b0f066a214c2f5e87bad3c948f4d605d)
Start importing Assets/Scenes/SampleScene.unity using Guid(aecba8389ccad2a479151b754b5b7529) Importer(2089858483,b0f066a214c2f5e87bad3c948f4d605d) (ScriptedImporter) -> (artifact id: '908c6aebe16bf820fd5ffd470ef20a6e') in 0.0160906 seconds
Number of updated asset objects reloaded before import = 0Number of asset objects unloaded after import = 1

========================================================================
Received Import Request.
  Time since last request: 3.768619 seconds.
  path: Assets/_Barking_Dog/_3D Scifi Base Vol 1/Samplescene.unity
  artifactKey: Guid(75e76ba4aa90548258615a2ef30ef30a) Importer(2089858483,b0f066a214c2f5e87bad3c948f4d605d)
Start importing Assets/_Barking_Dog/_3D Scifi Base Vol 1/Samplescene.unity using Guid(75e76ba4aa90548258615a2ef30ef30a) Importer(2089858483,b0f066a214c2f5e87bad3c948f4d605d) (ScriptedImporter) -> (artifact id: 'ea0d7b27a2571d4a797ce7b35e23dbe0') in 0.0085334 seconds
Number of updated asset objects reloaded before import = 0Number of asset objects unloaded after import = 1

========================================================================
Received Prepare
Begin MonoManager ReloadAssembly
[Licensing::Client] Successfully resolved entitlement details
ADTM: Control thread waiting for realtime thread timed out, have to lock...
- Loaded All Assemblies, in  2.281 seconds
Refreshing native plugins compatible for Editor in 0.87 ms, found 3 plugins.
Native extension for Android target not found
Native extension for WindowsStandalone target not found
[Package Manager] Failed to launch server process. Reason: Unity was launched with the -noUpm command-line argument
[Package Manager] Unable to send message (not connected to server process).
[Package Manager] Cannot connect to Unity Package Manager local server
[Package Manager] Failed to launch server process. Reason: Unity was launched with the -noUpm command-line argument
[Package Manager] Unable to send message (not connected to server process).
[Package Manager] Cannot connect to Unity Package Manager local server
ScheduleIndexationOnStartup MainProcess:False IndexOnStartup:True
Mono: successfully reloaded assembly
- Finished resetting the current domain, in  1.825 seconds
Domain Reload Profiling: 4120ms
	BeginReloadAssembly (1340ms)
		ExecutionOrderSort (0ms)
		DisableScriptedObjects (8ms)
		BackupInstance (0ms)
		ReleaseScriptingObjects (0ms)
		CreateAndSetChildDomain (1086ms)
	RebuildCommonClasses (62ms)
	RebuildNativeTypeToScriptingClass (20ms)
	initialDomainReloadingComplete (44ms)
	LoadAllAssembliesAndSetupDomain (827ms)
		LoadAssemblies (613ms)
		RebuildTransferFunctionScriptingTraits (0ms)
		AnalyzeDomain (366ms)
			TypeCache.Refresh (12ms)
				TypeCache.ScanAssembly (0ms)
			BuildScriptInfoCaches (322ms)
			ResolveRequiredComponents (26ms)
	FinalizeReload (1826ms)
		ReleaseScriptCaches (0ms)
		RebuildScriptCaches (0ms)
		SetupLoadedEditorAssemblies (1371ms)
			LogAssemblyErrors (0ms)
			InitializePlatformSupportModulesInManaged (24ms)
			SetLoadedEditorAssemblies (10ms)
			BeforeProcessingInitializeOnLoad (370ms)
			ProcessInitializeOnLoadAttributes (763ms)
			ProcessInitializeOnLoadMethodAttributes (193ms)
			AfterProcessingInitializeOnLoad (9ms)
			EditorAssembliesLoaded (1ms)
		ExecutionOrderSort2 (0ms)
		AwakeInstancesAfterBackupRestoration (50ms)
Refreshing native plugins compatible for Editor in 1.23 ms, found 3 plugins.
Preloading 0 native plugins for Editor in 0.00 ms.
Unloading 17 Unused Serialized files (Serialized files now loaded: 0)
Unloading 6194 unused Assets / (6.1 MB). Loaded Objects now: 7314.
Memory consumption went from 175.6 MB to 169.5 MB.
Total: 28.309800 ms (FindLiveObjects: 2.716800 ms CreateObjectMapping: 2.198300 ms MarkObjects: 12.708600 ms  DeleteObjects: 10.683100 ms)

Prepare: number of updated asset objects reloaded= 0
========================================================================
Received Import Request.
  Time since last request: 69.811570 seconds.
  path: Assets/_Barking_Dog/_3D Scifi Base Vol 1/Samplescene.unity
  artifactKey: Guid(75e76ba4aa90548258615a2ef30ef30a) Importer(815301076,1909f56bfc062723c751e8b465ee728b)
Start importing Assets/_Barking_Dog/_3D Scifi Base Vol 1/Samplescene.unity using Guid(75e76ba4aa90548258615a2ef30ef30a) Importer(815301076,1909f56bfc062723c751e8b465ee728b) (PreviewImporter) -> (artifact id: 'c8f01bdaca61639b8ecb24fd9c77d89b') in 0.0124399 seconds
Number of updated asset objects reloaded before import = 0Number of asset objects unloaded after import = 0

========================================================================
Received Prepare
Begin MonoManager ReloadAssembly
[Licensing::Client] Successfully resolved entitlement details
ADTM: Control thread waiting for realtime thread timed out, have to lock...
- Loaded All Assemblies, in  2.104 seconds
Refreshing native plugins compatible for Editor in 2.83 ms, found 3 plugins.
Native extension for Android target not found
Native extension for WindowsStandalone target not found
[Package Manager] Failed to launch server process. Reason: Unity was launched with the -noUpm command-line argument
[Package Manager] Unable to send message (not connected to server process).
[Package Manager] Cannot connect to Unity Package Manager local server
[Package Manager] Failed to launch server process. Reason: Unity was launched with the -noUpm command-line argument
[Package Manager] Unable to send message (not connected to server process).
[Package Manager] Cannot connect to Unity Package Manager local server
ScheduleIndexationOnStartup MainProcess:False IndexOnStartup:True
Mono: successfully reloaded assembly
- Finished resetting the current domain, in  2.012 seconds
Domain Reload Profiling: 4120ms
	BeginReloadAssembly (1361ms)
		ExecutionOrderSort (0ms)
		DisableScriptedObjects (8ms)
		BackupInstance (0ms)
		ReleaseScriptingObjects (0ms)
		CreateAndSetChildDomain (1086ms)
	RebuildCommonClasses (54ms)
	RebuildNativeTypeToScriptingClass (20ms)
	initialDomainReloadingComplete (35ms)
	LoadAllAssembliesAndSetupDomain (637ms)
		LoadAssemblies (511ms)
		RebuildTransferFunctionScriptingTraits (0ms)
		AnalyzeDomain (304ms)
			TypeCache.Refresh (17ms)
				TypeCache.ScanAssembly (0ms)
			BuildScriptInfoCaches (268ms)
			ResolveRequiredComponents (14ms)
	FinalizeReload (2013ms)
		ReleaseScriptCaches (0ms)
		RebuildScriptCaches (0ms)
		SetupLoadedEditorAssemblies (1497ms)
			LogAssemblyErrors (0ms)
			InitializePlatformSupportModulesInManaged (37ms)
			SetLoadedEditorAssemblies (12ms)
			BeforeProcessingInitializeOnLoad (452ms)
			ProcessInitializeOnLoadAttributes (792ms)
			ProcessInitializeOnLoadMethodAttributes (195ms)
			AfterProcessingInitializeOnLoad (8ms)
			EditorAssembliesLoaded (1ms)
		ExecutionOrderSort2 (0ms)
		AwakeInstancesAfterBackupRestoration (48ms)
Refreshing native plugins compatible for Editor in 0.96 ms, found 3 plugins.
Preloading 0 native plugins for Editor in 0.00 ms.
Unloading 17 Unused Serialized files (Serialized files now loaded: 0)
Unloading 6194 unused Assets / (5.7 MB). Loaded Objects now: 7317.
Memory consumption went from 175.7 MB to 169.9 MB.
Total: 32.717000 ms (FindLiveObjects: 1.785400 ms CreateObjectMapping: 4.367600 ms MarkObjects: 13.742700 ms  DeleteObjects: 12.819300 ms)

Prepare: number of updated asset objects reloaded= 0
