[Licensing::Module] Trying to connect to existing licensing client channel...
Built from '6000.3/staging' branch; Version is '6000.3.12f1 (fca03ac9b0d5) revision 16556090'; Using compiler version '194234433'; Build Type 'Release'
OS: 'Windows 10  (10.0.19045) 64bit Core' Language: 'en' Physical Memory: 16339 MB
BatchMode: 1, IsHumanControllingUs: 0, StartBugReporterOnCrash: 0, Is64bit: 1
[Licensing::IpcConnector] Successfully connected to: "LicenseClient-User" at "2026-05-26T15:21:56.802171Z"
System  architecture: x64
Process architecture: x64
Date: 2026-05-26T15:21:56Z

COMMAND LINE ARGUMENTS:
D:\Unity\Unity Hub\Editor\6000.3.12f1\Editor\Unity.exe
-adb2
-batchMode
-noUpm
-name
AssetImportWorker1
-projectPath
D:/UNhub/VR game/TDM/TDM
-logFile
Logs/AssetImportWorker1.log
-srvPort
50146
-licensingIpc
LicenseClient-User
-job-worker-count
3
-background-job-worker-count
8
-gc-helper-count
1
-name
AssetImport
Successfully changed project path to: D:/UNhub/VR game/TDM/TDM
D:/UNhub/VR game/TDM/TDM
[UnityMemory] Configuration Parameters - Can be set up in boot.config
    "memorysetup-temp-allocator-size-nav-mesh-worker=65536"
    "memorysetup-temp-allocator-size-audio-worker=65536"
    "memorysetup-temp-allocator-size-gfx=262144"
    "memorysetup-allocator-temp-initial-block-size-main=262144"
    "memorysetup-allocator-temp-initial-block-size-worker=262144"
    "memorysetup-temp-allocator-size-background-worker=32768"
    "memorysetup-temp-allocator-size-job-worker=262144"
    "memorysetup-temp-allocator-size-preload-manager=33554432"
    "memorysetup-temp-allocator-size-gi-baking-worker=262144"
    "memorysetup-temp-allocator-size-gi-baking-worker=262144"
    "memorysetup-temp-allocator-size-gi-baking-worker=262144"
    "memorysetup-temp-allocator-size-gi-baking-worker=262144"
    "memorysetup-temp-allocator-size-gi-baking-worker=262144"
    "memorysetup-bucket-allocator-granularity=16"
    "memorysetup-bucket-allocator-bucket-count=8"
    "memorysetup-bucket-allocator-block-size=33554432"
    "memorysetup-bucket-allocator-block-count=8"
    "memorysetup-main-allocator-block-size=16777216"
    "memorysetup-thread-allocator-block-size=16777216"
    "memorysetup-gfx-main-allocator-block-size=16777216"
    "memorysetup-gfx-thread-allocator-block-size=16777216"
    "memorysetup-cache-allocator-block-size=4194304"
    "memorysetup-typetree-allocator-block-size=2097152"
    "memorysetup-profiler-bucket-allocator-granularity=16"
    "memorysetup-profiler-bucket-allocator-bucket-count=8"
    "memorysetup-profiler-bucket-allocator-block-size=33554432"
    "memorysetup-profiler-bucket-allocator-block-count=8"
    "memorysetup-profiler-allocator-block-size=16777216"
    "memorysetup-profiler-editor-allocator-block-size=1048576"
    "memorysetup-temp-allocator-size-main=16777216"
    "memorysetup-job-temp-allocator-block-size=2097152"
    "memorysetup-job-temp-allocator-block-size-background=1048576"
    "memorysetup-job-temp-allocator-reduction-small-platforms=262144"
    "memorysetup-temp-allocator-size-cloud-worker=32768"
Player connection [13668]  Target information:

Player connection [13668]  * "[IP] 192.168.1.10 [Port] 0 [Flags] 2 [Guid] 2420706281 [EditorId] 2420706281 [Version] 1048832 [Id] WindowsEditor(7,DESKTOP-EQH4NV0) [Debug] 1 [PackageName] WindowsEditor [ProjectName] Editor" 

Player connection [13668] Host joined multi-casting on [225.0.0.222:54997]...
Player connection [13668] Host joined alternative multi-casting on [225.0.0.222:34997]...
JobSystem: Creating JobQueue using job-worker-count value 3
Input System module state changed to: Initialized.
[Physics::Module] Initialized fallback backend.
[Physics::Module] Id: 0xdecafbad
Library Redirect Path: Library/
[Physics::Module] Selected backend.
[Physics::Module] Name: PhysX
[Physics::Module] Id: 0xf2b8ea05
[Physics::Module] SDK Version: 4.1.2
[Physics::Module] Integration Version: 1.0.0
[Physics::Module] Threading Mode: Multi-Threaded
Refreshing native plugins compatible for Editor in 50.54 ms, found 3 plugins.
Preloading 0 native plugins for Editor in 0.00 ms.
Initialize engine version: 6000.3.12f1 (fca03ac9b0d5)
[Subsystems] Discovering subsystems at path D:/Unity/Unity Hub/Editor/6000.3.12f1/Editor/Data/Resources/UnitySubsystems
[Subsystems] Discovering subsystems at path D:/UNhub/VR game/TDM/TDM/Assets
GfxDevice: creating device client; kGfxThreadingModeNonThreaded
Direct3D:
    Version:  Direct3D 11.0 [level 11.1]
    Renderer: NVIDIA GeForce GTX 1070 (ID=0x1b81)
    Vendor:   NVIDIA
    VRAM:     8067 MB
    Driver:   32.0.15.8157
Initialize mono
Mono path[0] = 'D:/Unity/Unity Hub/Editor/6000.3.12f1/Editor/Data/Managed'
Mono path[1] = 'D:/Unity/Unity Hub/Editor/6000.3.12f1/Editor/Data/MonoBleedingEdge/lib/mono/unityjit-win32'
Mono config path = 'D:/Unity/Unity Hub/Editor/6000.3.12f1/Editor/Data/MonoBleedingEdge/etc'
Using monoOptions --debugger-agent=transport=dt_socket,embedding=1,server=y,suspend=n,address=127.0.0.1:56952
Begin MonoManager ReloadAssembly
Registering precompiled unity dll's ...
Register platform support module: D:/Unity/Unity Hub/Editor/6000.3.12f1/Editor/Data/PlaybackEngines/WindowsStandaloneSupport/UnityEditor.WindowsStandalone.Extensions.dll
[Licensing::Module] Licensing is not yet initialized.
[Licensing::Client] Error: HandshakeResponse reported an error:
	ResponseCode: 505
	ResponseStatus: Unsupported protocol version '1.18.1'.
[Licensing::Module] Error: Failed to handshake to channel: "LicenseClient-User"
[Licensing::IpcConnector] LicenseClient-User channel disconnected successfully.
[Licensing::IpcConnector] Successfully connected to: "LicenseClient-User-6000.3.12" at "2026-05-26T15:22:05.0644827Z"
[Licensing::Client] Handshaking with LicensingClient:
  Version:                 1.18.1+9fbee8e
  Session Id:              f0f8a516e2f6445286285194ab2e98fc
  Correlation Id:          9cf1ddf224c911eb9f9d2b7aeab422b1
  External correlation Id: 4741972051377799580
  Machine Id:              B26MIHeHbUICW1unGgyxjxIIfOo=
[Licensing::Module] Successfully connected to LicensingClient on channel: "LicenseClient-User-6000.3.12" (connect: 0.00s, validation: 0.00s, handshake: 4.62s)
[Licensing::IpcConnector] Successfully connected to: "LicenseClient-User-6000.3.12-notifications" at "2026-05-26T15:22:09.6874765Z"
[Licensing::Module] Licensing Background thread has ended after 12.89s
[Licensing::Module] Licensing is initialized (took 5.32s).
[Licensing::Client] Successfully resolved entitlement details
[Licensing::Module] License group:
  Id: 18968316713825-UnityPersXXXX
  Product: Unity Personal
  Type: Assigned
  Expiration: Unlimited
Register platform support module: D:/Unity/Unity Hub/Editor/6000.3.12f1/Editor/Data/PlaybackEngines/AndroidPlayer/UnityEditor.Android.Extensions.dll
Registered in 5.403015 seconds.
- Loaded All Assemblies, in  8.509 seconds
Native extension for Android target not found
Native extension for WindowsStandalone target not found
Package Manager log level set to [2]
[Package Manager] Failed to launch server process. Reason: Unity was launched with the -noUpm command-line argument
[Package Manager] Unable to send message (not connected to server process).
[Package Manager] Cannot connect to Unity Package Manager local server
ScheduleIndexationOnStartup MainProcess:False IndexOnStartup:True
Mono: successfully reloaded assembly
- Finished resetting the current domain, in  1.410 seconds
Domain Reload Profiling: 9918ms
	BeginReloadAssembly (2355ms)
		ExecutionOrderSort (0ms)
		DisableScriptedObjects (0ms)
		BackupInstance (0ms)
		ReleaseScriptingObjects (0ms)
		CreateAndSetChildDomain (1ms)
	RebuildCommonClasses (81ms)
	RebuildNativeTypeToScriptingClass (25ms)
	initialDomainReloadingComplete (5502ms)
	LoadAllAssembliesAndSetupDomain (545ms)
		LoadAssemblies (2376ms)
		RebuildTransferFunctionScriptingTraits (0ms)
		AnalyzeDomain (518ms)
			TypeCache.Refresh (516ms)
				TypeCache.ScanAssembly (474ms)
			BuildScriptInfoCaches (0ms)
			ResolveRequiredComponents (1ms)
	FinalizeReload (1410ms)
		ReleaseScriptCaches (0ms)
		RebuildScriptCaches (0ms)
		SetupLoadedEditorAssemblies (1343ms)
			LogAssemblyErrors (0ms)
			InitializePlatformSupportModulesInManaged (90ms)
			SetLoadedEditorAssemblies (5ms)
			BeforeProcessingInitializeOnLoad (140ms)
			ProcessInitializeOnLoadAttributes (220ms)
			ProcessInitializeOnLoadMethodAttributes (888ms)
			AfterProcessingInitializeOnLoad (0ms)
			EditorAssembliesLoaded (0ms)
		ExecutionOrderSort2 (0ms)
		AwakeInstancesAfterBackupRestoration (0ms)
========================================================================
Worker process is ready to serve import requests
Import Worker Mode flag is 0x00
Begin MonoManager ReloadAssembly
[Licensing::Client] Successfully resolved entitlement details
- Loaded All Assemblies, in  1.951 seconds
Refreshing native plugins compatible for Editor in 0.63 ms, found 3 plugins.
Native extension for Android target not found
Native extension for WindowsStandalone target not found
[Package Manager] Failed to launch server process. Reason: Unity was launched with the -noUpm command-line argument
[Package Manager] Unable to send message (not connected to server process).
[Package Manager] Cannot connect to Unity Package Manager local server
[Package Manager] Failed to launch server process. Reason: Unity was launched with the -noUpm command-line argument
[Package Manager] Unable to send message (not connected to server process).
[Package Manager] Cannot connect to Unity Package Manager local server
ScheduleIndexationOnStartup MainProcess:False IndexOnStartup:True
Mono: successfully reloaded assembly
- Finished resetting the current domain, in  1.763 seconds
Domain Reload Profiling: 3712ms
	BeginReloadAssembly (290ms)
		ExecutionOrderSort (0ms)
		DisableScriptedObjects (9ms)
		BackupInstance (0ms)
		ReleaseScriptingObjects (0ms)
		CreateAndSetChildDomain (42ms)
	RebuildCommonClasses (63ms)
	RebuildNativeTypeToScriptingClass (22ms)
	initialDomainReloadingComplete (51ms)
	LoadAllAssembliesAndSetupDomain (1522ms)
		LoadAssemblies (1264ms)
		RebuildTransferFunctionScriptingTraits (0ms)
		AnalyzeDomain (418ms)
			TypeCache.Refresh (301ms)
				TypeCache.ScanAssembly (272ms)
			BuildScriptInfoCaches (94ms)
			ResolveRequiredComponents (17ms)
	FinalizeReload (1764ms)
		ReleaseScriptCaches (0ms)
		RebuildScriptCaches (0ms)
		SetupLoadedEditorAssemblies (894ms)
			LogAssemblyErrors (0ms)
			InitializePlatformSupportModulesInManaged (11ms)
			SetLoadedEditorAssemblies (6ms)
			BeforeProcessingInitializeOnLoad (205ms)
			ProcessInitializeOnLoadAttributes (560ms)
			ProcessInitializeOnLoadMethodAttributes (108ms)
			AfterProcessingInitializeOnLoad (4ms)
			EditorAssembliesLoaded (0ms)
		ExecutionOrderSort2 (0ms)
		AwakeInstancesAfterBackupRestoration (10ms)
Launched and connected shader compiler UnityShaderCompiler.exe after 0.08 seconds
Refreshing native plugins compatible for Editor in 1.14 ms, found 3 plugins.
Preloading 0 native plugins for Editor in 0.00 ms.
Unloading 16 Unused Serialized files (Serialized files now loaded: 0)
Unloading 6197 unused Assets / (4.9 MB). Loaded Objects now: 7017.
Memory consumption went from 154.5 MB to 149.6 MB.
Total: 22.546300 ms (FindLiveObjects: 2.576500 ms CreateObjectMapping: 1.904400 ms MarkObjects: 10.279300 ms  DeleteObjects: 7.783800 ms)

========================================================================
Received Import Request.
  Time since last request: 7019.582422 seconds.
  path: Assets/TDM animation/Stop Walking.fbx
  artifactKey: Guid(cbcd85c6019b4cb49ad1f44b78b005db) Importer(2089858483,b0f066a214c2f5e87bad3c948f4d605d)
Start importing Assets/TDM animation/Stop Walking.fbx using Guid(cbcd85c6019b4cb49ad1f44b78b005db) Importer(2089858483,b0f066a214c2f5e87bad3c948f4d605d) (ScriptedImporter) -> (artifact id: '6a6e616b3aa7a592949843ec4c64b116') in 0.4028824 seconds
Number of updated asset objects reloaded before import = 0Number of asset objects unloaded after import = 144

========================================================================
Received Import Request.
  Time since last request: 0.000046 seconds.
  path: Assets/TDM animation/Stop Walking.fbx
  artifactKey: Guid(cbcd85c6019b4cb49ad1f44b78b005db) Importer(815301076,1909f56bfc062723c751e8b465ee728b)
Start importing Assets/TDM animation/Stop Walking.fbx using Guid(cbcd85c6019b4cb49ad1f44b78b005db) Importer(815301076,1909f56bfc062723c751e8b465ee728b) (PreviewImporter) -> (artifact id: '08ebf866873f04761c91a9af39fa002a') in 1.5704335 seconds
Number of updated asset objects reloaded before import = 0Number of asset objects unloaded after import = 144

========================================================================
Received Import Request.
  Time since last request: 0.000052 seconds.
  path: Assets/TDM animation/Breathing Idle.fbx
  artifactKey: Guid(c911640bd7c06b54ea1169964077f0cc) Importer(2089858483,b0f066a214c2f5e87bad3c948f4d605d)
Start importing Assets/TDM animation/Breathing Idle.fbx using Guid(c911640bd7c06b54ea1169964077f0cc) Importer(2089858483,b0f066a214c2f5e87bad3c948f4d605d) (ScriptedImporter) -> (artifact id: '026e5994efa0a6b603bb924156764d62') in 0.0111505 seconds
Number of updated asset objects reloaded before import = 0Number of asset objects unloaded after import = 139

========================================================================
Received Import Request.
  Time since last request: 0.000029 seconds.
  path: Assets/TDM animation/Idle Transition.fbx
  artifactKey: Guid(fe8810beb92ce1342b65de8581ee93f6) Importer(2089858483,b0f066a214c2f5e87bad3c948f4d605d)
Start importing Assets/TDM animation/Idle Transition.fbx using Guid(fe8810beb92ce1342b65de8581ee93f6) Importer(2089858483,b0f066a214c2f5e87bad3c948f4d605d) (ScriptedImporter) -> (artifact id: '3a49f3301097168659a422c8fc338189') in 0.0309946 seconds
Number of updated asset objects reloaded before import = 0Number of asset objects unloaded after import = 146

========================================================================
Received Import Request.
  Time since last request: 0.000100 seconds.
  path: Assets/TDM animation/Breathing Idle.fbx
  artifactKey: Guid(c911640bd7c06b54ea1169964077f0cc) Importer(815301076,1909f56bfc062723c751e8b465ee728b)
Start importing Assets/TDM animation/Breathing Idle.fbx using Guid(c911640bd7c06b54ea1169964077f0cc) Importer(815301076,1909f56bfc062723c751e8b465ee728b) (PreviewImporter) -> (artifact id: 'a57b76b4598a58a78fd3b6f65ecd8637') in 0.0048047 seconds
Number of updated asset objects reloaded before import = 0Number of asset objects unloaded after import = 139

========================================================================
Received Import Request.
  Time since last request: 0.000032 seconds.
  path: Assets/TDM animation/Start Walking.fbx
  artifactKey: Guid(5026978bc33644340a95d9b50bcfea4f) Importer(815301076,1909f56bfc062723c751e8b465ee728b)
Start importing Assets/TDM animation/Start Walking.fbx using Guid(5026978bc33644340a95d9b50bcfea4f) Importer(815301076,1909f56bfc062723c751e8b465ee728b) (PreviewImporter) -> (artifact id: '9650e9ba6854e033e9ce5e06d38d78fa') in 0.0051474 seconds
Number of updated asset objects reloaded before import = 0Number of asset objects unloaded after import = 135

========================================================================
Received Import Request.
  Time since last request: 0.000051 seconds.
  path: Assets/TDM animation/Female Walk.fbx
  artifactKey: Guid(3dfd403f2ea256b44aa6038d44ef6218) Importer(815301076,1909f56bfc062723c751e8b465ee728b)
Start importing Assets/TDM animation/Female Walk.fbx using Guid(3dfd403f2ea256b44aa6038d44ef6218) Importer(815301076,1909f56bfc062723c751e8b465ee728b) (PreviewImporter) -> (artifact id: '5955546baa9b0a87c6c52595360fb09f') in 0.0048446 seconds
Number of updated asset objects reloaded before import = 0Number of asset objects unloaded after import = 135

========================================================================
Received Import Request.
  Time since last request: 0.000048 seconds.
  path: Assets/TDM animation/Start Walking.fbx
  artifactKey: Guid(5026978bc33644340a95d9b50bcfea4f) Importer(2089858483,b0f066a214c2f5e87bad3c948f4d605d)
Start importing Assets/TDM animation/Start Walking.fbx using Guid(5026978bc33644340a95d9b50bcfea4f) Importer(2089858483,b0f066a214c2f5e87bad3c948f4d605d) (ScriptedImporter) -> (artifact id: 'c93ac6c6feae80cc8b11f1a3b6333e83') in 0.0227966 seconds
Number of updated asset objects reloaded before import = 0Number of asset objects unloaded after import = 135

========================================================================
Received Import Request.
  Time since last request: 0.000029 seconds.
  path: Assets/TDM animation/Happy Idle.fbx
  artifactKey: Guid(b337bf55d89d3a347a44c93dc4bb53ce) Importer(815301076,1909f56bfc062723c751e8b465ee728b)
Start importing Assets/TDM animation/Happy Idle.fbx using Guid(b337bf55d89d3a347a44c93dc4bb53ce) Importer(815301076,1909f56bfc062723c751e8b465ee728b) (PreviewImporter) -> (artifact id: 'b35ed34bb2944f44feaf998b152ef472') in 0.0049529 seconds
Number of updated asset objects reloaded before import = 0Number of asset objects unloaded after import = 139

========================================================================
Received Import Request.
  Time since last request: 0.000052 seconds.
  path: Assets/TDM animation/Female Walk-2.fbx
  artifactKey: Guid(80ad392ce50e73f469e92a88a98ee0ef) Importer(2089858483,b0f066a214c2f5e87bad3c948f4d605d)
Start importing Assets/TDM animation/Female Walk-2.fbx using Guid(80ad392ce50e73f469e92a88a98ee0ef) Importer(2089858483,b0f066a214c2f5e87bad3c948f4d605d) (ScriptedImporter) -> (artifact id: '6745a58267ba6eec5139b6c2b3198a0b') in 0.0208988 seconds
Number of updated asset objects reloaded before import = 0Number of asset objects unloaded after import = 144

========================================================================
Received Import Request.
  Time since last request: 1141.903917 seconds.
  path: Assets/TDM animation/Ch48_nonPBR.fbx
  artifactKey: Guid(bd1e4f6b0a80ae94781cd692a93d5140) Importer(815301076,1909f56bfc062723c751e8b465ee728b)
Start importing Assets/TDM animation/Ch48_nonPBR.fbx using Guid(bd1e4f6b0a80ae94781cd692a93d5140) Importer(815301076,1909f56bfc062723c751e8b465ee728b) (PreviewImporter) -> (artifact id: 'cd112636c569d90e4c981389d0b39042') in 0.0742656 seconds
Number of updated asset objects reloaded before import = 0Number of asset objects unloaded after import = 289

========================================================================
Received Import Request.
  Time since last request: 725.637959 seconds.
  path: Assets/Lizard man/Polygonmaker - Shader/Textures/Default Mettalic(A).tga
  artifactKey: Guid(d429806a7c48aed4499e84d6864feeb2) Importer(2089858483,b0f066a214c2f5e87bad3c948f4d605d)
Start importing Assets/Lizard man/Polygonmaker - Shader/Textures/Default Mettalic(A).tga using Guid(d429806a7c48aed4499e84d6864feeb2) Importer(2089858483,b0f066a214c2f5e87bad3c948f4d605d) (ScriptedImporter)[Licensing::Client] Successfully resolved entitlement details
 -> (artifact id: '376e507b71d32f2e699e5ef0eda55c2a') in 1.7356906 seconds
Number of updated asset objects reloaded before import = 0Number of asset objects unloaded after import = 1

========================================================================
Received Import Request.
  Time since last request: 0.000060 seconds.
  path: Assets/Lizard man/Polygonmaker - Shader/Instructions - 3.9.pdf
  artifactKey: Guid(9812f2460aaa4c148aae5d323aa55a54) Importer(2089858483,b0f066a214c2f5e87bad3c948f4d605d)
Start importing Assets/Lizard man/Polygonmaker - Shader/Instructions - 3.9.pdf using Guid(9812f2460aaa4c148aae5d323aa55a54) Importer(2089858483,b0f066a214c2f5e87bad3c948f4d605d) (ScriptedImporter) -> (artifact id: 'b439ef991c293bdc1063571f6ba47b3c') in 0.0058362 seconds
Number of updated asset objects reloaded before import = 0Number of asset objects unloaded after import = 1

========================================================================
Received Import Request.
  Time since last request: 0.000051 seconds.
  path: Assets/Lizard man/Polygonmaker - Shader/Source/T_Golem-Crystal_D.tga
  artifactKey: Guid(24b68c8b8149f3744b9c26a1069dac89) Importer(2089858483,b0f066a214c2f5e87bad3c948f4d605d)
Start importing Assets/Lizard man/Polygonmaker - Shader/Source/T_Golem-Crystal_D.tga using Guid(24b68c8b8149f3744b9c26a1069dac89) Importer(2089858483,b0f066a214c2f5e87bad3c948f4d605d) (ScriptedImporter) -> (artifact id: '51c8e97a7cd94471c720051244994a91') in 0.0144205 seconds
Number of updated asset objects reloaded before import = 0Number of asset objects unloaded after import = 1

========================================================================
Received Import Request.
  Time since last request: 0.000029 seconds.
  path: Assets/Lizard man/Medieval Series/Lizard Men/Source/Textures/Mobile/Lizard_Man_2 [Diffuse].tga
  artifactKey: Guid(7b68d2165a0e08c4f9c3bd60c919e8c8) Importer(2089858483,b0f066a214c2f5e87bad3c948f4d605d)
Start importing Assets/Lizard man/Medieval Series/Lizard Men/Source/Textures/Mobile/Lizard_Man_2 [Diffuse].tga using Guid(7b68d2165a0e08c4f9c3bd60c919e8c8) Importer(2089858483,b0f066a214c2f5e87bad3c948f4d605d) (ScriptedImporter) -> (artifact id: '3909e8ee440bb34bc728d223decb0e61') in 0.0219734 seconds
Number of updated asset objects reloaded before import = 0Number of asset objects unloaded after import = 1

========================================================================
Received Import Request.
  Time since last request: 0.000055 seconds.
  path: Assets/Lizard man/Medieval Series/Lizard Men/Animations/Anim_LizardMan@death.FBX
  artifactKey: Guid(08f00d5d7cf50664f8ca4e4ad5eff3c2) Importer(2089858483,b0f066a214c2f5e87bad3c948f4d605d)
Start importing Assets/Lizard man/Medieval Series/Lizard Men/Animations/Anim_LizardMan@death.FBX using Guid(08f00d5d7cf50664f8ca4e4ad5eff3c2) Importer(2089858483,b0f066a214c2f5e87bad3c948f4d605d) (ScriptedImporter) -> (artifact id: '532107a8dc59f4402944ac9abfcf8c3c') in 0.0239984 seconds
Number of updated asset objects reloaded before import = 0Number of asset objects unloaded after import = 217

========================================================================
Received Import Request.
  Time since last request: 0.000042 seconds.
  path: Assets/Lizard man/Medieval Series/Lizard Men/Source/Materials/Lizard Man_4_var.mat
  artifactKey: Guid(d101931d7bde15f4793dc7c544c1d062) Importer(2089858483,b0f066a214c2f5e87bad3c948f4d605d)
Start importing Assets/Lizard man/Medieval Series/Lizard Men/Source/Materials/Lizard Man_4_var.mat using Guid(d101931d7bde15f4793dc7c544c1d062) Importer(2089858483,b0f066a214c2f5e87bad3c948f4d605d) (ScriptedImporter)Shader 'Polygonmaker/Skin': fallback shader '-1' not found
 -> (artifact id: 'f81fd1ebf6cc8e2e342c9011870e3a72') in 0.4595967 seconds
Number of updated asset objects reloaded before import = 0Number of asset objects unloaded after import = 7

========================================================================
Received Import Request.
  Time since last request: 0.000039 seconds.
  path: Assets/Lizard man/Medieval Series/Lizard Men/Animations/Anim_LizardMan@taunt.FBX
  artifactKey: Guid(0f544c9573f37bd4c9e1873ccf29d5e7) Importer(2089858483,b0f066a214c2f5e87bad3c948f4d605d)
Start importing Assets/Lizard man/Medieval Series/Lizard Men/Animations/Anim_LizardMan@taunt.FBX using Guid(0f544c9573f37bd4c9e1873ccf29d5e7) Importer(2089858483,b0f066a214c2f5e87bad3c948f4d605d) (ScriptedImporter) -> (artifact id: 'c18288e9edbcfaba62ee741b9d3f50a7') in 0.0212485 seconds
Number of updated asset objects reloaded before import = 0Number of asset objects unloaded after import = 217

========================================================================
Received Import Request.
  Time since last request: 0.000074 seconds.
  path: Assets/Lizard man/Medieval Series/Lizard Men/Source/Textures/T_Lizard_Man_4_MS.tga
  artifactKey: Guid(e82c5a650fc9da24f99876c7f4c67d9a) Importer(2089858483,b0f066a214c2f5e87bad3c948f4d605d)
Start importing Assets/Lizard man/Medieval Series/Lizard Men/Source/Textures/T_Lizard_Man_4_MS.tga using Guid(e82c5a650fc9da24f99876c7f4c67d9a) Importer(2089858483,b0f066a214c2f5e87bad3c948f4d605d) (ScriptedImporter) -> (artifact id: 'd6179ba50f8390daf044c6c240d7933a') in 0.0378651 seconds
Number of updated asset objects reloaded before import = 0Number of asset objects unloaded after import = 1

========================================================================
Received Import Request.
  Time since last request: 0.000035 seconds.
  path: Assets/Lizard man/Medieval Series/Lizard Men/Source/Textures/Lizard_Man_Female.tga
  artifactKey: Guid(910a834f6a9f8414db1dbfabe0162e6a) Importer(2089858483,b0f066a214c2f5e87bad3c948f4d605d)
Start importing Assets/Lizard man/Medieval Series/Lizard Men/Source/Textures/Lizard_Man_Female.tga using Guid(910a834f6a9f8414db1dbfabe0162e6a) Importer(2089858483,b0f066a214c2f5e87bad3c948f4d605d) (ScriptedImporter) -> (artifact id: 'f5ce00d87796ee496e62780cbc087098') in 0.0383292 seconds
Number of updated asset objects reloaded before import = 0Number of asset objects unloaded after import = 1

========================================================================
Received Import Request.
  Time since last request: 0.000049 seconds.
  path: Assets/Lizard man/Medieval Series/Lizard Men/Weapons/Spear-Horde_1.prefab
  artifactKey: Guid(5a90faa8cc6e4754980f46a37848c31f) Importer(2089858483,b0f066a214c2f5e87bad3c948f4d605d)
Start importing Assets/Lizard man/Medieval Series/Lizard Men/Weapons/Spear-Horde_1.prefab using Guid(5a90faa8cc6e4754980f46a37848c31f) Importer(2089858483,b0f066a214c2f5e87bad3c948f4d605d) (ScriptedImporter) -> (artifact id: '5d0adcd9a725102d692c6cde6bb9ece4') in 0.0118161 seconds
Number of updated asset objects reloaded before import = 0Number of asset objects unloaded after import = 20

========================================================================
Received Import Request.
  Time since last request: 0.000030 seconds.
  path: Assets/Lizard man/Polygonmaker - Shader/Textures/T_Skin_Detail.tga
  artifactKey: Guid(fef9c59a633f044448be34d72fc72598) Importer(2089858483,b0f066a214c2f5e87bad3c948f4d605d)
Start importing Assets/Lizard man/Polygonmaker - Shader/Textures/T_Skin_Detail.tga using Guid(fef9c59a633f044448be34d72fc72598) Importer(2089858483,b0f066a214c2f5e87bad3c948f4d605d) (ScriptedImporter) -> (artifact id: 'a86abc45eac113ffec32afb1a91ce955') in 0.0129868 seconds
Number of updated asset objects reloaded before import = 0Number of asset objects unloaded after import = 1

========================================================================
Received Import Request.
  Time since last request: 0.000058 seconds.
  path: Assets/Lizard man/Medieval Series/Lizard Men/Weapons/Source/Shield-Tribal_1.FBX
  artifactKey: Guid(e785059d3e7d66448a5f98eecbb7c409) Importer(2089858483,b0f066a214c2f5e87bad3c948f4d605d)
Start importing Assets/Lizard man/Medieval Series/Lizard Men/Weapons/Source/Shield-Tribal_1.FBX using Guid(e785059d3e7d66448a5f98eecbb7c409) Importer(2089858483,b0f066a214c2f5e87bad3c948f4d605d) (ScriptedImporter) -> (artifact id: '0b4e64eae9f1d38cb036ea350387ee4c') in 0.0144223 seconds
Number of updated asset objects reloaded before import = 0Number of asset objects unloaded after import = 20

========================================================================
Received Import Request.
  Time since last request: 0.000041 seconds.
  path: Assets/Lizard man/Medieval Series/Lizard Men/Source/Textures/Mobile/Lizard_Man_1 [Diffuse].tga
  artifactKey: Guid(9b619dc211316434c860fc728cf5f424) Importer(2089858483,b0f066a214c2f5e87bad3c948f4d605d)
Start importing Assets/Lizard man/Medieval Series/Lizard Men/Source/Textures/Mobile/Lizard_Man_1 [Diffuse].tga using Guid(9b619dc211316434c860fc728cf5f424) Importer(2089858483,b0f066a214c2f5e87bad3c948f4d605d) (ScriptedImporter) -> (artifact id: '08b5f33f2c6c17b9c04fb858e798f64f') in 0.0131401 seconds
Number of updated asset objects reloaded before import = 0Number of asset objects unloaded after import = 1

========================================================================
Received Import Request.
  Time since last request: 0.000027 seconds.
  path: Assets/Lizard man/Medieval Series/Lizard Men/Weapons/Source/Materials/Shield-Tribal_1.mat
  artifactKey: Guid(ed222653154886a4ab5f645835f5df57) Importer(2089858483,b0f066a214c2f5e87bad3c948f4d605d)
Start importing Assets/Lizard man/Medieval Series/Lizard Men/Weapons/Source/Materials/Shield-Tribal_1.mat using Guid(ed222653154886a4ab5f645835f5df57) Importer(2089858483,b0f066a214c2f5e87bad3c948f4d605d) (ScriptedImporter) -> (artifact id: '8b9200ca69698f42e5f6e81aed6424f6') in 0.3147272 seconds
Number of updated asset objects reloaded before import = 0Number of asset objects unloaded after import = 5

========================================================================
Received Import Request.
  Time since last request: 0.000051 seconds.
  path: Assets/Lizard man/Medieval Series/Lizard Men/Source/Textures/Mobile/Lizard_Man_3 [Diffuse].tga
  artifactKey: Guid(920b6d25a59dd7e4783090dacb6fefd5) Importer(2089858483,b0f066a214c2f5e87bad3c948f4d605d)
Start importing Assets/Lizard man/Medieval Series/Lizard Men/Source/Textures/Mobile/Lizard_Man_3 [Diffuse].tga using Guid(920b6d25a59dd7e4783090dacb6fefd5) Importer(2089858483,b0f066a214c2f5e87bad3c948f4d605d) (ScriptedImporter) -> (artifact id: '15fb28de251152c103c0317e79d3b51d') in 0.016083 seconds
Number of updated asset objects reloaded before import = 0Number of asset objects unloaded after import = 1

========================================================================
Received Import Request.
  Time since last request: 0.000045 seconds.
  path: Assets/Lizard man/Medieval Series/Lizard Men/Source/Textures/Lizard5.mat
  artifactKey: Guid(7d5267cdfd0f5a4468be2548165b3daf) Importer(2089858483,b0f066a214c2f5e87bad3c948f4d605d)
Start importing Assets/Lizard man/Medieval Series/Lizard Men/Source/Textures/Lizard5.mat using Guid(7d5267cdfd0f5a4468be2548165b3daf) Importer(2089858483,b0f066a214c2f5e87bad3c948f4d605d) (ScriptedImporter) -> (artifact id: 'd567a2b5906797e4e66f3299a6b33492') in 0.0721109 seconds
Number of updated asset objects reloaded before import = 0Number of asset objects unloaded after import = 4

========================================================================
Received Import Request.
  Time since last request: 0.000041 seconds.
  path: Assets/Lizard man/Medieval Series/Lizard Men/Weapons/Textures/T_Shield-Orc_1_N.tga
  artifactKey: Guid(717a3b54cd3adcc408c5afaacd76922a) Importer(2089858483,b0f066a214c2f5e87bad3c948f4d605d)
Start importing Assets/Lizard man/Medieval Series/Lizard Men/Weapons/Textures/T_Shield-Orc_1_N.tga using Guid(717a3b54cd3adcc408c5afaacd76922a) Importer(2089858483,b0f066a214c2f5e87bad3c948f4d605d) (ScriptedImporter) -> (artifact id: '35ced66a705119d88ad07be151b3c0f6') in 0.0127733 seconds
Number of updated asset objects reloaded before import = 0Number of asset objects unloaded after import = 1

========================================================================
Received Import Request.
  Time since last request: 0.000033 seconds.
  path: Assets/Lizard man/Medieval Series/Lizard Men/Source/Materials
  artifactKey: Guid(469bb73615bde254a9dee8a0d05d26f1) Importer(2089858483,b0f066a214c2f5e87bad3c948f4d605d)
Start importing Assets/Lizard man/Medieval Series/Lizard Men/Source/Materials using Guid(469bb73615bde254a9dee8a0d05d26f1) Importer(2089858483,b0f066a214c2f5e87bad3c948f4d605d) (ScriptedImporter) -> (artifact id: '6c3711b908e0f742230ec77a7ebd11d9') in 0.0054706 seconds
Number of updated asset objects reloaded before import = 0Number of asset objects unloaded after import = 1

========================================================================
Received Import Request.
  Time since last request: 0.000032 seconds.
  path: Assets/Lizard man/Polygonmaker - Shader/Textures
  artifactKey: Guid(cee741c53a27783478d5f483c3312488) Importer(2089858483,b0f066a214c2f5e87bad3c948f4d605d)
Start importing Assets/Lizard man/Polygonmaker - Shader/Textures using Guid(cee741c53a27783478d5f483c3312488) Importer(2089858483,b0f066a214c2f5e87bad3c948f4d605d) (ScriptedImporter) -> (artifact id: 'e286ccc9e227f15462ede633f0ad91bd') in 0.0037077 seconds
Number of updated asset objects reloaded before import = 0Number of asset objects unloaded after import = 1

========================================================================
Received Import Request.
  Time since last request: 0.000049 seconds.
  path: Assets/Lizard man/Medieval Series/Lizard Men/Animations/Anim_LizardMan@hit.FBX
  artifactKey: Guid(b9254ad961bbdd84496608f8bc84e90c) Importer(2089858483,b0f066a214c2f5e87bad3c948f4d605d)
Start importing Assets/Lizard man/Medieval Series/Lizard Men/Animations/Anim_LizardMan@hit.FBX using Guid(b9254ad961bbdd84496608f8bc84e90c) Importer(2089858483,b0f066a214c2f5e87bad3c948f4d605d) (ScriptedImporter) -> (artifact id: '96c1fec9fe868e6624b7b5ca295c1035') in 0.0245101 seconds
Number of updated asset objects reloaded before import = 0Number of asset objects unloaded after import = 217

========================================================================
Received Import Request.
  Time since last request: 0.000043 seconds.
  path: Assets/Lizard man/Polygonmaker - Shader/Source/T_Golem-Crystal_Specular.tga
  artifactKey: Guid(385936638a3398a48ae3e40faa2fa999) Importer(2089858483,b0f066a214c2f5e87bad3c948f4d605d)
Start importing Assets/Lizard man/Polygonmaker - Shader/Source/T_Golem-Crystal_Specular.tga using Guid(385936638a3398a48ae3e40faa2fa999) Importer(2089858483,b0f066a214c2f5e87bad3c948f4d605d) (ScriptedImporter) -> (artifact id: 'bfd4fc96ac316503ca7b97cbf444b08c') in 0.0199317 seconds
Number of updated asset objects reloaded before import = 0Number of asset objects unloaded after import = 1

========================================================================
Received Import Request.
  Time since last request: 0.000074 seconds.
  path: Assets/Lizard man/Medieval Series/Lizard Men/Weapons/Textures/T_Spear-Primitive_01_MS.tga
  artifactKey: Guid(2c913ccfd72c50946838d19d84e1fbc1) Importer(2089858483,b0f066a214c2f5e87bad3c948f4d605d)
Start importing Assets/Lizard man/Medieval Series/Lizard Men/Weapons/Textures/T_Spear-Primitive_01_MS.tga using Guid(2c913ccfd72c50946838d19d84e1fbc1) Importer(2089858483,b0f066a214c2f5e87bad3c948f4d605d) (ScriptedImporter) -> (artifact id: 'd9b3162414c2af1ffdd9df7261be809e') in 0.0106476 seconds
Number of updated asset objects reloaded before import = 0Number of asset objects unloaded after import = 1

========================================================================
Received Import Request.
  Time since last request: 0.000040 seconds.
  path: Assets/Lizard man/Medieval Series/Lizard Men/Characters/LizardMan_2_var.prefab
  artifactKey: Guid(ff1cec08a2d24ae4fa80193985eee512) Importer(2089858483,b0f066a214c2f5e87bad3c948f4d605d)
Start importing Assets/Lizard man/Medieval Series/Lizard Men/Characters/LizardMan_2_var.prefab using Guid(ff1cec08a2d24ae4fa80193985eee512) Importer(2089858483,b0f066a214c2f5e87bad3c948f4d605d) (ScriptedImporter) -> (artifact id: 'd144077c4acb6de94f31efd561e65f0f') in 0.0367339 seconds
Number of updated asset objects reloaded before import = 0Number of asset objects unloaded after import = 741

========================================================================
Received Import Request.
  Time since last request: 0.000043 seconds.
  path: Assets/Lizard man/Polygonmaker - Shader/HDRP_2020.3.16f1/Shaders HDRP_2020.3.16f1.unitypackage
  artifactKey: Guid(fd65be92728e0f241b4de2b7d69b35d1) Importer(2089858483,b0f066a214c2f5e87bad3c948f4d605d)
Start importing Assets/Lizard man/Polygonmaker - Shader/HDRP_2020.3.16f1/Shaders HDRP_2020.3.16f1.unitypackage using Guid(fd65be92728e0f241b4de2b7d69b35d1) Importer(2089858483,b0f066a214c2f5e87bad3c948f4d605d) (ScriptedImporter) -> (artifact id: '88b16d2efa5f3ae159109603e2cb8c0d') in 0.0042108 seconds
Number of updated asset objects reloaded before import = 0Number of asset objects unloaded after import = 1

========================================================================
Received Import Request.
  Time since last request: 0.000042 seconds.
  path: Assets/Lizard man/Polygonmaker - Shader
  artifactKey: Guid(2eb18f3ad10f26b41829990602b1a3f0) Importer(2089858483,b0f066a214c2f5e87bad3c948f4d605d)
Start importing Assets/Lizard man/Polygonmaker - Shader using Guid(2eb18f3ad10f26b41829990602b1a3f0) Importer(2089858483,b0f066a214c2f5e87bad3c948f4d605d) (ScriptedImporter) -> (artifact id: '2bf40ea6beba59bf8ea2821981a8dfd6') in 0.0035677 seconds
Number of updated asset objects reloaded before import = 0Number of asset objects unloaded after import = 1

========================================================================
Received Import Request.
  Time since last request: 0.000034 seconds.
  path: Assets/Lizard man/Polygonmaker - Shader/Source/T_Golem-Crystal_N.tga
  artifactKey: Guid(2a543b0290d3dca46a8959a1752a623c) Importer(2089858483,b0f066a214c2f5e87bad3c948f4d605d)
Start importing Assets/Lizard man/Polygonmaker - Shader/Source/T_Golem-Crystal_N.tga using Guid(2a543b0290d3dca46a8959a1752a623c) Importer(2089858483,b0f066a214c2f5e87bad3c948f4d605d) (ScriptedImporter) -> (artifact id: 'c0c2c73c18a9a00eb45b1ce4ca5941cd') in 0.0104932 seconds
Number of updated asset objects reloaded before import = 0Number of asset objects unloaded after import = 1

========================================================================
Received Import Request.
  Time since last request: 0.000045 seconds.
  path: Assets/Lizard man/Polygonmaker - Shader/Materials/Polygonmaker-PBR_Cutout.mat
  artifactKey: Guid(e83ccd6ca98c67b4caa6c95c606d6b93) Importer(2089858483,b0f066a214c2f5e87bad3c948f4d605d)
Start importing Assets/Lizard man/Polygonmaker - Shader/Materials/Polygonmaker-PBR_Cutout.mat using Guid(e83ccd6ca98c67b4caa6c95c606d6b93) Importer(2089858483,b0f066a214c2f5e87bad3c948f4d605d) (ScriptedImporter)Shader 'Polygonmaker/Basic-PBR (Cutout Single Side)': fallback shader '-1' not found
 -> (artifact id: 'e72fac55132fc59635c2e8f5cd9d083d') in 0.2710543 seconds
Number of updated asset objects reloaded before import = 0Number of asset objects unloaded after import = 7

========================================================================
Received Import Request.
  Time since last request: 0.000046 seconds.
  path: Assets/Lizard man/Medieval Series/Lizard Men/Characters/LizardMan_3_var.prefab
  artifactKey: Guid(814b5dc489590c844a6a544d6a28ffd2) Importer(2089858483,b0f066a214c2f5e87bad3c948f4d605d)
Start importing Assets/Lizard man/Medieval Series/Lizard Men/Characters/LizardMan_3_var.prefab using Guid(814b5dc489590c844a6a544d6a28ffd2) Importer(2089858483,b0f066a214c2f5e87bad3c948f4d605d) (ScriptedImporter) -> (artifact id: '0707a04cde5105132bdc7591404ff90a') in 0.0244912 seconds
Number of updated asset objects reloaded before import = 0Number of asset objects unloaded after import = 741

========================================================================
Received Import Request.
  Time since last request: 0.000064 seconds.
  path: Assets/Lizard man/Medieval Series/Lizard Men/Animations/Anim_LizardMan@walkL.fbx
  artifactKey: Guid(e0352b051b0b288428ae6b98d5bd46c1) Importer(2089858483,b0f066a214c2f5e87bad3c948f4d605d)
Start importing Assets/Lizard man/Medieval Series/Lizard Men/Animations/Anim_LizardMan@walkL.fbx using Guid(e0352b051b0b288428ae6b98d5bd46c1) Importer(2089858483,b0f066a214c2f5e87bad3c948f4d605d) (ScriptedImporter) -> (artifact id: 'c670ac72b4310b5b55df9942c1669585') in 0.0168581 seconds
Number of updated asset objects reloaded before import = 0Number of asset objects unloaded after import = 203

========================================================================
Received Import Request.
  Time since last request: 0.000048 seconds.
  path: Assets/Lizard man/Medieval Series/Lizard Men/Weapons/Spear-Primitive_1.prefab
  artifactKey: Guid(cf6768c08cfc26b4f83c4493c4b31436) Importer(2089858483,b0f066a214c2f5e87bad3c948f4d605d)
Start importing Assets/Lizard man/Medieval Series/Lizard Men/Weapons/Spear-Primitive_1.prefab using Guid(cf6768c08cfc26b4f83c4493c4b31436) Importer(2089858483,b0f066a214c2f5e87bad3c948f4d605d) (ScriptedImporter) -> (artifact id: '7de9c389f084b549ea1bc299b1ba922f') in 0.0093122 seconds
Number of updated asset objects reloaded before import = 0Number of asset objects unloaded after import = 37

========================================================================
Received Import Request.
  Time since last request: 0.000031 seconds.
  path: Assets/Lizard man/Medieval Series/Lizard Men/Source/Textures/Lizard_Man_5 [Albedo].tga
  artifactKey: Guid(396899e479acb84409ce8e3aa298cfda) Importer(2089858483,b0f066a214c2f5e87bad3c948f4d605d)
Start importing Assets/Lizard man/Medieval Series/Lizard Men/Source/Textures/Lizard_Man_5 [Albedo].tga using Guid(396899e479acb84409ce8e3aa298cfda) Importer(2089858483,b0f066a214c2f5e87bad3c948f4d605d) (ScriptedImporter) -> (artifact id: '931d52684f9c7563183c8d4267c97d2a') in 0.032194 seconds
Number of updated asset objects reloaded before import = 0Number of asset objects unloaded after import = 1

========================================================================
Received Import Request.
  Time since last request: 0.000059 seconds.
  path: Assets/Lizard man/Medieval Series/Lizard Men/Weapons/Source/Axe-Wraith_1.FBX
  artifactKey: Guid(3cfdbb32d842da44b85e8613b4660edf) Importer(2089858483,b0f066a214c2f5e87bad3c948f4d605d)
Start importing Assets/Lizard man/Medieval Series/Lizard Men/Weapons/Source/Axe-Wraith_1.FBX using Guid(3cfdbb32d842da44b85e8613b4660edf) Importer(2089858483,b0f066a214c2f5e87bad3c948f4d605d) (ScriptedImporter) -> (artifact id: '04c0f9e4504ee73c46c63d4d80cf5f4d') in 0.0150705 seconds
Number of updated asset objects reloaded before import = 0Number of asset objects unloaded after import = 20

========================================================================
Received Import Request.
  Time since last request: 0.000040 seconds.
  path: Assets/Lizard man/Medieval Series/Lizard Men/Source/Textures/Lizard_Man_1 [Mask].tga
  artifactKey: Guid(3bca5a2241b29dd4b81ab710cb03da74) Importer(2089858483,b0f066a214c2f5e87bad3c948f4d605d)
Start importing Assets/Lizard man/Medieval Series/Lizard Men/Source/Textures/Lizard_Man_1 [Mask].tga using Guid(3bca5a2241b29dd4b81ab710cb03da74) Importer(2089858483,b0f066a214c2f5e87bad3c948f4d605d) (ScriptedImporter) -> (artifact id: 'dfdcb801ec71c4a1b175aaeaae99f787') in 0.0243256 seconds
Number of updated asset objects reloaded before import = 0Number of asset objects unloaded after import = 1

========================================================================
Received Import Request.
  Time since last request: 0.000059 seconds.
  path: Assets/Lizard man/Polygonmaker - Shader/Materials/Polygonmaker-Skin.mat
  artifactKey: Guid(5b0c6288fb07d0843a2584f7d3bb556b) Importer(2089858483,b0f066a214c2f5e87bad3c948f4d605d)
Start importing Assets/Lizard man/Polygonmaker - Shader/Materials/Polygonmaker-Skin.mat using Guid(5b0c6288fb07d0843a2584f7d3bb556b) Importer(2089858483,b0f066a214c2f5e87bad3c948f4d605d) (ScriptedImporter) -> (artifact id: '12924baad67ee9e769e3a69a5c71a01c') in 0.0088681 seconds
Number of updated asset objects reloaded before import = 0Number of asset objects unloaded after import = 1

========================================================================
Received Import Request.
  Time since last request: 0.000025 seconds.
  path: Assets/Lizard man/Medieval Series/Lizard Men/Characters/LizardMan_Female_1.prefab
  artifactKey: Guid(1e82916daea7b7c43a471a102ef70b3c) Importer(2089858483,b0f066a214c2f5e87bad3c948f4d605d)
Start importing Assets/Lizard man/Medieval Series/Lizard Men/Characters/LizardMan_Female_1.prefab using Guid(1e82916daea7b7c43a471a102ef70b3c) Importer(2089858483,b0f066a214c2f5e87bad3c948f4d605d) (ScriptedImporter) -> (artifact id: '18361428f0d5eb3a497db067ab23e9a5') in 0.0242362 seconds
Number of updated asset objects reloaded before import = 0Number of asset objects unloaded after import = 741

========================================================================
Received Import Request.
  Time since last request: 0.000047 seconds.
  path: Assets/Lizard man/Polygonmaker - Shader/Shaders/Polygonmaker-AS-BasicPBR.shader
  artifactKey: Guid(901cb4d38cc5df3478328f726618464c) Importer(2089858483,b0f066a214c2f5e87bad3c948f4d605d)
Start importing Assets/Lizard man/Polygonmaker - Shader/Shaders/Polygonmaker-AS-BasicPBR.shader using Guid(901cb4d38cc5df3478328f726618464c) Importer(2089858483,b0f066a214c2f5e87bad3c948f4d605d) (ScriptedImporter) -> (artifact id: '835503498f74e385369174d513269a39') in 0.0108443 seconds
Number of updated asset objects reloaded before import = 0Number of asset objects unloaded after import = 1

========================================================================
Received Import Request.
  Time since last request: 0.000061 seconds.
  path: Assets/Lizard man/Polygonmaker - Shader/HDRP/Shaders HDRP.unitypackage
  artifactKey: Guid(3433ac2fa9bd7cc45ad7205f559366ee) Importer(2089858483,b0f066a214c2f5e87bad3c948f4d605d)
Start importing Assets/Lizard man/Polygonmaker - Shader/HDRP/Shaders HDRP.unitypackage using Guid(3433ac2fa9bd7cc45ad7205f559366ee) Importer(2089858483,b0f066a214c2f5e87bad3c948f4d605d) (ScriptedImporter) -> (artifact id: '9cb1de74455e0127af16d73f3a528ef2') in 0.0037715 seconds
Number of updated asset objects reloaded before import = 0Number of asset objects unloaded after import = 1

========================================================================
Received Import Request.
  Time since last request: 0.000048 seconds.
  path: Assets/Lizard man/Polygonmaker - Shader/Scene/Source
  artifactKey: Guid(fb94f42d99797ad42a42414c4e173d7a) Importer(2089858483,b0f066a214c2f5e87bad3c948f4d605d)
Start importing Assets/Lizard man/Polygonmaker - Shader/Scene/Source using Guid(fb94f42d99797ad42a42414c4e173d7a) Importer(2089858483,b0f066a214c2f5e87bad3c948f4d605d) (ScriptedImporter) -> (artifact id: '7cbb0fe900268756840ef8fcd7fb36a3') in 0.0036323 seconds
Number of updated asset objects reloaded before import = 0Number of asset objects unloaded after import = 1

========================================================================
Received Import Request.
  Time since last request: 0.000033 seconds.
  path: Assets/Lizard man/Polygonmaker - Shader/Scene
  artifactKey: Guid(a8fbd3727b680234584298df26d55bbc) Importer(2089858483,b0f066a214c2f5e87bad3c948f4d605d)
Start importing Assets/Lizard man/Polygonmaker - Shader/Scene using Guid(a8fbd3727b680234584298df26d55bbc) Importer(2089858483,b0f066a214c2f5e87bad3c948f4d605d) (ScriptedImporter) -> (artifact id: '946c93a56b16b4f67028f8e2f5b155f5') in 0.0038611 seconds
Number of updated asset objects reloaded before import = 0Number of asset objects unloaded after import = 1

========================================================================
Received Import Request.
  Time since last request: 0.000031 seconds.
  path: Assets/Lizard man/Medieval Series/Lizard Men/Source/Textures/Helmet [Albedo].tga
  artifactKey: Guid(e655bc88e272bbc4a93e387ac8235f6e) Importer(2089858483,b0f066a214c2f5e87bad3c948f4d605d)
Start importing Assets/Lizard man/Medieval Series/Lizard Men/Source/Textures/Helmet [Albedo].tga using Guid(e655bc88e272bbc4a93e387ac8235f6e) Importer(2089858483,b0f066a214c2f5e87bad3c948f4d605d) (ScriptedImporter) -> (artifact id: 'e948844875affaad47067451656b0057') in 0.0126914 seconds
Number of updated asset objects reloaded before import = 0Number of asset objects unloaded after import = 1

========================================================================
Received Import Request.
  Time since last request: 0.000102 seconds.
  path: Assets/Lizard man/Medieval Series/Lizard Men/Weapons/Textures/T_Spear-Primitive_01_D.tga
  artifactKey: Guid(41b62d404a7dcaa43a3d659f4f2c7ef4) Importer(2089858483,b0f066a214c2f5e87bad3c948f4d605d)
Start importing Assets/Lizard man/Medieval Series/Lizard Men/Weapons/Textures/T_Spear-Primitive_01_D.tga using Guid(41b62d404a7dcaa43a3d659f4f2c7ef4) Importer(2089858483,b0f066a214c2f5e87bad3c948f4d605d) (ScriptedImporter) -> (artifact id: '6fb88894b7be1f8d565140338f59eb15') in 0.0116723 seconds
Number of updated asset objects reloaded before import = 0Number of asset objects unloaded after import = 1

========================================================================
Received Import Request.
  Time since last request: 0.000039 seconds.
  path: Assets/Lizard man/Medieval Series/Lizard Men/Animations/Anim_LizardMan@attack4.FBX
  artifactKey: Guid(c17140cbc01f36440b64bebc0d1f37e5) Importer(2089858483,b0f066a214c2f5e87bad3c948f4d605d)
Start importing Assets/Lizard man/Medieval Series/Lizard Men/Animations/Anim_LizardMan@attack4.FBX using Guid(c17140cbc01f36440b64bebc0d1f37e5) Importer(2089858483,b0f066a214c2f5e87bad3c948f4d605d) (ScriptedImporter) -> (artifact id: '62c52149f2eea14dfffd3b58eac1391a') in 0.0194768 seconds
Number of updated asset objects reloaded before import = 0Number of asset objects unloaded after import = 217

========================================================================
Received Import Request.
  Time since last request: 0.000026 seconds.
  path: Assets/Lizard man/Medieval Series/Lizard Men/Source/Textures/Lizard1.mat
  artifactKey: Guid(fc0f9c8684002c241a9b858dd9cf265e) Importer(2089858483,b0f066a214c2f5e87bad3c948f4d605d)
Start importing Assets/Lizard man/Medieval Series/Lizard Men/Source/Textures/Lizard1.mat using Guid(fc0f9c8684002c241a9b858dd9cf265e) Importer(2089858483,b0f066a214c2f5e87bad3c948f4d605d) (ScriptedImporter) -> (artifact id: '7c398de9f6d4e937b72234171fa4964c') in 0.0746692 seconds
Number of updated asset objects reloaded before import = 0Number of asset objects unloaded after import = 4

========================================================================
Received Import Request.
  Time since last request: 0.000028 seconds.
  path: Assets/Lizard man/Medieval Series/Lizard Men/Characters/LizardMan_4.prefab
  artifactKey: Guid(8b97cdddbd31e8943b4d0675d4f3d33a) Importer(2089858483,b0f066a214c2f5e87bad3c948f4d605d)
Start importing Assets/Lizard man/Medieval Series/Lizard Men/Characters/LizardMan_4.prefab using Guid(8b97cdddbd31e8943b4d0675d4f3d33a) Importer(2089858483,b0f066a214c2f5e87bad3c948f4d605d) (ScriptedImporter) -> (artifact id: '6a60a36c4a4ed36f991880362ebd5819') in 0.0150508 seconds
Number of updated asset objects reloaded before import = 0Number of asset objects unloaded after import = 741

========================================================================
Received Import Request.
  Time since last request: 0.000047 seconds.
  path: Assets/Lizard man/Medieval Series/Lizard Men/Animations/Anim_LizardMan@StrafeR_inplace.FBX
  artifactKey: Guid(21c5639d4f9536c49b4be5301c933c66) Importer(2089858483,b0f066a214c2f5e87bad3c948f4d605d)
Start importing Assets/Lizard man/Medieval Series/Lizard Men/Animations/Anim_LizardMan@StrafeR_inplace.FBX using Guid(21c5639d4f9536c49b4be5301c933c66) Importer(2089858483,b0f066a214c2f5e87bad3c948f4d605d) (ScriptedImporter) -> (artifact id: '12ab1bc833ae8a2dae78065d18066546') in 0.0202897 seconds
Number of updated asset objects reloaded before import = 0Number of asset objects unloaded after import = 217

========================================================================
Received Import Request.
  Time since last request: 0.000183 seconds.
  path: Assets/Lizard man/Polygonmaker - Shader/Source/Rotation.anim
  artifactKey: Guid(171e50158a007624c8758c8c38e25195) Importer(2089858483,b0f066a214c2f5e87bad3c948f4d605d)
Start importing Assets/Lizard man/Polygonmaker - Shader/Source/Rotation.anim using Guid(171e50158a007624c8758c8c38e25195) Importer(2089858483,b0f066a214c2f5e87bad3c948f4d605d) (ScriptedImporter) -> (artifact id: 'ddb51e05f3a9cbec6793f791cd554d40') in 0.0226915 seconds
Number of updated asset objects reloaded before import = 0Number of asset objects unloaded after import = 1

========================================================================
Received Import Request.
  Time since last request: 0.000036 seconds.
  path: Assets/Lizard man/Medieval Series/Lizard Men/Characters/LizardMan_3.prefab
  artifactKey: Guid(f3f2345ca553e534c880dd00d950c6d7) Importer(2089858483,b0f066a214c2f5e87bad3c948f4d605d)
Start importing Assets/Lizard man/Medieval Series/Lizard Men/Characters/LizardMan_3.prefab using Guid(f3f2345ca553e534c880dd00d950c6d7) Importer(2089858483,b0f066a214c2f5e87bad3c948f4d605d) (ScriptedImporter) -> (artifact id: '743c2a859dea99c0c6f70faa09c23107') in 0.0265272 seconds
Number of updated asset objects reloaded before import = 0Number of asset objects unloaded after import = 741

========================================================================
Received Import Request.
  Time since last request: 0.000026 seconds.
  path: Assets/Lizard man/Polygonmaker - Shader/Materials/Polygonmaker-Ice.mat
  artifactKey: Guid(a0b5ba09fa3deaf41ab17963122f0975) Importer(2089858483,b0f066a214c2f5e87bad3c948f4d605d)
Start importing Assets/Lizard man/Polygonmaker - Shader/Materials/Polygonmaker-Ice.mat using Guid(a0b5ba09fa3deaf41ab17963122f0975) Importer(2089858483,b0f066a214c2f5e87bad3c948f4d605d) (ScriptedImporter) -> (artifact id: 'f209be6fbc47310ef7da2115c015ee0e') in 0.2938431 seconds
Number of updated asset objects reloaded before import = 0Number of asset objects unloaded after import = 6

========================================================================
Received Import Request.
  Time since last request: 0.000096 seconds.
  path: Assets/Lizard man/Polygonmaker - Shader/Scene/Source/Ground.mat
  artifactKey: Guid(98991f906a8dbf34295442daca916397) Importer(2089858483,b0f066a214c2f5e87bad3c948f4d605d)
Start importing Assets/Lizard man/Polygonmaker - Shader/Scene/Source/Ground.mat using Guid(98991f906a8dbf34295442daca916397) Importer(2089858483,b0f066a214c2f5e87bad3c948f4d605d) (ScriptedImporter) -> (artifact id: 'e7f7806812c438617a7f36723990b902') in 0.0117034 seconds
Number of updated asset objects reloaded before import = 0Number of asset objects unloaded after import = 4

========================================================================
Received Import Request.
  Time since last request: 0.000038 seconds.
  path: Assets/Lizard man/Polygonmaker - Shader/Source/T_Golem-Crystal_mask.tga
  artifactKey: Guid(2250949c6bd941c48acc7e6303bb5198) Importer(2089858483,b0f066a214c2f5e87bad3c948f4d605d)
Start importing Assets/Lizard man/Polygonmaker - Shader/Source/T_Golem-Crystal_mask.tga using Guid(2250949c6bd941c48acc7e6303bb5198) Importer(2089858483,b0f066a214c2f5e87bad3c948f4d605d) (ScriptedImporter) -> (artifact id: '52869d2027dc73d0fcc2a3c02faced81') in 0.0135674 seconds
Number of updated asset objects reloaded before import = 0Number of asset objects unloaded after import = 1

========================================================================
Received Import Request.
  Time since last request: 0.000029 seconds.
  path: Assets/Lizard man/Medieval Series/Lizard Men
  artifactKey: Guid(9946a89456406e846bb64781a849b10f) Importer(2089858483,b0f066a214c2f5e87bad3c948f4d605d)
Start importing Assets/Lizard man/Medieval Series/Lizard Men using Guid(9946a89456406e846bb64781a849b10f) Importer(2089858483,b0f066a214c2f5e87bad3c948f4d605d) (ScriptedImporter) -> (artifact id: 'e3c1b34a27535d85af010a9bd9406086') in 0.0040793 seconds
Number of updated asset objects reloaded before import = 0Number of asset objects unloaded after import = 1

========================================================================
Received Import Request.
  Time since last request: 0.000041 seconds.
  path: Assets/Lizard man/Medieval Series/Lizard Men/Weapons/Source/Materials/Club-Horde_2.mat
  artifactKey: Guid(7b73219c12ca4aa44ad58f2508b6c132) Importer(2089858483,b0f066a214c2f5e87bad3c948f4d605d)
Start importing Assets/Lizard man/Medieval Series/Lizard Men/Weapons/Source/Materials/Club-Horde_2.mat using Guid(7b73219c12ca4aa44ad58f2508b6c132) Importer(2089858483,b0f066a214c2f5e87bad3c948f4d605d) (ScriptedImporter) -> (artifact id: '6ab327e91593703b4149aa5c23a47fd8') in 0.0392291 seconds
Number of updated asset objects reloaded before import = 0Number of asset objects unloaded after import = 5

========================================================================
Received Import Request.
  Time since last request: 0.000074 seconds.
  path: Assets/Lizard man/Medieval Series/Lizard Men/Source/Textures/Lizard3.mat
  artifactKey: Guid(a6bfa55936f0b1041bdbb62c77d6bd66) Importer(2089858483,b0f066a214c2f5e87bad3c948f4d605d)
Start importing Assets/Lizard man/Medieval Series/Lizard Men/Source/Textures/Lizard3.mat using Guid(a6bfa55936f0b1041bdbb62c77d6bd66) Importer(2089858483,b0f066a214c2f5e87bad3c948f4d605d) (ScriptedImporter) -> (artifact id: '357590d570a34ce04dba0e33064d783c') in 0.0806422 seconds
Number of updated asset objects reloaded before import = 0Number of asset objects unloaded after import = 4

========================================================================
Received Import Request.
  Time since last request: 0.000058 seconds.
  path: Assets/Lizard man/Medieval Series/Lizard Men/Scenes/Source/Main Camera Profile.asset
  artifactKey: Guid(b80984a7da6be734f853c6e7489fbda7) Importer(2089858483,b0f066a214c2f5e87bad3c948f4d605d)
Start importing Assets/Lizard man/Medieval Series/Lizard Men/Scenes/Source/Main Camera Profile.asset using Guid(b80984a7da6be734f853c6e7489fbda7) Importer(2089858483,b0f066a214c2f5e87bad3c948f4d605d) (ScriptedImporter) -> (artifact id: '46fe9ac73892ff158efbb97e6efb55e1') in 0.0050953 seconds
Number of updated asset objects reloaded before import = 0Number of asset objects unloaded after import = 1

========================================================================
Received Import Request.
  Time since last request: 0.000030 seconds.
  path: Assets/Lizard man/Polygonmaker - Shader/Shaders 1.3.txt
  artifactKey: Guid(ba6c75c6a75cab246974ab22c0cf745d) Importer(2089858483,b0f066a214c2f5e87bad3c948f4d605d)
Start importing Assets/Lizard man/Polygonmaker - Shader/Shaders 1.3.txt using Guid(ba6c75c6a75cab246974ab22c0cf745d) Importer(2089858483,b0f066a214c2f5e87bad3c948f4d605d) (ScriptedImporter) -> (artifact id: '8f44771c086840600823075dd74089e2') in 0.0044053 seconds
Number of updated asset objects reloaded before import = 0Number of asset objects unloaded after import = 1

========================================================================
Received Import Request.
  Time since last request: 0.000040 seconds.
  path: Assets/Lizard man
  artifactKey: Guid(1b35e433802723941835bf97d112ba21) Importer(815301076,1909f56bfc062723c751e8b465ee728b)
Start importing Assets/Lizard man using Guid(1b35e433802723941835bf97d112ba21) Importer(815301076,1909f56bfc062723c751e8b465ee728b) (PreviewImporter) -> (artifact id: '8e87e4e53c22f9aebb29b452410d8ba4') in 0.0007808 seconds
Number of updated asset objects reloaded before import = 0Number of asset objects unloaded after import = 0

========================================================================
Received Import Request.
  Time since last request: 0.000032 seconds.
  path: Assets/Lizard man/Medieval Series/Lizard Men/Weapons/Textures/T_Axe-Wraith_01_D.tga
  artifactKey: Guid(1627310d81924a34f991e15c9467cc17) Importer(2089858483,b0f066a214c2f5e87bad3c948f4d605d)
Start importing Assets/Lizard man/Medieval Series/Lizard Men/Weapons/Textures/T_Axe-Wraith_01_D.tga using Guid(1627310d81924a34f991e15c9467cc17) Importer(2089858483,b0f066a214c2f5e87bad3c948f4d605d) (ScriptedImporter) -> (artifact id: 'fe3e82b93abe5ac5b66fb290ec854f3b') in 0.0140424 seconds
Number of updated asset objects reloaded before import = 0Number of asset objects unloaded after import = 1

========================================================================
Received Import Request.
  Time since last request: 0.000065 seconds.
  path: Assets/Lizard man/Medieval Series/Lizard Men/Weapons/Textures/T_Shield-Tribal_01_MS.tga
  artifactKey: Guid(d6a1ece8a7262f24b998aa21e4543c5f) Importer(2089858483,b0f066a214c2f5e87bad3c948f4d605d)
Start importing Assets/Lizard man/Medieval Series/Lizard Men/Weapons/Textures/T_Shield-Tribal_01_MS.tga using Guid(d6a1ece8a7262f24b998aa21e4543c5f) Importer(2089858483,b0f066a214c2f5e87bad3c948f4d605d) (ScriptedImporter) -> (artifact id: '55a25dd043fbf26cb61a760c2e08ce7d') in 0.0319289 seconds
Number of updated asset objects reloaded before import = 0Number of asset objects unloaded after import = 1

========================================================================
Received Import Request.
  Time since last request: 0.000037 seconds.
  path: Assets/Lizard man/Medieval Series/Lizard Men/Source/Textures/Helmet [Specular].tga
  artifactKey: Guid(27f7fd7218eae1a44acdbd8ae4b472ad) Importer(2089858483,b0f066a214c2f5e87bad3c948f4d605d)
Start importing Assets/Lizard man/Medieval Series/Lizard Men/Source/Textures/Helmet [Specular].tga using Guid(27f7fd7218eae1a44acdbd8ae4b472ad) Importer(2089858483,b0f066a214c2f5e87bad3c948f4d605d) (ScriptedImporter) -> (artifact id: '8c44768933df0aa53632500a10a0885b') in 0.0131808 seconds
Number of updated asset objects reloaded before import = 0Number of asset objects unloaded after import = 1

========================================================================
Received Import Request.
  Time since last request: 0.000030 seconds.
  path: Assets/Lizard man/Medieval Series/Lizard Men/Animations/Anim_Lizardman@attacktail.FBX
  artifactKey: Guid(83a079b6ffdb9714899ade92e3579fd7) Importer(2089858483,b0f066a214c2f5e87bad3c948f4d605d)
Start importing Assets/Lizard man/Medieval Series/Lizard Men/Animations/Anim_Lizardman@attacktail.FBX using Guid(83a079b6ffdb9714899ade92e3579fd7) Importer(2089858483,b0f066a214c2f5e87bad3c948f4d605d) (ScriptedImporter) -> (artifact id: 'ce942839a07b4ab3f9f17380c1c9fa2e') in 0.0173414 seconds
Number of updated asset objects reloaded before import = 0Number of asset objects unloaded after import = 203

========================================================================
Received Import Request.
  Time since last request: 0.000034 seconds.
  path: Assets/Lizard man/Medieval Series/Lizard Men/Characters
  artifactKey: Guid(9f0b4b1f4238fcc42a528d2befe89c4c) Importer(2089858483,b0f066a214c2f5e87bad3c948f4d605d)
Start importing Assets/Lizard man/Medieval Series/Lizard Men/Characters using Guid(9f0b4b1f4238fcc42a528d2befe89c4c) Importer(2089858483,b0f066a214c2f5e87bad3c948f4d605d) (ScriptedImporter) -> (artifact id: '9b971af110e3f9e2adfec55a8368d0d7') in 0.006318 seconds
Number of updated asset objects reloaded before import = 0Number of asset objects unloaded after import = 1

========================================================================
Received Import Request.
  Time since last request: 0.000024 seconds.
  path: Assets/Lizard man/Polygonmaker - Shader/HDRP_2020.2.3f1/Shaders HDRP_2020.2.3f1.unitypackage
  artifactKey: Guid(cb9853cd9afc08c46a4d7db85273bfcc) Importer(2089858483,b0f066a214c2f5e87bad3c948f4d605d)
Start importing Assets/Lizard man/Polygonmaker - Shader/HDRP_2020.2.3f1/Shaders HDRP_2020.2.3f1.unitypackage using Guid(cb9853cd9afc08c46a4d7db85273bfcc) Importer(2089858483,b0f066a214c2f5e87bad3c948f4d605d) (ScriptedImporter) -> (artifact id: '969d413e722c436a6c38d65e7914623d') in 0.0043736 seconds
Number of updated asset objects reloaded before import = 0Number of asset objects unloaded after import = 1

========================================================================
Received Import Request.
  Time since last request: 0.000029 seconds.
  path: Assets/Lizard man/Medieval Series/Lizard Men/Source/Textures/Lizard_Man_2 [Albedo].tga
  artifactKey: Guid(f1b621c631c951c4f9349734bf264e74) Importer(2089858483,b0f066a214c2f5e87bad3c948f4d605d)
Start importing Assets/Lizard man/Medieval Series/Lizard Men/Source/Textures/Lizard_Man_2 [Albedo].tga using Guid(f1b621c631c951c4f9349734bf264e74) Importer(2089858483,b0f066a214c2f5e87bad3c948f4d605d) (ScriptedImporter) -> (artifact id: 'fb4dac9735cfd335b3ed179cb68296cd') in 0.0326317 seconds
Number of updated asset objects reloaded before import = 0Number of asset objects unloaded after import = 1

========================================================================
Received Import Request.
  Time since last request: 0.000050 seconds.
  path: Assets/Lizard man/Medieval Series/Lizard Men/Weapons/Textures/T_Shield-Horde_01_D.tga
  artifactKey: Guid(1bb26b031e677db46bd01dd2fdee09d4) Importer(2089858483,b0f066a214c2f5e87bad3c948f4d605d)
Start importing Assets/Lizard man/Medieval Series/Lizard Men/Weapons/Textures/T_Shield-Horde_01_D.tga using Guid(1bb26b031e677db46bd01dd2fdee09d4) Importer(2089858483,b0f066a214c2f5e87bad3c948f4d605d) (ScriptedImporter) -> (artifact id: '5bc61e971bdf141833e864f9500052be') in 0.0203199 seconds
Number of updated asset objects reloaded before import = 0Number of asset objects unloaded after import = 1

========================================================================
Received Import Request.
  Time since last request: 0.000042 seconds.
  path: Assets/Lizard man/Medieval Series/Lizard Men/Source/Materials/Lizard Man_Female.mat
  artifactKey: Guid(0c135ae1253362c47b87e6adf4b29496) Importer(2089858483,b0f066a214c2f5e87bad3c948f4d605d)
Start importing Assets/Lizard man/Medieval Series/Lizard Men/Source/Materials/Lizard Man_Female.mat using Guid(0c135ae1253362c47b87e6adf4b29496) Importer(2089858483,b0f066a214c2f5e87bad3c948f4d605d) (ScriptedImporter)Shader 'Polygonmaker/Skin': fallback shader '-1' not found
 -> (artifact id: 'aa0a95771cc5e6d040a94b4cc9da36cc') in 0.1304277 seconds
Number of updated asset objects reloaded before import = 0Number of asset objects unloaded after import = 7

========================================================================
Received Import Request.
  Time since last request: 0.000057 seconds.
  path: Assets/Lizard man/Medieval Series/Lizard Men/Animations/Anim_Lizardman@spearupthrow.FBX
  artifactKey: Guid(9c97b548084ccd6438702e5612193b68) Importer(2089858483,b0f066a214c2f5e87bad3c948f4d605d)
Start importing Assets/Lizard man/Medieval Series/Lizard Men/Animations/Anim_Lizardman@spearupthrow.FBX using Guid(9c97b548084ccd6438702e5612193b68) Importer(2089858483,b0f066a214c2f5e87bad3c948f4d605d) (ScriptedImporter) -> (artifact id: 'caadb98a688c3fc92fe45093198e6dfd') in 0.0182951 seconds
Number of updated asset objects reloaded before import = 0Number of asset objects unloaded after import = 203

========================================================================
Received Import Request.
  Time since last request: 0.000055 seconds.
  path: Assets/Lizard man/Medieval Series/Lizard Men/Weapons/Shield-Orc_1.prefab
  artifactKey: Guid(80dc1621506bbd14aab764fd64aee228) Importer(2089858483,b0f066a214c2f5e87bad3c948f4d605d)
Start importing Assets/Lizard man/Medieval Series/Lizard Men/Weapons/Shield-Orc_1.prefab using Guid(80dc1621506bbd14aab764fd64aee228) Importer(2089858483,b0f066a214c2f5e87bad3c948f4d605d) (ScriptedImporter) -> (artifact id: 'ffb92760fee33c6ae3c947a6922c857d') in 0.006778 seconds
Number of updated asset objects reloaded before import = 0Number of asset objects unloaded after import = 20

========================================================================
Received Import Request.
  Time since last request: 0.000031 seconds.
  path: Assets/Lizard man/Polygonmaker - Shader/URP
  artifactKey: Guid(64b13827d002eff479719b255b8b5823) Importer(2089858483,b0f066a214c2f5e87bad3c948f4d605d)
Start importing Assets/Lizard man/Polygonmaker - Shader/URP using Guid(64b13827d002eff479719b255b8b5823) Importer(2089858483,b0f066a214c2f5e87bad3c948f4d605d) (ScriptedImporter) -> (artifact id: '00226ee1b6153f84885406dd04017c0a') in 0.0039567 seconds
Number of updated asset objects reloaded before import = 0Number of asset objects unloaded after import = 1

========================================================================
Received Import Request.
  Time since last request: 0.000028 seconds.
  path: Assets/Lizard man/Medieval Series/Lizard Men/Source/LizardMan.FBX
  artifactKey: Guid(e932abe5fd1f7974d8f6b8b43bac0f3b) Importer(2089858483,b0f066a214c2f5e87bad3c948f4d605d)
Start importing Assets/Lizard man/Medieval Series/Lizard Men/Source/LizardMan.FBX using Guid(e932abe5fd1f7974d8f6b8b43bac0f3b) Importer(2089858483,b0f066a214c2f5e87bad3c948f4d605d) (ScriptedImporter) -> (artifact id: 'a5f80da4fd108168b103b132251a68e7') in 0.0662061 seconds
Number of updated asset objects reloaded before import = 0Number of asset objects unloaded after import = 254

========================================================================
Received Import Request.
  Time since last request: 0.000044 seconds.
  path: Assets/Lizard man/Medieval Series/Lizard Men/Weapons/Source/Materials/Spear-Primitive_1.mat
  artifactKey: Guid(bd394e54ca54a474cb5692d770bf9712) Importer(2089858483,b0f066a214c2f5e87bad3c948f4d605d)
Start importing Assets/Lizard man/Medieval Series/Lizard Men/Weapons/Source/Materials/Spear-Primitive_1.mat using Guid(bd394e54ca54a474cb5692d770bf9712) Importer(2089858483,b0f066a214c2f5e87bad3c948f4d605d) (ScriptedImporter) -> (artifact id: 'c7ec268291357288d5c00e13761d6089') in 0.0096249 seconds
Number of updated asset objects reloaded before import = 0Number of asset objects unloaded after import = 5

========================================================================
Received Import Request.
  Time since last request: 0.000042 seconds.
  path: Assets/Lizard man/Medieval Series/Lizard Men/Source/Textures
  artifactKey: Guid(942a2b62e3fc25747b2c378646c4f59d) Importer(2089858483,b0f066a214c2f5e87bad3c948f4d605d)
Start importing Assets/Lizard man/Medieval Series/Lizard Men/Source/Textures using Guid(942a2b62e3fc25747b2c378646c4f59d) Importer(2089858483,b0f066a214c2f5e87bad3c948f4d605d) (ScriptedImporter) -> (artifact id: '154727ef00deb5ec441224b8ca84cb1c') in 0.0036892 seconds
Number of updated asset objects reloaded before import = 0Number of asset objects unloaded after import = 1

========================================================================
Received Import Request.
  Time since last request: 0.000039 seconds.
  path: Assets/Lizard man/Medieval Series/Lizard Men/Animations/Anim_LizardMan@runR.fbx
  artifactKey: Guid(ee7f0ff4a50bab74c92100fda2945e57) Importer(2089858483,b0f066a214c2f5e87bad3c948f4d605d)
Start importing Assets/Lizard man/Medieval Series/Lizard Men/Animations/Anim_LizardMan@runR.fbx using Guid(ee7f0ff4a50bab74c92100fda2945e57) Importer(2089858483,b0f066a214c2f5e87bad3c948f4d605d) (ScriptedImporter) -> (artifact id: '3de2a5db59d1c4ce6a031aaf21e552c6') in 0.0220051 seconds
Number of updated asset objects reloaded before import = 0Number of asset objects unloaded after import = 203

========================================================================
Received Import Request.
  Time since last request: 0.000036 seconds.
  path: Assets/Lizard man/Medieval Series/Lizard Men/Animations/Anim_LizardMan@walkR.fbx
  artifactKey: Guid(a6224d305fc622a4eba3a169f1adf2f8) Importer(2089858483,b0f066a214c2f5e87bad3c948f4d605d)
Start importing Assets/Lizard man/Medieval Series/Lizard Men/Animations/Anim_LizardMan@walkR.fbx using Guid(a6224d305fc622a4eba3a169f1adf2f8) Importer(2089858483,b0f066a214c2f5e87bad3c948f4d605d) (ScriptedImporter) -> (artifact id: '0faf202b16d3be960b6e4d46eb465b75') in 0.021755 seconds
Number of updated asset objects reloaded before import = 0Number of asset objects unloaded after import = 203

========================================================================
Received Import Request.
  Time since last request: 0.000044 seconds.
  path: Assets/Lizard man/Medieval Series/Lizard Men/Animations/Anim_LizardMan@attack3.FBX
  artifactKey: Guid(2f78ddb67225352478cbadb81286a3bf) Importer(2089858483,b0f066a214c2f5e87bad3c948f4d605d)
Start importing Assets/Lizard man/Medieval Series/Lizard Men/Animations/Anim_LizardMan@attack3.FBX using Guid(2f78ddb67225352478cbadb81286a3bf) Importer(2089858483,b0f066a214c2f5e87bad3c948f4d605d) (ScriptedImporter) -> (artifact id: '606edb8ef543d72ad8feb23a36cb6ad0') in 0.0251523 seconds
Number of updated asset objects reloaded before import = 0Number of asset objects unloaded after import = 217

========================================================================
Received Import Request.
  Time since last request: 0.000050 seconds.
  path: Assets/Lizard man/Medieval Series/Lizard Men/Source/Materials/Lizard Man_5_var.mat
  artifactKey: Guid(c6d2297b7ca770444bfb8555c7a14bb0) Importer(2089858483,b0f066a214c2f5e87bad3c948f4d605d)
Start importing Assets/Lizard man/Medieval Series/Lizard Men/Source/Materials/Lizard Man_5_var.mat using Guid(c6d2297b7ca770444bfb8555c7a14bb0) Importer(2089858483,b0f066a214c2f5e87bad3c948f4d605d) (ScriptedImporter)Shader 'Polygonmaker/Skin': fallback shader '-1' not found
 -> (artifact id: '5068eb8247d8abb4fe8080e997fee04d') in 0.1294178 seconds
Number of updated asset objects reloaded before import = 0Number of asset objects unloaded after import = 7

========================================================================
Received Import Request.
  Time since last request: 0.000033 seconds.
  path: Assets/Lizard man/Medieval Series/Lizard Men/Scenes/Main.unity
  artifactKey: Guid(57ebda29ea30fb34780a45563152b006) Importer(2089858483,b0f066a214c2f5e87bad3c948f4d605d)
Start importing Assets/Lizard man/Medieval Series/Lizard Men/Scenes/Main.unity using Guid(57ebda29ea30fb34780a45563152b006) Importer(2089858483,b0f066a214c2f5e87bad3c948f4d605d) (ScriptedImporter) -> (artifact id: 'b134b1567922b73e9ffd8caef6ec1fb3') in 0.009617 seconds
Number of updated asset objects reloaded before import = 0Number of asset objects unloaded after import = 1

========================================================================
Received Import Request.
  Time since last request: 0.000068 seconds.
  path: Assets/Lizard man/Polygonmaker - Shader/Textures/Default Gray(A).tga
  artifactKey: Guid(d340fcb74c944e046b0860161abc4821) Importer(2089858483,b0f066a214c2f5e87bad3c948f4d605d)
Start importing Assets/Lizard man/Polygonmaker - Shader/Textures/Default Gray(A).tga using Guid(d340fcb74c944e046b0860161abc4821) Importer(2089858483,b0f066a214c2f5e87bad3c948f4d605d) (ScriptedImporter) -> (artifact id: 'a7618c174c60d5358aff72db37047adb') in 0.0115594 seconds
Number of updated asset objects reloaded before import = 0Number of asset objects unloaded after import = 1

========================================================================
Received Import Request.
  Time since last request: 0.000043 seconds.
  path: Assets/Lizard man/Medieval Series/Lizard Men/Source/Materials/Helmet.mat
  artifactKey: Guid(82c4253b1068e9b4490b0d7f61fb237e) Importer(2089858483,b0f066a214c2f5e87bad3c948f4d605d)
Start importing Assets/Lizard man/Medieval Series/Lizard Men/Source/Materials/Helmet.mat using Guid(82c4253b1068e9b4490b0d7f61fb237e) Importer(2089858483,b0f066a214c2f5e87bad3c948f4d605d) (ScriptedImporter) -> (artifact id: 'e5e4a275b249003ef6da401dc06c096b') in 0.0244779 seconds
Number of updated asset objects reloaded before import = 0Number of asset objects unloaded after import = 5

========================================================================
Received Import Request.
  Time since last request: 0.000049 seconds.
  path: Assets/Lizard man/Medieval Series/Lizard Men/Weapons/Club-Horde_2.prefab
  artifactKey: Guid(284eeaf0d9d16c145ad823c6b2bc223e) Importer(2089858483,b0f066a214c2f5e87bad3c948f4d605d)
Start importing Assets/Lizard man/Medieval Series/Lizard Men/Weapons/Club-Horde_2.prefab using Guid(284eeaf0d9d16c145ad823c6b2bc223e) Importer(2089858483,b0f066a214c2f5e87bad3c948f4d605d) (ScriptedImporter) -> (artifact id: '3819efffca119cdd52dd82bd59768021') in 0.008197 seconds
Number of updated asset objects reloaded before import = 0Number of asset objects unloaded after import = 20

========================================================================
Received Import Request.
  Time since last request: 0.000031 seconds.
  path: Assets/Lizard man/Polygonmaker - Shader/HDRP
  artifactKey: Guid(7a9abce5a6ed54e479bce50568a26f4a) Importer(2089858483,b0f066a214c2f5e87bad3c948f4d605d)
Start importing Assets/Lizard man/Polygonmaker - Shader/HDRP using Guid(7a9abce5a6ed54e479bce50568a26f4a) Importer(2089858483,b0f066a214c2f5e87bad3c948f4d605d) (ScriptedImporter) -> (artifact id: 'e3552d5ccb1ffbaccd85c1eae6535989') in 0.0068975 seconds
Number of updated asset objects reloaded before import = 0Number of asset objects unloaded after import = 1

========================================================================
Received Import Request.
  Time since last request: 0.000052 seconds.
  path: Assets/Lizard man/Medieval Series/Lizard Men/Characters/LizardMan_4_var.prefab
  artifactKey: Guid(7ec4afed00c41324abe5e38415d03985) Importer(2089858483,b0f066a214c2f5e87bad3c948f4d605d)
Start importing Assets/Lizard man/Medieval Series/Lizard Men/Characters/LizardMan_4_var.prefab using Guid(7ec4afed00c41324abe5e38415d03985) Importer(2089858483,b0f066a214c2f5e87bad3c948f4d605d) (ScriptedImporter) -> (artifact id: '62ea7adf60036a6c14af7631db81b437') in 0.0287476 seconds
Number of updated asset objects reloaded before import = 0Number of asset objects unloaded after import = 741

========================================================================
Received Import Request.
  Time since last request: 0.000075 seconds.
  path: Assets/Lizard man/Medieval Series/Lizard Men/Weapons/Source/Materials/Shield-Orc_1.mat
  artifactKey: Guid(ba8a1978814f07f46b6667206a35f20a) Importer(2089858483,b0f066a214c2f5e87bad3c948f4d605d)
Start importing Assets/Lizard man/Medieval Series/Lizard Men/Weapons/Source/Materials/Shield-Orc_1.mat using Guid(ba8a1978814f07f46b6667206a35f20a) Importer(2089858483,b0f066a214c2f5e87bad3c948f4d605d) (ScriptedImporter) -> (artifact id: 'd9071af0ed7aa41b3c2e4906c6061da6') in 0.0172002 seconds
Number of updated asset objects reloaded before import = 0Number of asset objects unloaded after import = 5

========================================================================
Received Import Request.
  Time since last request: 0.000053 seconds.
  path: Assets/Lizard man/Medieval Series/Lizard Men/Source/Materials/Lizard Man_3_var.mat
  artifactKey: Guid(cf39916b358c368478e4f86243f14a49) Importer(2089858483,b0f066a214c2f5e87bad3c948f4d605d)
Start importing Assets/Lizard man/Medieval Series/Lizard Men/Source/Materials/Lizard Man_3_var.mat using Guid(cf39916b358c368478e4f86243f14a49) Importer(2089858483,b0f066a214c2f5e87bad3c948f4d605d) (ScriptedImporter)Shader 'Polygonmaker/Skin': fallback shader '-1' not found
 -> (artifact id: 'b24eb81feb4a1f21cf75e6e42ab131b3') in 0.1224389 seconds
Number of updated asset objects reloaded before import = 0Number of asset objects unloaded after import = 7

========================================================================
Received Import Request.
  Time since last request: 0.000065 seconds.
  path: Assets/Lizard man/Medieval Series/Lizard Men/Animations/Anim_LizardMan@walk-back.FBX
  artifactKey: Guid(166cee65487cbcf40b4c05f1df6a3d58) Importer(2089858483,b0f066a214c2f5e87bad3c948f4d605d)
Start importing Assets/Lizard man/Medieval Series/Lizard Men/Animations/Anim_LizardMan@walk-back.FBX using Guid(166cee65487cbcf40b4c05f1df6a3d58) Importer(2089858483,b0f066a214c2f5e87bad3c948f4d605d) (ScriptedImporter) -> (artifact id: 'bfb449521a6ab8442c8814f857f98b5a') in 0.0181979 seconds
Number of updated asset objects reloaded before import = 0Number of asset objects unloaded after import = 203

========================================================================
Received Import Request.
  Time since last request: 0.000056 seconds.
  path: Assets/Lizard man/Medieval Series/Lizard Men/Weapons/Shield-Horde_1.prefab
  artifactKey: Guid(85f00968b97a6b44a9b7de4a665a421b) Importer(2089858483,b0f066a214c2f5e87bad3c948f4d605d)
Start importing Assets/Lizard man/Medieval Series/Lizard Men/Weapons/Shield-Horde_1.prefab using Guid(85f00968b97a6b44a9b7de4a665a421b) Importer(2089858483,b0f066a214c2f5e87bad3c948f4d605d) (ScriptedImporter) -> (artifact id: 'cf20aefe9d635544b8cc61d8dbc6d3c8') in 0.0067304 seconds
Number of updated asset objects reloaded before import = 0Number of asset objects unloaded after import = 20

========================================================================
Received Import Request.
  Time since last request: 0.000027 seconds.
  path: Assets/Lizard man/Medieval Series/Lizard Men
  artifactKey: Guid(9946a89456406e846bb64781a849b10f) Importer(815301076,1909f56bfc062723c751e8b465ee728b)
Start importing Assets/Lizard man/Medieval Series/Lizard Men using Guid(9946a89456406e846bb64781a849b10f) Importer(815301076,1909f56bfc062723c751e8b465ee728b) (PreviewImporter) -> (artifact id: '56fee06762fd04287de794656e23f54b') in 0.0006123 seconds
Number of updated asset objects reloaded before import = 0Number of asset objects unloaded after import = 0

========================================================================
Received Import Request.
  Time since last request: 0.000028 seconds.
  path: Assets/Lizard man/Medieval Series/Lizard Men/LizardMan_Base.prefab
  artifactKey: Guid(6813b42f76db6d1439723354128d85f9) Importer(2089858483,b0f066a214c2f5e87bad3c948f4d605d)
Start importing Assets/Lizard man/Medieval Series/Lizard Men/LizardMan_Base.prefab using Guid(6813b42f76db6d1439723354128d85f9) Importer(2089858483,b0f066a214c2f5e87bad3c948f4d605d) (ScriptedImporter) -> (artifact id: '52fa042d520295b478f274b617f80b09') in 0.0266591 seconds
Number of updated asset objects reloaded before import = 0Number of asset objects unloaded after import = 498

========================================================================
Received Import Request.
  Time since last request: 0.000044 seconds.
  path: Assets/Lizard man/Polygonmaker - Shader/Shaders/Polygonmaker-AS-Skin Defered.shader
  artifactKey: Guid(e9bc656ed42671c45be3d8395ec235bc) Importer(2089858483,b0f066a214c2f5e87bad3c948f4d605d)
Start importing Assets/Lizard man/Polygonmaker - Shader/Shaders/Polygonmaker-AS-Skin Defered.shader using Guid(e9bc656ed42671c45be3d8395ec235bc) Importer(2089858483,b0f066a214c2f5e87bad3c948f4d605d) (ScriptedImporter) -> (artifact id: '3ef171873fa1b00b13326dbbd45ca732') in 0.0069621 seconds
Number of updated asset objects reloaded before import = 0Number of asset objects unloaded after import = 1

========================================================================
Received Import Request.
  Time since last request: 0.000047 seconds.
  path: Assets/Lizard man/Medieval Series/Lizard Men/Animations/Anim_LizardMan@attack1.FBX
  artifactKey: Guid(ad318aacda57c3046af952dc0db83f6f) Importer(2089858483,b0f066a214c2f5e87bad3c948f4d605d)
Start importing Assets/Lizard man/Medieval Series/Lizard Men/Animations/Anim_LizardMan@attack1.FBX using Guid(ad318aacda57c3046af952dc0db83f6f) Importer(2089858483,b0f066a214c2f5e87bad3c948f4d605d) (ScriptedImporter) -> (artifact id: '12d597463b5ac0c75ae95baaee57315b') in 0.0224666 seconds
Number of updated asset objects reloaded before import = 0Number of asset objects unloaded after import = 217

========================================================================
Received Import Request.
  Time since last request: 0.000097 seconds.
  path: Assets/Lizard man/Medieval Series/Lizard Men/Source/Materials/Mobile/Lizard_3_Mobile.mat
  artifactKey: Guid(3468346fde0f694499bd822c9bd29290) Importer(2089858483,b0f066a214c2f5e87bad3c948f4d605d)
Start importing Assets/Lizard man/Medieval Series/Lizard Men/Source/Materials/Mobile/Lizard_3_Mobile.mat using Guid(3468346fde0f694499bd822c9bd29290) Importer(2089858483,b0f066a214c2f5e87bad3c948f4d605d) (ScriptedImporter) -> (artifact id: 'dcc61e35b08127a37d3a48def21d2188') in 0.0118694 seconds
Number of updated asset objects reloaded before import = 0Number of asset objects unloaded after import = 2

========================================================================
Received Import Request.
  Time since last request: 0.000049 seconds.
  path: Assets/Lizard man/Medieval Series/Lizard Men/Animations/Anim_Lizardman@spearupidle.FBX
  artifactKey: Guid(ce3eae45ff274f24ca9645c3a7e70778) Importer(2089858483,b0f066a214c2f5e87bad3c948f4d605d)
Start importing Assets/Lizard man/Medieval Series/Lizard Men/Animations/Anim_Lizardman@spearupidle.FBX using Guid(ce3eae45ff274f24ca9645c3a7e70778) Importer(2089858483,b0f066a214c2f5e87bad3c948f4d605d) (ScriptedImporter) -> (artifact id: 'ce1299597eac8c1223c3a94ec82b5f78') in 0.0141182 seconds
Number of updated asset objects reloaded before import = 0Number of asset objects unloaded after import = 203

========================================================================
Received Import Request.
  Time since last request: 0.000034 seconds.
  path: Assets/Lizard man/Medieval Series/Lizard Men/Weapons/Textures/T_Spear-Horde_01_MS.tga
  artifactKey: Guid(caba5cc33a438254a9971c2e94911749) Importer(2089858483,b0f066a214c2f5e87bad3c948f4d605d)
Start importing Assets/Lizard man/Medieval Series/Lizard Men/Weapons/Textures/T_Spear-Horde_01_MS.tga using Guid(caba5cc33a438254a9971c2e94911749) Importer(2089858483,b0f066a214c2f5e87bad3c948f4d605d) (ScriptedImporter) -> (artifact id: 'c50d823a4482304b22ac10d1afd5db3d') in 0.012136 seconds
Number of updated asset objects reloaded before import = 0Number of asset objects unloaded after import = 1

========================================================================
Received Import Request.
  Time since last request: 0.000043 seconds.
  path: Assets/Lizard man/Medieval Series/Lizard Men/Scenes/Source/Skybox.hdr
  artifactKey: Guid(eb50ffd506ccd544491c37e9476bd0ec) Importer(2089858483,b0f066a214c2f5e87bad3c948f4d605d)
Start importing Assets/Lizard man/Medieval Series/Lizard Men/Scenes/Source/Skybox.hdr using Guid(eb50ffd506ccd544491c37e9476bd0ec) Importer(2089858483,b0f066a214c2f5e87bad3c948f4d605d) (ScriptedImporter) -> (artifact id: 'b587abd140f089cefdaeeeab81f6719f') in 0.015182 seconds
Number of updated asset objects reloaded before import = 0Number of asset objects unloaded after import = 1

========================================================================
Received Import Request.
  Time since last request: 0.000075 seconds.
  path: Assets/Lizard man/Polygonmaker - Shader/Source/T_Golem-Crystal_O.tga
  artifactKey: Guid(d75cce210ed5233458b5a9ba2c0b6646) Importer(2089858483,b0f066a214c2f5e87bad3c948f4d605d)
Start importing Assets/Lizard man/Polygonmaker - Shader/Source/T_Golem-Crystal_O.tga using Guid(d75cce210ed5233458b5a9ba2c0b6646) Importer(2089858483,b0f066a214c2f5e87bad3c948f4d605d) (ScriptedImporter) -> (artifact id: '5d4ff44019d59b2b1bfcefb1d9612e4c') in 0.0168675 seconds
Number of updated asset objects reloaded before import = 0Number of asset objects unloaded after import = 1

========================================================================
Received Import Request.
  Time since last request: 0.000042 seconds.
  path: Assets/Lizard man/Medieval Series/Lizard Men/Source/Materials/Mobile/Lizard_4_Mobile.mat
  artifactKey: Guid(dbc0c1875f6201f42b0ab4dc621bf594) Importer(2089858483,b0f066a214c2f5e87bad3c948f4d605d)
Start importing Assets/Lizard man/Medieval Series/Lizard Men/Source/Materials/Mobile/Lizard_4_Mobile.mat using Guid(dbc0c1875f6201f42b0ab4dc621bf594) Importer(2089858483,b0f066a214c2f5e87bad3c948f4d605d) (ScriptedImporter) -> (artifact id: '706e63ca36dc21cbc582d8aa4c205b1f') in 0.0114891 seconds
Number of updated asset objects reloaded before import = 0Number of asset objects unloaded after import = 2

========================================================================
Received Import Request.
  Time since last request: 0.000035 seconds.
  path: Assets/Lizard man/Polygonmaker - Shader/Textures/T_Granite_Detail.png
  artifactKey: Guid(185984cae01789a40a2e1f08a4bedfa1) Importer(2089858483,b0f066a214c2f5e87bad3c948f4d605d)
Start importing Assets/Lizard man/Polygonmaker - Shader/Textures/T_Granite_Detail.png using Guid(185984cae01789a40a2e1f08a4bedfa1) Importer(2089858483,b0f066a214c2f5e87bad3c948f4d605d) (ScriptedImporter) -> (artifact id: 'a9ef0c2cf29a8151f2cd74df6895f753') in 0.0111578 seconds
Number of updated asset objects reloaded before import = 0Number of asset objects unloaded after import = 1

========================================================================
Received Import Request.
  Time since last request: 0.000028 seconds.
  path: Assets/Lizard man/Polygonmaker - Shader/Scene/Source/Skybox.hdr
  artifactKey: Guid(bb7f3453c4949d9408890ebf19e567e1) Importer(2089858483,b0f066a214c2f5e87bad3c948f4d605d)
Start importing Assets/Lizard man/Polygonmaker - Shader/Scene/Source/Skybox.hdr using Guid(bb7f3453c4949d9408890ebf19e567e1) Importer(2089858483,b0f066a214c2f5e87bad3c948f4d605d) (ScriptedImporter) -> (artifact id: '7372a546932d6b34ff4ac8ab52f2ccc8') in 0.0110895 seconds
Number of updated asset objects reloaded before import = 0Number of asset objects unloaded after import = 1

========================================================================
Received Import Request.
  Time since last request: 0.000032 seconds.
  path: Assets/Lizard man/Medieval Series/Lizard Men/Characters/LizardMan_1_var.prefab
  artifactKey: Guid(8146206ec1185e045b9996c7eb78d27a) Importer(2089858483,b0f066a214c2f5e87bad3c948f4d605d)
Start importing Assets/Lizard man/Medieval Series/Lizard Men/Characters/LizardMan_1_var.prefab using Guid(8146206ec1185e045b9996c7eb78d27a) Importer(2089858483,b0f066a214c2f5e87bad3c948f4d605d) (ScriptedImporter) -> (artifact id: 'eb7e613ff881146fcd91bb78bfe7b4cb') in 0.0237112 seconds
Number of updated asset objects reloaded before import = 0Number of asset objects unloaded after import = 741

========================================================================
Received Import Request.
  Time since last request: 0.000039 seconds.
  path: Assets/Lizard man/Medieval Series/Lizard Men/Source/Textures/T_Lizard_Man_2_MS.tga
  artifactKey: Guid(b75ea1f5c94fc8342afec9571c448040) Importer(2089858483,b0f066a214c2f5e87bad3c948f4d605d)
Start importing Assets/Lizard man/Medieval Series/Lizard Men/Source/Textures/T_Lizard_Man_2_MS.tga using Guid(b75ea1f5c94fc8342afec9571c448040) Importer(2089858483,b0f066a214c2f5e87bad3c948f4d605d) (ScriptedImporter) -> (artifact id: '50c05ef7dac933c302b2a3605c4b1209') in 0.0388149 seconds
Number of updated asset objects reloaded before import = 0Number of asset objects unloaded after import = 1

========================================================================
Received Import Request.
  Time since last request: 0.000037 seconds.
  path: Assets/Lizard man/Polygonmaker - Shader/Source/T_Golem-Crystal_E.tga
  artifactKey: Guid(de9f5aa131f733a4c972f7748ec52c97) Importer(2089858483,b0f066a214c2f5e87bad3c948f4d605d)
Start importing Assets/Lizard man/Polygonmaker - Shader/Source/T_Golem-Crystal_E.tga using Guid(de9f5aa131f733a4c972f7748ec52c97) Importer(2089858483,b0f066a214c2f5e87bad3c948f4d605d) (ScriptedImporter) -> (artifact id: '48d458317cc8e0443f2f0e968cc4e3ea') in 0.009982 seconds
Number of updated asset objects reloaded before import = 0Number of asset objects unloaded after import = 1

========================================================================
Received Import Request.
  Time since last request: 0.000026 seconds.
  path: Assets/Lizard man/Medieval Series/Lizard Men/Weapons/Source/Materials
  artifactKey: Guid(bfc9211231122914bbd88460c47bf5e2) Importer(2089858483,b0f066a214c2f5e87bad3c948f4d605d)
Start importing Assets/Lizard man/Medieval Series/Lizard Men/Weapons/Source/Materials using Guid(bfc9211231122914bbd88460c47bf5e2) Importer(2089858483,b0f066a214c2f5e87bad3c948f4d605d) (ScriptedImporter) -> (artifact id: 'ab757a4f19cd94a298ae0156b0473103') in 0.0044428 seconds
Number of updated asset objects reloaded before import = 0Number of asset objects unloaded after import = 1

========================================================================
Received Import Request.
  Time since last request: 0.000038 seconds.
  path: Assets/Lizard man/Medieval Series/Lizard Men/Source/Textures/T_Lizard_Man_3_MS.tga
  artifactKey: Guid(35fac2ca1548a3f47ba7dae61ad4b34d) Importer(2089858483,b0f066a214c2f5e87bad3c948f4d605d)
Start importing Assets/Lizard man/Medieval Series/Lizard Men/Source/Textures/T_Lizard_Man_3_MS.tga using Guid(35fac2ca1548a3f47ba7dae61ad4b34d) Importer(2089858483,b0f066a214c2f5e87bad3c948f4d605d) (ScriptedImporter) -> (artifact id: '8f6beb9c0cddc2ae8a092a572528a676') in 0.034429 seconds
Number of updated asset objects reloaded before import = 0Number of asset objects unloaded after import = 1

========================================================================
Received Import Request.
  Time since last request: 0.000050 seconds.
  path: Assets/Lizard man/Medieval Series/Lizard Men/Characters/LizardMan_4_var.prefab
  artifactKey: Guid(7ec4afed00c41324abe5e38415d03985) Importer(815301076,1909f56bfc062723c751e8b465ee728b)
Start importing Assets/Lizard man/Medieval Series/Lizard Men/Characters/LizardMan_4_var.prefab using Guid(7ec4afed00c41324abe5e38415d03985) Importer(815301076,1909f56bfc062723c751e8b465ee728b) (PreviewImporter)Shader 'Polygonmaker/Skin': fallback shader '-1' not found
 -> (artifact id: 'dc77bd4648e0888ab39af71f6210920c') in 2.667682 seconds
Number of updated asset objects reloaded before import = 0Number of asset objects unloaded after import = 760

========================================================================
Received Import Request.
  Time since last request: 0.000045 seconds.
  path: Assets/Lizard man/Medieval Series/Lizard Men/Characters/LizardMan_2_var.prefab
  artifactKey: Guid(ff1cec08a2d24ae4fa80193985eee512) Importer(815301076,1909f56bfc062723c751e8b465ee728b)
Start importing Assets/Lizard man/Medieval Series/Lizard Men/Characters/LizardMan_2_var.prefab using Guid(ff1cec08a2d24ae4fa80193985eee512) Importer(815301076,1909f56bfc062723c751e8b465ee728b) (PreviewImporter)Shader 'Polygonmaker/Skin': fallback shader '-1' not found
 -> (artifact id: '31c4c0b8161d498700879b36ae7fba37') in 0.2820562 seconds
Number of updated asset objects reloaded before import = 0Number of asset objects unloaded after import = 762

========================================================================
Received Import Request.
  Time since last request: 0.000046 seconds.
  path: Assets/Lizard man/Medieval Series/Lizard Men/Weapons/Textures/T_Spear-Horde_01_N.tga
  artifactKey: Guid(4897e359de9187140b9a4e0999e8dacc) Importer(2089858483,b0f066a214c2f5e87bad3c948f4d605d)
Start importing Assets/Lizard man/Medieval Series/Lizard Men/Weapons/Textures/T_Spear-Horde_01_N.tga using Guid(4897e359de9187140b9a4e0999e8dacc) Importer(2089858483,b0f066a214c2f5e87bad3c948f4d605d) (ScriptedImporter) -> (artifact id: '0d1569890b6d2166989cdb3e428ca31e') in 0.0217455 seconds
Number of updated asset objects reloaded before import = 0Number of asset objects unloaded after import = 1

========================================================================
Received Import Request.
  Time since last request: 0.000089 seconds.
  path: Assets/Lizard man/Polygonmaker - Shader/Shaders/Polygonmaker-AS-Skin.shader
  artifactKey: Guid(0a80ced63300ac94caa0fdaccca6379c) Importer(2089858483,b0f066a214c2f5e87bad3c948f4d605d)
Start importing Assets/Lizard man/Polygonmaker - Shader/Shaders/Polygonmaker-AS-Skin.shader using Guid(0a80ced63300ac94caa0fdaccca6379c) Importer(2089858483,b0f066a214c2f5e87bad3c948f4d605d) (ScriptedImporter)Shader 'Polygonmaker/Skin': fallback shader '-1' not found
 -> (artifact id: '1b3ad6a9bd006a2eca8e5df756a12481') in 0.0091807 seconds
Number of updated asset objects reloaded before import = 0Number of asset objects unloaded after import = 1

========================================================================
Received Import Request.
  Time since last request: 0.000065 seconds.
  path: Assets/Lizard man/Medieval Series/Lizard Men/Source/Textures/Lizard4.mat
  artifactKey: Guid(ee27c93e433000d4cb9861d64f80851d) Importer(2089858483,b0f066a214c2f5e87bad3c948f4d605d)
Start importing Assets/Lizard man/Medieval Series/Lizard Men/Source/Textures/Lizard4.mat using Guid(ee27c93e433000d4cb9861d64f80851d) Importer(2089858483,b0f066a214c2f5e87bad3c948f4d605d) (ScriptedImporter) -> (artifact id: '5ca7c73e4842e772d8b86259d1b2cd63') in 0.0849592 seconds
Number of updated asset objects reloaded before import = 0Number of asset objects unloaded after import = 4

========================================================================
Received Import Request.
  Time since last request: 0.000044 seconds.
  path: Assets/Lizard man/Medieval Series/Lizard Men/Source/Textures/Lizard_Man_3 [Albedo].tga
  artifactKey: Guid(7d328285e559ec54a8c60d7aae1312b9) Importer(2089858483,b0f066a214c2f5e87bad3c948f4d605d)
Start importing Assets/Lizard man/Medieval Series/Lizard Men/Source/Textures/Lizard_Man_3 [Albedo].tga using Guid(7d328285e559ec54a8c60d7aae1312b9) Importer(2089858483,b0f066a214c2f5e87bad3c948f4d605d) (ScriptedImporter) -> (artifact id: '8444148d5154a8ec882a5cb905f21bbd') in 0.0342987 seconds
Number of updated asset objects reloaded before import = 0Number of asset objects unloaded after import = 1

========================================================================
Received Import Request.
  Time since last request: 0.000039 seconds.
  path: Assets/Lizard man/Medieval Series/Lizard Men/Scenes
  artifactKey: Guid(34407d98c2e344a439e057a60e4b12af) Importer(2089858483,b0f066a214c2f5e87bad3c948f4d605d)
Start importing Assets/Lizard man/Medieval Series/Lizard Men/Scenes using Guid(34407d98c2e344a439e057a60e4b12af) Importer(2089858483,b0f066a214c2f5e87bad3c948f4d605d) (ScriptedImporter) -> (artifact id: '00f6c628bc69255d38a4f7718bb45631') in 0.0038086 seconds
Number of updated asset objects reloaded before import = 0Number of asset objects unloaded after import = 1

========================================================================
Received Import Request.
  Time since last request: 0.000029 seconds.
  path: Assets/Lizard man/Medieval Series/Lizard Men/Characters/LizardMan_2.prefab
  artifactKey: Guid(eaf85e9e193a96d44b43f623d36cf7e9) Importer(2089858483,b0f066a214c2f5e87bad3c948f4d605d)
Start importing Assets/Lizard man/Medieval Series/Lizard Men/Characters/LizardMan_2.prefab using Guid(eaf85e9e193a96d44b43f623d36cf7e9) Importer(2089858483,b0f066a214c2f5e87bad3c948f4d605d) (ScriptedImporter) -> (artifact id: '7e401836e4471bcc67a581d90075fe29') in 0.0278928 seconds
Number of updated asset objects reloaded before import = 0Number of asset objects unloaded after import = 741

========================================================================
Received Import Request.
  Time since last request: 0.000036 seconds.
  path: Assets/Lizard man/Polygonmaker - Shader/Materials/Polygonmaker-PBR.mat
  artifactKey: Guid(cc79100f2dda7d54b96c5124a19cf6fa) Importer(2089858483,b0f066a214c2f5e87bad3c948f4d605d)
Start importing Assets/Lizard man/Polygonmaker - Shader/Materials/Polygonmaker-PBR.mat using Guid(cc79100f2dda7d54b96c5124a19cf6fa) Importer(2089858483,b0f066a214c2f5e87bad3c948f4d605d) (ScriptedImporter) -> (artifact id: 'e14d7b6c6d5cd75307c2ae3c2a9b53bc') in 0.0194483 seconds
Number of updated asset objects reloaded before import = 0Number of asset objects unloaded after import = 7

========================================================================
Received Import Request.
  Time since last request: 0.000103 seconds.
  path: Assets/Lizard man/Polygonmaker - Shader/Source/Rotation.controller
  artifactKey: Guid(4f6006e6296ca5c4a9b632a0613cded7) Importer(2089858483,b0f066a214c2f5e87bad3c948f4d605d)
Start importing Assets/Lizard man/Polygonmaker - Shader/Source/Rotation.controller using Guid(4f6006e6296ca5c4a9b632a0613cded7) Importer(2089858483,b0f066a214c2f5e87bad3c948f4d605d) (ScriptedImporter) -> (artifact id: 'd5ee413e18338688548e6e20d17c6a04') in 0.0332724 seconds
Number of updated asset objects reloaded before import = 0Number of asset objects unloaded after import = 4

========================================================================
Received Import Request.
  Time since last request: 0.000035 seconds.
  path: Assets/Lizard man/Medieval Series/Lizard Men/Characters
  artifactKey: Guid(9f0b4b1f4238fcc42a528d2befe89c4c) Importer(815301076,1909f56bfc062723c751e8b465ee728b)
Start importing Assets/Lizard man/Medieval Series/Lizard Men/Characters using Guid(9f0b4b1f4238fcc42a528d2befe89c4c) Importer(815301076,1909f56bfc062723c751e8b465ee728b) (PreviewImporter) -> (artifact id: '2ade258fbc79c14384d1a337f677b0a3') in 0.0006961 seconds
Number of updated asset objects reloaded before import = 0Number of asset objects unloaded after import = 0

========================================================================
Received Import Request.
  Time since last request: 0.000034 seconds.
  path: Assets/Lizard man/Medieval Series/Lizard Men/Characters/LizardMan_5.prefab
  artifactKey: Guid(1b8e6a7dc0106a8488fcff095a6c5053) Importer(2089858483,b0f066a214c2f5e87bad3c948f4d605d)
Start importing Assets/Lizard man/Medieval Series/Lizard Men/Characters/LizardMan_5.prefab using Guid(1b8e6a7dc0106a8488fcff095a6c5053) Importer(2089858483,b0f066a214c2f5e87bad3c948f4d605d) (ScriptedImporter) -> (artifact id: '78c7fb957567912177cadb11dcf72b08') in 0.0216924 seconds
Number of updated asset objects reloaded before import = 0Number of asset objects unloaded after import = 498

========================================================================
Received Import Request.
  Time since last request: 0.000050 seconds.
  path: Assets/Lizard man/Medieval Series/Lizard Men/Source/Materials/Mobile/Helmet_Mobile.mat
  artifactKey: Guid(9bfad81dd48641b4ca62ff15530bc07d) Importer(2089858483,b0f066a214c2f5e87bad3c948f4d605d)
Start importing Assets/Lizard man/Medieval Series/Lizard Men/Source/Materials/Mobile/Helmet_Mobile.mat using Guid(9bfad81dd48641b4ca62ff15530bc07d) Importer(2089858483,b0f066a214c2f5e87bad3c948f4d605d) (ScriptedImporter) -> (artifact id: 'd651b4d7c4789024a48bcb8c16b23b86') in 0.0094838 seconds
Number of updated asset objects reloaded before import = 0Number of asset objects unloaded after import = 2

========================================================================
Received Import Request.
  Time since last request: 0.000060 seconds.
  path: Assets/Lizard man/Medieval Series/Lizard Men/Animations/Anim_LizardMan@walk.FBX
  artifactKey: Guid(7b5ba13a24f106243b9fb84b5320005d) Importer(2089858483,b0f066a214c2f5e87bad3c948f4d605d)
Start importing Assets/Lizard man/Medieval Series/Lizard Men/Animations/Anim_LizardMan@walk.FBX using Guid(7b5ba13a24f106243b9fb84b5320005d) Importer(2089858483,b0f066a214c2f5e87bad3c948f4d605d) (ScriptedImporter) -> (artifact id: '781fa55783ee1d7a4c4c6e6948ebeb0b') in 0.0224017 seconds
Number of updated asset objects reloaded before import = 0Number of asset objects unloaded after import = 203

========================================================================
Received Import Request.
  Time since last request: 0.000053 seconds.
  path: Assets/Lizard man/Medieval Series/Lizard Men/Weapons/Textures/T_Club-Horde_02_D.tga
  artifactKey: Guid(607124475c7df364aa45a31b3705c46a) Importer(2089858483,b0f066a214c2f5e87bad3c948f4d605d)
Start importing Assets/Lizard man/Medieval Series/Lizard Men/Weapons/Textures/T_Club-Horde_02_D.tga using Guid(607124475c7df364aa45a31b3705c46a) Importer(2089858483,b0f066a214c2f5e87bad3c948f4d605d) (ScriptedImporter) -> (artifact id: 'bfaeeb3ba8f18b68d85d4df3028fb8ab') in 0.0139451 seconds
Number of updated asset objects reloaded before import = 0Number of asset objects unloaded after import = 1

========================================================================
Received Import Request.
  Time since last request: 0.000037 seconds.
  path: Assets/Lizard man/Medieval Series/Lizard Men/Weapons/Source
  artifactKey: Guid(82a49d4db898ba247be6f3838d32be9c) Importer(2089858483,b0f066a214c2f5e87bad3c948f4d605d)
Start importing Assets/Lizard man/Medieval Series/Lizard Men/Weapons/Source using Guid(82a49d4db898ba247be6f3838d32be9c) Importer(2089858483,b0f066a214c2f5e87bad3c948f4d605d) (ScriptedImporter) -> (artifact id: 'ce84bbb68c72453c0b752f04c4241ec6') in 0.0042139 seconds
Number of updated asset objects reloaded before import = 0Number of asset objects unloaded after import = 1

========================================================================
Received Import Request.
  Time since last request: 0.000029 seconds.
  path: Assets/Lizard man/Medieval Series/Lizard Men/Source/Textures/Lizard_Man_1 [Normal].tga
  artifactKey: Guid(decef80c2ada07e49abbedef03529fc2) Importer(2089858483,b0f066a214c2f5e87bad3c948f4d605d)
Start importing Assets/Lizard man/Medieval Series/Lizard Men/Source/Textures/Lizard_Man_1 [Normal].tga using Guid(decef80c2ada07e49abbedef03529fc2) Importer(2089858483,b0f066a214c2f5e87bad3c948f4d605d) (ScriptedImporter) -> (artifact id: '4ff25461cca05a07883bcaf2f16dd1f3') in 0.044432 seconds
Number of updated asset objects reloaded before import = 0Number of asset objects unloaded after import = 1

========================================================================
Received Import Request.
  Time since last request: 0.000039 seconds.
  path: Assets/Lizard man/Medieval Series/Lizard Men/Weapons/Textures/T_Axe-Wraith_01_MS.tga
  artifactKey: Guid(6bcba07e72c3ae943a47bfa818f40436) Importer(2089858483,b0f066a214c2f5e87bad3c948f4d605d)
Start importing Assets/Lizard man/Medieval Series/Lizard Men/Weapons/Textures/T_Axe-Wraith_01_MS.tga using Guid(6bcba07e72c3ae943a47bfa818f40436) Importer(2089858483,b0f066a214c2f5e87bad3c948f4d605d) (ScriptedImporter) -> (artifact id: '830d1841660d2c9a47e070bcbd143185') in 0.0205887 seconds
Number of updated asset objects reloaded before import = 0Number of asset objects unloaded after import = 1

========================================================================
Received Import Request.
  Time since last request: 0.000075 seconds.
  path: Assets/Lizard man/Medieval Series/Lizard Men/Source/Textures/Mobile/Lizard_Man_4 [Diffuse].tga
  artifactKey: Guid(47cbe16f058f83a44aa1409d0f1ec112) Importer(2089858483,b0f066a214c2f5e87bad3c948f4d605d)
Start importing Assets/Lizard man/Medieval Series/Lizard Men/Source/Textures/Mobile/Lizard_Man_4 [Diffuse].tga using Guid(47cbe16f058f83a44aa1409d0f1ec112) Importer(2089858483,b0f066a214c2f5e87bad3c948f4d605d) (ScriptedImporter) -> (artifact id: '0194b71be7a628c519ac08f472a0aad1') in 0.019416 seconds
Number of updated asset objects reloaded before import = 0Number of asset objects unloaded after import = 1

========================================================================
Received Import Request.
  Time since last request: 0.000059 seconds.
  path: Assets/Lizard man/Medieval Series/Lizard Men/Animations/Anim_LizardMan@attack2.FBX
  artifactKey: Guid(a144557a5f8ed504cb28761fec23871e) Importer(2089858483,b0f066a214c2f5e87bad3c948f4d605d)
Start importing Assets/Lizard man/Medieval Series/Lizard Men/Animations/Anim_LizardMan@attack2.FBX using Guid(a144557a5f8ed504cb28761fec23871e) Importer(2089858483,b0f066a214c2f5e87bad3c948f4d605d) (ScriptedImporter) -> (artifact id: 'e7540adfcbe7a7d937155cbf4c5e6202') in 0.0177439 seconds
Number of updated asset objects reloaded before import = 0Number of asset objects unloaded after import = 217

========================================================================
Received Import Request.
  Time since last request: 0.000039 seconds.
  path: Assets/Lizard man/Medieval Series/Lizard Men/Weapons/Textures/T_Shield-Orc_1_MS.tga
  artifactKey: Guid(7d0136aa43b995043a518c752224e16b) Importer(2089858483,b0f066a214c2f5e87bad3c948f4d605d)
Start importing Assets/Lizard man/Medieval Series/Lizard Men/Weapons/Textures/T_Shield-Orc_1_MS.tga using Guid(7d0136aa43b995043a518c752224e16b) Importer(2089858483,b0f066a214c2f5e87bad3c948f4d605d) (ScriptedImporter) -> (artifact id: 'aa79db173480a461c12ae46138093acf') in 0.0129197 seconds
Number of updated asset objects reloaded before import = 0Number of asset objects unloaded after import = 1

========================================================================
Received Import Request.
  Time since last request: 0.000027 seconds.
  path: Assets/Lizard man/Medieval Series/Lizard Men/Source/Textures/Helmet.mat
  artifactKey: Guid(e06457ad1cb6efe408a4157cfb71b3b7) Importer(2089858483,b0f066a214c2f5e87bad3c948f4d605d)
Start importing Assets/Lizard man/Medieval Series/Lizard Men/Source/Textures/Helmet.mat using Guid(e06457ad1cb6efe408a4157cfb71b3b7) Importer(2089858483,b0f066a214c2f5e87bad3c948f4d605d) (ScriptedImporter) -> (artifact id: '8c77516bcd35f5ebc8076b1a1a7e8ee8') in 0.0189939 seconds
Number of updated asset objects reloaded before import = 0Number of asset objects unloaded after import = 4

========================================================================
Received Import Request.
  Time since last request: 56.434143 seconds.
  path: Assets/Lizard man/Medieval Series/Lizard Men/Animations/Anim_LizardMan@attack2.FBX
  artifactKey: Guid(a144557a5f8ed504cb28761fec23871e) Importer(815301076,1909f56bfc062723c751e8b465ee728b)
Start importing Assets/Lizard man/Medieval Series/Lizard Men/Animations/Anim_LizardMan@attack2.FBX using Guid(a144557a5f8ed504cb28761fec23871e) Importer(815301076,1909f56bfc062723c751e8b465ee728b) (PreviewImporter) -> (artifact id: 'f4f0573cdb9bbfee6abafc896d395460') in 0.0543572 seconds
Number of updated asset objects reloaded before import = 0Number of asset objects unloaded after import = 216

========================================================================
Received Import Request.
  Time since last request: 0.000027 seconds.
  path: Assets/Lizard man/Medieval Series/Lizard Men/Animations/Anim_Lizardman@attacktail.FBX
  artifactKey: Guid(83a079b6ffdb9714899ade92e3579fd7) Importer(815301076,1909f56bfc062723c751e8b465ee728b)
Start importing Assets/Lizard man/Medieval Series/Lizard Men/Animations/Anim_Lizardman@attacktail.FBX using Guid(83a079b6ffdb9714899ade92e3579fd7) Importer(815301076,1909f56bfc062723c751e8b465ee728b) (PreviewImporter) -> (artifact id: '7371bcd328e072efe8da41547e0f3408') in 0.0362068 seconds
Number of updated asset objects reloaded before import = 0Number of asset objects unloaded after import = 202

========================================================================
Received Import Request.
  Time since last request: 0.000030 seconds.
  path: Assets/Lizard man/Medieval Series/Lizard Men/Animations/Anim_LizardMan@hit.FBX
  artifactKey: Guid(b9254ad961bbdd84496608f8bc84e90c) Importer(815301076,1909f56bfc062723c751e8b465ee728b)
Start importing Assets/Lizard man/Medieval Series/Lizard Men/Animations/Anim_LizardMan@hit.FBX using Guid(b9254ad961bbdd84496608f8bc84e90c) Importer(815301076,1909f56bfc062723c751e8b465ee728b) (PreviewImporter) -> (artifact id: '9b9fc8881eb8460ca426900ba8f65d08') in 0.0370914 seconds
Number of updated asset objects reloaded before import = 0Number of asset objects unloaded after import = 216

========================================================================
Received Import Request.
  Time since last request: 0.000041 seconds.
  path: Assets/Lizard man/Medieval Series/Lizard Men/Animations/Anim_LizardMan@walkR.fbx
  artifactKey: Guid(a6224d305fc622a4eba3a169f1adf2f8) Importer(815301076,1909f56bfc062723c751e8b465ee728b)
Start importing Assets/Lizard man/Medieval Series/Lizard Men/Animations/Anim_LizardMan@walkR.fbx using Guid(a6224d305fc622a4eba3a169f1adf2f8) Importer(815301076,1909f56bfc062723c751e8b465ee728b) (PreviewImporter) -> (artifact id: '0f1e2e721c2eac16859e750b9fc447ff') in 0.0359953 seconds
Number of updated asset objects reloaded before import = 0Number of asset objects unloaded after import = 202

========================================================================
Received Import Request.
  Time since last request: 0.000028 seconds.
  path: Assets/Lizard man/Medieval Series/Lizard Men/Animations/Anim_LizardMan@walk-back_inplace.FBX
  artifactKey: Guid(e3bd0204b244497488f16e7c6e24e55b) Importer(815301076,1909f56bfc062723c751e8b465ee728b)
Start importing Assets/Lizard man/Medieval Series/Lizard Men/Animations/Anim_LizardMan@walk-back_inplace.FBX using Guid(e3bd0204b244497488f16e7c6e24e55b) Importer(815301076,1909f56bfc062723c751e8b465ee728b) (PreviewImporter) -> (artifact id: '5ca1cbd6b74f89a55a024b18eb1be5c6') in 0.0346459 seconds
Number of updated asset objects reloaded before import = 0Number of asset objects unloaded after import = 202

========================================================================
Received Import Request.
  Time since last request: 0.000028 seconds.
  path: Assets/Lizard man/Medieval Series/Lizard Men/Animations/Anim_Lizardman@spearupattack.FBX
  artifactKey: Guid(7370e925266168441bf9d582e090a855) Importer(815301076,1909f56bfc062723c751e8b465ee728b)
Start importing Assets/Lizard man/Medieval Series/Lizard Men/Animations/Anim_Lizardman@spearupattack.FBX using Guid(7370e925266168441bf9d582e090a855) Importer(815301076,1909f56bfc062723c751e8b465ee728b) (PreviewImporter) -> (artifact id: '4c160815567800955dffc3cd8b241028') in 0.0322414 seconds
Number of updated asset objects reloaded before import = 0Number of asset objects unloaded after import = 202

========================================================================
Received Import Request.
  Time since last request: 0.000044 seconds.
  path: Assets/Lizard man/Medieval Series/Lizard Men/Animations/Anim_LizardMan@idle.FBX
  artifactKey: Guid(93d1886728351fd48af291e67e46e1af) Importer(815301076,1909f56bfc062723c751e8b465ee728b)
Start importing Assets/Lizard man/Medieval Series/Lizard Men/Animations/Anim_LizardMan@idle.FBX using Guid(93d1886728351fd48af291e67e46e1af) Importer(815301076,1909f56bfc062723c751e8b465ee728b) (PreviewImporter) -> (artifact id: 'c8a4421d532879e731b5e6c22cfbf385') in 0.0318149 seconds
Number of updated asset objects reloaded before import = 0Number of asset objects unloaded after import = 216

========================================================================
Received Import Request.
  Time since last request: 0.000063 seconds.
  path: Assets/Lizard man/Medieval Series/Lizard Men/Animations/Anim_LizardMan@run.FBX
  artifactKey: Guid(5872243c224be614498a05ded94330b4) Importer(815301076,1909f56bfc062723c751e8b465ee728b)
Start importing Assets/Lizard man/Medieval Series/Lizard Men/Animations/Anim_LizardMan@run.FBX using Guid(5872243c224be614498a05ded94330b4) Importer(815301076,1909f56bfc062723c751e8b465ee728b) (PreviewImporter) -> (artifact id: 'a5c7b9db1604894b695e6c17a7696859') in 0.0508884 seconds
Number of updated asset objects reloaded before import = 0Number of asset objects unloaded after import = 202

========================================================================
Received Import Request.
  Time since last request: 0.000046 seconds.
  path: Assets/Lizard man/Medieval Series/Lizard Men/Animations/Anim_LizardMan@StrafeR.FBX
  artifactKey: Guid(5dba9713acdb5bd4e888702dbd28ae48) Importer(815301076,1909f56bfc062723c751e8b465ee728b)
Start importing Assets/Lizard man/Medieval Series/Lizard Men/Animations/Anim_LizardMan@StrafeR.FBX using Guid(5dba9713acdb5bd4e888702dbd28ae48) Importer(815301076,1909f56bfc062723c751e8b465ee728b) (PreviewImporter) -> (artifact id: '7d31f343b3d04579f6bce3e181f220fa') in 0.0563051 seconds
Number of updated asset objects reloaded before import = 0Number of asset objects unloaded after import = 220

========================================================================
Received Import Request.
  Time since last request: 0.000037 seconds.
  path: Assets/Lizard man/Medieval Series/Lizard Men/Animations/Anim_LizardMan@runL.fbx
  artifactKey: Guid(dc7798963bd992641b2ce354263c3766) Importer(815301076,1909f56bfc062723c751e8b465ee728b)
Start importing Assets/Lizard man/Medieval Series/Lizard Men/Animations/Anim_LizardMan@runL.fbx using Guid(dc7798963bd992641b2ce354263c3766) Importer(815301076,1909f56bfc062723c751e8b465ee728b) (PreviewImporter) -> (artifact id: '693cb95a9954ce18b525edcd6d13b77d') in 0.0386419 seconds
Number of updated asset objects reloaded before import = 0Number of asset objects unloaded after import = 202

========================================================================
Received Import Request.
  Time since last request: 0.000037 seconds.
  path: Assets/Lizard man/Medieval Series/Lizard Men/Animations/Anim_LizardMan@walkL.fbx
  artifactKey: Guid(e0352b051b0b288428ae6b98d5bd46c1) Importer(815301076,1909f56bfc062723c751e8b465ee728b)
Start importing Assets/Lizard man/Medieval Series/Lizard Men/Animations/Anim_LizardMan@walkL.fbx using Guid(e0352b051b0b288428ae6b98d5bd46c1) Importer(815301076,1909f56bfc062723c751e8b465ee728b) (PreviewImporter) -> (artifact id: 'e9ff50f2ff0e3762a8d61f8bfcf1b8a2') in 0.0430597 seconds
Number of updated asset objects reloaded before import = 0Number of asset objects unloaded after import = 202

========================================================================
Received Import Request.
  Time since last request: 0.000068 seconds.
  path: Assets/Lizard man/Medieval Series/Lizard Men/Animations/Anim_LizardMan@StrafeL.FBX
  artifactKey: Guid(8550cf8397f7c1942b66ac8ebc98f874) Importer(815301076,1909f56bfc062723c751e8b465ee728b)
Start importing Assets/Lizard man/Medieval Series/Lizard Men/Animations/Anim_LizardMan@StrafeL.FBX using Guid(8550cf8397f7c1942b66ac8ebc98f874) Importer(815301076,1909f56bfc062723c751e8b465ee728b) (PreviewImporter) -> (artifact id: '55200830cc0b5195bd33952ee11cfd4a') in 0.0502772 seconds
Number of updated asset objects reloaded before import = 0Number of asset objects unloaded after import = 220

========================================================================
Received Import Request.
  Time since last request: 0.000033 seconds.
  path: Assets/Lizard man/Medieval Series/Lizard Men/Animations/Anim_LizardMan@StrafeL_inplace.FBX
  artifactKey: Guid(10d6f7c5ef3c0ac49951be95de55efae) Importer(815301076,1909f56bfc062723c751e8b465ee728b)
Start importing Assets/Lizard man/Medieval Series/Lizard Men/Animations/Anim_LizardMan@StrafeL_inplace.FBX using Guid(10d6f7c5ef3c0ac49951be95de55efae) Importer(815301076,1909f56bfc062723c751e8b465ee728b) (PreviewImporter) -> (artifact id: 'b3fa1c3daee1608e207ac7805e7f6dc9') in 0.0322475 seconds
Number of updated asset objects reloaded before import = 0Number of asset objects unloaded after import = 216

========================================================================
Received Import Request.
  Time since last request: 0.000034 seconds.
  path: Assets/Lizard man/Medieval Series/Lizard Men/Animations/Anim_LizardMan@attack4.FBX
  artifactKey: Guid(c17140cbc01f36440b64bebc0d1f37e5) Importer(815301076,1909f56bfc062723c751e8b465ee728b)
Start importing Assets/Lizard man/Medieval Series/Lizard Men/Animations/Anim_LizardMan@attack4.FBX using Guid(c17140cbc01f36440b64bebc0d1f37e5) Importer(815301076,1909f56bfc062723c751e8b465ee728b) (PreviewImporter) -> (artifact id: 'e4ec2cfa675dafb2b44dbe17b6a4f4bb') in 0.028347 seconds
Number of updated asset objects reloaded before import = 0Number of asset objects unloaded after import = 216

========================================================================
Received Prepare
Begin MonoManager ReloadAssembly
[Licensing::Client] Successfully resolved entitlement details
- Loaded All Assemblies, in  1.406 seconds
Refreshing native plugins compatible for Editor in 0.60 ms, found 3 plugins.
Native extension for Android target not found
Native extension for WindowsStandalone target not found
[Package Manager] Failed to launch server process. Reason: Unity was launched with the -noUpm command-line argument
[Package Manager] Unable to send message (not connected to server process).
[Package Manager] Cannot connect to Unity Package Manager local server
[Package Manager] Failed to launch server process. Reason: Unity was launched with the -noUpm command-line argument
[Package Manager] Unable to send message (not connected to server process).
[Package Manager] Cannot connect to Unity Package Manager local server
ScheduleIndexationOnStartup MainProcess:False IndexOnStartup:True
Mono: successfully reloaded assembly
- Finished resetting the current domain, in  1.179 seconds
Domain Reload Profiling: 2590ms
	BeginReloadAssembly (294ms)
		ExecutionOrderSort (0ms)
		DisableScriptedObjects (32ms)
		BackupInstance (0ms)
		ReleaseScriptingObjects (0ms)
		CreateAndSetChildDomain (68ms)
	RebuildCommonClasses (47ms)
	RebuildNativeTypeToScriptingClass (19ms)
	initialDomainReloadingComplete (30ms)
	LoadAllAssembliesAndSetupDomain (1019ms)
		LoadAssemblies (884ms)
		RebuildTransferFunctionScriptingTraits (0ms)
		AnalyzeDomain (255ms)
			TypeCache.Refresh (7ms)
				TypeCache.ScanAssembly (0ms)
			BuildScriptInfoCaches (229ms)
			ResolveRequiredComponents (14ms)
	FinalizeReload (1181ms)
		ReleaseScriptCaches (0ms)
		RebuildScriptCaches (0ms)
		SetupLoadedEditorAssemblies (875ms)
			LogAssemblyErrors (0ms)
			InitializePlatformSupportModulesInManaged (9ms)
			SetLoadedEditorAssemblies (7ms)
			BeforeProcessingInitializeOnLoad (190ms)
			ProcessInitializeOnLoadAttributes (494ms)
			ProcessInitializeOnLoadMethodAttributes (166ms)
			AfterProcessingInitializeOnLoad (9ms)
			EditorAssembliesLoaded (0ms)
		ExecutionOrderSort2 (0ms)
		AwakeInstancesAfterBackupRestoration (36ms)
Shader 'Polygonmaker/Basic-PBR (Cutout Single Side)': fallback shader '-1' not found
Shader 'Polygonmaker/Skin': fallback shader '-1' not found
Refreshing native plugins compatible for Editor in 2.93 ms, found 3 plugins.
Preloading 0 native plugins for Editor in 0.00 ms.
Unloading 24 Unused Serialized files (Serialized files now loaded: 0)
Unloading 6199 unused Assets / (5.4 MB). Loaded Objects now: 7108.
Memory consumption went from 174.3 MB to 168.9 MB.
Total: 28.626300 ms (FindLiveObjects: 1.731100 ms CreateObjectMapping: 3.935600 ms MarkObjects: 13.807400 ms  DeleteObjects: 9.150300 ms)

Prepare: number of updated asset objects reloaded= 0
========================================================================
Received Prepare
Begin MonoManager ReloadAssembly
- Loaded All Assemblies, in  0.905 seconds
Refreshing native plugins compatible for Editor in 1.05 ms, found 3 plugins.
Native extension for Android target not found
Native extension for WindowsStandalone target not found
[Package Manager] Failed to launch server process. Reason: Unity was launched with the -noUpm command-line argument
[Package Manager] Unable to send message (not connected to server process).
[Package Manager] Cannot connect to Unity Package Manager local server
[Package Manager] Failed to launch server process. Reason: Unity was launched with the -noUpm command-line argument
[Package Manager] Unable to send message (not connected to server process).
[Package Manager] Cannot connect to Unity Package Manager local server
ScheduleIndexationOnStartup MainProcess:False IndexOnStartup:True
Mono: successfully reloaded assembly
- Finished resetting the current domain, in  1.201 seconds
Domain Reload Profiling: 2109ms
	BeginReloadAssembly (257ms)
		ExecutionOrderSort (0ms)
		DisableScriptedObjects (10ms)
		BackupInstance (0ms)
		ReleaseScriptingObjects (0ms)
		CreateAndSetChildDomain (56ms)
	RebuildCommonClasses (48ms)
	RebuildNativeTypeToScriptingClass (25ms)
	initialDomainReloadingComplete (33ms)
	LoadAllAssembliesAndSetupDomain (543ms)
		LoadAssemblies (415ms)
		RebuildTransferFunctionScriptingTraits (0ms)
		AnalyzeDomain (253ms)
			TypeCache.Refresh (9ms)
				TypeCache.ScanAssembly (0ms)
			BuildScriptInfoCaches (225ms)
			ResolveRequiredComponents (14ms)
	FinalizeReload (1202ms)
		ReleaseScriptCaches (0ms)
		RebuildScriptCaches (0ms)
		SetupLoadedEditorAssemblies (937ms)
			LogAssemblyErrors (0ms)
			InitializePlatformSupportModulesInManaged (11ms)
			SetLoadedEditorAssemblies (7ms)
			BeforeProcessingInitializeOnLoad (209ms)
			ProcessInitializeOnLoadAttributes (564ms)
			ProcessInitializeOnLoadMethodAttributes (139ms)
			AfterProcessingInitializeOnLoad (6ms)
			EditorAssembliesLoaded (1ms)
		ExecutionOrderSort2 (0ms)
		AwakeInstancesAfterBackupRestoration (33ms)
Shader 'Polygonmaker/Basic-PBR (Cutout Single Side)': fallback shader '-1' not found
Shader 'Polygonmaker/Skin': fallback shader '-1' not found
Refreshing native plugins compatible for Editor in 1.20 ms, found 3 plugins.
Preloading 0 native plugins for Editor in 0.00 ms.
Unloading 19 Unused Serialized files (Serialized files now loaded: 0)
Unloading 6196 unused Assets / (5.8 MB). Loaded Objects now: 7111.
Memory consumption went from 172.9 MB to 167.1 MB.
Total: 24.073200 ms (FindLiveObjects: 1.036800 ms CreateObjectMapping: 3.836500 ms MarkObjects: 10.417100 ms  DeleteObjects: 8.780500 ms)

Prepare: number of updated asset objects reloaded= 0
========================================================================
Received Import Request.
  Time since last request: 216.782721 seconds.
  path: Assets/3D Asserts/Lizard man/Medieval Series/Lizard Men/Source/Materials/Mobile
  artifactKey: Guid(d1418c397be7aff40a35e6bf7b676251) Importer(2089858483,b0f066a214c2f5e87bad3c948f4d605d)
Start importing Assets/3D Asserts/Lizard man/Medieval Series/Lizard Men/Source/Materials/Mobile using Guid(d1418c397be7aff40a35e6bf7b676251) Importer(2089858483,b0f066a214c2f5e87bad3c948f4d605d) (ScriptedImporter) -> (artifact id: '5e46c6c4ab544fd8122a5b3d4e08edf2') in 0.1177361 seconds
Number of updated asset objects reloaded before import = 0Number of asset objects unloaded after import = 1

========================================================================
Received Import Request.
  Time since last request: 0.000050 seconds.
  path: Assets/3D Asserts/Lizard man/Medieval Series/Lizard Men/Animations/Anim_LizardMan@taunt.FBX
  artifactKey: Guid(0f544c9573f37bd4c9e1873ccf29d5e7) Importer(2089858483,b0f066a214c2f5e87bad3c948f4d605d)
Start importing Assets/3D Asserts/Lizard man/Medieval Series/Lizard Men/Animations/Anim_LizardMan@taunt.FBX using Guid(0f544c9573f37bd4c9e1873ccf29d5e7) Importer(2089858483,b0f066a214c2f5e87bad3c948f4d605d) (ScriptedImporter) -> (artifact id: 'caccb8ba58dc552523947e0c12084938') in 0.1711649 seconds
Number of updated asset objects reloaded before import = 0Number of asset objects unloaded after import = 217

========================================================================
Received Import Request.
  Time since last request: 0.000151 seconds.
  path: Assets/3D Asserts/Lizard man/Medieval Series/Lizard Men/Weapons/Textures/T_Club-Horde_02_N.tga
  artifactKey: Guid(55bb5524169fd8f479aa65d01b6f4f64) Importer(2089858483,b0f066a214c2f5e87bad3c948f4d605d)
Start importing Assets/3D Asserts/Lizard man/Medieval Series/Lizard Men/Weapons/Textures/T_Club-Horde_02_N.tga using Guid(55bb5524169fd8f479aa65d01b6f4f64) Importer(2089858483,b0f066a214c2f5e87bad3c948f4d605d) (ScriptedImporter) -> (artifact id: '6e836204f146a587f39e98f3b562dc99') in 0.0683854 seconds
Number of updated asset objects reloaded before import = 0Number of asset objects unloaded after import = 1

========================================================================
Received Import Request.
  Time since last request: 0.000024 seconds.
  path: Assets/3D Asserts/Lizard man/Polygonmaker - Shader/Instructions - 3.9.pdf
  artifactKey: Guid(9812f2460aaa4c148aae5d323aa55a54) Importer(2089858483,b0f066a214c2f5e87bad3c948f4d605d)
Start importing Assets/3D Asserts/Lizard man/Polygonmaker - Shader/Instructions - 3.9.pdf using Guid(9812f2460aaa4c148aae5d323aa55a54) Importer(2089858483,b0f066a214c2f5e87bad3c948f4d605d) (ScriptedImporter) -> (artifact id: '4f7947b00b83755c81b3878560eb8319') in 0.0068111 seconds
Number of updated asset objects reloaded before import = 0Number of asset objects unloaded after import = 1

========================================================================
Received Import Request.
  Time since last request: 0.000047 seconds.
  path: Assets/3D Asserts/Lizard man/Medieval Series/Lizard Men/Source/Textures/Mobile/Lizard_Man_2 [Diffuse].tga
  artifactKey: Guid(7b68d2165a0e08c4f9c3bd60c919e8c8) Importer(2089858483,b0f066a214c2f5e87bad3c948f4d605d)
Start importing Assets/3D Asserts/Lizard man/Medieval Series/Lizard Men/Source/Textures/Mobile/Lizard_Man_2 [Diffuse].tga using Guid(7b68d2165a0e08c4f9c3bd60c919e8c8) Importer(2089858483,b0f066a214c2f5e87bad3c948f4d605d) (ScriptedImporter) -> (artifact id: 'aced1fb6b301d118af8415eb2ec2b1f5') in 0.0178807 seconds
Number of updated asset objects reloaded before import = 0Number of asset objects unloaded after import = 1

========================================================================
Received Import Request.
  Time since last request: 0.000077 seconds.
  path: Assets/3D Asserts/Lizard man/Medieval Series/Lizard Men/Weapons/Source/Club-Horde_2.FBX
  artifactKey: Guid(7a8f0333b274b9c459af488dd5db3baf) Importer(2089858483,b0f066a214c2f5e87bad3c948f4d605d)
Start importing Assets/3D Asserts/Lizard man/Medieval Series/Lizard Men/Weapons/Source/Club-Horde_2.FBX using Guid(7a8f0333b274b9c459af488dd5db3baf) Importer(2089858483,b0f066a214c2f5e87bad3c948f4d605d) (ScriptedImporter) -> (artifact id: '50f9355b880c311ede5e1514f31f08be') in 0.0263386 seconds
Number of updated asset objects reloaded before import = 0Number of asset objects unloaded after import = 20

========================================================================
Received Import Request.
  Time since last request: 0.000038 seconds.
  path: Assets/3D Asserts/Lizard man/Medieval Series/Lizard Men/Source/Textures/Mobile/Lizard_Man_3 [Diffuse].tga
  artifactKey: Guid(920b6d25a59dd7e4783090dacb6fefd5) Importer(2089858483,b0f066a214c2f5e87bad3c948f4d605d)
Start importing Assets/3D Asserts/Lizard man/Medieval Series/Lizard Men/Source/Textures/Mobile/Lizard_Man_3 [Diffuse].tga using Guid(920b6d25a59dd7e4783090dacb6fefd5) Importer(2089858483,b0f066a214c2f5e87bad3c948f4d605d) (ScriptedImporter) -> (artifact id: 'e9ae95dd7012cbcec74b801cfa2e20fe') in 0.0279397 seconds
Number of updated asset objects reloaded before import = 0Number of asset objects unloaded after import = 1

========================================================================
Received Import Request.
  Time since last request: 0.000025 seconds.
  path: Assets/3D Asserts/Lizard man/Medieval Series/Lizard Men/Weapons/Textures/T_Shield-Orc_1_N.tga
  artifactKey: Guid(717a3b54cd3adcc408c5afaacd76922a) Importer(2089858483,b0f066a214c2f5e87bad3c948f4d605d)
Start importing Assets/3D Asserts/Lizard man/Medieval Series/Lizard Men/Weapons/Textures/T_Shield-Orc_1_N.tga using Guid(717a3b54cd3adcc408c5afaacd76922a) Importer(2089858483,b0f066a214c2f5e87bad3c948f4d605d) (ScriptedImporter) -> (artifact id: '50e3a56471ac423586872a2120792d1e') in 0.0252211 seconds
Number of updated asset objects reloaded before import = 0Number of asset objects unloaded after import = 1

========================================================================
Received Import Request.
  Time since last request: 0.000033 seconds.
  path: Assets/3D Asserts/Lizard man/Polygonmaker - Shader/Source/T_Golem-Crystal_Specular.tga
  artifactKey: Guid(385936638a3398a48ae3e40faa2fa999) Importer(2089858483,b0f066a214c2f5e87bad3c948f4d605d)
Start importing Assets/3D Asserts/Lizard man/Polygonmaker - Shader/Source/T_Golem-Crystal_Specular.tga using Guid(385936638a3398a48ae3e40faa2fa999) Importer(2089858483,b0f066a214c2f5e87bad3c948f4d605d) (ScriptedImporter) -> (artifact id: '2178380fb087d950107ad9cd5e9f1c36') in 0.0131488 seconds
Number of updated asset objects reloaded before import = 0Number of asset objects unloaded after import = 1

========================================================================
Received Import Request.
  Time since last request: 0.000042 seconds.
  path: Assets/3D Asserts/Lizard man/Polygonmaker - Shader/Scene/Main.unity
  artifactKey: Guid(af06af37576d293468fb3bf1fdcd59bd) Importer(2089858483,b0f066a214c2f5e87bad3c948f4d605d)
Start importing Assets/3D Asserts/Lizard man/Polygonmaker - Shader/Scene/Main.unity using Guid(af06af37576d293468fb3bf1fdcd59bd) Importer(2089858483,b0f066a214c2f5e87bad3c948f4d605d) (ScriptedImporter) -> (artifact id: '4ff2248354690c0c9bb8c8dcee8464f2') in 0.0087142 seconds
Number of updated asset objects reloaded before import = 0Number of asset objects unloaded after import = 1

========================================================================
Received Import Request.
  Time since last request: 0.000044 seconds.
  path: Assets/3D Asserts/Lizard man/Polygonmaker - Shader
  artifactKey: Guid(2eb18f3ad10f26b41829990602b1a3f0) Importer(2089858483,b0f066a214c2f5e87bad3c948f4d605d)
Start importing Assets/3D Asserts/Lizard man/Polygonmaker - Shader using Guid(2eb18f3ad10f26b41829990602b1a3f0) Importer(2089858483,b0f066a214c2f5e87bad3c948f4d605d) (ScriptedImporter) -> (artifact id: '1daff2e5c098e5c478817294db558bdc') in 0.007936 seconds
Number of updated asset objects reloaded before import = 0Number of asset objects unloaded after import = 1

========================================================================
Received Import Request.
  Time since last request: 0.000026 seconds.
  path: Assets/3D Asserts/Lizard man/Polygonmaker - Shader/HDRP_2020.3.16f1/Shaders HDRP_2020.3.16f1.unitypackage
  artifactKey: Guid(fd65be92728e0f241b4de2b7d69b35d1) Importer(2089858483,b0f066a214c2f5e87bad3c948f4d605d)
Start importing Assets/3D Asserts/Lizard man/Polygonmaker - Shader/HDRP_2020.3.16f1/Shaders HDRP_2020.3.16f1.unitypackage using Guid(fd65be92728e0f241b4de2b7d69b35d1) Importer(2089858483,b0f066a214c2f5e87bad3c948f4d605d) (ScriptedImporter) -> (artifact id: '7a7fa6c03d58e1afdf9138e46a7cd1dd') in 0.005214 seconds
Number of updated asset objects reloaded before import = 0Number of asset objects unloaded after import = 1

========================================================================
Received Import Request.
  Time since last request: 0.000027 seconds.
  path: Assets/3D Asserts/Lizard man/Polygonmaker - Shader/Source/T_Golem-Crystal_N.tga
  artifactKey: Guid(2a543b0290d3dca46a8959a1752a623c) Importer(2089858483,b0f066a214c2f5e87bad3c948f4d605d)
Start importing Assets/3D Asserts/Lizard man/Polygonmaker - Shader/Source/T_Golem-Crystal_N.tga using Guid(2a543b0290d3dca46a8959a1752a623c) Importer(2089858483,b0f066a214c2f5e87bad3c948f4d605d) (ScriptedImporter) -> (artifact id: '38c1ee790e25985db295fcd26d8371c9') in 0.0236301 seconds
Number of updated asset objects reloaded before import = 0Number of asset objects unloaded after import = 1

========================================================================
Received Import Request.
  Time since last request: 0.000090 seconds.
  path: Assets/3D Asserts/Lizard man/Medieval Series/Lizard Men/Characters/LizardMan_3_var.prefab
  artifactKey: Guid(814b5dc489590c844a6a544d6a28ffd2) Importer(2089858483,b0f066a214c2f5e87bad3c948f4d605d)
Start importing Assets/3D Asserts/Lizard man/Medieval Series/Lizard Men/Characters/LizardMan_3_var.prefab using Guid(814b5dc489590c844a6a544d6a28ffd2) Importer(2089858483,b0f066a214c2f5e87bad3c948f4d605d) (ScriptedImporter) -> (artifact id: '671aa6332c8c112bd4a78180aa374f94') in 0.0432743 seconds
Number of updated asset objects reloaded before import = 0Number of asset objects unloaded after import = 741

========================================================================
Received Import Request.
  Time since last request: 0.000023 seconds.
  path: Assets/3D Asserts/Lizard man/Medieval Series/Lizard Men/Animations/Anim_LizardMan@walkL.fbx
  artifactKey: Guid(e0352b051b0b288428ae6b98d5bd46c1) Importer(2089858483,b0f066a214c2f5e87bad3c948f4d605d)
Start importing Assets/3D Asserts/Lizard man/Medieval Series/Lizard Men/Animations/Anim_LizardMan@walkL.fbx using Guid(e0352b051b0b288428ae6b98d5bd46c1) Importer(2089858483,b0f066a214c2f5e87bad3c948f4d605d) (ScriptedImporter) -> (artifact id: '237c9e206ea4b4d76dcff866d5927c6e') in 0.0230286 seconds
Number of updated asset objects reloaded before import = 0Number of asset objects unloaded after import = 203

========================================================================
Received Import Request.
  Time since last request: 0.000021 seconds.
  path: Assets/3D Asserts/Lizard man/Medieval Series/Lizard Men/Animations/Anim_LizardMan@run_inplace.FBX
  artifactKey: Guid(b7ea04a7679629340a622dd21fcf1326) Importer(2089858483,b0f066a214c2f5e87bad3c948f4d605d)
Start importing Assets/3D Asserts/Lizard man/Medieval Series/Lizard Men/Animations/Anim_LizardMan@run_inplace.FBX using Guid(b7ea04a7679629340a622dd21fcf1326) Importer(2089858483,b0f066a214c2f5e87bad3c948f4d605d) (ScriptedImporter) -> (artifact id: '0630e1f6fbbef4e6b4d124532116a612') in 0.0226009 seconds
Number of updated asset objects reloaded before import = 0Number of asset objects unloaded after import = 217

========================================================================
Received Import Request.
  Time since last request: 0.000040 seconds.
  path: Assets/3D Asserts/Lizard man/Medieval Series/Lizard Men/Weapons/Spear-Primitive_1.prefab
  artifactKey: Guid(cf6768c08cfc26b4f83c4493c4b31436) Importer(2089858483,b0f066a214c2f5e87bad3c948f4d605d)
Start importing Assets/3D Asserts/Lizard man/Medieval Series/Lizard Men/Weapons/Spear-Primitive_1.prefab using Guid(cf6768c08cfc26b4f83c4493c4b31436) Importer(2089858483,b0f066a214c2f5e87bad3c948f4d605d) (ScriptedImporter) -> (artifact id: '0129f014361bdc1b62d04612dee02c5f') in 0.0077933 seconds
Number of updated asset objects reloaded before import = 0Number of asset objects unloaded after import = 37

========================================================================
Received Import Request.
  Time since last request: 0.000029 seconds.
  path: Assets/3D Asserts/Lizard man/Medieval Series/Lizard Men/Weapons/Source/Axe-Wraith_1.FBX
  artifactKey: Guid(3cfdbb32d842da44b85e8613b4660edf) Importer(2089858483,b0f066a214c2f5e87bad3c948f4d605d)
Start importing Assets/3D Asserts/Lizard man/Medieval Series/Lizard Men/Weapons/Source/Axe-Wraith_1.FBX using Guid(3cfdbb32d842da44b85e8613b4660edf) Importer(2089858483,b0f066a214c2f5e87bad3c948f4d605d) (ScriptedImporter) -> (artifact id: '5034710c7fab48103915ccd15de21bb2') in 0.016958 seconds
Number of updated asset objects reloaded before import = 0Number of asset objects unloaded after import = 20

========================================================================
Received Import Request.
  Time since last request: 0.000048 seconds.
  path: Assets/3D Asserts/Lizard man/Medieval Series/Lizard Men/Source/Textures/Lizard_Man_4 [Normal].tga
  artifactKey: Guid(76b8faa37918fa34ea38b3c7445c0219) Importer(2089858483,b0f066a214c2f5e87bad3c948f4d605d)
Start importing Assets/3D Asserts/Lizard man/Medieval Series/Lizard Men/Source/Textures/Lizard_Man_4 [Normal].tga using Guid(76b8faa37918fa34ea38b3c7445c0219) Importer(2089858483,b0f066a214c2f5e87bad3c948f4d605d) (ScriptedImporter) -> (artifact id: '4935b5316f0f4ed9a93137e092e3dec8') in 0.0460934 seconds
Number of updated asset objects reloaded before import = 0Number of asset objects unloaded after import = 1

========================================================================
Received Import Request.
  Time since last request: 0.000045 seconds.
  path: Assets/3D Asserts/Lizard man/Polygonmaker - Shader/Shaders/Polygonmaker-AS-BasicPBR.shader
  artifactKey: Guid(901cb4d38cc5df3478328f726618464c) Importer(2089858483,b0f066a214c2f5e87bad3c948f4d605d)
Start importing Assets/3D Asserts/Lizard man/Polygonmaker - Shader/Shaders/Polygonmaker-AS-BasicPBR.shader using Guid(901cb4d38cc5df3478328f726618464c) Importer(2089858483,b0f066a214c2f5e87bad3c948f4d605d) (ScriptedImporter) -> (artifact id: 'ac048f25de4a7a5cd3cec6a1253eb990') in 0.0135431 seconds
Number of updated asset objects reloaded before import = 0Number of asset objects unloaded after import = 1

========================================================================
Received Import Request.
  Time since last request: 0.000029 seconds.
  path: Assets/3D Asserts/Lizard man/Medieval Series/Lizard Men/Weapons/Spear-Horde_1.prefab
  artifactKey: Guid(5a90faa8cc6e4754980f46a37848c31f) Importer(2089858483,b0f066a214c2f5e87bad3c948f4d605d)
Start importing Assets/3D Asserts/Lizard man/Medieval Series/Lizard Men/Weapons/Spear-Horde_1.prefab using Guid(5a90faa8cc6e4754980f46a37848c31f) Importer(2089858483,b0f066a214c2f5e87bad3c948f4d605d) (ScriptedImporter) -> (artifact id: '624cc7431c16611cb060f2457f02c5b5') in 0.0078671 seconds
Number of updated asset objects reloaded before import = 0Number of asset objects unloaded after import = 20

========================================================================
Received Import Request.
  Time since last request: 0.000025 seconds.
  path: Assets/3D Asserts/Lizard man/Medieval Series/Lizard Men/Source/Textures/Lizard_Man_2 [Normal].tga
  artifactKey: Guid(012f12296031cdf46b7f67c6ec98efe5) Importer(2089858483,b0f066a214c2f5e87bad3c948f4d605d)
Start importing Assets/3D Asserts/Lizard man/Medieval Series/Lizard Men/Source/Textures/Lizard_Man_2 [Normal].tga using Guid(012f12296031cdf46b7f67c6ec98efe5) Importer(2089858483,b0f066a214c2f5e87bad3c948f4d605d) (ScriptedImporter) -> (artifact id: 'f44efc3f7ea91b269174269874a545c6') in 0.0371563 seconds
Number of updated asset objects reloaded before import = 0Number of asset objects unloaded after import = 1

========================================================================
Received Import Request.
  Time since last request: 0.000032 seconds.
  path: Assets/3D Asserts/Lizard man/Polygonmaker - Shader/Scene
  artifactKey: Guid(a8fbd3727b680234584298df26d55bbc) Importer(2089858483,b0f066a214c2f5e87bad3c948f4d605d)
Start importing Assets/3D Asserts/Lizard man/Polygonmaker - Shader/Scene using Guid(a8fbd3727b680234584298df26d55bbc) Importer(2089858483,b0f066a214c2f5e87bad3c948f4d605d) (ScriptedImporter) -> (artifact id: '2f8c88c21e18169e0e5987f1d4fa25df') in 0.0049804 seconds
Number of updated asset objects reloaded before import = 0Number of asset objects unloaded after import = 1

========================================================================
Received Import Request.
  Time since last request: 0.000022 seconds.
  path: Assets/3D Asserts/Lizard man/Medieval Series/Lizard Men/Weapons/Source/Spear-Primitive_1.FBX
  artifactKey: Guid(02226407821757c4d82dfbca2c4db849) Importer(2089858483,b0f066a214c2f5e87bad3c948f4d605d)
Start importing Assets/3D Asserts/Lizard man/Medieval Series/Lizard Men/Weapons/Source/Spear-Primitive_1.FBX using Guid(02226407821757c4d82dfbca2c4db849) Importer(2089858483,b0f066a214c2f5e87bad3c948f4d605d) (ScriptedImporter) -> (artifact id: '45a4688ae986f9b82e78cff989a78020') in 0.0193424 seconds
Number of updated asset objects reloaded before import = 0Number of asset objects unloaded after import = 20

========================================================================
Received Import Request.
  Time since last request: 0.000029 seconds.
  path: Assets/3D Asserts/Lizard man/Medieval Series/Lizard Men/Weapons/Textures/T_Spear-Primitive_01_D.tga
  artifactKey: Guid(41b62d404a7dcaa43a3d659f4f2c7ef4) Importer(2089858483,b0f066a214c2f5e87bad3c948f4d605d)
Start importing Assets/3D Asserts/Lizard man/Medieval Series/Lizard Men/Weapons/Textures/T_Spear-Primitive_01_D.tga using Guid(41b62d404a7dcaa43a3d659f4f2c7ef4) Importer(2089858483,b0f066a214c2f5e87bad3c948f4d605d) (ScriptedImporter) -> (artifact id: '9d23c09cac02ae03936a499b588aeb7e') in 0.0193431 seconds
Number of updated asset objects reloaded before import = 0Number of asset objects unloaded after import = 1

========================================================================
Received Import Request.
  Time since last request: 0.000020 seconds.
  path: Assets/3D Asserts/Lizard man/Medieval Series/Lizard Men/Source/Textures/Lizard1.mat
  artifactKey: Guid(fc0f9c8684002c241a9b858dd9cf265e) Importer(2089858483,b0f066a214c2f5e87bad3c948f4d605d)
Start importing Assets/3D Asserts/Lizard man/Medieval Series/Lizard Men/Source/Textures/Lizard1.mat using Guid(fc0f9c8684002c241a9b858dd9cf265e) Importer(2089858483,b0f066a214c2f5e87bad3c948f4d605d) (ScriptedImporter) -> (artifact id: '7a0ed92ee8e8dd422d8e5d1540568199') in 0.1190478 seconds
Number of updated asset objects reloaded before import = 0Number of asset objects unloaded after import = 4

========================================================================
Received Import Request.
  Time since last request: 0.000028 seconds.
  path: Assets/3D Asserts/Lizard man/Medieval Series/Lizard Men/Animations/Anim_LizardMan@hit.FBX
  artifactKey: Guid(b9254ad961bbdd84496608f8bc84e90c) Importer(2089858483,b0f066a214c2f5e87bad3c948f4d605d)
Start importing Assets/3D Asserts/Lizard man/Medieval Series/Lizard Men/Animations/Anim_LizardMan@hit.FBX using Guid(b9254ad961bbdd84496608f8bc84e90c) Importer(2089858483,b0f066a214c2f5e87bad3c948f4d605d) (ScriptedImporter) -> (artifact id: '14fe14b46802a0feb77e8d00beade516') in 0.0410056 seconds
Number of updated asset objects reloaded before import = 0Number of asset objects unloaded after import = 217

========================================================================
Received Import Request.
  Time since last request: 0.000045 seconds.
  path: Assets/3D Asserts/Lizard man/Medieval Series/Lizard Men/Animations/Anim_LizardMan@walk_inplace.FBX
  artifactKey: Guid(9db095c216c8e1a4da3c50f7643e4f8e) Importer(2089858483,b0f066a214c2f5e87bad3c948f4d605d)
Start importing Assets/3D Asserts/Lizard man/Medieval Series/Lizard Men/Animations/Anim_LizardMan@walk_inplace.FBX using Guid(9db095c216c8e1a4da3c50f7643e4f8e) Importer(2089858483,b0f066a214c2f5e87bad3c948f4d605d) (ScriptedImporter) -> (artifact id: '3e1e8e4013ec7a513baf60a9414d41ea') in 0.0329314 seconds
Number of updated asset objects reloaded before import = 0Number of asset objects unloaded after import = 217

========================================================================
Received Import Request.
  Time since last request: 0.000037 seconds.
  path: Assets/3D Asserts/Lizard man/Medieval Series/Lizard Men/Weapons/Axe-Wraith_1.prefab
  artifactKey: Guid(1fd502842757f6b4286e8bb5330c3bc3) Importer(2089858483,b0f066a214c2f5e87bad3c948f4d605d)
Start importing Assets/3D Asserts/Lizard man/Medieval Series/Lizard Men/Weapons/Axe-Wraith_1.prefab using Guid(1fd502842757f6b4286e8bb5330c3bc3) Importer(2089858483,b0f066a214c2f5e87bad3c948f4d605d) (ScriptedImporter) -> (artifact id: '32275ea961e54a809b99a2edf30f2ba1') in 0.0091901 seconds
Number of updated asset objects reloaded before import = 0Number of asset objects unloaded after import = 20

========================================================================
Received Import Request.
  Time since last request: 0.000040 seconds.
  path: Assets/3D Asserts/Lizard man/Polygonmaker - Shader/Source/Rotation.anim
  artifactKey: Guid(171e50158a007624c8758c8c38e25195) Importer(2089858483,b0f066a214c2f5e87bad3c948f4d605d)
Start importing Assets/3D Asserts/Lizard man/Polygonmaker - Shader/Source/Rotation.anim using Guid(171e50158a007624c8758c8c38e25195) Importer(2089858483,b0f066a214c2f5e87bad3c948f4d605d) (ScriptedImporter) -> (artifact id: 'b96648f711aa3ec56256e234940f0408') in 0.0104368 seconds
Number of updated asset objects reloaded before import = 0Number of asset objects unloaded after import = 1

========================================================================
Received Import Request.
  Time since last request: 0.000088 seconds.
  path: Assets/3D Asserts/Lizard man/Polygonmaker - Shader/Textures/T_Skin_Detail.tga
  artifactKey: Guid(fef9c59a633f044448be34d72fc72598) Importer(2089858483,b0f066a214c2f5e87bad3c948f4d605d)
Start importing Assets/3D Asserts/Lizard man/Polygonmaker - Shader/Textures/T_Skin_Detail.tga using Guid(fef9c59a633f044448be34d72fc72598) Importer(2089858483,b0f066a214c2f5e87bad3c948f4d605d) (ScriptedImporter) -> (artifact id: '352e644d2667088eccc3c7dde9ce2c32') in 0.0154665 seconds
Number of updated asset objects reloaded before import = 0Number of asset objects unloaded after import = 1

========================================================================
Received Import Request.
  Time since last request: 0.000029 seconds.
  path: Assets/3D Asserts/Lizard man/Polygonmaker - Shader/Materials/Polygonmaker-Skin Defered.mat
  artifactKey: Guid(609dc1fa31e5bfc4ea8d618a1c8554be) Importer(2089858483,b0f066a214c2f5e87bad3c948f4d605d)
Start importing Assets/3D Asserts/Lizard man/Polygonmaker - Shader/Materials/Polygonmaker-Skin Defered.mat using Guid(609dc1fa31e5bfc4ea8d618a1c8554be) Importer(2089858483,b0f066a214c2f5e87bad3c948f4d605d) (ScriptedImporter) -> (artifact id: '461f178cca2e326ce3aa53201271f12d') in 0.3828848 seconds
Number of updated asset objects reloaded before import = 0Number of asset objects unloaded after import = 6

========================================================================
Received Import Request.
  Time since last request: 0.000024 seconds.
  path: Assets/3D Asserts/Lizard man/Medieval Series/Lizard Men/Weapons/Textures/T_Shield-Orc_1_D.tga
  artifactKey: Guid(a32f84fa43a7edb4aa2320150f3b046e) Importer(2089858483,b0f066a214c2f5e87bad3c948f4d605d)
Start importing Assets/3D Asserts/Lizard man/Medieval Series/Lizard Men/Weapons/Textures/T_Shield-Orc_1_D.tga using Guid(a32f84fa43a7edb4aa2320150f3b046e) Importer(2089858483,b0f066a214c2f5e87bad3c948f4d605d) (ScriptedImporter) -> (artifact id: '084f8af21a029ef77b6210209209a7cb') in 0.0284941 seconds
Number of updated asset objects reloaded before import = 0Number of asset objects unloaded after import = 1

========================================================================
Received Import Request.
  Time since last request: 0.000177 seconds.
  path: Assets/3D Asserts/Lizard man/Polygonmaker - Shader/Scene/Source/Ground.mat
  artifactKey: Guid(98991f906a8dbf34295442daca916397) Importer(2089858483,b0f066a214c2f5e87bad3c948f4d605d)
Start importing Assets/3D Asserts/Lizard man/Polygonmaker - Shader/Scene/Source/Ground.mat using Guid(98991f906a8dbf34295442daca916397) Importer(2089858483,b0f066a214c2f5e87bad3c948f4d605d) (ScriptedImporter) -> (artifact id: 'dca17ee652fd7c64bc1bccb17430f00a') in 0.0225006 seconds
Number of updated asset objects reloaded before import = 0Number of asset objects unloaded after import = 3

========================================================================
Received Import Request.
  Time since last request: 0.000023 seconds.
  path: Assets/3D Asserts/Lizard man/Medieval Series/Lizard Men/Source/Materials/Lizard Man_Cloth_Red.mat
  artifactKey: Guid(45a4cf324ad77a34da08a7a3fcc0518c) Importer(2089858483,b0f066a214c2f5e87bad3c948f4d605d)
Start importing Assets/3D Asserts/Lizard man/Medieval Series/Lizard Men/Source/Materials/Lizard Man_Cloth_Red.mat using Guid(45a4cf324ad77a34da08a7a3fcc0518c) Importer(2089858483,b0f066a214c2f5e87bad3c948f4d605d) (ScriptedImporter) -> (artifact id: 'c8f1b2cb40834febd64cc27320de08ae') in 0.1489193 seconds
Number of updated asset objects reloaded before import = 0Number of asset objects unloaded after import = 6

========================================================================
Received Import Request.
  Time since last request: 0.000041 seconds.
  path: Assets/3D Asserts/Lizard man/Medieval Series/Lizard Men/Animations/Anim_LizardMan@run.FBX
  artifactKey: Guid(5872243c224be614498a05ded94330b4) Importer(2089858483,b0f066a214c2f5e87bad3c948f4d605d)
Start importing Assets/3D Asserts/Lizard man/Medieval Series/Lizard Men/Animations/Anim_LizardMan@run.FBX using Guid(5872243c224be614498a05ded94330b4) Importer(2089858483,b0f066a214c2f5e87bad3c948f4d605d) (ScriptedImporter) -> (artifact id: '6f784fc9381986a37376217bdc9344d3') in 0.031934 seconds
Number of updated asset objects reloaded before import = 0Number of asset objects unloaded after import = 203

========================================================================
Received Import Request.
  Time since last request: 0.000041 seconds.
  path: Assets/3D Asserts/Lizard man/Medieval Series/Lizard Men/Animations/Anim_LizardMan@attack4.FBX
  artifactKey: Guid(c17140cbc01f36440b64bebc0d1f37e5) Importer(2089858483,b0f066a214c2f5e87bad3c948f4d605d)
Start importing Assets/3D Asserts/Lizard man/Medieval Series/Lizard Men/Animations/Anim_LizardMan@attack4.FBX using Guid(c17140cbc01f36440b64bebc0d1f37e5) Importer(2089858483,b0f066a214c2f5e87bad3c948f4d605d) (ScriptedImporter) -> (artifact id: '17bdcd8835f206e61437883c63c911bd') in 0.0388173 seconds
Number of updated asset objects reloaded before import = 0Number of asset objects unloaded after import = 217

========================================================================
Received Import Request.
  Time since last request: 0.000027 seconds.
  path: Assets/3D Asserts/Lizard man/Medieval Series/Lizard Men/Weapons/Source/Materials/Spear-Horde_1.mat
  artifactKey: Guid(061627832b55e744593ddec7362a6417) Importer(2089858483,b0f066a214c2f5e87bad3c948f4d605d)
Start importing Assets/3D Asserts/Lizard man/Medieval Series/Lizard Men/Weapons/Source/Materials/Spear-Horde_1.mat using Guid(061627832b55e744593ddec7362a6417) Importer(2089858483,b0f066a214c2f5e87bad3c948f4d605d) (ScriptedImporter) -> (artifact id: 'ce5241215ef16b76f4fcc4e912ac21ca') in 0.0198737 seconds
Number of updated asset objects reloaded before import = 0Number of asset objects unloaded after import = 4

========================================================================
Received Import Request.
  Time since last request: 0.000022 seconds.
  path: Assets/3D Asserts/Lizard man/Medieval Series/Lizard Men/Source/Textures/Lizard3.mat
  artifactKey: Guid(a6bfa55936f0b1041bdbb62c77d6bd66) Importer(2089858483,b0f066a214c2f5e87bad3c948f4d605d)
Start importing Assets/3D Asserts/Lizard man/Medieval Series/Lizard Men/Source/Textures/Lizard3.mat using Guid(a6bfa55936f0b1041bdbb62c77d6bd66) Importer(2089858483,b0f066a214c2f5e87bad3c948f4d605d) (ScriptedImporter) -> (artifact id: '66c6345d2f878ae32b3476efea2327ce') in 0.1294637 seconds
Number of updated asset objects reloaded before import = 0Number of asset objects unloaded after import = 4

========================================================================
Received Import Request.
  Time since last request: 0.000039 seconds.
  path: Assets/3D Asserts/Lizard man/Polygonmaker - Shader/Materials/Polygonmaker-PBR_Cutout.mat
  artifactKey: Guid(e83ccd6ca98c67b4caa6c95c606d6b93) Importer(2089858483,b0f066a214c2f5e87bad3c948f4d605d)
Start importing Assets/3D Asserts/Lizard man/Polygonmaker - Shader/Materials/Polygonmaker-PBR_Cutout.mat using Guid(e83ccd6ca98c67b4caa6c95c606d6b93) Importer(2089858483,b0f066a214c2f5e87bad3c948f4d605d) (ScriptedImporter) -> (artifact id: '9f15df6b9749c5329e5e906327a3a8d7') in 0.0182044 seconds
Number of updated asset objects reloaded before import = 0Number of asset objects unloaded after import = 6

========================================================================
Received Import Request.
  Time since last request: 0.000048 seconds.
  path: Assets/3D Asserts/Lizard man/Medieval Series/Lizard Men/Source/Textures/Lizard_Man_4 [Albedo].tga
  artifactKey: Guid(aea2249ca27c6cd4c8e78db22d4c1cf2) Importer(2089858483,b0f066a214c2f5e87bad3c948f4d605d)
Start importing Assets/3D Asserts/Lizard man/Medieval Series/Lizard Men/Source/Textures/Lizard_Man_4 [Albedo].tga using Guid(aea2249ca27c6cd4c8e78db22d4c1cf2) Importer(2089858483,b0f066a214c2f5e87bad3c948f4d605d) (ScriptedImporter) -> (artifact id: 'da36b5e72383a2c283b3604f6b6d5f86') in 0.0599664 seconds
Number of updated asset objects reloaded before import = 0Number of asset objects unloaded after import = 1

========================================================================
Received Import Request.
  Time since last request: 0.000033 seconds.
  path: Assets/3D Asserts/Lizard man/Medieval Series/Lizard Men/Weapons/Source/Materials/Club-Horde_2.mat
  artifactKey: Guid(7b73219c12ca4aa44ad58f2508b6c132) Importer(2089858483,b0f066a214c2f5e87bad3c948f4d605d)
Start importing Assets/3D Asserts/Lizard man/Medieval Series/Lizard Men/Weapons/Source/Materials/Club-Horde_2.mat using Guid(7b73219c12ca4aa44ad58f2508b6c132) Importer(2089858483,b0f066a214c2f5e87bad3c948f4d605d) (ScriptedImporter) -> (artifact id: '0e28748811cbb1338e08ecc73b0fd208') in 0.0440545 seconds
Number of updated asset objects reloaded before import = 0Number of asset objects unloaded after import = 4

========================================================================
Received Import Request.
  Time since last request: 0.000052 seconds.
  path: Assets/3D Asserts/Lizard man/Medieval Series/Lizard Men/Scenes/Source/Main Camera Profile.asset
  artifactKey: Guid(b80984a7da6be734f853c6e7489fbda7) Importer(2089858483,b0f066a214c2f5e87bad3c948f4d605d)
Start importing Assets/3D Asserts/Lizard man/Medieval Series/Lizard Men/Scenes/Source/Main Camera Profile.asset using Guid(b80984a7da6be734f853c6e7489fbda7) Importer(2089858483,b0f066a214c2f5e87bad3c948f4d605d) (ScriptedImporter) -> (artifact id: 'adbc4a0bdb67595fa38d6762d700303b') in 0.0035573 seconds
Number of updated asset objects reloaded before import = 0Number of asset objects unloaded after import = 1

========================================================================
Received Import Request.
  Time since last request: 0.000027 seconds.
  path: Assets/3D Asserts/Lizard man/Medieval Series/Lizard Men/Animations/Anim_LizardMan@death.FBX
  artifactKey: Guid(08f00d5d7cf50664f8ca4e4ad5eff3c2) Importer(2089858483,b0f066a214c2f5e87bad3c948f4d605d)
Start importing Assets/3D Asserts/Lizard man/Medieval Series/Lizard Men/Animations/Anim_LizardMan@death.FBX using Guid(08f00d5d7cf50664f8ca4e4ad5eff3c2) Importer(2089858483,b0f066a214c2f5e87bad3c948f4d605d) (ScriptedImporter) -> (artifact id: '13021777b6e38b3df19d87024f6d9a13') in 0.0377124 seconds
Number of updated asset objects reloaded before import = 0Number of asset objects unloaded after import = 217

========================================================================
Received Import Request.
  Time since last request: 0.000092 seconds.
  path: Assets/3D Asserts/Lizard man/Medieval Series/Lizard Men/Scenes/Source/Ground.png
  artifactKey: Guid(5494a00d74b3052499f21a61e6512319) Importer(2089858483,b0f066a214c2f5e87bad3c948f4d605d)
Start importing Assets/3D Asserts/Lizard man/Medieval Series/Lizard Men/Scenes/Source/Ground.png using Guid(5494a00d74b3052499f21a61e6512319) Importer(2089858483,b0f066a214c2f5e87bad3c948f4d605d) (ScriptedImporter) -> (artifact id: 'bc1a4d1a926fa6b1f156d916f585b4e6') in 0.0198745 seconds
Number of updated asset objects reloaded before import = 0Number of asset objects unloaded after import = 1

========================================================================
Received Import Request.
  Time since last request: 0.000038 seconds.
  path: Assets/3D Asserts/Lizard man/Medieval Series/Lizard Men/Source/Textures/Lizard2.mat
  artifactKey: Guid(cef6acfc3233b0841bc98a240b18cd9e) Importer(2089858483,b0f066a214c2f5e87bad3c948f4d605d)
Start importing Assets/3D Asserts/Lizard man/Medieval Series/Lizard Men/Source/Textures/Lizard2.mat using Guid(cef6acfc3233b0841bc98a240b18cd9e) Importer(2089858483,b0f066a214c2f5e87bad3c948f4d605d) (ScriptedImporter) -> (artifact id: 'a8704b6c0c7dcdc4851feaa611f5b7ce') in 0.1486658 seconds
Number of updated asset objects reloaded before import = 0Number of asset objects unloaded after import = 4

========================================================================
Received Import Request.
  Time since last request: 0.000046 seconds.
  path: Assets/3D Asserts/Lizard man/Medieval Series/Lizard Men/Weapons/Source/Shield-Tribal_1.FBX
  artifactKey: Guid(e785059d3e7d66448a5f98eecbb7c409) Importer(2089858483,b0f066a214c2f5e87bad3c948f4d605d)
Start importing Assets/3D Asserts/Lizard man/Medieval Series/Lizard Men/Weapons/Source/Shield-Tribal_1.FBX using Guid(e785059d3e7d66448a5f98eecbb7c409) Importer(2089858483,b0f066a214c2f5e87bad3c948f4d605d) (ScriptedImporter) -> (artifact id: '8045cd8fa2020234d7c8d755d1a50f27') in 0.0223817 seconds
Number of updated asset objects reloaded before import = 0Number of asset objects unloaded after import = 20

========================================================================
Received Import Request.
  Time since last request: 0.000022 seconds.
  path: Assets/3D Asserts/Lizard man/Medieval Series/Lizard Men/Animations
  artifactKey: Guid(7bd1f96200069214f8162b54496fe703) Importer(2089858483,b0f066a214c2f5e87bad3c948f4d605d)
Start importing Assets/3D Asserts/Lizard man/Medieval Series/Lizard Men/Animations using Guid(7bd1f96200069214f8162b54496fe703) Importer(2089858483,b0f066a214c2f5e87bad3c948f4d605d) (ScriptedImporter) -> (artifact id: '9b556cca710676d5b054c405ce8c1ed7') in 0.0069039 seconds
Number of updated asset objects reloaded before import = 0Number of asset objects unloaded after import = 1

========================================================================
Received Import Request.
  Time since last request: 0.000036 seconds.
  path: Assets/3D Asserts/Lizard man/Medieval Series/Lizard Men/Weapons/Textures/T_Axe-Wraith_01_D.tga
  artifactKey: Guid(1627310d81924a34f991e15c9467cc17) Importer(2089858483,b0f066a214c2f5e87bad3c948f4d605d)
Start importing Assets/3D Asserts/Lizard man/Medieval Series/Lizard Men/Weapons/Textures/T_Axe-Wraith_01_D.tga using Guid(1627310d81924a34f991e15c9467cc17) Importer(2089858483,b0f066a214c2f5e87bad3c948f4d605d) (ScriptedImporter) -> (artifact id: '57f2c8f6b5d2a9e352dc4beaefbf868f') in 0.0246996 seconds
Number of updated asset objects reloaded before import = 0Number of asset objects unloaded after import = 1

========================================================================
Received Import Request.
  Time since last request: 0.000033 seconds.
  path: Assets/3D Asserts/Lizard man/Medieval Series/Lizard Men/Weapons/Textures/T_Shield-Tribal_01_MS.tga
  artifactKey: Guid(d6a1ece8a7262f24b998aa21e4543c5f) Importer(2089858483,b0f066a214c2f5e87bad3c948f4d605d)
Start importing Assets/3D Asserts/Lizard man/Medieval Series/Lizard Men/Weapons/Textures/T_Shield-Tribal_01_MS.tga using Guid(d6a1ece8a7262f24b998aa21e4543c5f) Importer(2089858483,b0f066a214c2f5e87bad3c948f4d605d) (ScriptedImporter) -> (artifact id: '5e888af3bc37fbebea327bbdc2427fa2') in 0.0774739 seconds
Number of updated asset objects reloaded before import = 0Number of asset objects unloaded after import = 1

========================================================================
Received Import Request.
  Time since last request: 0.000605 seconds.
  path: Assets/3D Asserts/Lizard man/Medieval Series/Lizard Men/Source/Textures/Lizard5.mat
  artifactKey: Guid(7d5267cdfd0f5a4468be2548165b3daf) Importer(2089858483,b0f066a214c2f5e87bad3c948f4d605d)
Start importing Assets/3D Asserts/Lizard man/Medieval Series/Lizard Men/Source/Textures/Lizard5.mat using Guid(7d5267cdfd0f5a4468be2548165b3daf) Importer(2089858483,b0f066a214c2f5e87bad3c948f4d605d) (ScriptedImporter) -> (artifact id: '49cf46eabbb422bf1e2bc74eeda35b6b') in 0.1092939 seconds
Number of updated asset objects reloaded before import = 0Number of asset objects unloaded after import = 4

========================================================================
Received Import Request.
  Time since last request: 0.000030 seconds.
  path: Assets/3D Asserts/Lizard man/Medieval Series/Lizard Men/Instructions - 3.6.pdf
  artifactKey: Guid(91d9802e7f5fcfe4891aa7b31b6421bc) Importer(2089858483,b0f066a214c2f5e87bad3c948f4d605d)
Start importing Assets/3D Asserts/Lizard man/Medieval Series/Lizard Men/Instructions - 3.6.pdf using Guid(91d9802e7f5fcfe4891aa7b31b6421bc) Importer(2089858483,b0f066a214c2f5e87bad3c948f4d605d) (ScriptedImporter) -> (artifact id: 'd7e92758d535ff9708049489c2dd8de1') in 0.0070527 seconds
Number of updated asset objects reloaded before import = 0Number of asset objects unloaded after import = 1

========================================================================
Received Import Request.
  Time since last request: 0.000066 seconds.
  path: Assets/3D Asserts/Lizard man/Medieval Series/Lizard Men/Animations/Anim_Lizardman@attacktail.FBX
  artifactKey: Guid(83a079b6ffdb9714899ade92e3579fd7) Importer(2089858483,b0f066a214c2f5e87bad3c948f4d605d)
Start importing Assets/3D Asserts/Lizard man/Medieval Series/Lizard Men/Animations/Anim_Lizardman@attacktail.FBX using Guid(83a079b6ffdb9714899ade92e3579fd7) Importer(2089858483,b0f066a214c2f5e87bad3c948f4d605d) (ScriptedImporter) -> (artifact id: '9eeabef7fcd818a07ae403d6de176c5c') in 0.02357 seconds
Number of updated asset objects reloaded before import = 0Number of asset objects unloaded after import = 203

========================================================================
Received Import Request.
  Time since last request: 0.000046 seconds.
  path: Assets/3D Asserts/Lizard man/Polygonmaker - Shader/Source/GolemMesh Variant.prefab
  artifactKey: Guid(2f0a3a28c854d2140b1b3145c9f3182b) Importer(2089858483,b0f066a214c2f5e87bad3c948f4d605d)
Start importing Assets/3D Asserts/Lizard man/Polygonmaker - Shader/Source/GolemMesh Variant.prefab using Guid(2f0a3a28c854d2140b1b3145c9f3182b) Importer(2089858483,b0f066a214c2f5e87bad3c948f4d605d) (ScriptedImporter) -> (artifact id: 'bf1fb8bd985ebf3740ad0e687017168b') in 0.0374047 seconds
Number of updated asset objects reloaded before import = 0Number of asset objects unloaded after import = 14

========================================================================
Received Import Request.
  Time since last request: 0.000021 seconds.
  path: Assets/3D Asserts/Lizard man/Polygonmaker - Shader/HDRP/Shaders HDRP.unitypackage
  artifactKey: Guid(3433ac2fa9bd7cc45ad7205f559366ee) Importer(2089858483,b0f066a214c2f5e87bad3c948f4d605d)
Start importing Assets/3D Asserts/Lizard man/Polygonmaker - Shader/HDRP/Shaders HDRP.unitypackage using Guid(3433ac2fa9bd7cc45ad7205f559366ee) Importer(2089858483,b0f066a214c2f5e87bad3c948f4d605d) (ScriptedImporter) -> (artifact id: 'f030df8f3cb38bd182cca97145868f11') in 0.0049058 seconds
Number of updated asset objects reloaded before import = 0Number of asset objects unloaded after import = 1

========================================================================
Received Import Request.
  Time since last request: 0.000035 seconds.
  path: Assets/3D Asserts/Lizard man/Medieval Series/Lizard Men/Weapons/Source/Spear-Horde_1.FBX
  artifactKey: Guid(16f7d0f82d7ef754493fcc01e2a4cdfb) Importer(2089858483,b0f066a214c2f5e87bad3c948f4d605d)
Start importing Assets/3D Asserts/Lizard man/Medieval Series/Lizard Men/Weapons/Source/Spear-Horde_1.FBX using Guid(16f7d0f82d7ef754493fcc01e2a4cdfb) Importer(2089858483,b0f066a214c2f5e87bad3c948f4d605d) (ScriptedImporter) -> (artifact id: 'fe98c56237a628029e24445ab94bf4cd') in 0.0264717 seconds
Number of updated asset objects reloaded before import = 0Number of asset objects unloaded after import = 20

========================================================================
Received Import Request.
  Time since last request: 0.000043 seconds.
  path: Assets/3D Asserts/Lizard man/Medieval Series/Lizard Men/Weapons/Textures/T_Shield-Horde_01_D.tga
  artifactKey: Guid(1bb26b031e677db46bd01dd2fdee09d4) Importer(2089858483,b0f066a214c2f5e87bad3c948f4d605d)
Start importing Assets/3D Asserts/Lizard man/Medieval Series/Lizard Men/Weapons/Textures/T_Shield-Horde_01_D.tga using Guid(1bb26b031e677db46bd01dd2fdee09d4) Importer(2089858483,b0f066a214c2f5e87bad3c948f4d605d) (ScriptedImporter) -> (artifact id: '6bb673f75011de5fc3db8ef84031d81c') in 0.0241794 seconds
Number of updated asset objects reloaded before import = 0Number of asset objects unloaded after import = 1

========================================================================
Received Import Request.
  Time since last request: 0.000081 seconds.
  path: Assets/3D Asserts/Lizard man/Medieval Series/Lizard Men/Source/Materials/Lizard Man_Female.mat
  artifactKey: Guid(0c135ae1253362c47b87e6adf4b29496) Importer(2089858483,b0f066a214c2f5e87bad3c948f4d605d)
Start importing Assets/3D Asserts/Lizard man/Medieval Series/Lizard Men/Source/Materials/Lizard Man_Female.mat using Guid(0c135ae1253362c47b87e6adf4b29496) Importer(2089858483,b0f066a214c2f5e87bad3c948f4d605d) (ScriptedImporter) -> (artifact id: 'f7f518be537fcfeac2a53185b33beed8') in 0.2061469 seconds
Number of updated asset objects reloaded before import = 0Number of asset objects unloaded after import = 6

========================================================================
Received Import Request.
  Time since last request: 0.000048 seconds.
  path: Assets/3D Asserts/Lizard man/Medieval Series/Lizard Men/Source/Textures/Lizard_Man_Female.tga
  artifactKey: Guid(910a834f6a9f8414db1dbfabe0162e6a) Importer(2089858483,b0f066a214c2f5e87bad3c948f4d605d)
Start importing Assets/3D Asserts/Lizard man/Medieval Series/Lizard Men/Source/Textures/Lizard_Man_Female.tga using Guid(910a834f6a9f8414db1dbfabe0162e6a) Importer(2089858483,b0f066a214c2f5e87bad3c948f4d605d) (ScriptedImporter) -> (artifact id: '5e092c7c51ab248f4ddfeef408a4fc7d') in 0.04943 seconds
Number of updated asset objects reloaded before import = 0Number of asset objects unloaded after import = 1

========================================================================
Received Import Request.
  Time since last request: 0.000077 seconds.
  path: Assets/3D Asserts/Lizard man/Medieval Series/Lizard Men/Weapons/Textures/T_Spear-Primitive_01_MS.tga
  artifactKey: Guid(2c913ccfd72c50946838d19d84e1fbc1) Importer(2089858483,b0f066a214c2f5e87bad3c948f4d605d)
Start importing Assets/3D Asserts/Lizard man/Medieval Series/Lizard Men/Weapons/Textures/T_Spear-Primitive_01_MS.tga using Guid(2c913ccfd72c50946838d19d84e1fbc1) Importer(2089858483,b0f066a214c2f5e87bad3c948f4d605d) (ScriptedImporter) -> (artifact id: '7650007cc2c0f498ae7a6c003a0201c6') in 0.0538899 seconds
Number of updated asset objects reloaded before import = 0Number of asset objects unloaded after import = 1

========================================================================
Received Import Request.
  Time since last request: 0.000033 seconds.
  path: Assets/3D Asserts/Lizard man/Polygonmaker - Shader/Materials/Polygonmaker-SkinCutout DoubleSided.mat
  artifactKey: Guid(551c768af52a1a6489b05e8478a9a421) Importer(2089858483,b0f066a214c2f5e87bad3c948f4d605d)
Start importing Assets/3D Asserts/Lizard man/Polygonmaker - Shader/Materials/Polygonmaker-SkinCutout DoubleSided.mat using Guid(551c768af52a1a6489b05e8478a9a421) Importer(2089858483,b0f066a214c2f5e87bad3c948f4d605d) (ScriptedImporter) -> (artifact id: 'a785564c8d4a774c2e41baa08354d322') in 0.0235993 seconds
Number of updated asset objects reloaded before import = 0Number of asset objects unloaded after import = 6

========================================================================
Received Import Request.
  Time since last request: 0.000030 seconds.
  path: Assets/3D Asserts/Lizard man/Medieval Series/Lizard Men/Weapons/Shield-Orc_1.prefab
  artifactKey: Guid(80dc1621506bbd14aab764fd64aee228) Importer(2089858483,b0f066a214c2f5e87bad3c948f4d605d)
Start importing Assets/3D Asserts/Lizard man/Medieval Series/Lizard Men/Weapons/Shield-Orc_1.prefab using Guid(80dc1621506bbd14aab764fd64aee228) Importer(2089858483,b0f066a214c2f5e87bad3c948f4d605d) (ScriptedImporter) -> (artifact id: '6eefbce163a48e0a24ebf245985b11ef') in 0.041518 seconds
Number of updated asset objects reloaded before import = 0Number of asset objects unloaded after import = 20

========================================================================
Received Import Request.
  Time since last request: 0.000185 seconds.
  path: Assets/3D Asserts/Lizard man/Polygonmaker - Shader/URP
  artifactKey: Guid(64b13827d002eff479719b255b8b5823) Importer(2089858483,b0f066a214c2f5e87bad3c948f4d605d)
Start importing Assets/3D Asserts/Lizard man/Polygonmaker - Shader/URP using Guid(64b13827d002eff479719b255b8b5823) Importer(2089858483,b0f066a214c2f5e87bad3c948f4d605d) (ScriptedImporter) -> (artifact id: '12a6ee2e71e1bcb3452d280496dc68ab') in 0.0077754 seconds
Number of updated asset objects reloaded before import = 0Number of asset objects unloaded after import = 1

========================================================================
Received Import Request.
  Time since last request: 0.000019 seconds.
  path: Assets/3D Asserts/Lizard man/Medieval Series/Lizard Men/Source/LizardMan.FBX
  artifactKey: Guid(e932abe5fd1f7974d8f6b8b43bac0f3b) Importer(2089858483,b0f066a214c2f5e87bad3c948f4d605d)
Start importing Assets/3D Asserts/Lizard man/Medieval Series/Lizard Men/Source/LizardMan.FBX using Guid(e932abe5fd1f7974d8f6b8b43bac0f3b) Importer(2089858483,b0f066a214c2f5e87bad3c948f4d605d) (ScriptedImporter) -> (artifact id: 'c3f3a387c1b878e6dd074f0521e3cf73') in 0.1169081 seconds
Number of updated asset objects reloaded before import = 0Number of asset objects unloaded after import = 254

========================================================================
Received Import Request.
  Time since last request: 0.000029 seconds.
  path: Assets/3D Asserts/Lizard man/Polygonmaker - Shader/Shaders/Polygonmaker-AS-SkinCutout DoubleSided.shader
  artifactKey: Guid(b3e929332e0a8ae4880c782057e229b6) Importer(2089858483,b0f066a214c2f5e87bad3c948f4d605d)
Start importing Assets/3D Asserts/Lizard man/Polygonmaker - Shader/Shaders/Polygonmaker-AS-SkinCutout DoubleSided.shader using Guid(b3e929332e0a8ae4880c782057e229b6) Importer(2089858483,b0f066a214c2f5e87bad3c948f4d605d) (ScriptedImporter) -> (artifact id: '465bc4a36ffaf92e7cdb1262cd3c92bd') in 0.0564504 seconds
Number of updated asset objects reloaded before import = 0Number of asset objects unloaded after import = 1

========================================================================
Received Import Request.
  Time since last request: 0.002077 seconds.
  path: Assets/3D Asserts/Lizard man/Medieval Series/Lizard Men/Weapons/Textures/T_Spear-Horde_01_D.tga
  artifactKey: Guid(77fa267dbc5591c4fba4a9032c8152a8) Importer(2089858483,b0f066a214c2f5e87bad3c948f4d605d)
Start importing Assets/3D Asserts/Lizard man/Medieval Series/Lizard Men/Weapons/Textures/T_Spear-Horde_01_D.tga using Guid(77fa267dbc5591c4fba4a9032c8152a8) Importer(2089858483,b0f066a214c2f5e87bad3c948f4d605d) (ScriptedImporter) -> (artifact id: '9ec364096f062b0b4904b90dd5f7bda5') in 0.0171426 seconds
Number of updated asset objects reloaded before import = 0Number of asset objects unloaded after import = 1

========================================================================
Received Import Request.
  Time since last request: 0.000023 seconds.
  path: Assets/3D Asserts/Lizard man/Medieval Series
  artifactKey: Guid(81488368f0d77bd4ab39c22b4faafb31) Importer(2089858483,b0f066a214c2f5e87bad3c948f4d605d)
Start importing Assets/3D Asserts/Lizard man/Medieval Series using Guid(81488368f0d77bd4ab39c22b4faafb31) Importer(2089858483,b0f066a214c2f5e87bad3c948f4d605d) (ScriptedImporter) -> (artifact id: '31c3c8f9631281913a11ae0f0e35e02b') in 0.0082814 seconds
Number of updated asset objects reloaded before import = 0Number of asset objects unloaded after import = 1

========================================================================
Received Import Request.
  Time since last request: 0.000027 seconds.
  path: Assets/3D Asserts/Lizard man/Polygonmaker - Shader/Scene/Source/Skybox.mat
  artifactKey: Guid(2f2490b12c098844e822a75eae125ebb) Importer(2089858483,b0f066a214c2f5e87bad3c948f4d605d)
Start importing Assets/3D Asserts/Lizard man/Polygonmaker - Shader/Scene/Source/Skybox.mat using Guid(2f2490b12c098844e822a75eae125ebb) Importer(2089858483,b0f066a214c2f5e87bad3c948f4d605d) (ScriptedImporter) -> (artifact id: '6610c9f07904b617569a758a8bb09e4f') in 0.0514625 seconds
Number of updated asset objects reloaded before import = 0Number of asset objects unloaded after import = 2

========================================================================
Received Import Request.
  Time since last request: 0.000034 seconds.
  path: Assets/3D Asserts/Lizard man/Polygonmaker - Shader/Polygonmaker Shader.pdf
  artifactKey: Guid(06bad9733edc10b4fae16933518cd052) Importer(2089858483,b0f066a214c2f5e87bad3c948f4d605d)
Start importing Assets/3D Asserts/Lizard man/Polygonmaker - Shader/Polygonmaker Shader.pdf using Guid(06bad9733edc10b4fae16933518cd052) Importer(2089858483,b0f066a214c2f5e87bad3c948f4d605d) (ScriptedImporter) -> (artifact id: 'fb86cb6a5ab956209e2a6e27d38f006d') in 0.0059023 seconds
Number of updated asset objects reloaded before import = 0Number of asset objects unloaded after import = 1

========================================================================
Received Import Request.
  Time since last request: 0.000060 seconds.
  path: Assets/3D Asserts/Lizard man/Polygonmaker - Shader/Shaders/Polygonmaker-AS-Toon.shader
  artifactKey: Guid(dfed721d1fa8f71438733b477135f9dc) Importer(2089858483,b0f066a214c2f5e87bad3c948f4d605d)
Start importing Assets/3D Asserts/Lizard man/Polygonmaker - Shader/Shaders/Polygonmaker-AS-Toon.shader using Guid(dfed721d1fa8f71438733b477135f9dc) Importer(2089858483,b0f066a214c2f5e87bad3c948f4d605d) (ScriptedImporter) -> (artifact id: '695869904a34460a13913224ace2b8bf') in 0.0116542 seconds
Number of updated asset objects reloaded before import = 0Number of asset objects unloaded after import = 1

========================================================================
Received Import Request.
  Time since last request: 0.000023 seconds.
  path: Assets/3D Asserts/Lizard man/Medieval Series/Lizard Men/Weapons/Textures/T_Shield-Horde_01_MS.tga
  artifactKey: Guid(233b475288390ab44814d30d96e70121) Importer(2089858483,b0f066a214c2f5e87bad3c948f4d605d)
Start importing Assets/3D Asserts/Lizard man/Medieval Series/Lizard Men/Weapons/Textures/T_Shield-Horde_01_MS.tga using Guid(233b475288390ab44814d30d96e70121) Importer(2089858483,b0f066a214c2f5e87bad3c948f4d605d) (ScriptedImporter) -> (artifact id: '7833bd921be9fae0f997373f6064e0fe') in 0.0220513 seconds
Number of updated asset objects reloaded before import = 0Number of asset objects unloaded after import = 1

========================================================================
Received Import Request.
  Time since last request: 0.000027 seconds.
  path: Assets/3D Asserts/Lizard man/Medieval Series/Lizard Men/Scenes/Main.unity
  artifactKey: Guid(57ebda29ea30fb34780a45563152b006) Importer(2089858483,b0f066a214c2f5e87bad3c948f4d605d)
Start importing Assets/3D Asserts/Lizard man/Medieval Series/Lizard Men/Scenes/Main.unity using Guid(57ebda29ea30fb34780a45563152b006) Importer(2089858483,b0f066a214c2f5e87bad3c948f4d605d) (ScriptedImporter) -> (artifact id: '242254a6ebc0f3840dbceefd804fa5f4') in 0.0128073 seconds
Number of updated asset objects reloaded before import = 0Number of asset objects unloaded after import = 1

========================================================================
Received Import Request.
  Time since last request: 0.000029 seconds.
  path: Assets/3D Asserts/Lizard man/Medieval Series/Lizard Men/Source/Materials/Lizard Man_Cloth.mat
  artifactKey: Guid(00b1c4070d635984fba5ac46203b78bf) Importer(2089858483,b0f066a214c2f5e87bad3c948f4d605d)
Start importing Assets/3D Asserts/Lizard man/Medieval Series/Lizard Men/Source/Materials/Lizard Man_Cloth.mat using Guid(00b1c4070d635984fba5ac46203b78bf) Importer(2089858483,b0f066a214c2f5e87bad3c948f4d605d) (ScriptedImporter) -> (artifact id: 'b13e6d5a97696a67fd67ea85a92c2fe2') in 0.126756 seconds
Number of updated asset objects reloaded before import = 0Number of asset objects unloaded after import = 5

========================================================================
Received Import Request.
  Time since last request: 0.000042 seconds.
  path: Assets/3D Asserts/Lizard man/Medieval Series/Lizard Men/Source/Materials/Lizard Man_3.mat
  artifactKey: Guid(6bb3e91e699fda8478e86d3dc12c3a69) Importer(2089858483,b0f066a214c2f5e87bad3c948f4d605d)
Start importing Assets/3D Asserts/Lizard man/Medieval Series/Lizard Men/Source/Materials/Lizard Man_3.mat using Guid(6bb3e91e699fda8478e86d3dc12c3a69) Importer(2089858483,b0f066a214c2f5e87bad3c948f4d605d) (ScriptedImporter) -> (artifact id: '9c9706090dea265c4f78f3904526f451') in 0.1221033 seconds
Number of updated asset objects reloaded before import = 0Number of asset objects unloaded after import = 6

========================================================================
Received Import Request.
  Time since last request: 0.000025 seconds.
  path: Assets/3D Asserts/Lizard man/Polygonmaker - Shader/HDRP
  artifactKey: Guid(7a9abce5a6ed54e479bce50568a26f4a) Importer(2089858483,b0f066a214c2f5e87bad3c948f4d605d)
Start importing Assets/3D Asserts/Lizard man/Polygonmaker - Shader/HDRP using Guid(7a9abce5a6ed54e479bce50568a26f4a) Importer(2089858483,b0f066a214c2f5e87bad3c948f4d605d) (ScriptedImporter) -> (artifact id: 'c0584e248a9afb8ef109afed67e2a8d5') in 0.0039006 seconds
Number of updated asset objects reloaded before import = 0Number of asset objects unloaded after import = 1

========================================================================
Received Import Request.
  Time since last request: 0.000026 seconds.
  path: Assets/3D Asserts/Lizard man/Medieval Series/Lizard Men/Animations/Anim_LizardMan@StrafeL_inplace.FBX
  artifactKey: Guid(10d6f7c5ef3c0ac49951be95de55efae) Importer(2089858483,b0f066a214c2f5e87bad3c948f4d605d)
Start importing Assets/3D Asserts/Lizard man/Medieval Series/Lizard Men/Animations/Anim_LizardMan@StrafeL_inplace.FBX using Guid(10d6f7c5ef3c0ac49951be95de55efae) Importer(2089858483,b0f066a214c2f5e87bad3c948f4d605d) (ScriptedImporter) -> (artifact id: '06ec0b392a1006e20d21ca1e27c64205') in 0.1049574 seconds
Number of updated asset objects reloaded before import = 0Number of asset objects unloaded after import = 217

========================================================================
Received Import Request.
  Time since last request: 0.000031 seconds.
  path: Assets/3D Asserts/Lizard man/Medieval Series/Lizard Men/Scenes/Source/Ground.mat
  artifactKey: Guid(2a81a74f3d01d9642bf5f209ce49388f) Importer(2089858483,b0f066a214c2f5e87bad3c948f4d605d)
Start importing Assets/3D Asserts/Lizard man/Medieval Series/Lizard Men/Scenes/Source/Ground.mat using Guid(2a81a74f3d01d9642bf5f209ce49388f) Importer(2089858483,b0f066a214c2f5e87bad3c948f4d605d) (ScriptedImporter) -> (artifact id: 'b9993eb101e7f0b01284ca78bd441062') in 0.0078964 seconds
Number of updated asset objects reloaded before import = 0Number of asset objects unloaded after import = 3

========================================================================
Received Import Request.
  Time since last request: 0.000026 seconds.
  path: Assets/3D Asserts/Lizard man/Medieval Series/Lizard Men/Source/Materials/Lizard Man_4.mat
  artifactKey: Guid(f123f5824abf9744b804f4d10a9417f6) Importer(2089858483,b0f066a214c2f5e87bad3c948f4d605d)
Start importing Assets/3D Asserts/Lizard man/Medieval Series/Lizard Men/Source/Materials/Lizard Man_4.mat using Guid(f123f5824abf9744b804f4d10a9417f6) Importer(2089858483,b0f066a214c2f5e87bad3c948f4d605d) (ScriptedImporter) -> (artifact id: 'da1cdf7c2e4127301c44b63a95a29b2c') in 0.1434058 seconds
Number of updated asset objects reloaded before import = 0Number of asset objects unloaded after import = 6

========================================================================
Received Import Request.
  Time since last request: 0.000024 seconds.
  path: Assets/3D Asserts/Lizard man/Medieval Series/Lizard Men/Animations/Anim_LizardMan@jump.FBX
  artifactKey: Guid(abc98c6eee377fa4882c1ff3b32dd663) Importer(2089858483,b0f066a214c2f5e87bad3c948f4d605d)
Start importing Assets/3D Asserts/Lizard man/Medieval Series/Lizard Men/Animations/Anim_LizardMan@jump.FBX using Guid(abc98c6eee377fa4882c1ff3b32dd663) Importer(2089858483,b0f066a214c2f5e87bad3c948f4d605d) (ScriptedImporter) -> (artifact id: '2777f29bb3abc89c5b8e5f94a3908b82') in 0.0459335 seconds
Number of updated asset objects reloaded before import = 0Number of asset objects unloaded after import = 217

========================================================================
Received Import Request.
  Time since last request: 0.000040 seconds.
  path: Assets/3D Asserts/Lizard man/Polygonmaker - Shader/Source
  artifactKey: Guid(0d0c8b634943a3241b377bc192b63a05) Importer(2089858483,b0f066a214c2f5e87bad3c948f4d605d)
Start importing Assets/3D Asserts/Lizard man/Polygonmaker - Shader/Source using Guid(0d0c8b634943a3241b377bc192b63a05) Importer(2089858483,b0f066a214c2f5e87bad3c948f4d605d) (ScriptedImporter) -> (artifact id: 'a1b7af0aacb909eb9ac89edc463a6e87') in 0.0044005 seconds
Number of updated asset objects reloaded before import = 0Number of asset objects unloaded after import = 1

========================================================================
Received Import Request.
  Time since last request: 0.000021 seconds.
  path: Assets/3D Asserts/Lizard man/Polygonmaker - Shader/Shaders/Polygonmaker-AS-Skin Defered.shader
  artifactKey: Guid(e9bc656ed42671c45be3d8395ec235bc) Importer(2089858483,b0f066a214c2f5e87bad3c948f4d605d)
Start importing Assets/3D Asserts/Lizard man/Polygonmaker - Shader/Shaders/Polygonmaker-AS-Skin Defered.shader using Guid(e9bc656ed42671c45be3d8395ec235bc) Importer(2089858483,b0f066a214c2f5e87bad3c948f4d605d) (ScriptedImporter) -> (artifact id: 'a5a362e956c7394ee5151bfef4ec11cd') in 0.0066074 seconds
Number of updated asset objects reloaded before import = 0Number of asset objects unloaded after import = 1

========================================================================
Received Import Request.
  Time since last request: 0.000032 seconds.
  path: Assets/3D Asserts/Lizard man/Medieval Series/Lizard Men/Weapons/Textures/T_Axe-Wraith_01_N.tga
  artifactKey: Guid(03e18cafd63aeac41a69d256b126eda7) Importer(2089858483,b0f066a214c2f5e87bad3c948f4d605d)
Start importing Assets/3D Asserts/Lizard man/Medieval Series/Lizard Men/Weapons/Textures/T_Axe-Wraith_01_N.tga using Guid(03e18cafd63aeac41a69d256b126eda7) Importer(2089858483,b0f066a214c2f5e87bad3c948f4d605d) (ScriptedImporter) -> (artifact id: 'ddb35e18cbcf43287cd43be29a997802') in 0.0983661 seconds
Number of updated asset objects reloaded before import = 0Number of asset objects unloaded after import = 1

========================================================================
Received Import Request.
  Time since last request: 0.000020 seconds.
  path: Assets/3D Asserts/Lizard man/Polygonmaker - Shader/Source/GolemMesh.FBX
  artifactKey: Guid(a486a2d256ae73741a152016cb5cda73) Importer(2089858483,b0f066a214c2f5e87bad3c948f4d605d)
Start importing Assets/3D Asserts/Lizard man/Polygonmaker - Shader/Source/GolemMesh.FBX using Guid(a486a2d256ae73741a152016cb5cda73) Importer(2089858483,b0f066a214c2f5e87bad3c948f4d605d) (ScriptedImporter) -> (artifact id: 'aa47cc15d65422a1c1884eab0e2b6e73') in 0.0191093 seconds
Number of updated asset objects reloaded before import = 0Number of asset objects unloaded after import = 8

========================================================================
Received Import Request.
  Time since last request: 0.000126 seconds.
  path: Assets/3D Asserts/Lizard man/Medieval Series/Lizard Men/Source/Materials/Mobile/Lizard_3_Mobile.mat
  artifactKey: Guid(3468346fde0f694499bd822c9bd29290) Importer(2089858483,b0f066a214c2f5e87bad3c948f4d605d)
Start importing Assets/3D Asserts/Lizard man/Medieval Series/Lizard Men/Source/Materials/Mobile/Lizard_3_Mobile.mat using Guid(3468346fde0f694499bd822c9bd29290) Importer(2089858483,b0f066a214c2f5e87bad3c948f4d605d) (ScriptedImporter) -> (artifact id: '85d92e087e6f749fe2f583c6fd30945b') in 0.0122516 seconds
Number of updated asset objects reloaded before import = 0Number of asset objects unloaded after import = 2

========================================================================
Received Import Request.
  Time since last request: 0.000019 seconds.
  path: Assets/3D Asserts/Lizard man/Medieval Series/Lizard Men/Animations/Anim_Lizardman@spearupidle.FBX
  artifactKey: Guid(ce3eae45ff274f24ca9645c3a7e70778) Importer(2089858483,b0f066a214c2f5e87bad3c948f4d605d)
Start importing Assets/3D Asserts/Lizard man/Medieval Series/Lizard Men/Animations/Anim_Lizardman@spearupidle.FBX using Guid(ce3eae45ff274f24ca9645c3a7e70778) Importer(2089858483,b0f066a214c2f5e87bad3c948f4d605d) (ScriptedImporter) -> (artifact id: '3a3adf1c7e5307446bf60da5b1db374d') in 0.0534075 seconds
Number of updated asset objects reloaded before import = 0Number of asset objects unloaded after import = 203

========================================================================
Received Import Request.
  Time since last request: 0.000021 seconds.
  path: Assets/3D Asserts/Lizard man/Medieval Series/Lizard Men/Scenes/Source/Skybox.mat
  artifactKey: Guid(d90be9c4bb5a4d043a4ba74a00db5ffd) Importer(2089858483,b0f066a214c2f5e87bad3c948f4d605d)
Start importing Assets/3D Asserts/Lizard man/Medieval Series/Lizard Men/Scenes/Source/Skybox.mat using Guid(d90be9c4bb5a4d043a4ba74a00db5ffd) Importer(2089858483,b0f066a214c2f5e87bad3c948f4d605d) (ScriptedImporter) -> (artifact id: '8afea0f70caea04667be0ca92a2df92a') in 0.0080703 seconds
Number of updated asset objects reloaded before import = 0Number of asset objects unloaded after import = 2

========================================================================
Received Import Request.
  Time since last request: 0.000033 seconds.
  path: Assets/3D Asserts/Lizard man/Medieval Series/Lizard Men/Source/Textures/T_Lizard_Man_2_MS.tga
  artifactKey: Guid(b75ea1f5c94fc8342afec9571c448040) Importer(2089858483,b0f066a214c2f5e87bad3c948f4d605d)
Start importing Assets/3D Asserts/Lizard man/Medieval Series/Lizard Men/Source/Textures/T_Lizard_Man_2_MS.tga using Guid(b75ea1f5c94fc8342afec9571c448040) Importer(2089858483,b0f066a214c2f5e87bad3c948f4d605d) (ScriptedImporter) -> (artifact id: '6c1441b10fb3cb84c8ca8750785d0559') in 0.0380534 seconds
Number of updated asset objects reloaded before import = 0Number of asset objects unloaded after import = 1

========================================================================
Received Import Request.
  Time since last request: 0.000041 seconds.
  path: Assets/3D Asserts/Lizard man/Polygonmaker - Shader/Scene/Source/Skybox.hdr
  artifactKey: Guid(bb7f3453c4949d9408890ebf19e567e1) Importer(2089858483,b0f066a214c2f5e87bad3c948f4d605d)
Start importing Assets/3D Asserts/Lizard man/Polygonmaker - Shader/Scene/Source/Skybox.hdr using Guid(bb7f3453c4949d9408890ebf19e567e1) Importer(2089858483,b0f066a214c2f5e87bad3c948f4d605d) (ScriptedImporter) -> (artifact id: 'e406cffa5059cbe9c979666c13b7defa') in 0.0408713 seconds
Number of updated asset objects reloaded before import = 0Number of asset objects unloaded after import = 1

========================================================================
Received Import Request.
  Time since last request: 0.000061 seconds.
  path: Assets/3D Asserts/Lizard man/Medieval Series/Lizard Men/Characters/LizardMan_1_var.prefab
  artifactKey: Guid(8146206ec1185e045b9996c7eb78d27a) Importer(2089858483,b0f066a214c2f5e87bad3c948f4d605d)
Start importing Assets/3D Asserts/Lizard man/Medieval Series/Lizard Men/Characters/LizardMan_1_var.prefab using Guid(8146206ec1185e045b9996c7eb78d27a) Importer(2089858483,b0f066a214c2f5e87bad3c948f4d605d) (ScriptedImporter) -> (artifact id: '27e00fafa2d9a7e571d03998915dadec') in 0.0496319 seconds
Number of updated asset objects reloaded before import = 0Number of asset objects unloaded after import = 741

========================================================================
Received Import Request.
  Time since last request: 0.000024 seconds.
  path: Assets/3D Asserts/Lizard man/Polygonmaker - Shader/Source/T_Golem-Crystal_E.tga
  artifactKey: Guid(de9f5aa131f733a4c972f7748ec52c97) Importer(2089858483,b0f066a214c2f5e87bad3c948f4d605d)
Start importing Assets/3D Asserts/Lizard man/Polygonmaker - Shader/Source/T_Golem-Crystal_E.tga using Guid(de9f5aa131f733a4c972f7748ec52c97) Importer(2089858483,b0f066a214c2f5e87bad3c948f4d605d) (ScriptedImporter) -> (artifact id: '729e56411287239d82b4c2cc39195f04') in 0.0176696 seconds
Number of updated asset objects reloaded before import = 0Number of asset objects unloaded after import = 1

========================================================================
Received Import Request.
  Time since last request: 0.000038 seconds.
  path: Assets/3D Asserts/Lizard man/Medieval Series/Lizard Men/Source/Textures/T_Lizard_Man_3_MS.tga
  artifactKey: Guid(35fac2ca1548a3f47ba7dae61ad4b34d) Importer(2089858483,b0f066a214c2f5e87bad3c948f4d605d)
Start importing Assets/3D Asserts/Lizard man/Medieval Series/Lizard Men/Source/Textures/T_Lizard_Man_3_MS.tga using Guid(35fac2ca1548a3f47ba7dae61ad4b34d) Importer(2089858483,b0f066a214c2f5e87bad3c948f4d605d) (ScriptedImporter) -> (artifact id: 'f29a9cd5b97f13b759aca3ab16d1a79d') in 0.0546221 seconds
Number of updated asset objects reloaded before import = 0Number of asset objects unloaded after import = 1

========================================================================
Received Import Request.
  Time since last request: 0.000018 seconds.
  path: Assets/3D Asserts/Lizard man/Medieval Series/Lizard Men/Source/Textures/Lizard_Man_3 [Albedo].tga
  artifactKey: Guid(7d328285e559ec54a8c60d7aae1312b9) Importer(2089858483,b0f066a214c2f5e87bad3c948f4d605d)
Start importing Assets/3D Asserts/Lizard man/Medieval Series/Lizard Men/Source/Textures/Lizard_Man_3 [Albedo].tga using Guid(7d328285e559ec54a8c60d7aae1312b9) Importer(2089858483,b0f066a214c2f5e87bad3c948f4d605d) (ScriptedImporter) -> (artifact id: 'fd736b2e15a6eb0690219a93d01017fe') in 0.0535875 seconds
Number of updated asset objects reloaded before import = 0Number of asset objects unloaded after import = 1

========================================================================
Received Import Request.
  Time since last request: 0.000022 seconds.
  path: Assets/3D Asserts/Lizard man/Medieval Series/Lizard Men/Source/Materials/Lizard Man_1_var.mat
  artifactKey: Guid(c2a3d88142518ca428eba4e4e373f55a) Importer(2089858483,b0f066a214c2f5e87bad3c948f4d605d)
Start importing Assets/3D Asserts/Lizard man/Medieval Series/Lizard Men/Source/Materials/Lizard Man_1_var.mat using Guid(c2a3d88142518ca428eba4e4e373f55a) Importer(2089858483,b0f066a214c2f5e87bad3c948f4d605d) (ScriptedImporter) -> (artifact id: '58f75b96d77dd94ff7dd39c81f543165') in 0.1220075 seconds
Number of updated asset objects reloaded before import = 0Number of asset objects unloaded after import = 5

========================================================================
Received Import Request.
  Time since last request: 0.000126 seconds.
  path: Assets/3D Asserts/Lizard man/Medieval Series/Lizard Men/Source/Textures/Lizard4.mat
  artifactKey: Guid(ee27c93e433000d4cb9861d64f80851d) Importer(2089858483,b0f066a214c2f5e87bad3c948f4d605d)
Start importing Assets/3D Asserts/Lizard man/Medieval Series/Lizard Men/Source/Textures/Lizard4.mat using Guid(ee27c93e433000d4cb9861d64f80851d) Importer(2089858483,b0f066a214c2f5e87bad3c948f4d605d) (ScriptedImporter) -> (artifact id: 'd6b7b7d7ffab582a2aa09be0f1a52818') in 0.1168185 seconds
Number of updated asset objects reloaded before import = 0Number of asset objects unloaded after import = 4

========================================================================
Received Import Request.
  Time since last request: 0.000046 seconds.
  path: Assets/3D Asserts/Lizard man/Medieval Series/Lizard Men/Characters/LizardMan_2.prefab
  artifactKey: Guid(eaf85e9e193a96d44b43f623d36cf7e9) Importer(2089858483,b0f066a214c2f5e87bad3c948f4d605d)
Start importing Assets/3D Asserts/Lizard man/Medieval Series/Lizard Men/Characters/LizardMan_2.prefab using Guid(eaf85e9e193a96d44b43f623d36cf7e9) Importer(2089858483,b0f066a214c2f5e87bad3c948f4d605d) (ScriptedImporter) -> (artifact id: '96a6855563e4392ebfa322b95f00de1c') in 0.0420886 seconds
Number of updated asset objects reloaded before import = 0Number of asset objects unloaded after import = 741

========================================================================
Received Import Request.
  Time since last request: 0.000033 seconds.
  path: Assets/3D Asserts/Lizard man/Polygonmaker - Shader/Source/Rotation.controller
  artifactKey: Guid(4f6006e6296ca5c4a9b632a0613cded7) Importer(2089858483,b0f066a214c2f5e87bad3c948f4d605d)
Start importing Assets/3D Asserts/Lizard man/Polygonmaker - Shader/Source/Rotation.controller using Guid(4f6006e6296ca5c4a9b632a0613cded7) Importer(2089858483,b0f066a214c2f5e87bad3c948f4d605d) (ScriptedImporter) -> (artifact id: '6346b49beea73b386a2c14f84befce17') in 0.0206739 seconds
Number of updated asset objects reloaded before import = 0Number of asset objects unloaded after import = 4

========================================================================
Received Import Request.
  Time since last request: 0.000028 seconds.
  path: Assets/3D Asserts/Lizard man/Medieval Series/Lizard Men/Source/Materials/Lizard Man_1.mat
  artifactKey: Guid(f9adaa6993b4a914b802c6d9cd1cfd0f) Importer(2089858483,b0f066a214c2f5e87bad3c948f4d605d)
Start importing Assets/3D Asserts/Lizard man/Medieval Series/Lizard Men/Source/Materials/Lizard Man_1.mat using Guid(f9adaa6993b4a914b802c6d9cd1cfd0f) Importer(2089858483,b0f066a214c2f5e87bad3c948f4d605d) (ScriptedImporter) -> (artifact id: 'bac46f270d4fd8f8523190eebb151bef') in 0.1417288 seconds
Number of updated asset objects reloaded before import = 0Number of asset objects unloaded after import = 5

========================================================================
Received Import Request.
  Time since last request: 0.000048 seconds.
  path: Assets/3D Asserts/Lizard man/Medieval Series/Lizard Men/Source/Materials/Mobile/Helmet_Mobile.mat
  artifactKey: Guid(9bfad81dd48641b4ca62ff15530bc07d) Importer(2089858483,b0f066a214c2f5e87bad3c948f4d605d)
Start importing Assets/3D Asserts/Lizard man/Medieval Series/Lizard Men/Source/Materials/Mobile/Helmet_Mobile.mat using Guid(9bfad81dd48641b4ca62ff15530bc07d) Importer(2089858483,b0f066a214c2f5e87bad3c948f4d605d) (ScriptedImporter) -> (artifact id: '90d76c29bb2274ef42a304c66f2dca84') in 0.0213694 seconds
Number of updated asset objects reloaded before import = 0Number of asset objects unloaded after import = 2

========================================================================
Received Import Request.
  Time since last request: 0.000057 seconds.
  path: Assets/3D Asserts/Lizard man/Medieval Series/Lizard Men/Weapons/Textures/T_Club-Horde_02_D.tga
  artifactKey: Guid(607124475c7df364aa45a31b3705c46a) Importer(2089858483,b0f066a214c2f5e87bad3c948f4d605d)
Start importing Assets/3D Asserts/Lizard man/Medieval Series/Lizard Men/Weapons/Textures/T_Club-Horde_02_D.tga using Guid(607124475c7df364aa45a31b3705c46a) Importer(2089858483,b0f066a214c2f5e87bad3c948f4d605d) (ScriptedImporter) -> (artifact id: 'b21f52391debe73b124eedb448ad677c') in 0.0179207 seconds
Number of updated asset objects reloaded before import = 0Number of asset objects unloaded after import = 1

========================================================================
Received Import Request.
  Time since last request: 0.000021 seconds.
  path: Assets/3D Asserts/Lizard man/Medieval Series/Lizard Men/Weapons/Source
  artifactKey: Guid(82a49d4db898ba247be6f3838d32be9c) Importer(2089858483,b0f066a214c2f5e87bad3c948f4d605d)
Start importing Assets/3D Asserts/Lizard man/Medieval Series/Lizard Men/Weapons/Source using Guid(82a49d4db898ba247be6f3838d32be9c) Importer(2089858483,b0f066a214c2f5e87bad3c948f4d605d) (ScriptedImporter) -> (artifact id: '73069ffe3c6ccf0e9af582c6ed94873e') in 0.003929 seconds
Number of updated asset objects reloaded before import = 0Number of asset objects unloaded after import = 1

========================================================================
Received Import Request.
  Time since last request: 0.000021 seconds.
  path: Assets/3D Asserts/Lizard man/Medieval Series/Lizard Men/Weapons/Textures/T_Shield-Tribal_01_N.tga
  artifactKey: Guid(4dfe9540388373a4586cd19cb0e79fbd) Importer(2089858483,b0f066a214c2f5e87bad3c948f4d605d)
Start importing Assets/3D Asserts/Lizard man/Medieval Series/Lizard Men/Weapons/Textures/T_Shield-Tribal_01_N.tga using Guid(4dfe9540388373a4586cd19cb0e79fbd) Importer(2089858483,b0f066a214c2f5e87bad3c948f4d605d) (ScriptedImporter) -> (artifact id: '3aa1849c2f6efb1b20d029c9974a8440') in 0.0558326 seconds
Number of updated asset objects reloaded before import = 0Number of asset objects unloaded after import = 1

========================================================================
Received Import Request.
  Time since last request: 0.000029 seconds.
  path: Assets/3D Asserts/Lizard man/Medieval Series/Lizard Men/Weapons/Textures/T_Spear-Primitive_01_N.tga
  artifactKey: Guid(c72269421dfd5a44790aed0b159fc778) Importer(2089858483,b0f066a214c2f5e87bad3c948f4d605d)
Start importing Assets/3D Asserts/Lizard man/Medieval Series/Lizard Men/Weapons/Textures/T_Spear-Primitive_01_N.tga using Guid(c72269421dfd5a44790aed0b159fc778) Importer(2089858483,b0f066a214c2f5e87bad3c948f4d605d) (ScriptedImporter) -> (artifact id: 'b98eb89c8c46a965de19a7527b2f55f1') in 0.0106041 seconds
Number of updated asset objects reloaded before import = 0Number of asset objects unloaded after import = 1

========================================================================
Received Import Request.
  Time since last request: 0.000037 seconds.
  path: Assets/3D Asserts/Lizard man/Medieval Series/Lizard Men/Source/Textures/Helmet.mat
  artifactKey: Guid(e06457ad1cb6efe408a4157cfb71b3b7) Importer(2089858483,b0f066a214c2f5e87bad3c948f4d605d)
Start importing Assets/3D Asserts/Lizard man/Medieval Series/Lizard Men/Source/Textures/Helmet.mat using Guid(e06457ad1cb6efe408a4157cfb71b3b7) Importer(2089858483,b0f066a214c2f5e87bad3c948f4d605d) (ScriptedImporter) -> (artifact id: '6ef2587be3b2fe02cd1983645946aa1f') in 0.0180075 seconds
Number of updated asset objects reloaded before import = 0Number of asset objects unloaded after import = 4

========================================================================
Received Import Request.
  Time since last request: 0.000018 seconds.
  path: Assets/3D Asserts/Lizard man/Medieval Series/Lizard Men/Weapons/Textures/T_Axe-Wraith_01_MS.tga
  artifactKey: Guid(6bcba07e72c3ae943a47bfa818f40436) Importer(2089858483,b0f066a214c2f5e87bad3c948f4d605d)
Start importing Assets/3D Asserts/Lizard man/Medieval Series/Lizard Men/Weapons/Textures/T_Axe-Wraith_01_MS.tga using Guid(6bcba07e72c3ae943a47bfa818f40436) Importer(2089858483,b0f066a214c2f5e87bad3c948f4d605d) (ScriptedImporter) -> (artifact id: '0d4339438ffe97b07499fd5067c5a0c4') in 0.017032 seconds
Number of updated asset objects reloaded before import = 0Number of asset objects unloaded after import = 1

========================================================================
Received Import Request.
  Time since last request: 0.000018 seconds.
  path: Assets/3D Asserts/Lizard man/Medieval Series/Lizard Men/Animations/Anim_LizardMan@attack2.FBX
  artifactKey: Guid(a144557a5f8ed504cb28761fec23871e) Importer(2089858483,b0f066a214c2f5e87bad3c948f4d605d)
Start importing Assets/3D Asserts/Lizard man/Medieval Series/Lizard Men/Animations/Anim_LizardMan@attack2.FBX using Guid(a144557a5f8ed504cb28761fec23871e) Importer(2089858483,b0f066a214c2f5e87bad3c948f4d605d) (ScriptedImporter) -> (artifact id: '80797035272a11ef7508b693dd7e16cb') in 0.0371477 seconds
Number of updated asset objects reloaded before import = 0Number of asset objects unloaded after import = 217

========================================================================
Received Import Request.
  Time since last request: 0.000048 seconds.
  path: Assets/3D Asserts/Lizard man/Medieval Series/Lizard Men/Weapons/Textures/T_Shield-Orc_1_MS.tga
  artifactKey: Guid(7d0136aa43b995043a518c752224e16b) Importer(2089858483,b0f066a214c2f5e87bad3c948f4d605d)
Start importing Assets/3D Asserts/Lizard man/Medieval Series/Lizard Men/Weapons/Textures/T_Shield-Orc_1_MS.tga using Guid(7d0136aa43b995043a518c752224e16b) Importer(2089858483,b0f066a214c2f5e87bad3c948f4d605d) (ScriptedImporter) -> (artifact id: '8fef797fb0e8dcc815656f7302ab9252') in 0.0219695 seconds
Number of updated asset objects reloaded before import = 0Number of asset objects unloaded after import = 1

========================================================================
Received Import Request.
  Time since last request: 342.336086 seconds.
  path: Assets/Sci Fi Gun Light/Textures/ColorVar
  artifactKey: Guid(fb60a2b18948f9f49bc49d74160e7bee) Importer(2089858483,b0f066a214c2f5e87bad3c948f4d605d)
Start importing Assets/Sci Fi Gun Light/Textures/ColorVar using Guid(fb60a2b18948f9f49bc49d74160e7bee) Importer(2089858483,b0f066a214c2f5e87bad3c948f4d605d) (ScriptedImporter) -> (artifact id: 'b41b9ff399f9ade38fe09661dbbfeb28') in 0.0050216 seconds
Number of updated asset objects reloaded before import = 0Number of asset objects unloaded after import = 1

========================================================================
Received Import Request.
  Time since last request: 0.000026 seconds.
  path: Assets/Sci Fi Gun Light/Textures/ColorVar/Yellow/SciFiGunLight_SpecularSmoothness.png
  artifactKey: Guid(0b8ce592b1bd0494da54b661f841ae71) Importer(2089858483,b0f066a214c2f5e87bad3c948f4d605d)
Start importing Assets/Sci Fi Gun Light/Textures/ColorVar/Yellow/SciFiGunLight_SpecularSmoothness.png using Guid(0b8ce592b1bd0494da54b661f841ae71) Importer(2089858483,b0f066a214c2f5e87bad3c948f4d605d) (ScriptedImporter) -> (artifact id: 'fbc879e1c56482639c2b086c3ef9f9b8') in 0.0288696 seconds
Number of updated asset objects reloaded before import = 0Number of asset objects unloaded after import = 1

========================================================================
Received Import Request.
  Time since last request: 0.000025 seconds.
  path: Assets/Sci Fi Gun Light/Scenes
  artifactKey: Guid(be247ee8a7532484ba356f8bf405901c) Importer(2089858483,b0f066a214c2f5e87bad3c948f4d605d)
Start importing Assets/Sci Fi Gun Light/Scenes using Guid(be247ee8a7532484ba356f8bf405901c) Importer(2089858483,b0f066a214c2f5e87bad3c948f4d605d) (ScriptedImporter) -> (artifact id: '457cd944b61a7ed6f3640a78a13804b1') in 0.0035672 seconds
Number of updated asset objects reloaded before import = 0Number of asset objects unloaded after import = 1

========================================================================
Received Import Request.
  Time since last request: 0.000086 seconds.
  path: Assets/Sci Fi Gun Light/Models/SciFiGunLight.FBX
  artifactKey: Guid(584761fab006d6d42b4d0d8c56a51241) Importer(2089858483,b0f066a214c2f5e87bad3c948f4d605d)
Start importing Assets/Sci Fi Gun Light/Models/SciFiGunLight.FBX using Guid(584761fab006d6d42b4d0d8c56a51241) Importer(2089858483,b0f066a214c2f5e87bad3c948f4d605d) (ScriptedImporter) -> (artifact id: 'b1b90f791f7f8f29af59c75093538657') in 0.0122562 seconds
Number of updated asset objects reloaded before import = 0Number of asset objects unloaded after import = 7

========================================================================
Received Import Request.
  Time since last request: 0.000053 seconds.
  path: Assets/Sci Fi Gun Light/Textures/ColorVar/Black/SciFiGunLight_SpecularSmoothness.png
  artifactKey: Guid(76c37d6e53904d04cb88024352ca5de1) Importer(2089858483,b0f066a214c2f5e87bad3c948f4d605d)
Start importing Assets/Sci Fi Gun Light/Textures/ColorVar/Black/SciFiGunLight_SpecularSmoothness.png using Guid(76c37d6e53904d04cb88024352ca5de1) Importer(2089858483,b0f066a214c2f5e87bad3c948f4d605d) (ScriptedImporter) -> (artifact id: 'bd2b93b5529aad40505a61e1607a9628') in 0.0176213 seconds
Number of updated asset objects reloaded before import = 0Number of asset objects unloaded after import = 1

========================================================================
Received Import Request.
  Time since last request: 0.000019 seconds.
  path: Assets/Sci Fi Gun Light/Materials
  artifactKey: Guid(a284953c5d79bdf4c8b4ee52f2cef5ae) Importer(2089858483,b0f066a214c2f5e87bad3c948f4d605d)
Start importing Assets/Sci Fi Gun Light/Materials using Guid(a284953c5d79bdf4c8b4ee52f2cef5ae) Importer(2089858483,b0f066a214c2f5e87bad3c948f4d605d) (ScriptedImporter) -> (artifact id: '2aa36ea6d053696b8baecc28496a1a3f') in 0.0039234 seconds
Number of updated asset objects reloaded before import = 0Number of asset objects unloaded after import = 1

========================================================================
Received Import Request.
  Time since last request: 0.000023 seconds.
  path: Assets/Sci Fi Gun Light/Prefabs/SciFiGunLight/SciFiGunLight_Rad.prefab
  artifactKey: Guid(460b09b3999f980448b54c53b41f5873) Importer(2089858483,b0f066a214c2f5e87bad3c948f4d605d)
Start importing Assets/Sci Fi Gun Light/Prefabs/SciFiGunLight/SciFiGunLight_Rad.prefab using Guid(460b09b3999f980448b54c53b41f5873) Importer(2089858483,b0f066a214c2f5e87bad3c948f4d605d) (ScriptedImporter) -> (artifact id: 'bb6b95261d711128b29e57b32eb1deec') in 0.012065 seconds
Number of updated asset objects reloaded before import = 0Number of asset objects unloaded after import = 8

========================================================================
Received Import Request.
  Time since last request: 0.000033 seconds.
  path: Assets/Sci Fi Gun Light/Textures/ColorVar/Rad/SciFiGunLight_SpecularSmoothness.png
  artifactKey: Guid(5dc16573886fd1c45b0a50aaeb5642ce) Importer(2089858483,b0f066a214c2f5e87bad3c948f4d605d)
Start importing Assets/Sci Fi Gun Light/Textures/ColorVar/Rad/SciFiGunLight_SpecularSmoothness.png using Guid(5dc16573886fd1c45b0a50aaeb5642ce) Importer(2089858483,b0f066a214c2f5e87bad3c948f4d605d) (ScriptedImporter) -> (artifact id: '2557d480e6f4976e43970ca22220d0e8') in 0.0128998 seconds
Number of updated asset objects reloaded before import = 0Number of asset objects unloaded after import = 1

========================================================================
Received Import Request.
  Time since last request: 0.000018 seconds.
  path: Assets/Sci Fi Gun Light/Materials/SciFiGunLight/SciFiGunLight_Blue.mat
  artifactKey: Guid(5c7176cef124e1a4793b448ed91b74e1) Importer(2089858483,b0f066a214c2f5e87bad3c948f4d605d)
Start importing Assets/Sci Fi Gun Light/Materials/SciFiGunLight/SciFiGunLight_Blue.mat using Guid(5c7176cef124e1a4793b448ed91b74e1) Importer(2089858483,b0f066a214c2f5e87bad3c948f4d605d) (ScriptedImporter) -> (artifact id: '435f2307c2b1e7ad1706ea9db001e581') in 0.118162 seconds
Number of updated asset objects reloaded before import = 0Number of asset objects unloaded after import = 5

========================================================================
Received Import Request.
  Time since last request: 0.000031 seconds.
  path: Assets/Sci Fi Gun Light/Textures/ColorVar/Blue/SciFiGunLight_SpecularSmoothness.png
  artifactKey: Guid(1cd8a58c1c3ab284b950c3a690742077) Importer(2089858483,b0f066a214c2f5e87bad3c948f4d605d)
Start importing Assets/Sci Fi Gun Light/Textures/ColorVar/Blue/SciFiGunLight_SpecularSmoothness.png using Guid(1cd8a58c1c3ab284b950c3a690742077) Importer(2089858483,b0f066a214c2f5e87bad3c948f4d605d) (ScriptedImporter) -> (artifact id: '4f725ffb2ef91cbe8e38d80cd5f81561') in 0.0208369 seconds
Number of updated asset objects reloaded before import = 0Number of asset objects unloaded after import = 1

========================================================================
Received Import Request.
  Time since last request: 0.000037 seconds.
  path: Assets/Sci Fi Gun Light/Textures/ColorVar/SciFiGunLight_Normal.png
  artifactKey: Guid(ccc8c4c4e95fdcc4c9ae6aae9295360f) Importer(2089858483,b0f066a214c2f5e87bad3c948f4d605d)
Start importing Assets/Sci Fi Gun Light/Textures/ColorVar/SciFiGunLight_Normal.png using Guid(ccc8c4c4e95fdcc4c9ae6aae9295360f) Importer(2089858483,b0f066a214c2f5e87bad3c948f4d605d) (ScriptedImporter) -> (artifact id: 'beac66d8c7de8bd958da1be7b2165f35') in 0.0132154 seconds
Number of updated asset objects reloaded before import = 0Number of asset objects unloaded after import = 1

========================================================================
Received Import Request.
  Time since last request: 0.000019 seconds.
  path: Assets/Sci Fi Gun Light/Textures/ColorVar/Yellow
  artifactKey: Guid(a35fff97f1fe9434186fdb2db8405317) Importer(2089858483,b0f066a214c2f5e87bad3c948f4d605d)
Start importing Assets/Sci Fi Gun Light/Textures/ColorVar/Yellow using Guid(a35fff97f1fe9434186fdb2db8405317) Importer(2089858483,b0f066a214c2f5e87bad3c948f4d605d) (ScriptedImporter) -> (artifact id: '74de1e930e9964161302d2f715798cfa') in 0.0037689 seconds
Number of updated asset objects reloaded before import = 0Number of asset objects unloaded after import = 1

========================================================================
Received Import Request.
  Time since last request: 0.000016 seconds.
  path: Assets/Sci Fi Gun Light/Materials/CubeMap.exr
  artifactKey: Guid(bc5d7914c594d274b9bb50cb9f34081d) Importer(2089858483,b0f066a214c2f5e87bad3c948f4d605d)
Start importing Assets/Sci Fi Gun Light/Materials/CubeMap.exr using Guid(bc5d7914c594d274b9bb50cb9f34081d) Importer(2089858483,b0f066a214c2f5e87bad3c948f4d605d) (ScriptedImporter) -> (artifact id: '93c24b7a9d0536e625ead9ff5c35970c') in 0.0825766 seconds
Number of updated asset objects reloaded before import = 0Number of asset objects unloaded after import = 1

========================================================================
Received Import Request.
  Time since last request: 0.000039 seconds.
  path: Assets/Sci Fi Gun Light
  artifactKey: Guid(7f2552ce5c0102c4797360cc4f760e74) Importer(2089858483,b0f066a214c2f5e87bad3c948f4d605d)
Start importing Assets/Sci Fi Gun Light using Guid(7f2552ce5c0102c4797360cc4f760e74) Importer(2089858483,b0f066a214c2f5e87bad3c948f4d605d) (ScriptedImporter) -> (artifact id: '431f974b6ecb1ce2456c4679f309bff4') in 0.0036452 seconds
Number of updated asset objects reloaded before import = 0Number of asset objects unloaded after import = 1

========================================================================
Received Import Request.
  Time since last request: 0.000035 seconds.
  path: Assets/Sci Fi Gun Light/Textures/ColorVar/SciFiGunLight_Emission2.png
  artifactKey: Guid(64860141afa10c84780f3416e43c23e4) Importer(2089858483,b0f066a214c2f5e87bad3c948f4d605d)
Start importing Assets/Sci Fi Gun Light/Textures/ColorVar/SciFiGunLight_Emission2.png using Guid(64860141afa10c84780f3416e43c23e4) Importer(2089858483,b0f066a214c2f5e87bad3c948f4d605d) (ScriptedImporter) -> (artifact id: '908285f8be87f9515c575de53edec3b8') in 0.0140745 seconds
Number of updated asset objects reloaded before import = 0Number of asset objects unloaded after import = 1

========================================================================
Received Import Request.
  Time since last request: 0.000023 seconds.
  path: Assets/Sci Fi Gun Light/Prefabs
  artifactKey: Guid(14dbb18d3678c234da1023e170abe6c5) Importer(2089858483,b0f066a214c2f5e87bad3c948f4d605d)
Start importing Assets/Sci Fi Gun Light/Prefabs using Guid(14dbb18d3678c234da1023e170abe6c5) Importer(2089858483,b0f066a214c2f5e87bad3c948f4d605d) (ScriptedImporter) -> (artifact id: 'e1c3f2eab86b7dc403d3d74563e58887') in 0.0042423 seconds
Number of updated asset objects reloaded before import = 0Number of asset objects unloaded after import = 1

========================================================================
Received Import Request.
  Time since last request: 0.000016 seconds.
  path: Assets/Sci Fi Gun Light/Textures/ColorVar/White/SciFiGunLight_AlbedoTransparency.png
  artifactKey: Guid(56c0f62345b42d74884feea1fce72e9e) Importer(2089858483,b0f066a214c2f5e87bad3c948f4d605d)
Start importing Assets/Sci Fi Gun Light/Textures/ColorVar/White/SciFiGunLight_AlbedoTransparency.png using Guid(56c0f62345b42d74884feea1fce72e9e) Importer(2089858483,b0f066a214c2f5e87bad3c948f4d605d) (ScriptedImporter) -> (artifact id: '172413809cef0e59c3867374f37a95ea') in 0.0135703 seconds
Number of updated asset objects reloaded before import = 0Number of asset objects unloaded after import = 1

========================================================================
Received Import Request.
  Time since last request: 0.000021 seconds.
  path: Assets/Sci Fi Gun Light/Textures/ColorVar/Rad
  artifactKey: Guid(217f380a175a1fb4495d6cc370a4d286) Importer(2089858483,b0f066a214c2f5e87bad3c948f4d605d)
Start importing Assets/Sci Fi Gun Light/Textures/ColorVar/Rad using Guid(217f380a175a1fb4495d6cc370a4d286) Importer(2089858483,b0f066a214c2f5e87bad3c948f4d605d) (ScriptedImporter) -> (artifact id: '5896c347c6944ffff9014ab06cc79d88') in 0.0054751 seconds
Number of updated asset objects reloaded before import = 0Number of asset objects unloaded after import = 1

========================================================================
Received Import Request.
  Time since last request: 0.000032 seconds.
  path: Assets/Sci Fi Gun Light/Textures/ColorVar/Rad/SciFiGunLight_AlbedoTransparency.png
  artifactKey: Guid(96c535fa8847b2843a9c401fe65830fa) Importer(2089858483,b0f066a214c2f5e87bad3c948f4d605d)
Start importing Assets/Sci Fi Gun Light/Textures/ColorVar/Rad/SciFiGunLight_AlbedoTransparency.png using Guid(96c535fa8847b2843a9c401fe65830fa) Importer(2089858483,b0f066a214c2f5e87bad3c948f4d605d) (ScriptedImporter) -> (artifact id: '23707b91fed3bb19faa50501070d155a') in 0.0149354 seconds
Number of updated asset objects reloaded before import = 0Number of asset objects unloaded after import = 1

========================================================================
Received Import Request.
  Time since last request: 0.000023 seconds.
  path: Assets/Sci Fi Gun Light/Models
  artifactKey: Guid(33f9dadd88dcf4745a5f22e0c5b26f46) Importer(2089858483,b0f066a214c2f5e87bad3c948f4d605d)
Start importing Assets/Sci Fi Gun Light/Models using Guid(33f9dadd88dcf4745a5f22e0c5b26f46) Importer(2089858483,b0f066a214c2f5e87bad3c948f4d605d) (ScriptedImporter) -> (artifact id: '768d67e51514a1650aa8254bdc753aa1') in 0.003664 seconds
Number of updated asset objects reloaded before import = 0Number of asset objects unloaded after import = 1

========================================================================
Received Import Request.
  Time since last request: 0.000019 seconds.
  path: Assets/Sci Fi Gun Light/Textures
  artifactKey: Guid(bdcc5e75277bf8c4aa5ced51627cfa85) Importer(2089858483,b0f066a214c2f5e87bad3c948f4d605d)
Start importing Assets/Sci Fi Gun Light/Textures using Guid(bdcc5e75277bf8c4aa5ced51627cfa85) Importer(2089858483,b0f066a214c2f5e87bad3c948f4d605d) (ScriptedImporter) -> (artifact id: '35dc044c8c502161600f108420751070') in 0.003715 seconds
Number of updated asset objects reloaded before import = 0Number of asset objects unloaded after import = 1

========================================================================
Received Import Request.
  Time since last request: 9.662453 seconds.
  path: Assets/Sci Fi Gun Light/Prefabs/SciFiGunLight/SciFiGunLight_Blue.prefab
  artifactKey: Guid(371711cf542f6d84bafd6596c502935b) Importer(815301076,1909f56bfc062723c751e8b465ee728b)
Start importing Assets/Sci Fi Gun Light/Prefabs/SciFiGunLight/SciFiGunLight_Blue.prefab using Guid(371711cf542f6d84bafd6596c502935b) Importer(815301076,1909f56bfc062723c751e8b465ee728b) (PreviewImporter) -> (artifact id: '20229773ce2f4e02bf0cb6944f5dacea') in 0.7342564 seconds
Number of updated asset objects reloaded before import = 0Number of asset objects unloaded after import = 12

========================================================================
Received Import Request.
  Time since last request: 0.000081 seconds.
  path: Assets/Sci Fi Gun Light/Prefabs/SciFiGunLight/SciFiGunLight_White.prefab
  artifactKey: Guid(a1db201987255e14ebc8e3c4476a247f) Importer(815301076,1909f56bfc062723c751e8b465ee728b)
Start importing Assets/Sci Fi Gun Light/Prefabs/SciFiGunLight/SciFiGunLight_White.prefab using Guid(a1db201987255e14ebc8e3c4476a247f) Importer(815301076,1909f56bfc062723c751e8b465ee728b) (PreviewImporter) -> (artifact id: '718b661688512fb69fe44350964a94f8') in 0.0322321 seconds
Number of updated asset objects reloaded before import = 0Number of asset objects unloaded after import = 12

========================================================================
Received Import Request.
  Time since last request: 13.450680 seconds.
  path: Assets/Sci Fi Gun Light/Scenes/SciFiGunLight_Preview_Scene.unity
  artifactKey: Guid(1f8aa587b96c591469c11fa74f73028a) Importer(2089858483,e11c23a36db5f54750b8cd40eac0985b)
Start importing Assets/Sci Fi Gun Light/Scenes/SciFiGunLight_Preview_Scene.unity using Guid(1f8aa587b96c591469c11fa74f73028a) Importer(2089858483,e11c23a36db5f54750b8cd40eac0985b) (ScriptedImporter)Opening scene 'Assets/Sci Fi Gun Light/Scenes/SciFiGunLight_Preview_Scene.unity additively'
Loaded scene 'Assets/Sci Fi Gun Light/Scenes/SciFiGunLight_Preview_Scene.unity'
	Deserialize:            0.846 ms
	Integration:            13.545 ms
	Integration of assets:  0.008 ms
	Thread Wait Time:       0.011 ms
	Total Operation Time:   14.410 ms
 -> (artifact id: 'c23b274f91b1118ded282a30a0ff0fb4') in 0.0831606 seconds
Number of updated asset objects reloaded before import = 0Number of asset objects unloaded after import = 37

========================================================================
Received Import Request.
  Time since last request: 0.000049 seconds.
  path: Assets/3D Asserts/Lizard man/Medieval Series/Lizard Men/Characters/LizardMan_5.prefab
  artifactKey: Guid(1b8e6a7dc0106a8488fcff095a6c5053) Importer(2089858483,e11c23a36db5f54750b8cd40eac0985b)
Start importing Assets/3D Asserts/Lizard man/Medieval Series/Lizard Men/Characters/LizardMan_5.prefab using Guid(1b8e6a7dc0106a8488fcff095a6c5053) Importer(2089858483,e11c23a36db5f54750b8cd40eac0985b) (ScriptedImporter) -> (artifact id: '4f6686f527ed5a0129ded276a04570e2') in 0.1451019 seconds
Number of updated asset objects reloaded before import = 0Number of asset objects unloaded after import = 499

========================================================================
Received Import Request.
  Time since last request: 0.000039 seconds.
  path: Assets/Sci Fi Gun Light/Prefabs/SciFiGunLight/SciFiGunLight_Black.prefab
  artifactKey: Guid(d32892c82a841e34bb692140d685dcfc) Importer(2089858483,e11c23a36db5f54750b8cd40eac0985b)
Start importing Assets/Sci Fi Gun Light/Prefabs/SciFiGunLight/SciFiGunLight_Black.prefab using Guid(d32892c82a841e34bb692140d685dcfc) Importer(2089858483,e11c23a36db5f54750b8cd40eac0985b) (ScriptedImporter) -> (artifact id: '0f5c0b8986ad9e5dafcb4e226fb2fcb4') in 0.0092984 seconds
Number of updated asset objects reloaded before import = 0Number of asset objects unloaded after import = 8

========================================================================
Received Import Request.
  Time since last request: 0.000036 seconds.
  path: Assets/3D Asserts/Lizard man/Medieval Series/Lizard Men/Characters/LizardMan_3.prefab
  artifactKey: Guid(f3f2345ca553e534c880dd00d950c6d7) Importer(2089858483,e11c23a36db5f54750b8cd40eac0985b)
Start importing Assets/3D Asserts/Lizard man/Medieval Series/Lizard Men/Characters/LizardMan_3.prefab using Guid(f3f2345ca553e534c880dd00d950c6d7) Importer(2089858483,e11c23a36db5f54750b8cd40eac0985b) (ScriptedImporter) -> (artifact id: '212e7bc6debe9773376a2d03289ae33f') in 0.2066829 seconds
Number of updated asset objects reloaded before import = 0Number of asset objects unloaded after import = 742

========================================================================
Received Import Request.
  Time since last request: 0.000050 seconds.
  path: Assets/3D Asserts/Lizard man/Medieval Series/Lizard Men/Weapons/Spear-Horde_1.prefab
  artifactKey: Guid(5a90faa8cc6e4754980f46a37848c31f) Importer(2089858483,e11c23a36db5f54750b8cd40eac0985b)
Start importing Assets/3D Asserts/Lizard man/Medieval Series/Lizard Men/Weapons/Spear-Horde_1.prefab using Guid(5a90faa8cc6e4754980f46a37848c31f) Importer(2089858483,e11c23a36db5f54750b8cd40eac0985b) (ScriptedImporter) -> (artifact id: 'b59709cbc3b939f2c4263373324c30db') in 0.0298104 seconds
Number of updated asset objects reloaded before import = 0Number of asset objects unloaded after import = 21

========================================================================
Received Import Request.
  Time since last request: 0.000041 seconds.
  path: Assets/3D Asserts/Lizard man/Polygonmaker - Shader/Source/GolemMesh Variant.prefab
  artifactKey: Guid(2f0a3a28c854d2140b1b3145c9f3182b) Importer(2089858483,e11c23a36db5f54750b8cd40eac0985b)
Start importing Assets/3D Asserts/Lizard man/Polygonmaker - Shader/Source/GolemMesh Variant.prefab using Guid(2f0a3a28c854d2140b1b3145c9f3182b) Importer(2089858483,e11c23a36db5f54750b8cd40eac0985b) (ScriptedImporter) -> (artifact id: 'c15e478dc637c8049a4119215dd2a868') in 0.0083088 seconds
Number of updated asset objects reloaded before import = 0Number of asset objects unloaded after import = 14

========================================================================
Received Import Request.
  Time since last request: 0.000037 seconds.
  path: Assets/Sci Fi Gun Light/Prefabs/SciFiGunLight/SciFiGunLight_White.prefab
  artifactKey: Guid(a1db201987255e14ebc8e3c4476a247f) Importer(2089858483,e11c23a36db5f54750b8cd40eac0985b)
Start importing Assets/Sci Fi Gun Light/Prefabs/SciFiGunLight/SciFiGunLight_White.prefab using Guid(a1db201987255e14ebc8e3c4476a247f) Importer(2089858483,e11c23a36db5f54750b8cd40eac0985b) (ScriptedImporter) -> (artifact id: '758f2614b189feecc73c8f114f6573f5') in 0.0076339 seconds
Number of updated asset objects reloaded before import = 0Number of asset objects unloaded after import = 8

========================================================================
Received Import Request.
  Time since last request: 0.000027 seconds.
  path: Assets/3D Asserts/Lizard man/Medieval Series/Lizard Men/Characters/LizardMan_Female_1.prefab
  artifactKey: Guid(1e82916daea7b7c43a471a102ef70b3c) Importer(2089858483,e11c23a36db5f54750b8cd40eac0985b)
Start importing Assets/3D Asserts/Lizard man/Medieval Series/Lizard Men/Characters/LizardMan_Female_1.prefab using Guid(1e82916daea7b7c43a471a102ef70b3c) Importer(2089858483,e11c23a36db5f54750b8cd40eac0985b) (ScriptedImporter) -> (artifact id: 'd9b41e3a55a01043bb41a86b65f8fd82') in 0.1330184 seconds
Number of updated asset objects reloaded before import = 0Number of asset objects unloaded after import = 742

========================================================================
Received Import Request.
  Time since last request: 0.000034 seconds.
  path: Assets/3D Asserts/Lizard man/Medieval Series/Lizard Men/Characters/LizardMan_3_var.prefab
  artifactKey: Guid(814b5dc489590c844a6a544d6a28ffd2) Importer(2089858483,e11c23a36db5f54750b8cd40eac0985b)
Start importing Assets/3D Asserts/Lizard man/Medieval Series/Lizard Men/Characters/LizardMan_3_var.prefab using Guid(814b5dc489590c844a6a544d6a28ffd2) Importer(2089858483,e11c23a36db5f54750b8cd40eac0985b) (ScriptedImporter) -> (artifact id: '2e1e9ae9bc7b31575952623035767bd8') in 0.1453675 seconds
Number of updated asset objects reloaded before import = 0Number of asset objects unloaded after import = 742

========================================================================
Received Import Request.
  Time since last request: 0.000044 seconds.
  path: Assets/3D Asserts/Lizard man/Medieval Series/Lizard Men/Weapons/Shield-Horde_1.prefab
  artifactKey: Guid(85f00968b97a6b44a9b7de4a665a421b) Importer(2089858483,e11c23a36db5f54750b8cd40eac0985b)
Start importing Assets/3D Asserts/Lizard man/Medieval Series/Lizard Men/Weapons/Shield-Horde_1.prefab using Guid(85f00968b97a6b44a9b7de4a665a421b) Importer(2089858483,e11c23a36db5f54750b8cd40eac0985b) (ScriptedImporter) -> (artifact id: '3ebdf8821ab83a36d4b869df49f3279b') in 0.0162592 seconds
Number of updated asset objects reloaded before import = 0Number of asset objects unloaded after import = 21

========================================================================
Received Import Request.
  Time since last request: 0.000027 seconds.
  path: Assets/3D Asserts/Lizard man/Medieval Series/Lizard Men/Characters/LizardMan_4.prefab
  artifactKey: Guid(8b97cdddbd31e8943b4d0675d4f3d33a) Importer(2089858483,e11c23a36db5f54750b8cd40eac0985b)
Start importing Assets/3D Asserts/Lizard man/Medieval Series/Lizard Men/Characters/LizardMan_4.prefab using Guid(8b97cdddbd31e8943b4d0675d4f3d33a) Importer(2089858483,e11c23a36db5f54750b8cd40eac0985b) (ScriptedImporter) -> (artifact id: '551e9b271425b3592c0f52123b85134c') in 0.1440789 seconds
Number of updated asset objects reloaded before import = 0Number of asset objects unloaded after import = 742

========================================================================
Received Import Request.
  Time since last request: 0.000045 seconds.
  path: Assets/3D Asserts/Lizard man/Medieval Series/Lizard Men/Weapons/Axe-Wraith_1.prefab
  artifactKey: Guid(1fd502842757f6b4286e8bb5330c3bc3) Importer(2089858483,e11c23a36db5f54750b8cd40eac0985b)
Start importing Assets/3D Asserts/Lizard man/Medieval Series/Lizard Men/Weapons/Axe-Wraith_1.prefab using Guid(1fd502842757f6b4286e8bb5330c3bc3) Importer(2089858483,e11c23a36db5f54750b8cd40eac0985b) (ScriptedImporter) -> (artifact id: '3b10e09314bc6edba359528e10faf36f') in 0.0231754 seconds
Number of updated asset objects reloaded before import = 0Number of asset objects unloaded after import = 21

========================================================================
Received Import Request.
  Time since last request: 0.000056 seconds.
  path: Assets/Sci Fi Gun Light/Prefabs/SciFiGunLight/SciFiGunLight_Rad.prefab
  artifactKey: Guid(460b09b3999f980448b54c53b41f5873) Importer(2089858483,e11c23a36db5f54750b8cd40eac0985b)
Start importing Assets/Sci Fi Gun Light/Prefabs/SciFiGunLight/SciFiGunLight_Rad.prefab using Guid(460b09b3999f980448b54c53b41f5873) Importer(2089858483,e11c23a36db5f54750b8cd40eac0985b) (ScriptedImporter) -> (artifact id: 'fcdc0fce00cc25f91c74c35efc787d68') in 0.00679 seconds
Number of updated asset objects reloaded before import = 0Number of asset objects unloaded after import = 8

========================================================================
Received Import Request.
  Time since last request: 0.000047 seconds.
  path: Assets/3D Asserts/Lizard man/Medieval Series/Lizard Men/Characters/LizardMan_2.prefab
  artifactKey: Guid(eaf85e9e193a96d44b43f623d36cf7e9) Importer(2089858483,e11c23a36db5f54750b8cd40eac0985b)
Start importing Assets/3D Asserts/Lizard man/Medieval Series/Lizard Men/Characters/LizardMan_2.prefab using Guid(eaf85e9e193a96d44b43f623d36cf7e9) Importer(2089858483,e11c23a36db5f54750b8cd40eac0985b) (ScriptedImporter) -> (artifact id: '9cdd63a519e96339b79f8dfc3ac3718e') in 0.1195411 seconds
Number of updated asset objects reloaded before import = 0Number of asset objects unloaded after import = 742

========================================================================
Received Import Request.
  Time since last request: 0.000043 seconds.
  path: Assets/3D Asserts/Lizard man/Medieval Series/Lizard Men/Characters/LizardMan_1.prefab
  artifactKey: Guid(f46682d13678aeb489e79a919596c33c) Importer(2089858483,e11c23a36db5f54750b8cd40eac0985b)
Start importing Assets/3D Asserts/Lizard man/Medieval Series/Lizard Men/Characters/LizardMan_1.prefab using Guid(f46682d13678aeb489e79a919596c33c) Importer(2089858483,e11c23a36db5f54750b8cd40eac0985b) (ScriptedImporter) -> (artifact id: 'eb06097f09dfb022c2278566e0ab9e28') in 0.1774498 seconds
Number of updated asset objects reloaded before import = 0Number of asset objects unloaded after import = 742

========================================================================
Received Import Request.
  Time since last request: 0.000048 seconds.
  path: Assets/Sci Fi Gun Light/Prefabs/SciFiGunLight/SciFiGunLight_Blue.prefab
  artifactKey: Guid(371711cf542f6d84bafd6596c502935b) Importer(2089858483,e11c23a36db5f54750b8cd40eac0985b)
Start importing Assets/Sci Fi Gun Light/Prefabs/SciFiGunLight/SciFiGunLight_Blue.prefab using Guid(371711cf542f6d84bafd6596c502935b) Importer(2089858483,e11c23a36db5f54750b8cd40eac0985b) (ScriptedImporter) -> (artifact id: 'ff512fd67725702a107f28d0ea2bc460') in 0.0079389 seconds
Number of updated asset objects reloaded before import = 0Number of asset objects unloaded after import = 8

========================================================================
Received Import Request.
  Time since last request: 0.000041 seconds.
  path: Assets/3D Asserts/Lizard man/Medieval Series/Lizard Men/Characters/LizardMan_1_var.prefab
  artifactKey: Guid(8146206ec1185e045b9996c7eb78d27a) Importer(2089858483,e11c23a36db5f54750b8cd40eac0985b)
Start importing Assets/3D Asserts/Lizard man/Medieval Series/Lizard Men/Characters/LizardMan_1_var.prefab using Guid(8146206ec1185e045b9996c7eb78d27a) Importer(2089858483,e11c23a36db5f54750b8cd40eac0985b) (ScriptedImporter) -> (artifact id: '1df63482a483fbcf8f287c7c3552a7a2') in 0.131556 seconds
Number of updated asset objects reloaded before import = 0Number of asset objects unloaded after import = 742

========================================================================
Received Import Request.
  Time since last request: 0.000042 seconds.
  path: Assets/3D Asserts/Lizard man/Medieval Series/Lizard Men/LizardMan_Base.prefab
  artifactKey: Guid(6813b42f76db6d1439723354128d85f9) Importer(2089858483,e11c23a36db5f54750b8cd40eac0985b)
Start importing Assets/3D Asserts/Lizard man/Medieval Series/Lizard Men/LizardMan_Base.prefab using Guid(6813b42f76db6d1439723354128d85f9) Importer(2089858483,e11c23a36db5f54750b8cd40eac0985b) (ScriptedImporter) -> (artifact id: '059dd6b72a443712be90d7d8b1573dde') in 0.1139844 seconds
Number of updated asset objects reloaded before import = 0Number of asset objects unloaded after import = 499

========================================================================
Received Import Request.
  Time since last request: 0.000039 seconds.
  path: Assets/Sci Fi Gun Light/Prefabs/SciFiGunLight/SciFiGunLight_Yellow.prefab
  artifactKey: Guid(caf80fbf99570df45a028c3a3c6ff238) Importer(2089858483,e11c23a36db5f54750b8cd40eac0985b)
Start importing Assets/Sci Fi Gun Light/Prefabs/SciFiGunLight/SciFiGunLight_Yellow.prefab using Guid(caf80fbf99570df45a028c3a3c6ff238) Importer(2089858483,e11c23a36db5f54750b8cd40eac0985b) (ScriptedImporter) -> (artifact id: '6ef3a002a2b31692cbc9073b1aa4fdc1') in 0.0106745 seconds
Number of updated asset objects reloaded before import = 0Number of asset objects unloaded after import = 8

========================================================================
Received Import Request.
  Time since last request: 0.000060 seconds.
  path: Assets/3D Asserts/Lizard man/Polygonmaker - Shader/Scene/Main.unity
  artifactKey: Guid(af06af37576d293468fb3bf1fdcd59bd) Importer(2089858483,e11c23a36db5f54750b8cd40eac0985b)
Start importing Assets/3D Asserts/Lizard man/Polygonmaker - Shader/Scene/Main.unity using Guid(af06af37576d293468fb3bf1fdcd59bd) Importer(2089858483,e11c23a36db5f54750b8cd40eac0985b) (ScriptedImporter)Opening scene 'Assets/3D Asserts/Lizard man/Polygonmaker - Shader/Scene/Main.unity additively'
Loaded scene 'Assets/3D Asserts/Lizard man/Polygonmaker - Shader/Scene/Main.unity'
	Deserialize:            17.392 ms
	Integration:            42.246 ms
	Integration of assets:  0.013 ms
	Thread Wait Time:       0.005 ms
	Total Operation Time:   59.656 ms
 -> (artifact id: '08f14471e25f9df1c6d69bbff97fba87') in 0.1528161 seconds
Number of updated asset objects reloaded before import = 0Number of asset objects unloaded after import = 22

========================================================================
Received Import Request.
  Time since last request: 0.000036 seconds.
  path: Assets/3D Asserts/Lizard man/Medieval Series/Lizard Men/Scenes/Main.unity
  artifactKey: Guid(57ebda29ea30fb34780a45563152b006) Importer(2089858483,e11c23a36db5f54750b8cd40eac0985b)
Start importing Assets/3D Asserts/Lizard man/Medieval Series/Lizard Men/Scenes/Main.unity using Guid(57ebda29ea30fb34780a45563152b006) Importer(2089858483,e11c23a36db5f54750b8cd40eac0985b) (ScriptedImporter)Opening scene 'Assets/3D Asserts/Lizard man/Medieval Series/Lizard Men/Scenes/Main.unity additively'
Loaded scene 'Assets/3D Asserts/Lizard man/Medieval Series/Lizard Men/Scenes/Main.unity'
	Deserialize:            3.602 ms
	Integration:            93.888 ms
	Integration of assets:  0.004 ms
	Thread Wait Time:       0.013 ms
	Total Operation Time:   97.507 ms
 -> (artifact id: 'ff2cd9e47de857bbdad626bd6f96d41b') in 1.8451535 seconds
Number of updated asset objects reloaded before import = 0Number of asset objects unloaded after import = 3091

========================================================================
Received Import Request.
  Time since last request: 0.000048 seconds.
  path: Assets/3D Asserts/Lizard man/Medieval Series/Lizard Men/Weapons/Club-Horde_2.prefab
  artifactKey: Guid(284eeaf0d9d16c145ad823c6b2bc223e) Importer(2089858483,e11c23a36db5f54750b8cd40eac0985b)
Start importing Assets/3D Asserts/Lizard man/Medieval Series/Lizard Men/Weapons/Club-Horde_2.prefab using Guid(284eeaf0d9d16c145ad823c6b2bc223e) Importer(2089858483,e11c23a36db5f54750b8cd40eac0985b) (ScriptedImporter) -> (artifact id: '6ab65a94da45c6a754722910d71522d4') in 0.0162528 seconds
Number of updated asset objects reloaded before import = 0Number of asset objects unloaded after import = 21

========================================================================
Received Import Request.
  Time since last request: 0.000030 seconds.
  path: Assets/3D Asserts/Lizard man/Medieval Series/Lizard Men/Characters/LizardMan_4_var.prefab
  artifactKey: Guid(7ec4afed00c41324abe5e38415d03985) Importer(2089858483,e11c23a36db5f54750b8cd40eac0985b)
Start importing Assets/3D Asserts/Lizard man/Medieval Series/Lizard Men/Characters/LizardMan_4_var.prefab using Guid(7ec4afed00c41324abe5e38415d03985) Importer(2089858483,e11c23a36db5f54750b8cd40eac0985b) (ScriptedImporter) -> (artifact id: 'fd87af2d4def262f51fdda3e7180424d') in 0.1448577 seconds
Number of updated asset objects reloaded before import = 0Number of asset objects unloaded after import = 742

========================================================================
Received Import Request.
  Time since last request: 0.000033 seconds.
  path: Assets/3D Asserts/Lizard man/Medieval Series/Lizard Men/Weapons/Shield-Orc_1.prefab
  artifactKey: Guid(80dc1621506bbd14aab764fd64aee228) Importer(2089858483,e11c23a36db5f54750b8cd40eac0985b)
Start importing Assets/3D Asserts/Lizard man/Medieval Series/Lizard Men/Weapons/Shield-Orc_1.prefab using Guid(80dc1621506bbd14aab764fd64aee228) Importer(2089858483,e11c23a36db5f54750b8cd40eac0985b) (ScriptedImporter) -> (artifact id: '88219c98932d2fb3e8866968a2552ed1') in 0.0207886 seconds
Number of updated asset objects reloaded before import = 0Number of asset objects unloaded after import = 21

========================================================================
Received Import Request.
  Time since last request: 0.000038 seconds.
  path: Assets/3D Asserts/Lizard man/Medieval Series/Lizard Men/Weapons/Spear-Primitive_1.prefab
  artifactKey: Guid(cf6768c08cfc26b4f83c4493c4b31436) Importer(2089858483,e11c23a36db5f54750b8cd40eac0985b)
Start importing Assets/3D Asserts/Lizard man/Medieval Series/Lizard Men/Weapons/Spear-Primitive_1.prefab using Guid(cf6768c08cfc26b4f83c4493c4b31436) Importer(2089858483,e11c23a36db5f54750b8cd40eac0985b) (ScriptedImporter) -> (artifact id: '9444c51055dc6f18c93c43fad9c07120') in 0.0188283 seconds
Number of updated asset objects reloaded before import = 0Number of asset objects unloaded after import = 38

========================================================================
Received Import Request.
  Time since last request: 100.515550 seconds.
  path: Assets/Sci Fi Gun Light/Prefabs/SciFiGunLight/SciFiGunLight_Blue.prefab
  artifactKey: Guid(371711cf542f6d84bafd6596c502935b) Importer(815301076,1909f56bfc062723c751e8b465ee728b)
Start importing Assets/Sci Fi Gun Light/Prefabs/SciFiGunLight/SciFiGunLight_Blue.prefab using Guid(371711cf542f6d84bafd6596c502935b) Importer(815301076,1909f56bfc062723c751e8b465ee728b) (PreviewImporter) -> (artifact id: 'f6fa5cf94aa2b2bdc0ee58ad19e174cb') in 9.4759718 seconds
Number of updated asset objects reloaded before import = 0Number of asset objects unloaded after import = 12

========================================================================
Received Import Request.
  Time since last request: 0.000051 seconds.
  path: Assets/Sci Fi Gun Light/Prefabs/SciFiGunLight/SciFiGunLight_Rad.prefab
  artifactKey: Guid(460b09b3999f980448b54c53b41f5873) Importer(815301076,1909f56bfc062723c751e8b465ee728b)
Start importing Assets/Sci Fi Gun Light/Prefabs/SciFiGunLight/SciFiGunLight_Rad.prefab using Guid(460b09b3999f980448b54c53b41f5873) Importer(815301076,1909f56bfc062723c751e8b465ee728b) (PreviewImporter) -> (artifact id: '514b6ede5a966f262b3a4c78742de0a0') in 0.0329419 seconds
Number of updated asset objects reloaded before import = 0Number of asset objects unloaded after import = 12

========================================================================
Received Import Request.
  Time since last request: 0.000041 seconds.
  path: Assets/Sci Fi Gun Light/Prefabs/SciFiGunLight/SciFiGunLight_Yellow.prefab
  artifactKey: Guid(caf80fbf99570df45a028c3a3c6ff238) Importer(815301076,1909f56bfc062723c751e8b465ee728b)
Start importing Assets/Sci Fi Gun Light/Prefabs/SciFiGunLight/SciFiGunLight_Yellow.prefab using Guid(caf80fbf99570df45a028c3a3c6ff238) Importer(815301076,1909f56bfc062723c751e8b465ee728b) (PreviewImporter) -> (artifact id: 'ede8e3f3f7f83e1aae78677b9edb65a3') in 0.0550916 seconds
Number of updated asset objects reloaded before import = 0Number of asset objects unloaded after import = 12

========================================================================
Received Prepare
Begin MonoManager ReloadAssembly
[Licensing::Client] Successfully resolved entitlement details
- Loaded All Assemblies, in  1.170 seconds
Refreshing native plugins compatible for Editor in 1.92 ms, found 3 plugins.
Native extension for Android target not found
Native extension for WindowsStandalone target not found
[Package Manager] Failed to launch server process. Reason: Unity was launched with the -noUpm command-line argument
[Package Manager] Unable to send message (not connected to server process).
[Package Manager] Cannot connect to Unity Package Manager local server
[Package Manager] Failed to launch server process. Reason: Unity was launched with the -noUpm command-line argument
[Package Manager] Unable to send message (not connected to server process).
[Package Manager] Cannot connect to Unity Package Manager local server
ScheduleIndexationOnStartup MainProcess:False IndexOnStartup:True
Mono: successfully reloaded assembly
- Finished resetting the current domain, in  1.107 seconds
Domain Reload Profiling: 2281ms
	BeginReloadAssembly (295ms)
		ExecutionOrderSort (0ms)
		DisableScriptedObjects (28ms)
		BackupInstance (0ms)
		ReleaseScriptingObjects (0ms)
		CreateAndSetChildDomain (75ms)
	RebuildCommonClasses (48ms)
	RebuildNativeTypeToScriptingClass (19ms)
	initialDomainReloadingComplete (32ms)
	LoadAllAssembliesAndSetupDomain (779ms)
		LoadAssemblies (663ms)
		RebuildTransferFunctionScriptingTraits (0ms)
		AnalyzeDomain (236ms)
			TypeCache.Refresh (13ms)
				TypeCache.ScanAssembly (0ms)
			BuildScriptInfoCaches (203ms)
			ResolveRequiredComponents (15ms)
	FinalizeReload (1108ms)
		ReleaseScriptCaches (0ms)
		RebuildScriptCaches (0ms)
		SetupLoadedEditorAssemblies (730ms)
			LogAssemblyErrors (1ms)
			InitializePlatformSupportModulesInManaged (17ms)
			SetLoadedEditorAssemblies (7ms)
			BeforeProcessingInitializeOnLoad (217ms)
			ProcessInitializeOnLoadAttributes (403ms)
			ProcessInitializeOnLoadMethodAttributes (80ms)
			AfterProcessingInitializeOnLoad (4ms)
			EditorAssembliesLoaded (0ms)
		ExecutionOrderSort2 (0ms)
		AwakeInstancesAfterBackupRestoration (23ms)
Shader 'Polygonmaker/Basic-PBR (Cutout Single Side)': fallback shader '-1' not found
Shader 'Polygonmaker/Skin': fallback shader '-1' not found
Refreshing native plugins compatible for Editor in 0.75 ms, found 3 plugins.
Preloading 0 native plugins for Editor in 0.00 ms.
Unloading 19 Unused Serialized files (Serialized files now loaded: 0)
Unloading 6201 unused Assets / (5.3 MB). Loaded Objects now: 7140.
Memory consumption went from 174.1 MB to 168.8 MB.
Total: 13.764400 ms (FindLiveObjects: 1.032000 ms CreateObjectMapping: 1.512400 ms MarkObjects: 6.376100 ms  DeleteObjects: 4.842700 ms)

Prepare: number of updated asset objects reloaded= 0
========================================================================
Received Prepare
Begin MonoManager ReloadAssembly
[Licensing::Client] Successfully resolved entitlement details
- Loaded All Assemblies, in  0.908 seconds
Refreshing native plugins compatible for Editor in 0.65 ms, found 3 plugins.
Native extension for Android target not found
Native extension for WindowsStandalone target not found
[Package Manager] Failed to launch server process. Reason: Unity was launched with the -noUpm command-line argument
[Package Manager] Unable to send message (not connected to server process).
[Package Manager] Cannot connect to Unity Package Manager local server
[Package Manager] Failed to launch server process. Reason: Unity was launched with the -noUpm command-line argument
[Package Manager] Unable to send message (not connected to server process).
[Package Manager] Cannot connect to Unity Package Manager local server
ScheduleIndexationOnStartup MainProcess:False IndexOnStartup:True
Mono: successfully reloaded assembly
- Finished resetting the current domain, in  0.961 seconds
Domain Reload Profiling: 1872ms
	BeginReloadAssembly (255ms)
		ExecutionOrderSort (0ms)
		DisableScriptedObjects (8ms)
		BackupInstance (0ms)
		ReleaseScriptingObjects (0ms)
		CreateAndSetChildDomain (55ms)
	RebuildCommonClasses (45ms)
	RebuildNativeTypeToScriptingClass (19ms)
	initialDomainReloadingComplete (32ms)
	LoadAllAssembliesAndSetupDomain (559ms)
		LoadAssemblies (412ms)
		RebuildTransferFunctionScriptingTraits (0ms)
		AnalyzeDomain (267ms)
			TypeCache.Refresh (9ms)
				TypeCache.ScanAssembly (0ms)
			BuildScriptInfoCaches (239ms)
			ResolveRequiredComponents (15ms)
	FinalizeReload (962ms)
		ReleaseScriptCaches (0ms)
		RebuildScriptCaches (0ms)
		SetupLoadedEditorAssemblies (735ms)
			LogAssemblyErrors (0ms)
			InitializePlatformSupportModulesInManaged (9ms)
			SetLoadedEditorAssemblies (6ms)
			BeforeProcessingInitializeOnLoad (196ms)
			ProcessInitializeOnLoadAttributes (428ms)
			ProcessInitializeOnLoadMethodAttributes (90ms)
			AfterProcessingInitializeOnLoad (5ms)
			EditorAssembliesLoaded (0ms)
		ExecutionOrderSort2 (0ms)
		AwakeInstancesAfterBackupRestoration (31ms)
Shader 'Polygonmaker/Basic-PBR (Cutout Single Side)': fallback shader '-1' not found
Shader 'Polygonmaker/Skin': fallback shader '-1' not found
Refreshing native plugins compatible for Editor in 1.20 ms, found 3 plugins.
Preloading 0 native plugins for Editor in 0.00 ms.
Unloading 18 Unused Serialized files (Serialized files now loaded: 0)
Unloading 6197 unused Assets / (5.2 MB). Loaded Objects now: 7143.
Memory consumption went from 173.7 MB to 168.5 MB.
Total: 19.826500 ms (FindLiveObjects: 0.951400 ms CreateObjectMapping: 2.520000 ms MarkObjects: 9.993700 ms  DeleteObjects: 6.359900 ms)

Prepare: number of updated asset objects reloaded= 0
========================================================================
Received Prepare
Begin MonoManager ReloadAssembly
[Licensing::Client] Successfully resolved entitlement details
- Loaded All Assemblies, in  0.887 seconds
Refreshing native plugins compatible for Editor in 0.67 ms, found 3 plugins.
Native extension for Android target not found
Native extension for WindowsStandalone target not found
[Package Manager] Failed to launch server process. Reason: Unity was launched with the -noUpm command-line argument
[Package Manager] Unable to send message (not connected to server process).
[Package Manager] Cannot connect to Unity Package Manager local server
[Package Manager] Failed to launch server process. Reason: Unity was launched with the -noUpm command-line argument
[Package Manager] Unable to send message (not connected to server process).
[Package Manager] Cannot connect to Unity Package Manager local server
ScheduleIndexationOnStartup MainProcess:False IndexOnStartup:True
Mono: successfully reloaded assembly
- Finished resetting the current domain, in  1.045 seconds
Domain Reload Profiling: 1936ms
	BeginReloadAssembly (272ms)
		ExecutionOrderSort (0ms)
		DisableScriptedObjects (8ms)
		BackupInstance (0ms)
		ReleaseScriptingObjects (0ms)
		CreateAndSetChildDomain (59ms)
	RebuildCommonClasses (45ms)
	RebuildNativeTypeToScriptingClass (18ms)
	initialDomainReloadingComplete (30ms)
	LoadAllAssembliesAndSetupDomain (524ms)
		LoadAssemblies (413ms)
		RebuildTransferFunctionScriptingTraits (0ms)
		AnalyzeDomain (237ms)
			TypeCache.Refresh (8ms)
				TypeCache.ScanAssembly (0ms)
			BuildScriptInfoCaches (212ms)
			ResolveRequiredComponents (13ms)
	FinalizeReload (1046ms)
		ReleaseScriptCaches (0ms)
		RebuildScriptCaches (0ms)
		SetupLoadedEditorAssemblies (779ms)
			LogAssemblyErrors (0ms)
			InitializePlatformSupportModulesInManaged (11ms)
			SetLoadedEditorAssemblies (6ms)
			BeforeProcessingInitializeOnLoad (178ms)
			ProcessInitializeOnLoadAttributes (439ms)
			ProcessInitializeOnLoadMethodAttributes (137ms)
			AfterProcessingInitializeOnLoad (8ms)
			EditorAssembliesLoaded (1ms)
		ExecutionOrderSort2 (0ms)
		AwakeInstancesAfterBackupRestoration (44ms)
Shader 'Polygonmaker/Basic-PBR (Cutout Single Side)': fallback shader '-1' not found
Shader 'Polygonmaker/Skin': fallback shader '-1' not found
Refreshing native plugins compatible for Editor in 2.48 ms, found 3 plugins.
Preloading 0 native plugins for Editor in 0.00 ms.
Unloading 18 Unused Serialized files (Serialized files now loaded: 0)
Unloading 6197 unused Assets / (5.0 MB). Loaded Objects now: 7146.
Memory consumption went from 173.7 MB to 168.8 MB.
Total: 21.067100 ms (FindLiveObjects: 1.404100 ms CreateObjectMapping: 1.929700 ms MarkObjects: 10.814900 ms  DeleteObjects: 6.916000 ms)

Prepare: number of updated asset objects reloaded= 0
========================================================================
Received Prepare
Begin MonoManager ReloadAssembly
[Licensing::Client] Successfully resolved entitlement details
- Loaded All Assemblies, in  0.987 seconds
Refreshing native plugins compatible for Editor in 0.71 ms, found 3 plugins.
Native extension for Android target not found
Native extension for WindowsStandalone target not found
[Package Manager] Failed to launch server process. Reason: Unity was launched with the -noUpm command-line argument
[Package Manager] Unable to send message (not connected to server process).
[Package Manager] Cannot connect to Unity Package Manager local server
[Package Manager] Failed to launch server process. Reason: Unity was launched with the -noUpm command-line argument
[Package Manager] Unable to send message (not connected to server process).
[Package Manager] Cannot connect to Unity Package Manager local server
ScheduleIndexationOnStartup MainProcess:False IndexOnStartup:True
Mono: successfully reloaded assembly
- Finished resetting the current domain, in  1.161 seconds
Domain Reload Profiling: 2152ms
	BeginReloadAssembly (269ms)
		ExecutionOrderSort (0ms)
		DisableScriptedObjects (8ms)
		BackupInstance (0ms)
		ReleaseScriptingObjects (0ms)
		CreateAndSetChildDomain (52ms)
	RebuildCommonClasses (45ms)
	RebuildNativeTypeToScriptingClass (24ms)
	initialDomainReloadingComplete (35ms)
	LoadAllAssembliesAndSetupDomain (618ms)
		LoadAssemblies (486ms)
		RebuildTransferFunctionScriptingTraits (0ms)
		AnalyzeDomain (266ms)
			TypeCache.Refresh (8ms)
				TypeCache.ScanAssembly (0ms)
			BuildScriptInfoCaches (240ms)
			ResolveRequiredComponents (13ms)
	FinalizeReload (1161ms)
		ReleaseScriptCaches (0ms)
		RebuildScriptCaches (0ms)
		SetupLoadedEditorAssemblies (892ms)
			LogAssemblyErrors (0ms)
			InitializePlatformSupportModulesInManaged (12ms)
			SetLoadedEditorAssemblies (7ms)
			BeforeProcessingInitializeOnLoad (209ms)
			ProcessInitializeOnLoadAttributes (509ms)
			ProcessInitializeOnLoadMethodAttributes (147ms)
			AfterProcessingInitializeOnLoad (7ms)
			EditorAssembliesLoaded (1ms)
		ExecutionOrderSort2 (0ms)
		AwakeInstancesAfterBackupRestoration (36ms)
Shader 'Polygonmaker/Basic-PBR (Cutout Single Side)': fallback shader '-1' not found
Shader 'Polygonmaker/Skin': fallback shader '-1' not found
Refreshing native plugins compatible for Editor in 1.33 ms, found 3 plugins.
Preloading 0 native plugins for Editor in 0.00 ms.
Unloading 18 Unused Serialized files (Serialized files now loaded: 0)
Unloading 6197 unused Assets / (5.0 MB). Loaded Objects now: 7149.
Memory consumption went from 173.8 MB to 168.8 MB.
Total: 25.531600 ms (FindLiveObjects: 2.082500 ms CreateObjectMapping: 2.425300 ms MarkObjects: 12.109200 ms  DeleteObjects: 8.912700 ms)

Prepare: number of updated asset objects reloaded= 0
========================================================================
Received Prepare
Begin MonoManager ReloadAssembly
[Licensing::Client] Successfully resolved entitlement details
- Loaded All Assemblies, in  0.899 seconds
Refreshing native plugins compatible for Editor in 0.67 ms, found 3 plugins.
Native extension for Android target not found
Native extension for WindowsStandalone target not found
[Package Manager] Failed to launch server process. Reason: Unity was launched with the -noUpm command-line argument
[Package Manager] Unable to send message (not connected to server process).
[Package Manager] Cannot connect to Unity Package Manager local server
[Package Manager] Failed to launch server process. Reason: Unity was launched with the -noUpm command-line argument
[Package Manager] Unable to send message (not connected to server process).
[Package Manager] Cannot connect to Unity Package Manager local server
ScheduleIndexationOnStartup MainProcess:False IndexOnStartup:True
Mono: successfully reloaded assembly
- Finished resetting the current domain, in  1.270 seconds
Domain Reload Profiling: 2174ms
	BeginReloadAssembly (258ms)
		ExecutionOrderSort (0ms)
		DisableScriptedObjects (10ms)
		BackupInstance (0ms)
		ReleaseScriptingObjects (0ms)
		CreateAndSetChildDomain (53ms)
	RebuildCommonClasses (44ms)
	RebuildNativeTypeToScriptingClass (18ms)
	initialDomainReloadingComplete (30ms)
	LoadAllAssembliesAndSetupDomain (551ms)
		LoadAssemblies (414ms)
		RebuildTransferFunctionScriptingTraits (0ms)
		AnalyzeDomain (256ms)
			TypeCache.Refresh (10ms)
				TypeCache.ScanAssembly (0ms)
			BuildScriptInfoCaches (227ms)
			ResolveRequiredComponents (14ms)
	FinalizeReload (1273ms)
		ReleaseScriptCaches (0ms)
		RebuildScriptCaches (0ms)
		SetupLoadedEditorAssemblies (989ms)
			LogAssemblyErrors (0ms)
			InitializePlatformSupportModulesInManaged (11ms)
			SetLoadedEditorAssemblies (6ms)
			BeforeProcessingInitializeOnLoad (204ms)
			ProcessInitializeOnLoadAttributes (606ms)
			ProcessInitializeOnLoadMethodAttributes (153ms)
			AfterProcessingInitializeOnLoad (7ms)
			EditorAssembliesLoaded (1ms)
		ExecutionOrderSort2 (0ms)
		AwakeInstancesAfterBackupRestoration (40ms)
Shader 'Polygonmaker/Basic-PBR (Cutout Single Side)': fallback shader '-1' not found
Shader 'Polygonmaker/Skin': fallback shader '-1' not found
Refreshing native plugins compatible for Editor in 0.78 ms, found 3 plugins.
Preloading 0 native plugins for Editor in 0.00 ms.
Unloading 18 Unused Serialized files (Serialized files now loaded: 0)
Unloading 6197 unused Assets / (4.9 MB). Loaded Objects now: 7152.
Memory consumption went from 173.9 MB to 169.0 MB.
Total: 21.677500 ms (FindLiveObjects: 2.747400 ms CreateObjectMapping: 2.588600 ms MarkObjects: 8.872300 ms  DeleteObjects: 7.467700 ms)

Prepare: number of updated asset objects reloaded= 0
========================================================================
Received Prepare
Begin MonoManager ReloadAssembly
- Loaded All Assemblies, in  0.901 seconds
Refreshing native plugins compatible for Editor in 0.79 ms, found 3 plugins.
Native extension for Android target not found
Native extension for WindowsStandalone target not found
[Package Manager] Failed to launch server process. Reason: Unity was launched with the -noUpm command-line argument
[Package Manager] Unable to send message (not connected to server process).
[Package Manager] Cannot connect to Unity Package Manager local server
[Package Manager] Failed to launch server process. Reason: Unity was launched with the -noUpm command-line argument
[Package Manager] Unable to send message (not connected to server process).
[Package Manager] Cannot connect to Unity Package Manager local server
ScheduleIndexationOnStartup MainProcess:False IndexOnStartup:True
Mono: successfully reloaded assembly
- Finished resetting the current domain, in  1.044 seconds
Domain Reload Profiling: 1947ms
	BeginReloadAssembly (256ms)
		ExecutionOrderSort (0ms)
		DisableScriptedObjects (7ms)
		BackupInstance (0ms)
		ReleaseScriptingObjects (0ms)
		CreateAndSetChildDomain (50ms)
	RebuildCommonClasses (47ms)
	RebuildNativeTypeToScriptingClass (18ms)
	initialDomainReloadingComplete (33ms)
	LoadAllAssembliesAndSetupDomain (549ms)
		LoadAssemblies (419ms)
		RebuildTransferFunctionScriptingTraits (0ms)
		AnalyzeDomain (253ms)
			TypeCache.Refresh (8ms)
				TypeCache.ScanAssembly (0ms)
			BuildScriptInfoCaches (228ms)
			ResolveRequiredComponents (14ms)
	FinalizeReload (1045ms)
		ReleaseScriptCaches (0ms)
		RebuildScriptCaches (0ms)
		SetupLoadedEditorAssemblies (784ms)
			LogAssemblyErrors (0ms)
			InitializePlatformSupportModulesInManaged (9ms)
			SetLoadedEditorAssemblies (6ms)
			BeforeProcessingInitializeOnLoad (180ms)
			ProcessInitializeOnLoadAttributes (456ms)
			ProcessInitializeOnLoadMethodAttributes (124ms)
			AfterProcessingInitializeOnLoad (8ms)
			EditorAssembliesLoaded (1ms)
		ExecutionOrderSort2 (0ms)
		AwakeInstancesAfterBackupRestoration (39ms)
Shader 'Polygonmaker/Basic-PBR (Cutout Single Side)': fallback shader '-1' not found
Shader 'Polygonmaker/Skin': fallback shader '-1' not found
Refreshing native plugins compatible for Editor in 1.46 ms, found 3 plugins.
Preloading 0 native plugins for Editor in 0.00 ms.
Unloading 18 Unused Serialized files (Serialized files now loaded: 0)
Unloading 6197 unused Assets / (5.3 MB). Loaded Objects now: 7155.
Memory consumption went from 173.9 MB to 168.6 MB.
Total: 23.674500 ms (FindLiveObjects: 1.267300 ms CreateObjectMapping: 3.109300 ms MarkObjects: 11.467300 ms  DeleteObjects: 7.829400 ms)

Prepare: number of updated asset objects reloaded= 0
========================================================================
Received Prepare
Begin MonoManager ReloadAssembly
[Licensing::Client] Successfully resolved entitlement details
- Loaded All Assemblies, in  0.894 seconds
Refreshing native plugins compatible for Editor in 1.23 ms, found 3 plugins.
Native extension for Android target not found
Native extension for WindowsStandalone target not found
[Package Manager] Failed to launch server process. Reason: Unity was launched with the -noUpm command-line argument
[Package Manager] Unable to send message (not connected to server process).
[Package Manager] Cannot connect to Unity Package Manager local server
[Package Manager] Failed to launch server process. Reason: Unity was launched with the -noUpm command-line argument
[Package Manager] Unable to send message (not connected to server process).
[Package Manager] Cannot connect to Unity Package Manager local server
ScheduleIndexationOnStartup MainProcess:False IndexOnStartup:True
Mono: successfully reloaded assembly
- Finished resetting the current domain, in  1.026 seconds
Domain Reload Profiling: 1924ms
	BeginReloadAssembly (263ms)
		ExecutionOrderSort (0ms)
		DisableScriptedObjects (8ms)
		BackupInstance (0ms)
		ReleaseScriptingObjects (0ms)
		CreateAndSetChildDomain (52ms)
	RebuildCommonClasses (46ms)
	RebuildNativeTypeToScriptingClass (25ms)
	initialDomainReloadingComplete (39ms)
	LoadAllAssembliesAndSetupDomain (524ms)
		LoadAssemblies (408ms)
		RebuildTransferFunctionScriptingTraits (0ms)
		AnalyzeDomain (249ms)
			TypeCache.Refresh (7ms)
				TypeCache.ScanAssembly (0ms)
			BuildScriptInfoCaches (220ms)
			ResolveRequiredComponents (17ms)
	FinalizeReload (1028ms)
		ReleaseScriptCaches (0ms)
		RebuildScriptCaches (0ms)
		SetupLoadedEditorAssemblies (751ms)
			LogAssemblyErrors (0ms)
			InitializePlatformSupportModulesInManaged (12ms)
			SetLoadedEditorAssemblies (8ms)
			BeforeProcessingInitializeOnLoad (185ms)
			ProcessInitializeOnLoadAttributes (427ms)
			ProcessInitializeOnLoadMethodAttributes (113ms)
			AfterProcessingInitializeOnLoad (7ms)
			EditorAssembliesLoaded (0ms)
		ExecutionOrderSort2 (0ms)
		AwakeInstancesAfterBackupRestoration (35ms)
Shader 'Polygonmaker/Basic-PBR (Cutout Single Side)': fallback shader '-1' not found
Shader 'Polygonmaker/Skin': fallback shader '-1' not found
Refreshing native plugins compatible for Editor in 1.24 ms, found 3 plugins.
Preloading 0 native plugins for Editor in 0.00 ms.
Unloading 18 Unused Serialized files (Serialized files now loaded: 0)
Unloading 6197 unused Assets / (4.9 MB). Loaded Objects now: 7158.
Memory consumption went from 174.0 MB to 169.1 MB.
Total: 20.289800 ms (FindLiveObjects: 1.132000 ms CreateObjectMapping: 1.854000 ms MarkObjects: 10.958200 ms  DeleteObjects: 6.344200 ms)

Prepare: number of updated asset objects reloaded= 0
========================================================================
Received Prepare
Begin MonoManager ReloadAssembly
[Licensing::Client] Successfully resolved entitlement details
- Loaded All Assemblies, in  0.880 seconds
Refreshing native plugins compatible for Editor in 0.66 ms, found 3 plugins.
Native extension for Android target not found
Native extension for WindowsStandalone target not found
[Package Manager] Failed to launch server process. Reason: Unity was launched with the -noUpm command-line argument
[Package Manager] Unable to send message (not connected to server process).
[Package Manager] Cannot connect to Unity Package Manager local server
[Package Manager] Failed to launch server process. Reason: Unity was launched with the -noUpm command-line argument
[Package Manager] Unable to send message (not connected to server process).
[Package Manager] Cannot connect to Unity Package Manager local server
ScheduleIndexationOnStartup MainProcess:False IndexOnStartup:True
Mono: successfully reloaded assembly
- Finished resetting the current domain, in  0.974 seconds
Domain Reload Profiling: 1857ms
	BeginReloadAssembly (248ms)
		ExecutionOrderSort (0ms)
		DisableScriptedObjects (7ms)
		BackupInstance (0ms)
		ReleaseScriptingObjects (0ms)
		CreateAndSetChildDomain (49ms)
	RebuildCommonClasses (46ms)
	RebuildNativeTypeToScriptingClass (18ms)
	initialDomainReloadingComplete (30ms)
	LoadAllAssembliesAndSetupDomain (541ms)
		LoadAssemblies (407ms)
		RebuildTransferFunctionScriptingTraits (0ms)
		AnalyzeDomain (258ms)
			TypeCache.Refresh (7ms)
				TypeCache.ScanAssembly (0ms)
			BuildScriptInfoCaches (232ms)
			ResolveRequiredComponents (14ms)
	FinalizeReload (975ms)
		ReleaseScriptCaches (0ms)
		RebuildScriptCaches (0ms)
		SetupLoadedEditorAssemblies (752ms)
			LogAssemblyErrors (0ms)
			InitializePlatformSupportModulesInManaged (13ms)
			SetLoadedEditorAssemblies (7ms)
			BeforeProcessingInitializeOnLoad (182ms)
			ProcessInitializeOnLoadAttributes (449ms)
			ProcessInitializeOnLoadMethodAttributes (96ms)
			AfterProcessingInitializeOnLoad (4ms)
			EditorAssembliesLoaded (0ms)
		ExecutionOrderSort2 (0ms)
		AwakeInstancesAfterBackupRestoration (23ms)
Shader 'Polygonmaker/Basic-PBR (Cutout Single Side)': fallback shader '-1' not found
Shader 'Polygonmaker/Skin': fallback shader '-1' not found
Refreshing native plugins compatible for Editor in 1.29 ms, found 3 plugins.
Preloading 0 native plugins for Editor in 0.00 ms.
Unloading 18 Unused Serialized files (Serialized files now loaded: 0)
Unloading 6197 unused Assets / (5.4 MB). Loaded Objects now: 7161.
Memory consumption went from 174.0 MB to 168.6 MB.
Total: 15.622600 ms (FindLiveObjects: 1.171300 ms CreateObjectMapping: 2.136300 ms MarkObjects: 6.496900 ms  DeleteObjects: 5.816900 ms)

Prepare: number of updated asset objects reloaded= 0
========================================================================
Received Prepare
Begin MonoManager ReloadAssembly
[Licensing::Client] Successfully resolved entitlement details
- Loaded All Assemblies, in  0.883 seconds
Refreshing native plugins compatible for Editor in 0.83 ms, found 3 plugins.
Native extension for Android target not found
Native extension for WindowsStandalone target not found
[Package Manager] Failed to launch server process. Reason: Unity was launched with the -noUpm command-line argument
[Package Manager] Unable to send message (not connected to server process).
[Package Manager] Cannot connect to Unity Package Manager local server
[Package Manager] Failed to launch server process. Reason: Unity was launched with the -noUpm command-line argument
[Package Manager] Unable to send message (not connected to server process).
[Package Manager] Cannot connect to Unity Package Manager local server
ScheduleIndexationOnStartup MainProcess:False IndexOnStartup:True
Mono: successfully reloaded assembly
- Finished resetting the current domain, in  1.100 seconds
Domain Reload Profiling: 1986ms
	BeginReloadAssembly (262ms)
		ExecutionOrderSort (0ms)
		DisableScriptedObjects (8ms)
		BackupInstance (0ms)
		ReleaseScriptingObjects (0ms)
		CreateAndSetChildDomain (54ms)
	RebuildCommonClasses (52ms)
	RebuildNativeTypeToScriptingClass (19ms)
	initialDomainReloadingComplete (31ms)
	LoadAllAssembliesAndSetupDomain (522ms)
		LoadAssemblies (414ms)
		RebuildTransferFunctionScriptingTraits (0ms)
		AnalyzeDomain (238ms)
			TypeCache.Refresh (8ms)
				TypeCache.ScanAssembly (0ms)
			BuildScriptInfoCaches (213ms)
			ResolveRequiredComponents (14ms)
	FinalizeReload (1100ms)
		ReleaseScriptCaches (0ms)
		RebuildScriptCaches (0ms)
		SetupLoadedEditorAssemblies (824ms)
			LogAssemblyErrors (0ms)
			InitializePlatformSupportModulesInManaged (9ms)
			SetLoadedEditorAssemblies (6ms)
			BeforeProcessingInitializeOnLoad (183ms)
			ProcessInitializeOnLoadAttributes (472ms)
			ProcessInitializeOnLoadMethodAttributes (146ms)
			AfterProcessingInitializeOnLoad (6ms)
			EditorAssembliesLoaded (1ms)
		ExecutionOrderSort2 (0ms)
		AwakeInstancesAfterBackupRestoration (37ms)
Shader 'Polygonmaker/Basic-PBR (Cutout Single Side)': fallback shader '-1' not found
Shader 'Polygonmaker/Skin': fallback shader '-1' not found
Refreshing native plugins compatible for Editor in 0.97 ms, found 3 plugins.
Preloading 0 native plugins for Editor in 0.00 ms.
Unloading 18 Unused Serialized files (Serialized files now loaded: 0)
Unloading 6197 unused Assets / (5.7 MB). Loaded Objects now: 7164.
Memory consumption went from 174.0 MB to 168.3 MB.
Total: 27.088900 ms (FindLiveObjects: 1.624900 ms CreateObjectMapping: 2.503800 ms MarkObjects: 13.714500 ms  DeleteObjects: 9.244300 ms)

Prepare: number of updated asset objects reloaded= 0
========================================================================
Received Prepare
Begin MonoManager ReloadAssembly
- Loaded All Assemblies, in  0.874 seconds
Refreshing native plugins compatible for Editor in 0.90 ms, found 3 plugins.
Native extension for Android target not found
Native extension for WindowsStandalone target not found
[Package Manager] Failed to launch server process. Reason: Unity was launched with the -noUpm command-line argument
[Package Manager] Unable to send message (not connected to server process).
[Package Manager] Cannot connect to Unity Package Manager local server
[Package Manager] Failed to launch server process. Reason: Unity was launched with the -noUpm command-line argument
[Package Manager] Unable to send message (not connected to server process).
[Package Manager] Cannot connect to Unity Package Manager local server
ScheduleIndexationOnStartup MainProcess:False IndexOnStartup:True
Mono: successfully reloaded assembly
- Finished resetting the current domain, in  1.042 seconds
Domain Reload Profiling: 1920ms
	BeginReloadAssembly (256ms)
		ExecutionOrderSort (0ms)
		DisableScriptedObjects (7ms)
		BackupInstance (0ms)
		ReleaseScriptingObjects (0ms)
		CreateAndSetChildDomain (52ms)
	RebuildCommonClasses (46ms)
	RebuildNativeTypeToScriptingClass (19ms)
	initialDomainReloadingComplete (30ms)
	LoadAllAssembliesAndSetupDomain (526ms)
		LoadAssemblies (397ms)
		RebuildTransferFunctionScriptingTraits (0ms)
		AnalyzeDomain (249ms)
			TypeCache.Refresh (8ms)
				TypeCache.ScanAssembly (0ms)
			BuildScriptInfoCaches (223ms)
			ResolveRequiredComponents (14ms)
	FinalizeReload (1043ms)
		ReleaseScriptCaches (0ms)
		RebuildScriptCaches (0ms)
		SetupLoadedEditorAssemblies (793ms)
			LogAssemblyErrors (0ms)
			InitializePlatformSupportModulesInManaged (10ms)
			SetLoadedEditorAssemblies (6ms)
			BeforeProcessingInitializeOnLoad (197ms)
			ProcessInitializeOnLoadAttributes (429ms)
			ProcessInitializeOnLoadMethodAttributes (143ms)
			AfterProcessingInitializeOnLoad (7ms)
			EditorAssembliesLoaded (1ms)
		ExecutionOrderSort2 (0ms)
		AwakeInstancesAfterBackupRestoration (36ms)
Shader 'Polygonmaker/Basic-PBR (Cutout Single Side)': fallback shader '-1' not found
Shader 'Polygonmaker/Skin': fallback shader '-1' not found
Refreshing native plugins compatible for Editor in 1.35 ms, found 3 plugins.
Preloading 0 native plugins for Editor in 0.00 ms.
Unloading 18 Unused Serialized files (Serialized files now loaded: 0)
Unloading 6197 unused Assets / (4.7 MB). Loaded Objects now: 7167.
Memory consumption went from 174.1 MB to 169.3 MB.
Total: 26.551300 ms (FindLiveObjects: 1.386500 ms CreateObjectMapping: 4.035400 ms MarkObjects: 14.769000 ms  DeleteObjects: 6.358900 ms)

Prepare: number of updated asset objects reloaded= 0
========================================================================
Received Prepare
Begin MonoManager ReloadAssembly
[Licensing::Client] Successfully resolved entitlement details
- Loaded All Assemblies, in  0.979 seconds
Refreshing native plugins compatible for Editor in 0.75 ms, found 3 plugins.
Native extension for Android target not found
Native extension for WindowsStandalone target not found
[Package Manager] Failed to launch server process. Reason: Unity was launched with the -noUpm command-line argument
[Package Manager] Unable to send message (not connected to server process).
[Package Manager] Cannot connect to Unity Package Manager local server
[Package Manager] Failed to launch server process. Reason: Unity was launched with the -noUpm command-line argument
[Package Manager] Unable to send message (not connected to server process).
[Package Manager] Cannot connect to Unity Package Manager local server
ScheduleIndexationOnStartup MainProcess:False IndexOnStartup:True
Mono: successfully reloaded assembly
- Finished resetting the current domain, in  1.057 seconds
Domain Reload Profiling: 2040ms
	BeginReloadAssembly (258ms)
		ExecutionOrderSort (0ms)
		DisableScriptedObjects (8ms)
		BackupInstance (0ms)
		ReleaseScriptingObjects (0ms)
		CreateAndSetChildDomain (49ms)
	RebuildCommonClasses (46ms)
	RebuildNativeTypeToScriptingClass (18ms)
	initialDomainReloadingComplete (34ms)
	LoadAllAssembliesAndSetupDomain (627ms)
		LoadAssemblies (487ms)
		RebuildTransferFunctionScriptingTraits (0ms)
		AnalyzeDomain (269ms)
			TypeCache.Refresh (11ms)
				TypeCache.ScanAssembly (0ms)
			BuildScriptInfoCaches (235ms)
			ResolveRequiredComponents (17ms)
	FinalizeReload (1057ms)
		ReleaseScriptCaches (0ms)
		RebuildScriptCaches (0ms)
		SetupLoadedEditorAssemblies (811ms)
			LogAssemblyErrors (0ms)
			InitializePlatformSupportModulesInManaged (12ms)
			SetLoadedEditorAssemblies (8ms)
			BeforeProcessingInitializeOnLoad (241ms)
			ProcessInitializeOnLoadAttributes (465ms)
			ProcessInitializeOnLoadMethodAttributes (80ms)
			AfterProcessingInitializeOnLoad (5ms)
			EditorAssembliesLoaded (0ms)
		ExecutionOrderSort2 (0ms)
		AwakeInstancesAfterBackupRestoration (23ms)
Shader 'Polygonmaker/Basic-PBR (Cutout Single Side)': fallback shader '-1' not found
Shader 'Polygonmaker/Skin': fallback shader '-1' not found
Refreshing native plugins compatible for Editor in 0.83 ms, found 3 plugins.
Preloading 0 native plugins for Editor in 0.00 ms.
Unloading 18 Unused Serialized files (Serialized files now loaded: 0)
Unloading 6197 unused Assets / (4.8 MB). Loaded Objects now: 7170.
Memory consumption went from 174.1 MB to 169.3 MB.
Total: 12.072500 ms (FindLiveObjects: 1.074000 ms CreateObjectMapping: 1.407800 ms MarkObjects: 6.132500 ms  DeleteObjects: 3.457200 ms)

Prepare: number of updated asset objects reloaded= 0
========================================================================
Received Import Request.
  Time since last request: 3698.526272 seconds.
  path: Assets/3D Asserts/Sci Fi Gun Light/Materials/SciFiGunLight/SciFiGunLight_Black.mat
  artifactKey: Guid(a501bb00c34251540a7cffaba4f07182) Importer(2089858483,b0f066a214c2f5e87bad3c948f4d605d)
Start importing Assets/3D Asserts/Sci Fi Gun Light/Materials/SciFiGunLight/SciFiGunLight_Black.mat using Guid(a501bb00c34251540a7cffaba4f07182) Importer(2089858483,b0f066a214c2f5e87bad3c948f4d605d) (ScriptedImporter) -> (artifact id: '705a3cacaa8053878eb92689fb73c3a8') in 0.7780819 seconds
Number of updated asset objects reloaded before import = 0Number of asset objects unloaded after import = 5

========================================================================
Received Import Request.
  Time since last request: 0.000034 seconds.
  path: Assets/3D Asserts/Sci Fi Gun Light/Materials/SciFiGunLight
  artifactKey: Guid(863fb030258283c4e907d0c4c51e96cf) Importer(2089858483,b0f066a214c2f5e87bad3c948f4d605d)
Start importing Assets/3D Asserts/Sci Fi Gun Light/Materials/SciFiGunLight using Guid(863fb030258283c4e907d0c4c51e96cf) Importer(2089858483,b0f066a214c2f5e87bad3c948f4d605d) (ScriptedImporter) -> (artifact id: 'c8c03572f0406a415fb0dbc1e4598aba') in 0.0048053 seconds
Number of updated asset objects reloaded before import = 0Number of asset objects unloaded after import = 1

========================================================================
Received Import Request.
  Time since last request: 0.000044 seconds.
  path: Assets/3D Asserts/Sci Fi Gun Light/Textures/ColorVar/Blue/SciFiGunLight_AlbedoTransparency.png
  artifactKey: Guid(a2c9f90052463784c81203a9224c59d9) Importer(2089858483,b0f066a214c2f5e87bad3c948f4d605d)
Start importing Assets/3D Asserts/Sci Fi Gun Light/Textures/ColorVar/Blue/SciFiGunLight_AlbedoTransparency.png using Guid(a2c9f90052463784c81203a9224c59d9) Importer(2089858483,b0f066a214c2f5e87bad3c948f4d605d) (ScriptedImporter) -> (artifact id: '522b4c32310d53a722e484d7abd8304d') in 0.1088588 seconds
Number of updated asset objects reloaded before import = 0Number of asset objects unloaded after import = 1

========================================================================
Received Import Request.
  Time since last request: 0.000029 seconds.
  path: Assets/3D Asserts/Sci Fi Gun Light/Textures/ColorVar/Rad/SciFiGunLight_SpecularSmoothness.png
  artifactKey: Guid(5dc16573886fd1c45b0a50aaeb5642ce) Importer(2089858483,b0f066a214c2f5e87bad3c948f4d605d)
Start importing Assets/3D Asserts/Sci Fi Gun Light/Textures/ColorVar/Rad/SciFiGunLight_SpecularSmoothness.png using Guid(5dc16573886fd1c45b0a50aaeb5642ce) Importer(2089858483,b0f066a214c2f5e87bad3c948f4d605d) (ScriptedImporter) -> (artifact id: '15b9d8ca980c00d2ade38c8034eeb6a2') in 0.0172005 seconds
Number of updated asset objects reloaded before import = 0Number of asset objects unloaded after import = 1

========================================================================
Received Import Request.
  Time since last request: 0.000027 seconds.
  path: Assets/3D Asserts/Sci Fi Gun Light/Materials/SciFiGunLight/SciFiGunLight_Blue.mat
  artifactKey: Guid(5c7176cef124e1a4793b448ed91b74e1) Importer(2089858483,b0f066a214c2f5e87bad3c948f4d605d)
Start importing Assets/3D Asserts/Sci Fi Gun Light/Materials/SciFiGunLight/SciFiGunLight_Blue.mat using Guid(5c7176cef124e1a4793b448ed91b74e1) Importer(2089858483,b0f066a214c2f5e87bad3c948f4d605d) (ScriptedImporter) -> (artifact id: '1eab6efe6d50dca41ca85644b0c68d82') in 0.0303658 seconds
Number of updated asset objects reloaded before import = 0Number of asset objects unloaded after import = 5

========================================================================
Received Import Request.
  Time since last request: 0.000032 seconds.
  path: Assets/3D Asserts/Sci Fi Gun Light/Materials/SciFiGunLight/SciFiGunLight_White.mat
  artifactKey: Guid(f59d38d7fdabd3048a6eec44cfa5365f) Importer(2089858483,b0f066a214c2f5e87bad3c948f4d605d)
Start importing Assets/3D Asserts/Sci Fi Gun Light/Materials/SciFiGunLight/SciFiGunLight_White.mat using Guid(f59d38d7fdabd3048a6eec44cfa5365f) Importer(2089858483,b0f066a214c2f5e87bad3c948f4d605d) (ScriptedImporter) -> (artifact id: 'a7d253c10d99df02eef3eb5b0ed6d8ee') in 0.0454139 seconds
Number of updated asset objects reloaded before import = 0Number of asset objects unloaded after import = 5

========================================================================
Received Import Request.
  Time since last request: 0.000017 seconds.
  path: Assets/3D Asserts/Sci Fi Gun Light/Textures/ColorVar/White
  artifactKey: Guid(64663381d37a4a94080380716983729d) Importer(2089858483,b0f066a214c2f5e87bad3c948f4d605d)
Start importing Assets/3D Asserts/Sci Fi Gun Light/Textures/ColorVar/White using Guid(64663381d37a4a94080380716983729d) Importer(2089858483,b0f066a214c2f5e87bad3c948f4d605d) (ScriptedImporter) -> (artifact id: '95489579e0306c076dc5349a9511f125') in 0.0054796 seconds
Number of updated asset objects reloaded before import = 0Number of asset objects unloaded after import = 1

========================================================================
Received Import Request.
  Time since last request: 0.000019 seconds.
  path: Assets/3D Asserts/Sci Fi Gun Light/Prefabs/SciFiGunLight/SciFiGunLight_Yellow.prefab
  artifactKey: Guid(caf80fbf99570df45a028c3a3c6ff238) Importer(2089858483,b0f066a214c2f5e87bad3c948f4d605d)
Start importing Assets/3D Asserts/Sci Fi Gun Light/Prefabs/SciFiGunLight/SciFiGunLight_Yellow.prefab using Guid(caf80fbf99570df45a028c3a3c6ff238) Importer(2089858483,b0f066a214c2f5e87bad3c948f4d605d) (ScriptedImporter) -> (artifact id: 'bdeb88f9812d2b814002d2ad36fb48a3') in 0.0509982 seconds
Number of updated asset objects reloaded before import = 0Number of asset objects unloaded after import = 8

========================================================================
Received Import Request.
  Time since last request: 0.000025 seconds.
  path: Assets/3D Asserts/Sci Fi Gun Light/Textures/ColorVar/Blue
  artifactKey: Guid(8b184ddc0f1f98a43b5919988ab319c4) Importer(2089858483,b0f066a214c2f5e87bad3c948f4d605d)
Start importing Assets/3D Asserts/Sci Fi Gun Light/Textures/ColorVar/Blue using Guid(8b184ddc0f1f98a43b5919988ab319c4) Importer(2089858483,b0f066a214c2f5e87bad3c948f4d605d) (ScriptedImporter) -> (artifact id: '466dac0f3cdf7e5cf57c79d0ebb419eb') in 0.0045058 seconds
Number of updated asset objects reloaded before import = 0Number of asset objects unloaded after import = 1

========================================================================
Received Import Request.
  Time since last request: 0.000028 seconds.
  path: Assets/3D Asserts/Sci Fi Gun Light/Prefabs/SciFiGunLight
  artifactKey: Guid(725e685d852ada3489cd8f7d9f441221) Importer(2089858483,b0f066a214c2f5e87bad3c948f4d605d)
Start importing Assets/3D Asserts/Sci Fi Gun Light/Prefabs/SciFiGunLight using Guid(725e685d852ada3489cd8f7d9f441221) Importer(2089858483,b0f066a214c2f5e87bad3c948f4d605d) (ScriptedImporter) -> (artifact id: 'ed69100c24d695d1796f1661604a5474') in 0.005894 seconds
Number of updated asset objects reloaded before import = 0Number of asset objects unloaded after import = 1

========================================================================
Received Import Request.
  Time since last request: 0.000024 seconds.
  path: Assets/3D Asserts/Sci Fi Gun Light/Textures/ColorVar/White/SciFiGunLight_SpecularSmoothness.png
  artifactKey: Guid(18d6381b8c60f1e4face1868a1751af3) Importer(2089858483,b0f066a214c2f5e87bad3c948f4d605d)
Start importing Assets/3D Asserts/Sci Fi Gun Light/Textures/ColorVar/White/SciFiGunLight_SpecularSmoothness.png using Guid(18d6381b8c60f1e4face1868a1751af3) Importer(2089858483,b0f066a214c2f5e87bad3c948f4d605d) (ScriptedImporter) -> (artifact id: '3035b1eaa1c5eb7b3389585ce4e82715') in 0.02092 seconds
Number of updated asset objects reloaded before import = 0Number of asset objects unloaded after import = 1

========================================================================
Received Import Request.
  Time since last request: 0.000032 seconds.
  path: Assets/3D Asserts/Sci Fi Gun Light
  artifactKey: Guid(7f2552ce5c0102c4797360cc4f760e74) Importer(2089858483,b0f066a214c2f5e87bad3c948f4d605d)
Start importing Assets/3D Asserts/Sci Fi Gun Light using Guid(7f2552ce5c0102c4797360cc4f760e74) Importer(2089858483,b0f066a214c2f5e87bad3c948f4d605d) (ScriptedImporter) -> (artifact id: '302730d8af8918ff265891f1edaf5a7d') in 0.003782 seconds
Number of updated asset objects reloaded before import = 0Number of asset objects unloaded after import = 1

========================================================================
Received Import Request.
  Time since last request: 0.000029 seconds.
  path: Assets/3D Asserts/Sci Fi Gun Light/Prefabs/SciFiGunLight/SciFiGunLight_White.prefab
  artifactKey: Guid(a1db201987255e14ebc8e3c4476a247f) Importer(2089858483,b0f066a214c2f5e87bad3c948f4d605d)
Start importing Assets/3D Asserts/Sci Fi Gun Light/Prefabs/SciFiGunLight/SciFiGunLight_White.prefab using Guid(a1db201987255e14ebc8e3c4476a247f) Importer(2089858483,b0f066a214c2f5e87bad3c948f4d605d) (ScriptedImporter) -> (artifact id: '293143a88dea15b3db366f89611e9a91') in 0.008202 seconds
Number of updated asset objects reloaded before import = 0Number of asset objects unloaded after import = 8

========================================================================
Received Import Request.
  Time since last request: 0.000032 seconds.
  path: Assets/3D Asserts/Sci Fi Gun Light/Textures/ColorVar
  artifactKey: Guid(fb60a2b18948f9f49bc49d74160e7bee) Importer(2089858483,b0f066a214c2f5e87bad3c948f4d605d)
Start importing Assets/3D Asserts/Sci Fi Gun Light/Textures/ColorVar using Guid(fb60a2b18948f9f49bc49d74160e7bee) Importer(2089858483,b0f066a214c2f5e87bad3c948f4d605d) (ScriptedImporter) -> (artifact id: '644b0f273c4b5329fae26a7ee293b35c') in 0.0042618 seconds
Number of updated asset objects reloaded before import = 0Number of asset objects unloaded after import = 1

========================================================================
Received Import Request.
  Time since last request: 0.000026 seconds.
  path: Assets/3D Asserts/Sci Fi Gun Light/Textures/ColorVar/White/SciFiGunLight_AlbedoTransparency.png
  artifactKey: Guid(56c0f62345b42d74884feea1fce72e9e) Importer(2089858483,b0f066a214c2f5e87bad3c948f4d605d)
Start importing Assets/3D Asserts/Sci Fi Gun Light/Textures/ColorVar/White/SciFiGunLight_AlbedoTransparency.png using Guid(56c0f62345b42d74884feea1fce72e9e) Importer(2089858483,b0f066a214c2f5e87bad3c948f4d605d) (ScriptedImporter) -> (artifact id: '6fa61d6862342767088bd1d663bb018b') in 0.0178918 seconds
Number of updated asset objects reloaded before import = 0Number of asset objects unloaded after import = 1

========================================================================
Received Import Request.
  Time since last request: 0.000024 seconds.
  path: Assets/3D Asserts/Sci Fi Gun Light/Prefabs/SciFiGunLight/SciFiGunLight_Black.prefab
  artifactKey: Guid(d32892c82a841e34bb692140d685dcfc) Importer(2089858483,b0f066a214c2f5e87bad3c948f4d605d)
Start importing Assets/3D Asserts/Sci Fi Gun Light/Prefabs/SciFiGunLight/SciFiGunLight_Black.prefab using Guid(d32892c82a841e34bb692140d685dcfc) Importer(2089858483,b0f066a214c2f5e87bad3c948f4d605d) (ScriptedImporter) -> (artifact id: '1fce1c487eb46171310d4d4870eaab71') in 0.0086388 seconds
Number of updated asset objects reloaded before import = 0Number of asset objects unloaded after import = 8

========================================================================
Received Import Request.
  Time since last request: 0.000019 seconds.
  path: Assets/3D Asserts/Sci Fi Gun Light/Scenes/SciFiGunLight_Preview_Scene.unity
  artifactKey: Guid(1f8aa587b96c591469c11fa74f73028a) Importer(2089858483,b0f066a214c2f5e87bad3c948f4d605d)
Start importing Assets/3D Asserts/Sci Fi Gun Light/Scenes/SciFiGunLight_Preview_Scene.unity using Guid(1f8aa587b96c591469c11fa74f73028a) Importer(2089858483,b0f066a214c2f5e87bad3c948f4d605d) (ScriptedImporter) -> (artifact id: '20150b7410a4dbca9f52a2b6f69035d5') in 0.0049227 seconds
Number of updated asset objects reloaded before import = 0Number of asset objects unloaded after import = 1

========================================================================
Received Import Request.
  Time since last request: 0.000046 seconds.
  path: Assets/3D Asserts/Sci Fi Gun Light/Prefabs/SciFiGunLight/target.png
  artifactKey: Guid(c8ef18ca312da314aa0c44e43935b384) Importer(2089858483,b0f066a214c2f5e87bad3c948f4d605d)
Start importing Assets/3D Asserts/Sci Fi Gun Light/Prefabs/SciFiGunLight/target.png using Guid(c8ef18ca312da314aa0c44e43935b384) Importer(2089858483,b0f066a214c2f5e87bad3c948f4d605d) (ScriptedImporter) -> (artifact id: 'befa3fa0c3b9aac2293c7d42e6134e22') in 0.0116403 seconds
Number of updated asset objects reloaded before import = 0Number of asset objects unloaded after import = 1

========================================================================
Received Import Request.
  Time since last request: 0.000017 seconds.
  path: Assets/3D Asserts/Sci Fi Gun Light/Textures
  artifactKey: Guid(bdcc5e75277bf8c4aa5ced51627cfa85) Importer(2089858483,b0f066a214c2f5e87bad3c948f4d605d)
Start importing Assets/3D Asserts/Sci Fi Gun Light/Textures using Guid(bdcc5e75277bf8c4aa5ced51627cfa85) Importer(2089858483,b0f066a214c2f5e87bad3c948f4d605d) (ScriptedImporter) -> (artifact id: 'd07e9ad95c497e46fdf824bda0d5d4ee') in 0.0035727 seconds
Number of updated asset objects reloaded before import = 0Number of asset objects unloaded after import = 1

========================================================================
Received Prepare
Begin MonoManager ReloadAssembly
[Licensing::Client] Successfully resolved entitlement details
- Loaded All Assemblies, in  0.916 seconds
Refreshing native plugins compatible for Editor in 0.76 ms, found 3 plugins.
Native extension for Android target not found
Native extension for WindowsStandalone target not found
[Package Manager] Failed to launch server process. Reason: Unity was launched with the -noUpm command-line argument
[Package Manager] Unable to send message (not connected to server process).
[Package Manager] Cannot connect to Unity Package Manager local server
[Package Manager] Failed to launch server process. Reason: Unity was launched with the -noUpm command-line argument
[Package Manager] Unable to send message (not connected to server process).
[Package Manager] Cannot connect to Unity Package Manager local server
ScheduleIndexationOnStartup MainProcess:False IndexOnStartup:True
Mono: successfully reloaded assembly
- Finished resetting the current domain, in  0.941 seconds
Domain Reload Profiling: 1860ms
	BeginReloadAssembly (262ms)
		ExecutionOrderSort (0ms)
		DisableScriptedObjects (7ms)
		BackupInstance (0ms)
		ReleaseScriptingObjects (0ms)
		CreateAndSetChildDomain (61ms)
	RebuildCommonClasses (52ms)
	RebuildNativeTypeToScriptingClass (21ms)
	initialDomainReloadingComplete (31ms)
	LoadAllAssembliesAndSetupDomain (553ms)
		LoadAssemblies (429ms)
		RebuildTransferFunctionScriptingTraits (0ms)
		AnalyzeDomain (248ms)
			TypeCache.Refresh (7ms)
				TypeCache.ScanAssembly (0ms)
			BuildScriptInfoCaches (223ms)
			ResolveRequiredComponents (13ms)
	FinalizeReload (942ms)
		ReleaseScriptCaches (0ms)
		RebuildScriptCaches (0ms)
		SetupLoadedEditorAssemblies (726ms)
			LogAssemblyErrors (0ms)
			InitializePlatformSupportModulesInManaged (12ms)
			SetLoadedEditorAssemblies (7ms)
			BeforeProcessingInitializeOnLoad (201ms)
			ProcessInitializeOnLoadAttributes (409ms)
			ProcessInitializeOnLoadMethodAttributes (93ms)
			AfterProcessingInitializeOnLoad (4ms)
			EditorAssembliesLoaded (0ms)
		ExecutionOrderSort2 (0ms)
		AwakeInstancesAfterBackupRestoration (22ms)
Shader 'Polygonmaker/Basic-PBR (Cutout Single Side)': fallback shader '-1' not found
Shader 'Polygonmaker/Skin': fallback shader '-1' not found
Refreshing native plugins compatible for Editor in 1.80 ms, found 3 plugins.
Preloading 0 native plugins for Editor in 0.00 ms.
Unloading 18 Unused Serialized files (Serialized files now loaded: 0)
Unloading 6198 unused Assets / (4.7 MB). Loaded Objects now: 7173.
Memory consumption went from 174.2 MB to 169.5 MB.
Total: 23.615600 ms (FindLiveObjects: 1.689300 ms CreateObjectMapping: 1.923100 ms MarkObjects: 12.299500 ms  DeleteObjects: 7.701000 ms)

Prepare: number of updated asset objects reloaded= 0
========================================================================
Received Prepare
Begin MonoManager ReloadAssembly
[Licensing::Client] Successfully resolved entitlement details
- Loaded All Assemblies, in  0.918 seconds
Refreshing native plugins compatible for Editor in 1.06 ms, found 3 plugins.
Native extension for Android target not found
Native extension for WindowsStandalone target not found
[Package Manager] Failed to launch server process. Reason: Unity was launched with the -noUpm command-line argument
[Package Manager] Unable to send message (not connected to server process).
[Package Manager] Cannot connect to Unity Package Manager local server
[Package Manager] Failed to launch server process. Reason: Unity was launched with the -noUpm command-line argument
[Package Manager] Unable to send message (not connected to server process).
[Package Manager] Cannot connect to Unity Package Manager local server
ScheduleIndexationOnStartup MainProcess:False IndexOnStartup:True
Mono: successfully reloaded assembly
- Finished resetting the current domain, in  1.140 seconds
Domain Reload Profiling: 2061ms
	BeginReloadAssembly (264ms)
		ExecutionOrderSort (0ms)
		DisableScriptedObjects (8ms)
		BackupInstance (0ms)
		ReleaseScriptingObjects (0ms)
		CreateAndSetChildDomain (57ms)
	RebuildCommonClasses (46ms)
	RebuildNativeTypeToScriptingClass (19ms)
	initialDomainReloadingComplete (31ms)
	LoadAllAssembliesAndSetupDomain (561ms)
		LoadAssemblies (426ms)
		RebuildTransferFunctionScriptingTraits (0ms)
		AnalyzeDomain (266ms)
			TypeCache.Refresh (12ms)
				TypeCache.ScanAssembly (0ms)
			BuildScriptInfoCaches (233ms)
			ResolveRequiredComponents (16ms)
	FinalizeReload (1141ms)
		ReleaseScriptCaches (0ms)
		RebuildScriptCaches (0ms)
		SetupLoadedEditorAssemblies (885ms)
			LogAssemblyErrors (0ms)
			InitializePlatformSupportModulesInManaged (15ms)
			SetLoadedEditorAssemblies (7ms)
			BeforeProcessingInitializeOnLoad (217ms)
			ProcessInitializeOnLoadAttributes (487ms)
			ProcessInitializeOnLoadMethodAttributes (152ms)
			AfterProcessingInitializeOnLoad (7ms)
			EditorAssembliesLoaded (1ms)
		ExecutionOrderSort2 (0ms)
		AwakeInstancesAfterBackupRestoration (39ms)
Shader 'Polygonmaker/Basic-PBR (Cutout Single Side)': fallback shader '-1' not found
Shader 'Polygonmaker/Skin': fallback shader '-1' not found
Refreshing native plugins compatible for Editor in 1.30 ms, found 3 plugins.
Preloading 0 native plugins for Editor in 0.00 ms.
Unloading 18 Unused Serialized files (Serialized files now loaded: 0)
Unloading 6197 unused Assets / (5.1 MB). Loaded Objects now: 7176.
Memory consumption went from 174.2 MB to 169.1 MB.
Total: 22.334800 ms (FindLiveObjects: 1.221000 ms CreateObjectMapping: 3.537500 ms MarkObjects: 10.907800 ms  DeleteObjects: 6.666800 ms)

Prepare: number of updated asset objects reloaded= 0
========================================================================
Received Prepare
Begin MonoManager ReloadAssembly
[Licensing::Client] Successfully resolved entitlement details
- Loaded All Assemblies, in  0.885 seconds
Refreshing native plugins compatible for Editor in 0.77 ms, found 3 plugins.
Native extension for Android target not found
Native extension for WindowsStandalone target not found
[Package Manager] Failed to launch server process. Reason: Unity was launched with the -noUpm command-line argument
[Package Manager] Unable to send message (not connected to server process).
[Package Manager] Cannot connect to Unity Package Manager local server
[Package Manager] Failed to launch server process. Reason: Unity was launched with the -noUpm command-line argument
[Package Manager] Unable to send message (not connected to server process).
[Package Manager] Cannot connect to Unity Package Manager local server
ScheduleIndexationOnStartup MainProcess:False IndexOnStartup:True
Mono: successfully reloaded assembly
- Finished resetting the current domain, in  1.051 seconds
Domain Reload Profiling: 1940ms
	BeginReloadAssembly (255ms)
		ExecutionOrderSort (0ms)
		DisableScriptedObjects (8ms)
		BackupInstance (0ms)
		ReleaseScriptingObjects (0ms)
		CreateAndSetChildDomain (52ms)
	RebuildCommonClasses (49ms)
	RebuildNativeTypeToScriptingClass (19ms)
	initialDomainReloadingComplete (30ms)
	LoadAllAssembliesAndSetupDomain (535ms)
		LoadAssemblies (410ms)
		RebuildTransferFunctionScriptingTraits (0ms)
		AnalyzeDomain (250ms)
			TypeCache.Refresh (7ms)
				TypeCache.ScanAssembly (0ms)
			BuildScriptInfoCaches (218ms)
			ResolveRequiredComponents (19ms)
	FinalizeReload (1052ms)
		ReleaseScriptCaches (0ms)
		RebuildScriptCaches (0ms)
		SetupLoadedEditorAssemblies (792ms)
			LogAssemblyErrors (0ms)
			InitializePlatformSupportModulesInManaged (9ms)
			SetLoadedEditorAssemblies (6ms)
			BeforeProcessingInitializeOnLoad (198ms)
			ProcessInitializeOnLoadAttributes (438ms)
			ProcessInitializeOnLoadMethodAttributes (133ms)
			AfterProcessingInitializeOnLoad (6ms)
			EditorAssembliesLoaded (1ms)
		ExecutionOrderSort2 (0ms)
		AwakeInstancesAfterBackupRestoration (36ms)
Shader 'Polygonmaker/Basic-PBR (Cutout Single Side)': fallback shader '-1' not found
Shader 'Polygonmaker/Skin': fallback shader '-1' not found
Refreshing native plugins compatible for Editor in 1.14 ms, found 3 plugins.
Preloading 0 native plugins for Editor in 0.00 ms.
Unloading 18 Unused Serialized files (Serialized files now loaded: 0)
Unloading 6197 unused Assets / (5.0 MB). Loaded Objects now: 7179.
Memory consumption went from 174.3 MB to 169.3 MB.
Total: 19.328300 ms (FindLiveObjects: 1.814900 ms CreateObjectMapping: 1.698400 ms MarkObjects: 10.121300 ms  DeleteObjects: 5.692200 ms)

Prepare: number of updated asset objects reloaded= 0
========================================================================
Received Prepare
Begin MonoManager ReloadAssembly
[Licensing::Client] Successfully resolved entitlement details
Symbol file LoadedFromMemory is not a mono symbol file
- Loaded All Assemblies, in  1.459 seconds
Refreshing native plugins compatible for Editor in 1.78 ms, found 3 plugins.
Assertion failed on expression: 'pred(*previous, *i)'
Assertion failed on expression: 'pred(*previous, *i)'
Assertion failed on expression: 'pred(*previous, *i)'
Assertion failed on expression: 'pred(*previous, *i)'
Assertion failed on expression: 'pred(*previous, *i)'
Assertion failed on expression: 'pred(*previous, *i)'
Assertion failed on expression: 'pred(*previous, *i)'
Assertion failed on expression: 'pred(*previous, *i)'
Assertion failed on expression: 'pred(*previous, *i)'
Assertion failed on expression: 'pred(*previous, *i)'
Native extension for Android target not found
Native extension for WindowsStandalone target not found
[Package Manager] Failed to launch server process. Reason: Unity was launched with the -noUpm command-line argument
[Package Manager] Unable to send message (not connected to server process).
[Package Manager] Cannot connect to Unity Package Manager local server
[Package Manager] Failed to launch server process. Reason: Unity was launched with the -noUpm command-line argument
[Package Manager] Unable to send message (not connected to server process).
[Package Manager] Cannot connect to Unity Package Manager local server
ScheduleIndexationOnStartup MainProcess:False IndexOnStartup:True
Mono: successfully reloaded assembly
- Finished resetting the current domain, in  1.188 seconds
Domain Reload Profiling: 2653ms
	BeginReloadAssembly (294ms)
		ExecutionOrderSort (0ms)
		DisableScriptedObjects (11ms)
		BackupInstance (0ms)
		ReleaseScriptingObjects (0ms)
		CreateAndSetChildDomain (55ms)
	RebuildCommonClasses (48ms)
	RebuildNativeTypeToScriptingClass (19ms)
	initialDomainReloadingComplete (35ms)
	LoadAllAssembliesAndSetupDomain (1068ms)
		LoadAssemblies (556ms)
		RebuildTransferFunctionScriptingTraits (0ms)
		AnalyzeDomain (634ms)
			TypeCache.Refresh (327ms)
				TypeCache.ScanAssembly (243ms)
			BuildScriptInfoCaches (278ms)
			ResolveRequiredComponents (21ms)
	FinalizeReload (1189ms)
		ReleaseScriptCaches (0ms)
		RebuildScriptCaches (0ms)
		SetupLoadedEditorAssemblies (909ms)
			LogAssemblyErrors (0ms)
			InitializePlatformSupportModulesInManaged (14ms)
			SetLoadedEditorAssemblies (8ms)
			BeforeProcessingInitializeOnLoad (280ms)
			ProcessInitializeOnLoadAttributes (503ms)
			ProcessInitializeOnLoadMethodAttributes (100ms)
			AfterProcessingInitializeOnLoad (4ms)
			EditorAssembliesLoaded (0ms)
		ExecutionOrderSort2 (0ms)
		AwakeInstancesAfterBackupRestoration (26ms)
Shader 'Polygonmaker/Basic-PBR (Cutout Single Side)': fallback shader '-1' not found
Shader 'Polygonmaker/Skin': fallback shader '-1' not found
Refreshing native plugins compatible for Editor in 2.01 ms, found 3 plugins.
Preloading 0 native plugins for Editor in 0.00 ms.
Unloading 57 Unused Serialized files (Serialized files now loaded: 0)
Unloading 6855 unused Assets / (10.5 MB). Loaded Objects now: 7793.
Memory consumption went from 188.7 MB to 178.2 MB.
Total: 14.780100 ms (FindLiveObjects: 0.961000 ms CreateObjectMapping: 1.385100 ms MarkObjects: 6.705000 ms  DeleteObjects: 5.727900 ms)

Prepare: number of updated asset objects reloaded= 0
========================================================================
Received Prepare
Begin MonoManager ReloadAssembly
Symbol file LoadedFromMemory is not a mono symbol file
- Loaded All Assemblies, in  1.119 seconds
Refreshing native plugins compatible for Editor in 1.39 ms, found 3 plugins.
Assertion failed on expression: 'pred(*previous, *i)'
Assertion failed on expression: 'pred(*previous, *i)'
Assertion failed on expression: 'pred(*previous, *i)'
Assertion failed on expression: 'pred(*previous, *i)'
Assertion failed on expression: 'pred(*previous, *i)'
Assertion failed on expression: 'pred(*previous, *i)'
Assertion failed on expression: 'pred(*previous, *i)'
Assertion failed on expression: 'pred(*previous, *i)'
Assertion failed on expression: 'pred(*previous, *i)'
Assertion failed on expression: 'pred(*previous, *i)'
Assertion failed on expression: 'pred(*previous, *i)'
Native extension for Android target not found
Native extension for WindowsStandalone target not found
[Package Manager] Failed to launch server process. Reason: Unity was launched with the -noUpm command-line argument
[Package Manager] Unable to send message (not connected to server process).
[Package Manager] Cannot connect to Unity Package Manager local server
[Package Manager] Failed to launch server process. Reason: Unity was launched with the -noUpm command-line argument
[Package Manager] Unable to send message (not connected to server process).
[Package Manager] Cannot connect to Unity Package Manager local server
ScheduleIndexationOnStartup MainProcess:False IndexOnStartup:True
Mono: successfully reloaded assembly
- Finished resetting the current domain, in  1.084 seconds
Domain Reload Profiling: 2206ms
	BeginReloadAssembly (302ms)
		ExecutionOrderSort (0ms)
		DisableScriptedObjects (7ms)
		BackupInstance (0ms)
		ReleaseScriptingObjects (0ms)
		CreateAndSetChildDomain (65ms)
	RebuildCommonClasses (87ms)
	RebuildNativeTypeToScriptingClass (21ms)
	initialDomainReloadingComplete (31ms)
	LoadAllAssembliesAndSetupDomain (680ms)
		LoadAssemblies (489ms)
		RebuildTransferFunctionScriptingTraits (0ms)
		AnalyzeDomain (336ms)
			TypeCache.Refresh (149ms)
				TypeCache.ScanAssembly (133ms)
			BuildScriptInfoCaches (169ms)
			ResolveRequiredComponents (14ms)
	FinalizeReload (1085ms)
		ReleaseScriptCaches (0ms)
		RebuildScriptCaches (0ms)
		SetupLoadedEditorAssemblies (827ms)
			LogAssemblyErrors (0ms)
			InitializePlatformSupportModulesInManaged (12ms)
			SetLoadedEditorAssemblies (8ms)
			BeforeProcessingInitializeOnLoad (201ms)
			ProcessInitializeOnLoadAttributes (478ms)
			ProcessInitializeOnLoadMethodAttributes (122ms)
			AfterProcessingInitializeOnLoad (6ms)
			EditorAssembliesLoaded (0ms)
		ExecutionOrderSort2 (0ms)
		AwakeInstancesAfterBackupRestoration (26ms)
Shader 'Polygonmaker/Basic-PBR (Cutout Single Side)': fallback shader '-1' not found
Shader 'Polygonmaker/Skin': fallback shader '-1' not found
Refreshing native plugins compatible for Editor in 1.31 ms, found 3 plugins.
Preloading 0 native plugins for Editor in 0.00 ms.
Unloading 58 Unused Serialized files (Serialized files now loaded: 0)
Unloading 6864 unused Assets / (11.0 MB). Loaded Objects now: 7803.
Memory consumption went from 189.6 MB to 178.6 MB.
Total: 14.240600 ms (FindLiveObjects: 1.001900 ms CreateObjectMapping: 2.075600 ms MarkObjects: 5.392000 ms  DeleteObjects: 5.769900 ms)

Prepare: number of updated asset objects reloaded= 0
========================================================================
Received Import Request.
  Time since last request: 1127.554784 seconds.
  path: Assets/EffectExamples/Readme.asset
  artifactKey: Guid(83c2ed844a8c74b779a4c823d16594b1) Importer(815301076,1909f56bfc062723c751e8b465ee728b)
Start importing Assets/EffectExamples/Readme.asset using Guid(83c2ed844a8c74b779a4c823d16594b1) Importer(815301076,1909f56bfc062723c751e8b465ee728b) (PreviewImporter) -> (artifact id: 'baa06955007892bb34f2a16e92cdcdb8') in 0.0961192 seconds
Number of updated asset objects reloaded before import = 0Number of asset objects unloaded after import = 2

========================================================================
Received Import Request.
  Time since last request: 7.510608 seconds.
  path: Assets/EffectExamples/WeaponEffects/Prefabs/BulletImpactFleshSmallEffect.prefab
  artifactKey: Guid(83e55d3418297934fab882559d009285) Importer(815301076,1909f56bfc062723c751e8b465ee728b)
Start importing Assets/EffectExamples/WeaponEffects/Prefabs/BulletImpactFleshSmallEffect.prefab using Guid(83e55d3418297934fab882559d009285) Importer(815301076,1909f56bfc062723c751e8b465ee728b) (PreviewImporter) -> (artifact id: '2159563204ed1f00a816401751a12e09') in 0.8098106 seconds
Number of updated asset objects reloaded before import = 0Number of asset objects unloaded after import = 30

========================================================================
Received Import Request.
  Time since last request: 0.000034 seconds.
  path: Assets/EffectExamples/WeaponEffects/Prefabs/RocketTrailEffect.prefab
  artifactKey: Guid(20c0f7e297297fc468f9740f6bb08cb1) Importer(815301076,1909f56bfc062723c751e8b465ee728b)
Start importing Assets/EffectExamples/WeaponEffects/Prefabs/RocketTrailEffect.prefab using Guid(20c0f7e297297fc468f9740f6bb08cb1) Importer(815301076,1909f56bfc062723c751e8b465ee728b) (PreviewImporter) -> (artifact id: 'b05c594863c4d4ad2f27a6aa4475bcd7') in 0.2586441 seconds
Number of updated asset objects reloaded before import = 0Number of asset objects unloaded after import = 30

========================================================================
Received Import Request.
  Time since last request: 0.000062 seconds.
  path: Assets/EffectExamples/WeaponEffects/Prefabs/CartridgeEjectEffect.prefab
  artifactKey: Guid(7ca96822084510147adb2aea03d45e3b) Importer(815301076,1909f56bfc062723c751e8b465ee728b)
Start importing Assets/EffectExamples/WeaponEffects/Prefabs/CartridgeEjectEffect.prefab using Guid(7ca96822084510147adb2aea03d45e3b) Importer(815301076,1909f56bfc062723c751e8b465ee728b) (PreviewImporter) -> (artifact id: '951292170c3bed85fcb5e27d575746d7') in 0.0232396 seconds
Number of updated asset objects reloaded before import = 0Number of asset objects unloaded after import = 14

========================================================================
Received Import Request.
  Time since last request: 0.000042 seconds.
  path: Assets/EffectExamples/WeaponEffects/Prefabs/BulletImpactMetalEffect.prefab
  artifactKey: Guid(02a509a7fa70ed740ba4197e20c5d32d) Importer(815301076,1909f56bfc062723c751e8b465ee728b)
Start importing Assets/EffectExamples/WeaponEffects/Prefabs/BulletImpactMetalEffect.prefab using Guid(02a509a7fa70ed740ba4197e20c5d32d) Importer(815301076,1909f56bfc062723c751e8b465ee728b) (PreviewImporter) -> (artifact id: 'e184c4c705bdabe253ce0f4a9cc1ce43') in 0.0593999 seconds
Number of updated asset objects reloaded before import = 0Number of asset objects unloaded after import = 22

========================================================================
Received Import Request.
  Time since last request: 0.000047 seconds.
  path: Assets/EffectExamples/WeaponEffects/Prefabs/MuzzleFlashEffect.prefab
  artifactKey: Guid(9defeac88977c0d448aa4541073ee9e4) Importer(815301076,1909f56bfc062723c751e8b465ee728b)
Start importing Assets/EffectExamples/WeaponEffects/Prefabs/MuzzleFlashEffect.prefab using Guid(9defeac88977c0d448aa4541073ee9e4) Importer(815301076,1909f56bfc062723c751e8b465ee728b) (PreviewImporter) -> (artifact id: '79d96e3e9b56cdb486a02c5129d45bd2') in 0.010979 seconds
Number of updated asset objects reloaded before import = 0Number of asset objects unloaded after import = 12

========================================================================
Received Import Request.
  Time since last request: 128.308337 seconds.
  path: Assets/EffectExamples/FireExplosionEffects/Prefabs/DrippingFlames.prefab
  artifactKey: Guid(ce4133109fd2cb7469faad8e7c4307a4) Importer(815301076,1909f56bfc062723c751e8b465ee728b)
Start importing Assets/EffectExamples/FireExplosionEffects/Prefabs/DrippingFlames.prefab using Guid(ce4133109fd2cb7469faad8e7c4307a4) Importer(815301076,1909f56bfc062723c751e8b465ee728b) (PreviewImporter) -> (artifact id: '5697b5ac8f9b13d754e3964dc0ec2cc3') in 0.0884254 seconds
Number of updated asset objects reloaded before import = 0Number of asset objects unloaded after import = 35

========================================================================
Received Import Request.
  Time since last request: 0.000047 seconds.
  path: Assets/EffectExamples/FireExplosionEffects/Prefabs/WallFlames.prefab
  artifactKey: Guid(2c7e85f4b03483447a66947c83fb7468) Importer(815301076,1909f56bfc062723c751e8b465ee728b)
Start importing Assets/EffectExamples/FireExplosionEffects/Prefabs/WallFlames.prefab using Guid(2c7e85f4b03483447a66947c83fb7468) Importer(815301076,1909f56bfc062723c751e8b465ee728b) (PreviewImporter) -> (artifact id: 'aa3082200e7c14ec2db3d608311566b9') in 0.0236867 seconds
Number of updated asset objects reloaded before import = 0Number of asset objects unloaded after import = 35

========================================================================
Received Import Request.
  Time since last request: 0.000039 seconds.
  path: Assets/EffectExamples/FireExplosionEffects/Prefabs/PlasmaExplosionEffect.prefab
  artifactKey: Guid(96730f8640590934eacb6f860058e7f9) Importer(815301076,1909f56bfc062723c751e8b465ee728b)
Start importing Assets/EffectExamples/FireExplosionEffects/Prefabs/PlasmaExplosionEffect.prefab using Guid(96730f8640590934eacb6f860058e7f9) Importer(815301076,1909f56bfc062723c751e8b465ee728b) (PreviewImporter) -> (artifact id: '42f5dd57a450784f250b295c272a316d') in 0.0613638 seconds
Number of updated asset objects reloaded before import = 0Number of asset objects unloaded after import = 33

========================================================================
Received Import Request.
  Time since last request: 0.000090 seconds.
  path: Assets/EffectExamples/FireExplosionEffects/Prefabs/RibbonSmoke.prefab
  artifactKey: Guid(4d35711ba17dcd4409264568d9155360) Importer(815301076,1909f56bfc062723c751e8b465ee728b)
Start importing Assets/EffectExamples/FireExplosionEffects/Prefabs/RibbonSmoke.prefab using Guid(4d35711ba17dcd4409264568d9155360) Importer(815301076,1909f56bfc062723c751e8b465ee728b) (PreviewImporter) -> (artifact id: 'ed0df9059a012966e5052bf95b8ab7ac') in 0.057239 seconds
Number of updated asset objects reloaded before import = 0Number of asset objects unloaded after import = 7

========================================================================
Received Import Request.
  Time since last request: 0.000030 seconds.
  path: Assets/EffectExamples/FireExplosionEffects/Prefabs/SmokeEffect.prefab
  artifactKey: Guid(85a8865d1bf4a63478038fae23776de8) Importer(815301076,1909f56bfc062723c751e8b465ee728b)
Start importing Assets/EffectExamples/FireExplosionEffects/Prefabs/SmokeEffect.prefab using Guid(85a8865d1bf4a63478038fae23776de8) Importer(815301076,1909f56bfc062723c751e8b465ee728b) (PreviewImporter) -> (artifact id: 'f4869a9d95b9a941350650ec57457d3c') in 0.0276012 seconds
Number of updated asset objects reloaded before import = 0Number of asset objects unloaded after import = 18

========================================================================
Received Import Request.
  Time since last request: 0.000029 seconds.
  path: Assets/EffectExamples/FireExplosionEffects/Prefabs/FlamesEffects.prefab
  artifactKey: Guid(b9e167e31f640b34f87caab122fca598) Importer(815301076,1909f56bfc062723c751e8b465ee728b)
Start importing Assets/EffectExamples/FireExplosionEffects/Prefabs/FlamesEffects.prefab using Guid(b9e167e31f640b34f87caab122fca598) Importer(815301076,1909f56bfc062723c751e8b465ee728b) (PreviewImporter) -> (artifact id: '294143b7d532bd7a1fc4c60e92fbad7b') in 0.0206948 seconds
Number of updated asset objects reloaded before import = 0Number of asset objects unloaded after import = 66

========================================================================
Received Import Request.
  Time since last request: 9.544716 seconds.
  path: Assets/EffectExamples/WeaponEffects/Textures/BloodSplat2.mat
  artifactKey: Guid(fb0f4297b291a034bb4f9a9eada50640) Importer(815301076,1909f56bfc062723c751e8b465ee728b)
Start importing Assets/EffectExamples/WeaponEffects/Textures/BloodSplat2.mat using Guid(fb0f4297b291a034bb4f9a9eada50640) Importer(815301076,1909f56bfc062723c751e8b465ee728b) (PreviewImporter) -> (artifact id: 'a61464fe0cfc464835440ac788575fe7') in 0.0312568 seconds
Number of updated asset objects reloaded before import = 0Number of asset objects unloaded after import = 3

========================================================================
Received Import Request.
  Time since last request: 0.000052 seconds.
  path: Assets/EffectExamples/WeaponEffects/Textures/BloodStreakAlbedo.tif
  artifactKey: Guid(07a10375da67ac9429e4694a4e70a774) Importer(815301076,1909f56bfc062723c751e8b465ee728b)
Start importing Assets/EffectExamples/WeaponEffects/Textures/BloodStreakAlbedo.tif using Guid(07a10375da67ac9429e4694a4e70a774) Importer(815301076,1909f56bfc062723c751e8b465ee728b) (PreviewImporter) -> (artifact id: '163fedb96bf454f61fd4efe9b63c1780') in 0.0195269 seconds
Number of updated asset objects reloaded before import = 0Number of asset objects unloaded after import = 2

========================================================================
Received Import Request.
  Time since last request: 0.000065 seconds.
  path: Assets/EffectExamples/WeaponEffects/Textures/BloodSprayAlbedo.tif
  artifactKey: Guid(3f4abfb4beaba874db09889251c0f146) Importer(815301076,1909f56bfc062723c751e8b465ee728b)
Start importing Assets/EffectExamples/WeaponEffects/Textures/BloodSprayAlbedo.tif using Guid(3f4abfb4beaba874db09889251c0f146) Importer(815301076,1909f56bfc062723c751e8b465ee728b) (PreviewImporter) -> (artifact id: '99be4ad07c5f7773fb77cd0c07dfde6a') in 0.0080771 seconds
Number of updated asset objects reloaded before import = 0Number of asset objects unloaded after import = 2

========================================================================
Received Import Request.
  Time since last request: 0.000035 seconds.
  path: Assets/EffectExamples/WeaponEffects/Textures/BloodStreakNormals.tif
  artifactKey: Guid(4b403858fefaded4bb58c22aa41b8769) Importer(815301076,1909f56bfc062723c751e8b465ee728b)
Start importing Assets/EffectExamples/WeaponEffects/Textures/BloodStreakNormals.tif using Guid(4b403858fefaded4bb58c22aa41b8769) Importer(815301076,1909f56bfc062723c751e8b465ee728b) (PreviewImporter) -> (artifact id: '041cc3fd028feaec1d1b88e868a05385') in 0.0179282 seconds
Number of updated asset objects reloaded before import = 0Number of asset objects unloaded after import = 2

========================================================================
Received Import Request.
  Time since last request: 0.000057 seconds.
  path: Assets/EffectExamples/WeaponEffects/Textures/TinyStonesNormalsSheet.tif
  artifactKey: Guid(a00b2df6dc199854ba60af0c001a51b2) Importer(815301076,1909f56bfc062723c751e8b465ee728b)
Start importing Assets/EffectExamples/WeaponEffects/Textures/TinyStonesNormalsSheet.tif using Guid(a00b2df6dc199854ba60af0c001a51b2) Importer(815301076,1909f56bfc062723c751e8b465ee728b) (PreviewImporter) -> (artifact id: '8c9f3eb320c7f94952f7b77a995a384e') in 0.0091853 seconds
Number of updated asset objects reloaded before import = 0Number of asset objects unloaded after import = 2

========================================================================
Received Import Request.
  Time since last request: 0.000046 seconds.
  path: Assets/EffectExamples/WeaponEffects/Textures/BulletHoleRockAlbedo.tif
  artifactKey: Guid(15240786ea512f046bf64137f0abe4a1) Importer(815301076,1909f56bfc062723c751e8b465ee728b)
Start importing Assets/EffectExamples/WeaponEffects/Textures/BulletHoleRockAlbedo.tif using Guid(15240786ea512f046bf64137f0abe4a1) Importer(815301076,1909f56bfc062723c751e8b465ee728b) (PreviewImporter) -> (artifact id: '8ce22552aefce76523bfb88d23991b16') in 0.0075125 seconds
Number of updated asset objects reloaded before import = 0Number of asset objects unloaded after import = 2

========================================================================
Received Import Request.
  Time since last request: 0.000026 seconds.
  path: Assets/EffectExamples/WeaponEffects/Textures/WoodBulletHoleDepth.tif
  artifactKey: Guid(d911e33e4ef025e4ea1cc5a3503e4d42) Importer(815301076,1909f56bfc062723c751e8b465ee728b)
Start importing Assets/EffectExamples/WeaponEffects/Textures/WoodBulletHoleDepth.tif using Guid(d911e33e4ef025e4ea1cc5a3503e4d42) Importer(815301076,1909f56bfc062723c751e8b465ee728b) (PreviewImporter) -> (artifact id: 'ab38dd287cf2714ae4ae458ce06aa888') in 0.0077915 seconds
Number of updated asset objects reloaded before import = 0Number of asset objects unloaded after import = 2

========================================================================
Received Import Request.
  Time since last request: 0.000029 seconds.
  path: Assets/EffectExamples/WeaponEffects/Textures/WoodBulletHoleAlbedo.tif
  artifactKey: Guid(4c5f9569d875837419e6fb548cd8ad42) Importer(815301076,1909f56bfc062723c751e8b465ee728b)
Start importing Assets/EffectExamples/WeaponEffects/Textures/WoodBulletHoleAlbedo.tif using Guid(4c5f9569d875837419e6fb548cd8ad42) Importer(815301076,1909f56bfc062723c751e8b465ee728b) (PreviewImporter) -> (artifact id: 'dcaafbb6e61af76cae4c088db23b0781') in 0.0128671 seconds
Number of updated asset objects reloaded before import = 0Number of asset objects unloaded after import = 2

========================================================================
Received Import Request.
  Time since last request: 0.000031 seconds.
  path: Assets/EffectExamples/WeaponEffects/Textures/WaterDropsParticle.tif
  artifactKey: Guid(2ed1fb2461447634dab88e4180196c3e) Importer(815301076,1909f56bfc062723c751e8b465ee728b)
Start importing Assets/EffectExamples/WeaponEffects/Textures/WaterDropsParticle.tif using Guid(2ed1fb2461447634dab88e4180196c3e) Importer(815301076,1909f56bfc062723c751e8b465ee728b) (PreviewImporter) -> (artifact id: 'd60f39d54d8af627328f813eb48df6ae') in 0.0084599 seconds
Number of updated asset objects reloaded before import = 0Number of asset objects unloaded after import = 2

========================================================================
Received Import Request.
  Time since last request: 0.000057 seconds.
  path: Assets/EffectExamples/WeaponEffects/Textures/FleshBulletHoleNormals.tif
  artifactKey: Guid(372fe723afe65ed41a5b38da5faf82a1) Importer(815301076,1909f56bfc062723c751e8b465ee728b)
Start importing Assets/EffectExamples/WeaponEffects/Textures/FleshBulletHoleNormals.tif using Guid(372fe723afe65ed41a5b38da5faf82a1) Importer(815301076,1909f56bfc062723c751e8b465ee728b) (PreviewImporter) -> (artifact id: 'fc1aa420336f49b794b255b8ad7371d5') in 0.008301 seconds
Number of updated asset objects reloaded before import = 0Number of asset objects unloaded after import = 2

========================================================================
Received Import Request.
  Time since last request: 0.000063 seconds.
  path: Assets/EffectExamples/WeaponEffects/Textures/BulletHoleMetalThroughAlbedo.tif
  artifactKey: Guid(4dcc91061fcec7d40a6d7c381bf1eabc) Importer(815301076,1909f56bfc062723c751e8b465ee728b)
Start importing Assets/EffectExamples/WeaponEffects/Textures/BulletHoleMetalThroughAlbedo.tif using Guid(4dcc91061fcec7d40a6d7c381bf1eabc) Importer(815301076,1909f56bfc062723c751e8b465ee728b) (PreviewImporter) -> (artifact id: '543299b263dab71b83e3b9f1f603a23b') in 0.0065401 seconds
Number of updated asset objects reloaded before import = 0Number of asset objects unloaded after import = 2

========================================================================
Received Import Request.
  Time since last request: 0.000038 seconds.
  path: Assets/EffectExamples/WeaponEffects/Textures/BloodStreak.mat
  artifactKey: Guid(2f03a6f5f76f67c45ae05e606f7ca2da) Importer(815301076,1909f56bfc062723c751e8b465ee728b)
Start importing Assets/EffectExamples/WeaponEffects/Textures/BloodStreak.mat using Guid(2f03a6f5f76f67c45ae05e606f7ca2da) Importer(815301076,1909f56bfc062723c751e8b465ee728b) (PreviewImporter) -> (artifact id: '570866a5eb493b1d2ce3196de38000f3') in 0.0099182 seconds
Number of updated asset objects reloaded before import = 0Number of asset objects unloaded after import = 3

========================================================================
Received Import Request.
  Time since last request: 0.000048 seconds.
  path: Assets/EffectExamples/WeaponEffects/Textures/WoodBulletHoleNormals.tif
  artifactKey: Guid(dc7c338db44c68b41aebbac57c5c28b8) Importer(815301076,1909f56bfc062723c751e8b465ee728b)
Start importing Assets/EffectExamples/WeaponEffects/Textures/WoodBulletHoleNormals.tif using Guid(dc7c338db44c68b41aebbac57c5c28b8) Importer(815301076,1909f56bfc062723c751e8b465ee728b) (PreviewImporter) -> (artifact id: 'f22f04c878c2dd483ebbe58eb4ff169a') in 0.0080708 seconds
Number of updated asset objects reloaded before import = 0Number of asset objects unloaded after import = 2

========================================================================
Received Import Request.
  Time since last request: 167.121170 seconds.
  path: Assets/New Terrain.asset
  artifactKey: Guid(2e8ab34505a1d7746946187acf53c989) Importer(2089858483,b0f066a214c2f5e87bad3c948f4d605d)
Start importing Assets/New Terrain.asset using Guid(2e8ab34505a1d7746946187acf53c989) Importer(2089858483,b0f066a214c2f5e87bad3c948f4d605d) (ScriptedImporter) -> (artifact id: 'a7ebc4a7ef5d226c129f2c77fe6ac369') in 0.1680022 seconds
Number of updated asset objects reloaded before import = 0Number of asset objects unloaded after import = 2

========================================================================
Received Import Request.
  Time since last request: 0.000049 seconds.
  path: Assets/EffectExamples/Misc Effects/Materials/SparkParticle.mat
  artifactKey: Guid(19a1e36bbcb5b4c429a5dfdc8fb914de) Importer(2089858483,b0f066a214c2f5e87bad3c948f4d605d)
Start importing Assets/EffectExamples/Misc Effects/Materials/SparkParticle.mat using Guid(19a1e36bbcb5b4c429a5dfdc8fb914de) Importer(2089858483,b0f066a214c2f5e87bad3c948f4d605d) (ScriptedImporter) -> (artifact id: 'fcc3e76cf7cd00aa315b83b8bfdaaa0a') in 0.018856 seconds
Number of updated asset objects reloaded before import = 0Number of asset objects unloaded after import = 2

========================================================================
Received Import Request.
  Time since last request: 0.000044 seconds.
  path: Assets/EffectExamples/FireExplosionEffects/Materials/SmokeLightParticle.mat
  artifactKey: Guid(f06455b167e1b0b428c9af62d7aa6832) Importer(2089858483,b0f066a214c2f5e87bad3c948f4d605d)
Start importing Assets/EffectExamples/FireExplosionEffects/Materials/SmokeLightParticle.mat using Guid(f06455b167e1b0b428c9af62d7aa6832) Importer(2089858483,b0f066a214c2f5e87bad3c948f4d605d) (ScriptedImporter) -> (artifact id: '633ede3b427e3117e715bb80bfcf2052') in 0.0351519 seconds
Number of updated asset objects reloaded before import = 0Number of asset objects unloaded after import = 4

========================================================================
Received Import Request.
  Time since last request: 0.000029 seconds.
  path: Assets/EffectExamples/Scenes/Menu/ReflectionProbe-0.exr
  artifactKey: Guid(afa65c6b520779f44bbd494abdfb8cdd) Importer(2089858483,b0f066a214c2f5e87bad3c948f4d605d)
Start importing Assets/EffectExamples/Scenes/Menu/ReflectionProbe-0.exr using Guid(afa65c6b520779f44bbd494abdfb8cdd) Importer(2089858483,b0f066a214c2f5e87bad3c948f4d605d) (ScriptedImporter) -> (artifact id: '91137fadeca48334f1a11518d7fce40d') in 0.0509529 seconds
Number of updated asset objects reloaded before import = 0Number of asset objects unloaded after import = 1

========================================================================
Received Import Request.
  Time since last request: 0.000033 seconds.
  path: Assets/3D Asserts/Lizard man/Polygonmaker - Shader/Instructions - 3.9.pdf
  artifactKey: Guid(9812f2460aaa4c148aae5d323aa55a54) Importer(2089858483,b0f066a214c2f5e87bad3c948f4d605d)
Start importing Assets/3D Asserts/Lizard man/Polygonmaker - Shader/Instructions - 3.9.pdf using Guid(9812f2460aaa4c148aae5d323aa55a54) Importer(2089858483,b0f066a214c2f5e87bad3c948f4d605d) (ScriptedImporter) -> (artifact id: 'efb5dfea2f98b6a3cf27bf6c9a04746a') in 0.0046502 seconds
Number of updated asset objects reloaded before import = 0Number of asset objects unloaded after import = 1

========================================================================
Received Import Request.
  Time since last request: 0.000049 seconds.
  path: Assets/_Barking_Dog/Common Scripts/Turn_Move.cs
  artifactKey: Guid(8aed4a39c429349ed9883c39d37d8fc3) Importer(2089858483,b0f066a214c2f5e87bad3c948f4d605d)
Start importing Assets/_Barking_Dog/Common Scripts/Turn_Move.cs using Guid(8aed4a39c429349ed9883c39d37d8fc3) Importer(2089858483,b0f066a214c2f5e87bad3c948f4d605d) (ScriptedImporter) -> (artifact id: 'a5dc779a394554bf05d018024e1c34e9') in 0.0217776 seconds
Number of updated asset objects reloaded before import = 0Number of asset objects unloaded after import = 0

========================================================================
Received Import Request.
  Time since last request: 0.000058 seconds.
  path: Assets/_Barking_Dog/Common Scripts/GunManager.cs
  artifactKey: Guid(372f9b0ac73aa5e4da1c01096766ef8d) Importer(2089858483,b0f066a214c2f5e87bad3c948f4d605d)
Start importing Assets/_Barking_Dog/Common Scripts/GunManager.cs using Guid(372f9b0ac73aa5e4da1c01096766ef8d) Importer(2089858483,b0f066a214c2f5e87bad3c948f4d605d) (ScriptedImporter) -> (artifact id: '5ab21c9ed6618eef349c8b2d89e84e27') in 0.0048732 seconds
Number of updated asset objects reloaded before import = 0Number of asset objects unloaded after import = 0

========================================================================
Received Import Request.
  Time since last request: 0.000041 seconds.
  path: Assets/EffectExamples/FireExplosionEffects/Materials/PlasmaFireParticle.mat
  artifactKey: Guid(b5387d3c2ba98fc44a0f5744f94ce48c) Importer(2089858483,b0f066a214c2f5e87bad3c948f4d605d)
Start importing Assets/EffectExamples/FireExplosionEffects/Materials/PlasmaFireParticle.mat using Guid(b5387d3c2ba98fc44a0f5744f94ce48c) Importer(2089858483,b0f066a214c2f5e87bad3c948f4d605d) (ScriptedImporter) -> (artifact id: '52ae9d8fdb0c0f88a90eeccf0f2bc49d') in 0.0140819 seconds
Number of updated asset objects reloaded before import = 0Number of asset objects unloaded after import = 2

========================================================================
Received Import Request.
  Time since last request: 0.000043 seconds.
  path: Assets/EffectExamples/FireExplosionEffects/Prefabs/SmokeEffect.prefab
  artifactKey: Guid(85a8865d1bf4a63478038fae23776de8) Importer(2089858483,e11c23a36db5f54750b8cd40eac0985b)
Start importing Assets/EffectExamples/FireExplosionEffects/Prefabs/SmokeEffect.prefab using Guid(85a8865d1bf4a63478038fae23776de8) Importer(2089858483,e11c23a36db5f54750b8cd40eac0985b) (ScriptedImporter) -> (artifact id: 'be092e573e7fa24ebbfcde62229cacd8') in 0.1976388 seconds
Number of updated asset objects reloaded before import = 0Number of asset objects unloaded after import = 13

========================================================================
Received Import Request.
  Time since last request: 0.000043 seconds.
  path: Assets/EffectExamples/Shared/Prefabs/Extinguish.prefab
  artifactKey: Guid(ec68cf3d27ad1bf48a4b4d3af84e4ded) Importer(2089858483,e11c23a36db5f54750b8cd40eac0985b)
Start importing Assets/EffectExamples/Shared/Prefabs/Extinguish.prefab using Guid(ec68cf3d27ad1bf48a4b4d3af84e4ded) Importer(2089858483,e11c23a36db5f54750b8cd40eac0985b) (ScriptedImporter) -> (artifact id: 'b9c095f811a463d5cbd9c528dd9c069b') in 0.1808178 seconds
Number of updated asset objects reloaded before import = 0Number of asset objects unloaded after import = 43

========================================================================
Received Import Request.
  Time since last request: 0.000043 seconds.
  path: Assets/EffectExamples/Shared/PhysicsMaterials/Meat.physicMaterial
  artifactKey: Guid(8843da9524c3cec4eaebc0bf81cc4e1a) Importer(2089858483,b0f066a214c2f5e87bad3c948f4d605d)
Start importing Assets/EffectExamples/Shared/PhysicsMaterials/Meat.physicMaterial using Guid(8843da9524c3cec4eaebc0bf81cc4e1a) Importer(2089858483,b0f066a214c2f5e87bad3c948f4d605d) (ScriptedImporter) -> (artifact id: '0a63ed1074d67337d32c12ce10d9775b') in 0.0058408 seconds
Number of updated asset objects reloaded before import = 0Number of asset objects unloaded after import = 1

========================================================================
Received Import Request.
  Time since last request: 0.000053 seconds.
  path: Assets/EffectExamples/Shared/PhysicsMaterials/WaterFilledExtinguish.physicMaterial
  artifactKey: Guid(8e48a96595df5904da1626980936ebf7) Importer(2089858483,b0f066a214c2f5e87bad3c948f4d605d)
Start importing Assets/EffectExamples/Shared/PhysicsMaterials/WaterFilledExtinguish.physicMaterial using Guid(8e48a96595df5904da1626980936ebf7) Importer(2089858483,b0f066a214c2f5e87bad3c948f4d605d) (ScriptedImporter) -> (artifact id: '7a0e325f585dd98b2b73bfbb2cc9db4e') in 0.0044071 seconds
Number of updated asset objects reloaded before import = 0Number of asset objects unloaded after import = 1

========================================================================
Received Import Request.
  Time since last request: 0.000029 seconds.
  path: Assets/EffectExamples/FireExplosionEffects/Materials/DebrisParticle.mat
  artifactKey: Guid(72815344e9e9c7446895e130936932d7) Importer(2089858483,b0f066a214c2f5e87bad3c948f4d605d)
Start importing Assets/EffectExamples/FireExplosionEffects/Materials/DebrisParticle.mat using Guid(72815344e9e9c7446895e130936932d7) Importer(2089858483,b0f066a214c2f5e87bad3c948f4d605d) (ScriptedImporter) -> (artifact id: 'e833e175f483b6a6bf5914691f7ea4b8') in 0.00661 seconds
Number of updated asset objects reloaded before import = 0Number of asset objects unloaded after import = 2

========================================================================
Received Import Request.
  Time since last request: 0.000046 seconds.
  path: Assets/EffectExamples/Misc Effects/Materials/DustMoteParticle.mat
  artifactKey: Guid(e27a3e2f84809914fa5bf3a7ac14ce9f) Importer(2089858483,b0f066a214c2f5e87bad3c948f4d605d)
Start importing Assets/EffectExamples/Misc Effects/Materials/DustMoteParticle.mat using Guid(e27a3e2f84809914fa5bf3a7ac14ce9f) Importer(2089858483,b0f066a214c2f5e87bad3c948f4d605d) (ScriptedImporter) -> (artifact id: '1768c9062d344b9e407a7875bb9cb0ec') in 0.007929 seconds
Number of updated asset objects reloaded before import = 0Number of asset objects unloaded after import = 2

========================================================================
Received Import Request.
  Time since last request: 0.000053 seconds.
  path: Assets/EffectExamples/Shared/PhysicsMaterials/Stone.physicMaterial
  artifactKey: Guid(7509f6c6d640a774f9dfaa8af8658a80) Importer(2089858483,b0f066a214c2f5e87bad3c948f4d605d)
Start importing Assets/EffectExamples/Shared/PhysicsMaterials/Stone.physicMaterial using Guid(7509f6c6d640a774f9dfaa8af8658a80) Importer(2089858483,b0f066a214c2f5e87bad3c948f4d605d) (ScriptedImporter) -> (artifact id: 'e29081cb6f97b3a0d0bfcc9ec4813c3f') in 0.0059451 seconds
Number of updated asset objects reloaded before import = 0Number of asset objects unloaded after import = 1

========================================================================
Received Import Request.
  Time since last request: 0.000065 seconds.
  path: Assets/EffectExamples/FireExplosionEffects/Textures/SmokePuffParticleSheet.png
  artifactKey: Guid(d3c9883e2f0eef44f9241b6f8428f9fc) Importer(2089858483,b0f066a214c2f5e87bad3c948f4d605d)
Start importing Assets/EffectExamples/FireExplosionEffects/Textures/SmokePuffParticleSheet.png using Guid(d3c9883e2f0eef44f9241b6f8428f9fc) Importer(2089858483,b0f066a214c2f5e87bad3c948f4d605d) (ScriptedImporter) -> (artifact id: '4dc36acc3aa6d3bbe6e44263066522f4') in 0.0238923 seconds
Number of updated asset objects reloaded before import = 0Number of asset objects unloaded after import = 1

========================================================================
Received Import Request.
  Time since last request: 0.000056 seconds.
  path: Assets/EffectExamples/FireExplosionEffects/Textures/LightningParticle.tif
  artifactKey: Guid(06e4a78c75e10c145a9156e32089ec9c) Importer(2089858483,b0f066a214c2f5e87bad3c948f4d605d)
Start importing Assets/EffectExamples/FireExplosionEffects/Textures/LightningParticle.tif using Guid(06e4a78c75e10c145a9156e32089ec9c) Importer(2089858483,b0f066a214c2f5e87bad3c948f4d605d) (ScriptedImporter) -> (artifact id: 'd11695eee8c3ecee6e4dc63b0ebb104f') in 0.0096885 seconds
Number of updated asset objects reloaded before import = 0Number of asset objects unloaded after import = 1

========================================================================
Received Import Request.
  Time since last request: 0.000025 seconds.
  path: Assets/EffectExamples/Shared/PhysicsMaterials/Character.physicMaterial
  artifactKey: Guid(2d1b92c8292f3234baa92e29f307a81d) Importer(2089858483,b0f066a214c2f5e87bad3c948f4d605d)
Start importing Assets/EffectExamples/Shared/PhysicsMaterials/Character.physicMaterial using Guid(2d1b92c8292f3234baa92e29f307a81d) Importer(2089858483,b0f066a214c2f5e87bad3c948f4d605d) (ScriptedImporter) -> (artifact id: '6f5891767a08de34cd48159ab6edd52e') in 0.0043408 seconds
Number of updated asset objects reloaded before import = 0Number of asset objects unloaded after import = 1

========================================================================
Received Import Request.
  Time since last request: 0.000030 seconds.
  path: Assets/EffectExamples/Blood/Textures/BloodSprayNormals.tif
  artifactKey: Guid(d3d3954ad53568b49b1fda6366f2b5ee) Importer(2089858483,b0f066a214c2f5e87bad3c948f4d605d)
Start importing Assets/EffectExamples/Blood/Textures/BloodSprayNormals.tif using Guid(d3d3954ad53568b49b1fda6366f2b5ee) Importer(2089858483,b0f066a214c2f5e87bad3c948f4d605d) (ScriptedImporter) -> (artifact id: '112fa49b82ea60a81c919a3e5946efb2') in 0.0108827 seconds
Number of updated asset objects reloaded before import = 0Number of asset objects unloaded after import = 1

========================================================================
Received Import Request.
  Time since last request: 0.000029 seconds.
  path: Assets/EffectExamples/Misc Effects/Prefabs/SparksEffect.prefab
  artifactKey: Guid(78b71003e8b357d4bbf89c8b5e5e4f0e) Importer(2089858483,e11c23a36db5f54750b8cd40eac0985b)
Start importing Assets/EffectExamples/Misc Effects/Prefabs/SparksEffect.prefab using Guid(78b71003e8b357d4bbf89c8b5e5e4f0e) Importer(2089858483,e11c23a36db5f54750b8cd40eac0985b) (ScriptedImporter) -> (artifact id: '2131175806231254a60e67fa8bc41482') in 0.1185661 seconds
Number of updated asset objects reloaded before import = 0Number of asset objects unloaded after import = 18

========================================================================
Received Import Request.
  Time since last request: 0.000057 seconds.
  path: Assets/EffectExamples/Shared/Prefabs/WaterFilled.prefab
  artifactKey: Guid(b3310980331fa134d82770127f640471) Importer(2089858483,e11c23a36db5f54750b8cd40eac0985b)
Start importing Assets/EffectExamples/Shared/Prefabs/WaterFilled.prefab using Guid(b3310980331fa134d82770127f640471) Importer(2089858483,e11c23a36db5f54750b8cd40eac0985b) (ScriptedImporter) -> (artifact id: 'ddcaa77bd29a2dbbe6975dad60d832ee') in 0.0172206 seconds
Number of updated asset objects reloaded before import = 0Number of asset objects unloaded after import = 15

========================================================================
Received Import Request.
  Time since last request: 0.000038 seconds.
  path: Assets/EffectExamples/Shared/Prefabs/Stone.prefab
  artifactKey: Guid(6b4eed762f985a04bbc740b9da12e38d) Importer(2089858483,e11c23a36db5f54750b8cd40eac0985b)
Start importing Assets/EffectExamples/Shared/Prefabs/Stone.prefab using Guid(6b4eed762f985a04bbc740b9da12e38d) Importer(2089858483,e11c23a36db5f54750b8cd40eac0985b) (ScriptedImporter) -> (artifact id: '827adbeb0c947d713c0e31205819c02c') in 0.0150916 seconds
Number of updated asset objects reloaded before import = 0Number of asset objects unloaded after import = 14

========================================================================
Received Import Request.
  Time since last request: 0.000032 seconds.
  path: Assets/_Barking_Dog/_3D Scifi Base Vol 1/Camera Profile.asset
  artifactKey: Guid(162a45839e0ffaa418cf67c45c44d51d) Importer(2089858483,b0f066a214c2f5e87bad3c948f4d605d)
Start importing Assets/_Barking_Dog/_3D Scifi Base Vol 1/Camera Profile.asset using Guid(162a45839e0ffaa418cf67c45c44d51d) Importer(2089858483,b0f066a214c2f5e87bad3c948f4d605d) (ScriptedImporter) -> (artifact id: '36eb5be13809babc76853b2ccb4aaab5') in 0.014139 seconds
Number of updated asset objects reloaded before import = 0Number of asset objects unloaded after import = 4

========================================================================
Received Import Request.
  Time since last request: 0.000040 seconds.
  path: Assets/Settings/DefaultVolumeProfile.asset
  artifactKey: Guid(ab09877e2e707104187f6f83e2f62510) Importer(2089858483,b0f066a214c2f5e87bad3c948f4d605d)
Start importing Assets/Settings/DefaultVolumeProfile.asset using Guid(ab09877e2e707104187f6f83e2f62510) Importer(2089858483,b0f066a214c2f5e87bad3c948f4d605d) (ScriptedImporter) -> (artifact id: '425130c1aa43b45f10b6ea5837aa2de0') in 0.0132277 seconds
Number of updated asset objects reloaded before import = 0Number of asset objects unloaded after import = 0

========================================================================
Received Import Request.
  Time since last request: 0.000051 seconds.
  path: Assets/EffectExamples/Shared/Fonts/Roboto-Thin.ttf
  artifactKey: Guid(cd25d80d03a864fdd90534b28f15208a) Importer(2089858483,b0f066a214c2f5e87bad3c948f4d605d)
Start importing Assets/EffectExamples/Shared/Fonts/Roboto-Thin.ttf using Guid(cd25d80d03a864fdd90534b28f15208a) Importer(2089858483,b0f066a214c2f5e87bad3c948f4d605d) (ScriptedImporter) -> (artifact id: '116ab7468985f48207680abfa5998430') in 0.0272098 seconds
Number of updated asset objects reloaded before import = 0Number of asset objects unloaded after import = 3

========================================================================
Received Import Request.
  Time since last request: 0.000049 seconds.
  path: Assets/EffectExamples/Blood/Materials/BloodStreamParticle.mat
  artifactKey: Guid(fb0a006be807eac48a87ffa79b3330a5) Importer(2089858483,b0f066a214c2f5e87bad3c948f4d605d)
Start importing Assets/EffectExamples/Blood/Materials/BloodStreamParticle.mat using Guid(fb0a006be807eac48a87ffa79b3330a5) Importer(2089858483,b0f066a214c2f5e87bad3c948f4d605d) (ScriptedImporter) -> (artifact id: 'f4e68851975022ed6e9b38d9128d8c23') in 0.0140667 seconds
Number of updated asset objects reloaded before import = 0Number of asset objects unloaded after import = 3

========================================================================
Received Import Request.
  Time since last request: 0.000031 seconds.
  path: Assets/EffectExamples/Shared/Scripts/ParticleExamples.cs
  artifactKey: Guid(1708b2ad8d149415d8ceffa3a0ae252f) Importer(2089858483,b0f066a214c2f5e87bad3c948f4d605d)
Start importing Assets/EffectExamples/Shared/Scripts/ParticleExamples.cs using Guid(1708b2ad8d149415d8ceffa3a0ae252f) Importer(2089858483,b0f066a214c2f5e87bad3c948f4d605d) (ScriptedImporter) -> (artifact id: '6784a7973541fb77c4fdd439f18dcb91') in 0.0069649 seconds
Number of updated asset objects reloaded before import = 0Number of asset objects unloaded after import = 0

========================================================================
Received Import Request.
  Time since last request: 0.000044 seconds.
  path: Assets/EffectExamples/Misc Effects/Materials/SandSwirlsParticle.mat
  artifactKey: Guid(795ab1f41a8fd4142859110cee203fd7) Importer(2089858483,b0f066a214c2f5e87bad3c948f4d605d)
Start importing Assets/EffectExamples/Misc Effects/Materials/SandSwirlsParticle.mat using Guid(795ab1f41a8fd4142859110cee203fd7) Importer(2089858483,b0f066a214c2f5e87bad3c948f4d605d) (ScriptedImporter) -> (artifact id: '5b3790d88930b197b4e99f62134503e9') in 0.0093444 seconds
Number of updated asset objects reloaded before import = 0Number of asset objects unloaded after import = 2

========================================================================
Received Import Request.
  Time since last request: 0.000043 seconds.
  path: Assets/EffectExamples/Blood/Textures/BloodPoolAlbedo.tif
  artifactKey: Guid(b4e688a60e266c340b1f84c510a4c102) Importer(2089858483,b0f066a214c2f5e87bad3c948f4d605d)
Start importing Assets/EffectExamples/Blood/Textures/BloodPoolAlbedo.tif using Guid(b4e688a60e266c340b1f84c510a4c102) Importer(2089858483,b0f066a214c2f5e87bad3c948f4d605d) (ScriptedImporter) -> (artifact id: '16304efa95fd99df56733ad9da5ec544') in 0.0132701 seconds
Number of updated asset objects reloaded before import = 0Number of asset objects unloaded after import = 1

========================================================================
Received Import Request.
  Time since last request: 0.000066 seconds.
  path: Assets/EffectExamples/Misc Effects/Materials/Spark2Particle.mat
  artifactKey: Guid(a6492a173e6c03f48899880b96cca600) Importer(2089858483,b0f066a214c2f5e87bad3c948f4d605d)
Start importing Assets/EffectExamples/Misc Effects/Materials/Spark2Particle.mat using Guid(a6492a173e6c03f48899880b96cca600) Importer(2089858483,b0f066a214c2f5e87bad3c948f4d605d) (ScriptedImporter) -> (artifact id: '6d26574637358f4998ac39b28e27fdad') in 0.0074142 seconds
Number of updated asset objects reloaded before import = 0Number of asset objects unloaded after import = 2

========================================================================
Received Import Request.
  Time since last request: 0.000038 seconds.
  path: Assets/EffectExamples/Shared/Textures/BackgroundAlbedo.tif
  artifactKey: Guid(184411e5cbfcef94d90c27171a6135d6) Importer(2089858483,b0f066a214c2f5e87bad3c948f4d605d)
Start importing Assets/EffectExamples/Shared/Textures/BackgroundAlbedo.tif using Guid(184411e5cbfcef94d90c27171a6135d6) Importer(2089858483,b0f066a214c2f5e87bad3c948f4d605d) (ScriptedImporter) -> (artifact id: '77658503ec7005a8fb94c84036e8fcd5') in 0.0122949 seconds
Number of updated asset objects reloaded before import = 0Number of asset objects unloaded after import = 1

========================================================================
Received Import Request.
  Time since last request: 0.000028 seconds.
  path: Assets/EffectExamples/Shared/Scripts/GunAim.cs
  artifactKey: Guid(c63d71560c10e473ebc409185edd2c8c) Importer(2089858483,b0f066a214c2f5e87bad3c948f4d605d)
Start importing Assets/EffectExamples/Shared/Scripts/GunAim.cs using Guid(c63d71560c10e473ebc409185edd2c8c) Importer(2089858483,b0f066a214c2f5e87bad3c948f4d605d) (ScriptedImporter) -> (artifact id: '892489aa3c10a88ebdb96088ffa6feb8') in 0.0047086 seconds
Number of updated asset objects reloaded before import = 0Number of asset objects unloaded after import = 0

========================================================================
Received Import Request.
  Time since last request: 0.000033 seconds.
  path: Assets/EffectExamples/Shared/Textures/CloudsNormals.tif
  artifactKey: Guid(8806362d7e9ad5141b23999ce01adc8c) Importer(2089858483,b0f066a214c2f5e87bad3c948f4d605d)
Start importing Assets/EffectExamples/Shared/Textures/CloudsNormals.tif using Guid(8806362d7e9ad5141b23999ce01adc8c) Importer(2089858483,b0f066a214c2f5e87bad3c948f4d605d) (ScriptedImporter) -> (artifact id: '427f3515e588e65f6145e51f059c8d9e') in 0.0129987 seconds
Number of updated asset objects reloaded before import = 0Number of asset objects unloaded after import = 1

========================================================================
Received Import Request.
  Time since last request: 0.000063 seconds.
  path: Assets/EffectExamples/Shared/Textures/StoneNormals.tif
  artifactKey: Guid(e6b70229308faa64880eac4945d59f5e) Importer(2089858483,b0f066a214c2f5e87bad3c948f4d605d)
Start importing Assets/EffectExamples/Shared/Textures/StoneNormals.tif using Guid(e6b70229308faa64880eac4945d59f5e) Importer(2089858483,b0f066a214c2f5e87bad3c948f4d605d) (ScriptedImporter) -> (artifact id: 'e3390f66d4399228cc24f12aa64d64fe') in 0.0173216 seconds
Number of updated asset objects reloaded before import = 0Number of asset objects unloaded after import = 1

========================================================================
Received Import Request.
  Time since last request: 0.000081 seconds.
  path: Assets/EffectExamples/WaterEffects/Prefabs/StormCloudEffect.prefab
  artifactKey: Guid(ca55dd9d7d291014a8b13aaf95318a3a) Importer(2089858483,e11c23a36db5f54750b8cd40eac0985b)
Start importing Assets/EffectExamples/WaterEffects/Prefabs/StormCloudEffect.prefab using Guid(ca55dd9d7d291014a8b13aaf95318a3a) Importer(2089858483,e11c23a36db5f54750b8cd40eac0985b) (ScriptedImporter) -> (artifact id: 'b2c4e2aec6229b0c7ede3dabfa822816') in 0.112429 seconds
Number of updated asset objects reloaded before import = 0Number of asset objects unloaded after import = 15

========================================================================
Received Import Request.
  Time since last request: 0.000026 seconds.
  path: Assets/EffectExamples/Shared/Textures/WoodAlbedo.tif
  artifactKey: Guid(3e8f2684da783fd4284f90bce28de4c5) Importer(2089858483,b0f066a214c2f5e87bad3c948f4d605d)
Start importing Assets/EffectExamples/Shared/Textures/WoodAlbedo.tif using Guid(3e8f2684da783fd4284f90bce28de4c5) Importer(2089858483,b0f066a214c2f5e87bad3c948f4d605d) (ScriptedImporter) -> (artifact id: '6659f108fd23871aa738e84efcf7f1f6') in 0.0135374 seconds
Number of updated asset objects reloaded before import = 0Number of asset objects unloaded after import = 1

========================================================================
Received Import Request.
  Time since last request: 0.000036 seconds.
  path: Assets/EffectExamples/FireExplosionEffects/Textures/SmokePuffNormalSheet.tif
  artifactKey: Guid(3bc01580ce4f1834eb3562397607f51d) Importer(2089858483,b0f066a214c2f5e87bad3c948f4d605d)
Start importing Assets/EffectExamples/FireExplosionEffects/Textures/SmokePuffNormalSheet.tif using Guid(3bc01580ce4f1834eb3562397607f51d) Importer(2089858483,b0f066a214c2f5e87bad3c948f4d605d) (ScriptedImporter) -> (artifact id: 'b653972b66ff113b8bc0380f06648754') in 0.0141383 seconds
Number of updated asset objects reloaded before import = 0Number of asset objects unloaded after import = 1

========================================================================
Received Import Request.
  Time since last request: 0.000068 seconds.
  path: Assets/_Barking_Dog/Common Scripts/MouseLook.cs
  artifactKey: Guid(f01bd4c86abb8314b810e35708a25532) Importer(2089858483,b0f066a214c2f5e87bad3c948f4d605d)
Start importing Assets/_Barking_Dog/Common Scripts/MouseLook.cs using Guid(f01bd4c86abb8314b810e35708a25532) Importer(2089858483,b0f066a214c2f5e87bad3c948f4d605d) (ScriptedImporter) -> (artifact id: '1fb24505a6bc98fed567ea406baab582') in 0.0096532 seconds
Number of updated asset objects reloaded before import = 0Number of asset objects unloaded after import = 0

========================================================================
Received Import Request.
  Time since last request: 0.000030 seconds.
  path: Assets/EffectExamples/FireExplosionEffects/Prefabs/FlameThrowerEffect.prefab
  artifactKey: Guid(3123da49cb81147489b444f2749aba47) Importer(2089858483,e11c23a36db5f54750b8cd40eac0985b)
Start importing Assets/EffectExamples/FireExplosionEffects/Prefabs/FlameThrowerEffect.prefab using Guid(3123da49cb81147489b444f2749aba47) Importer(2089858483,e11c23a36db5f54750b8cd40eac0985b) (ScriptedImporter) -> (artifact id: '232278e47b591e55807f2f9e59370365') in 0.1637908 seconds
Number of updated asset objects reloaded before import = 0Number of asset objects unloaded after import = 51

========================================================================
Received Import Request.
  Time since last request: 0.000044 seconds.
  path: Assets/EffectExamples/Blood/Prefabs/BloodStreamEffect.prefab
  artifactKey: Guid(a3768c8a9d1b90d4bb0eb0e4bdbe730c) Importer(2089858483,e11c23a36db5f54750b8cd40eac0985b)
Start importing Assets/EffectExamples/Blood/Prefabs/BloodStreamEffect.prefab using Guid(a3768c8a9d1b90d4bb0eb0e4bdbe730c) Importer(2089858483,e11c23a36db5f54750b8cd40eac0985b) (ScriptedImporter) -> (artifact id: '20b7a6f215c7c5e3edd5a73cd12b2cbb') in 0.1264248 seconds
Number of updated asset objects reloaded before import = 0Number of asset objects unloaded after import = 18

========================================================================
Received Import Request.
  Time since last request: 0.000062 seconds.
  path: Assets/EffectExamples/WeaponEffects/Materials/BulletDecalStone.mat
  artifactKey: Guid(a29767879f97b364393df3a772628180) Importer(2089858483,b0f066a214c2f5e87bad3c948f4d605d)
Start importing Assets/EffectExamples/WeaponEffects/Materials/BulletDecalStone.mat using Guid(a29767879f97b364393df3a772628180) Importer(2089858483,b0f066a214c2f5e87bad3c948f4d605d) (ScriptedImporter) -> (artifact id: '879f4022fcd076c8d8a7c4e40df815ba') in 0.0610779 seconds
Number of updated asset objects reloaded before import = 0Number of asset objects unloaded after import = 4

========================================================================
Received Import Request.
  Time since last request: 0.000031 seconds.
  path: Assets/EffectExamples/WaterEffects/Textures/CloudsParticleSheet.tif
  artifactKey: Guid(f0f137a9e20dd82448c39df561615d24) Importer(2089858483,b0f066a214c2f5e87bad3c948f4d605d)
Start importing Assets/EffectExamples/WaterEffects/Textures/CloudsParticleSheet.tif using Guid(f0f137a9e20dd82448c39df561615d24) Importer(2089858483,b0f066a214c2f5e87bad3c948f4d605d) (ScriptedImporter) -> (artifact id: 'c1343ab6f70d3f7f125aeb6478a210d0') in 0.0130019 seconds
Number of updated asset objects reloaded before import = 0Number of asset objects unloaded after import = 1

========================================================================
Received Import Request.
  Time since last request: 0.000093 seconds.
  path: Assets/EffectExamples/WeaponEffects/Materials/BulletFleshDecal.mat
  artifactKey: Guid(d771645f9ac10d241b18277409d02a55) Importer(2089858483,b0f066a214c2f5e87bad3c948f4d605d)
Start importing Assets/EffectExamples/WeaponEffects/Materials/BulletFleshDecal.mat using Guid(d771645f9ac10d241b18277409d02a55) Importer(2089858483,b0f066a214c2f5e87bad3c948f4d605d) (ScriptedImporter) -> (artifact id: 'd946c9d7e683636be1cf142926387dde') in 0.0081168 seconds
Number of updated asset objects reloaded before import = 0Number of asset objects unloaded after import = 4

========================================================================
Received Import Request.
  Time since last request: 0.000052 seconds.
  path: Assets/EffectExamples/WeaponEffects/Materials/BulletDecalMetal.mat
  artifactKey: Guid(094e76e620df5714eb3946120657e1f6) Importer(2089858483,b0f066a214c2f5e87bad3c948f4d605d)
Start importing Assets/EffectExamples/WeaponEffects/Materials/BulletDecalMetal.mat using Guid(094e76e620df5714eb3946120657e1f6) Importer(2089858483,b0f066a214c2f5e87bad3c948f4d605d) (ScriptedImporter) -> (artifact id: '961098b5ee3c63155fce325bdd4164d0') in 0.0072617 seconds
Number of updated asset objects reloaded before import = 0Number of asset objects unloaded after import = 3

========================================================================
Received Import Request.
  Time since last request: 0.000057 seconds.
  path: Assets/EffectExamples/WaterEffects/Textures/CloudsParticleNormals.tif
  artifactKey: Guid(aa748bb25f802de4fb3622d6963a538e) Importer(2089858483,b0f066a214c2f5e87bad3c948f4d605d)
Start importing Assets/EffectExamples/WaterEffects/Textures/CloudsParticleNormals.tif using Guid(aa748bb25f802de4fb3622d6963a538e) Importer(2089858483,b0f066a214c2f5e87bad3c948f4d605d) (ScriptedImporter) -> (artifact id: 'e5a40bc9a33a56778b6d6928aee150ea') in 0.0101937 seconds
Number of updated asset objects reloaded before import = 0Number of asset objects unloaded after import = 1

========================================================================
Received Import Request.
  Time since last request: 0.000073 seconds.
  path: Assets/EffectExamples/WeaponEffects/Materials/ShallCasing.mat
  artifactKey: Guid(713f8d12f5dbfb640b7a4874212c2c08) Importer(2089858483,b0f066a214c2f5e87bad3c948f4d605d)
Start importing Assets/EffectExamples/WeaponEffects/Materials/ShallCasing.mat using Guid(713f8d12f5dbfb640b7a4874212c2c08) Importer(2089858483,b0f066a214c2f5e87bad3c948f4d605d) (ScriptedImporter) -> (artifact id: 'b95ac7034db58226678c75bce928c840') in 0.0060244 seconds
Number of updated asset objects reloaded before import = 0Number of asset objects unloaded after import = 1

========================================================================
Received Import Request.
  Time since last request: 0.000030 seconds.
  path: Assets/EffectExamples/Shared/Scripts/ParticleCollision.cs
  artifactKey: Guid(4c111b630ead2a349b4c4cbf7a810085) Importer(2089858483,b0f066a214c2f5e87bad3c948f4d605d)
Start importing Assets/EffectExamples/Shared/Scripts/ParticleCollision.cs using Guid(4c111b630ead2a349b4c4cbf7a810085) Importer(2089858483,b0f066a214c2f5e87bad3c948f4d605d) (ScriptedImporter) -> (artifact id: '6dfe35e9579d01e1cb2ca8175b8f1c6f') in 0.0058535 seconds
Number of updated asset objects reloaded before import = 0Number of asset objects unloaded after import = 0

========================================================================
Received Import Request.
  Time since last request: 0.000049 seconds.
  path: Assets/EffectExamples/Shared/Prefabs/ParticlesLight.prefab
  artifactKey: Guid(fa35d75604d172d48b7a6b62a07c7dbf) Importer(2089858483,e11c23a36db5f54750b8cd40eac0985b)
Start importing Assets/EffectExamples/Shared/Prefabs/ParticlesLight.prefab using Guid(fa35d75604d172d48b7a6b62a07c7dbf) Importer(2089858483,e11c23a36db5f54750b8cd40eac0985b) (ScriptedImporter) -> (artifact id: '0c9d93f2f844a9683d2594a735b1f98e') in 0.0104405 seconds
Number of updated asset objects reloaded before import = 0Number of asset objects unloaded after import = 5

========================================================================
Received Import Request.
  Time since last request: 0.000056 seconds.
  path: Assets/EffectExamples/Shared/Scripts/ExtinguishableFire.cs
  artifactKey: Guid(01d79beb4399f964ea234855d877ee52) Importer(2089858483,b0f066a214c2f5e87bad3c948f4d605d)
Start importing Assets/EffectExamples/Shared/Scripts/ExtinguishableFire.cs using Guid(01d79beb4399f964ea234855d877ee52) Importer(2089858483,b0f066a214c2f5e87bad3c948f4d605d) (ScriptedImporter) -> (artifact id: 'f00846c73be2b633a20b3bc97fe27c18') in 0.0051187 seconds
Number of updated asset objects reloaded before import = 0Number of asset objects unloaded after import = 0

========================================================================
Received Import Request.
  Time since last request: 0.000034 seconds.
  path: Assets/EffectExamples/Shared/Scripts/DecalDestroyer.cs
  artifactKey: Guid(b3cedb949dfc6b44aa88e1e82ba6471d) Importer(2089858483,b0f066a214c2f5e87bad3c948f4d605d)
Start importing Assets/EffectExamples/Shared/Scripts/DecalDestroyer.cs using Guid(b3cedb949dfc6b44aa88e1e82ba6471d) Importer(2089858483,b0f066a214c2f5e87bad3c948f4d605d) (ScriptedImporter) -> (artifact id: '450151ebbc3b59e37af9c080d9701873') in 0.0050369 seconds
Number of updated asset objects reloaded before import = 0Number of asset objects unloaded after import = 0

========================================================================
Received Import Request.
  Time since last request: 0.000027 seconds.
  path: Assets/EffectExamples/Misc Effects/Prefabs/ElectricalSparksEffect.prefab
  artifactKey: Guid(96b2ec0239d11fa4b9792311efceb8ed) Importer(2089858483,e11c23a36db5f54750b8cd40eac0985b)
Start importing Assets/EffectExamples/Misc Effects/Prefabs/ElectricalSparksEffect.prefab using Guid(96b2ec0239d11fa4b9792311efceb8ed) Importer(2089858483,e11c23a36db5f54750b8cd40eac0985b) (ScriptedImporter) -> (artifact id: '882dcc0516c6415b43734b2e44ff6702') in 0.0601222 seconds
Number of updated asset objects reloaded before import = 0Number of asset objects unloaded after import = 11

========================================================================
Received Import Request.
  Time since last request: 0.000040 seconds.
  path: Assets/EffectExamples/FireExplosionEffects/Textures/SmokePuff02ParticleSheet.tif
  artifactKey: Guid(26e206bd730800f4f82b828eb9f1c067) Importer(2089858483,b0f066a214c2f5e87bad3c948f4d605d)
Start importing Assets/EffectExamples/FireExplosionEffects/Textures/SmokePuff02ParticleSheet.tif using Guid(26e206bd730800f4f82b828eb9f1c067) Importer(2089858483,b0f066a214c2f5e87bad3c948f4d605d) (ScriptedImporter) -> (artifact id: '7e2bc7f10489f7009e5540083e27f009') in 0.0133434 seconds
Number of updated asset objects reloaded before import = 0Number of asset objects unloaded after import = 1

========================================================================
Received Import Request.
  Time since last request: 0.000048 seconds.
  path: Assets/EffectExamples/WeaponEffects/Prefabs/BulletImpactStoneEffect.prefab
  artifactKey: Guid(4edabb1c0dde62743b137378c7d22980) Importer(2089858483,e11c23a36db5f54750b8cd40eac0985b)
Start importing Assets/EffectExamples/WeaponEffects/Prefabs/BulletImpactStoneEffect.prefab using Guid(4edabb1c0dde62743b137378c7d22980) Importer(2089858483,e11c23a36db5f54750b8cd40eac0985b) (ScriptedImporter) -> (artifact id: '3d696e3702ecf1fec5b7000afb4e9734') in 0.0678377 seconds
Number of updated asset objects reloaded before import = 0Number of asset objects unloaded after import = 16

========================================================================
Received Import Request.
  Time since last request: 0.000034 seconds.
  path: Assets/EffectExamples/WeaponEffects/Materials/WoodSplintersParticle.mat
  artifactKey: Guid(fd8ebe3c7242d364bae68f1548ae70bf) Importer(2089858483,b0f066a214c2f5e87bad3c948f4d605d)
Start importing Assets/EffectExamples/WeaponEffects/Materials/WoodSplintersParticle.mat using Guid(fd8ebe3c7242d364bae68f1548ae70bf) Importer(2089858483,b0f066a214c2f5e87bad3c948f4d605d) (ScriptedImporter) -> (artifact id: '819b33d867f11049caf92b7ef167935a') in 0.0524174 seconds
Number of updated asset objects reloaded before import = 0Number of asset objects unloaded after import = 3

========================================================================
Received Import Request.
  Time since last request: 0.000052 seconds.
  path: Assets/EffectExamples/WeaponEffects/Textures/BloodSprayAlbedo.tif
  artifactKey: Guid(3f4abfb4beaba874db09889251c0f146) Importer(2089858483,b0f066a214c2f5e87bad3c948f4d605d)
Start importing Assets/EffectExamples/WeaponEffects/Textures/BloodSprayAlbedo.tif using Guid(3f4abfb4beaba874db09889251c0f146) Importer(2089858483,b0f066a214c2f5e87bad3c948f4d605d) (ScriptedImporter) -> (artifact id: 'eb309688ed4d743c951cd29832329d6a') in 0.0269841 seconds
Number of updated asset objects reloaded before import = 0Number of asset objects unloaded after import = 1

========================================================================
Received Import Request.
  Time since last request: 0.000043 seconds.
  path: Assets/EffectExamples/WeaponEffects/Prefabs/RocketTrailEffect.prefab
  artifactKey: Guid(20c0f7e297297fc468f9740f6bb08cb1) Importer(2089858483,e11c23a36db5f54750b8cd40eac0985b)
Start importing Assets/EffectExamples/WeaponEffects/Prefabs/RocketTrailEffect.prefab using Guid(20c0f7e297297fc468f9740f6bb08cb1) Importer(2089858483,e11c23a36db5f54750b8cd40eac0985b) (ScriptedImporter) -> (artifact id: 'ee8ed18de947e18a5f0a4de8acac0d5a') in 0.1393905 seconds
Number of updated asset objects reloaded before import = 0Number of asset objects unloaded after import = 23

========================================================================
Received Import Request.
  Time since last request: 0.000029 seconds.
  path: Assets/EffectExamples/WeaponEffects/Prefabs/BulletImpactWaterContainerEffect.prefab
  artifactKey: Guid(a60a75fdadab5de428529a5b8ef0426a) Importer(2089858483,e11c23a36db5f54750b8cd40eac0985b)
Start importing Assets/EffectExamples/WeaponEffects/Prefabs/BulletImpactWaterContainerEffect.prefab using Guid(a60a75fdadab5de428529a5b8ef0426a) Importer(2089858483,e11c23a36db5f54750b8cd40eac0985b) (ScriptedImporter) -> (artifact id: 'd80655caf1bcb70288f1cf7be0956663') in 0.082107 seconds
Number of updated asset objects reloaded before import = 0Number of asset objects unloaded after import = 13

========================================================================
Received Import Request.
  Time since last request: 0.000048 seconds.
  path: Assets/EffectExamples/Misc Effects/Textures/SparkParticle.tif
  artifactKey: Guid(2c9ba3deede9b844c84fabc9d8b70c33) Importer(2089858483,b0f066a214c2f5e87bad3c948f4d605d)
Start importing Assets/EffectExamples/Misc Effects/Textures/SparkParticle.tif using Guid(2c9ba3deede9b844c84fabc9d8b70c33) Importer(2089858483,b0f066a214c2f5e87bad3c948f4d605d) (ScriptedImporter) -> (artifact id: '13ce700e90e5c272c057758b509faa92') in 0.0125468 seconds
Number of updated asset objects reloaded before import = 0Number of asset objects unloaded after import = 1

========================================================================
Received Import Request.
  Time since last request: 0.000033 seconds.
  path: Assets/EffectExamples/Shared/Materials/Background.mat
  artifactKey: Guid(0ae8aab4ae40e7741a636cf6e5136a55) Importer(2089858483,b0f066a214c2f5e87bad3c948f4d605d)
Start importing Assets/EffectExamples/Shared/Materials/Background.mat using Guid(0ae8aab4ae40e7741a636cf6e5136a55) Importer(2089858483,b0f066a214c2f5e87bad3c948f4d605d) (ScriptedImporter) -> (artifact id: '964071d4d973db5c05f028fc13cfc719') in 0.007938 seconds
Number of updated asset objects reloaded before import = 0Number of asset objects unloaded after import = 2

========================================================================
Received Import Request.
  Time since last request: 0.000051 seconds.
  path: Assets/Settings/PC_RPAsset.asset
  artifactKey: Guid(4b83569d67af61e458304325a23e5dfd) Importer(2089858483,b0f066a214c2f5e87bad3c948f4d605d)
Start importing Assets/Settings/PC_RPAsset.asset using Guid(4b83569d67af61e458304325a23e5dfd) Importer(2089858483,b0f066a214c2f5e87bad3c948f4d605d) (ScriptedImporter) -> (artifact id: '17b7a77a3a45de38e408a22b551d930e') in 0.085637 seconds
Number of updated asset objects reloaded before import = 0Number of asset objects unloaded after import = 1

========================================================================
Received Import Request.
  Time since last request: 0.000032 seconds.
  path: Assets/EffectExamples/WeaponEffects/Textures/FlashParticle.tif
  artifactKey: Guid(c826d12aca5bdda4c900b00833f6d875) Importer(2089858483,b0f066a214c2f5e87bad3c948f4d605d)
Start importing Assets/EffectExamples/WeaponEffects/Textures/FlashParticle.tif using Guid(c826d12aca5bdda4c900b00833f6d875) Importer(2089858483,b0f066a214c2f5e87bad3c948f4d605d) (ScriptedImporter) -> (artifact id: '2f28923bce3265d42d50ed566e4ef4d6') in 0.011859 seconds
Number of updated asset objects reloaded before import = 0Number of asset objects unloaded after import = 1

========================================================================
Received Import Request.
  Time since last request: 0.000091 seconds.
  path: Assets/EffectExamples/WeaponEffects/Textures/TinyStonesParticleSheet.png
  artifactKey: Guid(ce97ed62c0a56e84ab25e22c8dfd5bca) Importer(2089858483,b0f066a214c2f5e87bad3c948f4d605d)
Start importing Assets/EffectExamples/WeaponEffects/Textures/TinyStonesParticleSheet.png using Guid(ce97ed62c0a56e84ab25e22c8dfd5bca) Importer(2089858483,b0f066a214c2f5e87bad3c948f4d605d) (ScriptedImporter) -> (artifact id: 'eb9743f83f75d20b8447d1c5af87df0a') in 0.026597 seconds
Number of updated asset objects reloaded before import = 0Number of asset objects unloaded after import = 6

========================================================================
Received Import Request.
  Time since last request: 0.000030 seconds.
  path: Assets/EffectExamples/WeaponEffects/Textures/BulletHoleRockNormals.tif
  artifactKey: Guid(b7b496609dfcf7d4089ca1e508b14f22) Importer(2089858483,b0f066a214c2f5e87bad3c948f4d605d)
Start importing Assets/EffectExamples/WeaponEffects/Textures/BulletHoleRockNormals.tif using Guid(b7b496609dfcf7d4089ca1e508b14f22) Importer(2089858483,b0f066a214c2f5e87bad3c948f4d605d) (ScriptedImporter) -> (artifact id: 'd5af98a808261d4acedfd65e29a3fba9') in 0.0090129 seconds
Number of updated asset objects reloaded before import = 0Number of asset objects unloaded after import = 1

========================================================================
Received Import Request.
  Time since last request: 0.000027 seconds.
  path: Assets/EffectExamples/WeaponEffects/Textures/FleshBulletHoleAlbedo.tif
  artifactKey: Guid(5ef8c65d978f7f74e8a6cb763425f6db) Importer(2089858483,b0f066a214c2f5e87bad3c948f4d605d)
Start importing Assets/EffectExamples/WeaponEffects/Textures/FleshBulletHoleAlbedo.tif using Guid(5ef8c65d978f7f74e8a6cb763425f6db) Importer(2089858483,b0f066a214c2f5e87bad3c948f4d605d) (ScriptedImporter) -> (artifact id: 'a84e43bc71330b8c3280c1a01e70f351') in 0.009658 seconds
Number of updated asset objects reloaded before import = 0Number of asset objects unloaded after import = 1

========================================================================
Received Import Request.
  Time since last request: 0.000050 seconds.
  path: Assets/EffectExamples/WeaponEffects/Textures/BulletHoleRockAlbedo.tif
  artifactKey: Guid(15240786ea512f046bf64137f0abe4a1) Importer(2089858483,b0f066a214c2f5e87bad3c948f4d605d)
Start importing Assets/EffectExamples/WeaponEffects/Textures/BulletHoleRockAlbedo.tif using Guid(15240786ea512f046bf64137f0abe4a1) Importer(2089858483,b0f066a214c2f5e87bad3c948f4d605d) (ScriptedImporter) -> (artifact id: 'c8f5543611b602ce0ea5ffb330b93293') in 0.0130123 seconds
Number of updated asset objects reloaded before import = 0Number of asset objects unloaded after import = 1

========================================================================
Received Import Request.
  Time since last request: 0.000065 seconds.
  path: Assets/EffectExamples/Misc Effects/Prefabs/DustMotesEffect.prefab
  artifactKey: Guid(5ca4c580b3888314581688fa46fb142d) Importer(2089858483,e11c23a36db5f54750b8cd40eac0985b)
Start importing Assets/EffectExamples/Misc Effects/Prefabs/DustMotesEffect.prefab using Guid(5ca4c580b3888314581688fa46fb142d) Importer(2089858483,e11c23a36db5f54750b8cd40eac0985b) (ScriptedImporter) -> (artifact id: 'fb36d056e914c9f82c9d0ce370bb809f') in 0.0276782 seconds
Number of updated asset objects reloaded before import = 0Number of asset objects unloaded after import = 6

========================================================================
Received Import Request.
  Time since last request: 0.000031 seconds.
  path: Assets/EffectExamples/Shared/Prefabs/Flesh.prefab
  artifactKey: Guid(a7034287e2bd6a141ab896f71d0b1357) Importer(2089858483,e11c23a36db5f54750b8cd40eac0985b)
Start importing Assets/EffectExamples/Shared/Prefabs/Flesh.prefab using Guid(a7034287e2bd6a141ab896f71d0b1357) Importer(2089858483,e11c23a36db5f54750b8cd40eac0985b) (ScriptedImporter) -> (artifact id: '6385f98359c26ba18a4034ad7c6cc60a') in 0.0149493 seconds
Number of updated asset objects reloaded before import = 0Number of asset objects unloaded after import = 14

========================================================================
Received Import Request.
  Time since last request: 0.000041 seconds.
  path: Assets/EffectExamples/Shared/Prefabs/Wood.prefab
  artifactKey: Guid(b6d38b5165f9b6e49a8402118b5237a1) Importer(2089858483,e11c23a36db5f54750b8cd40eac0985b)
Start importing Assets/EffectExamples/Shared/Prefabs/Wood.prefab using Guid(b6d38b5165f9b6e49a8402118b5237a1) Importer(2089858483,e11c23a36db5f54750b8cd40eac0985b) (ScriptedImporter) -> (artifact id: '93247f23b70b67369c49a179ed42130f') in 0.0142919 seconds
Number of updated asset objects reloaded before import = 0Number of asset objects unloaded after import = 14

========================================================================
Received Import Request.
  Time since last request: 0.000042 seconds.
  path: Assets/EffectExamples/WaterEffects/Prefabs/WaterfallEffect.prefab
  artifactKey: Guid(8edb62778d3ea1e489bc191b81b2fc46) Importer(2089858483,e11c23a36db5f54750b8cd40eac0985b)
Start importing Assets/EffectExamples/WaterEffects/Prefabs/WaterfallEffect.prefab using Guid(8edb62778d3ea1e489bc191b81b2fc46) Importer(2089858483,e11c23a36db5f54750b8cd40eac0985b) (ScriptedImporter) -> (artifact id: '9570289c1925fb192a65d08dedd21821') in 0.27922 seconds
Number of updated asset objects reloaded before import = 0Number of asset objects unloaded after import = 38

========================================================================
Received Import Request.
  Time since last request: 0.000054 seconds.
  path: Assets/_Barking_Dog/_3D Scifi Base Vol 1/Meshes/Air_Grid_01.FBX
  artifactKey: Guid(6432275ffa2a0429cbade538df3fbd90) Importer(2089858483,b0f066a214c2f5e87bad3c948f4d605d)
Start importing Assets/_Barking_Dog/_3D Scifi Base Vol 1/Meshes/Air_Grid_01.FBX using Guid(6432275ffa2a0429cbade538df3fbd90) Importer(2089858483,b0f066a214c2f5e87bad3c948f4d605d) (ScriptedImporter) -> (artifact id: '399d020e6f42b9066d6229b9f0f20b82') in 0.070565 seconds
Number of updated asset objects reloaded before import = 0Number of asset objects unloaded after import = 14

========================================================================
Received Import Request.
  Time since last request: 0.000027 seconds.
  path: Assets/_Barking_Dog/_3D Scifi Base Vol 1/Meshes/Bed_Simple_01.FBX
  artifactKey: Guid(e0fe6cf4f914346e0b75816315457cf6) Importer(2089858483,b0f066a214c2f5e87bad3c948f4d605d)
Start importing Assets/_Barking_Dog/_3D Scifi Base Vol 1/Meshes/Bed_Simple_01.FBX using Guid(e0fe6cf4f914346e0b75816315457cf6) Importer(2089858483,b0f066a214c2f5e87bad3c948f4d605d) (ScriptedImporter) -> (artifact id: '37f3ee8f39999a95f9a58b5280a039a1') in 0.020268 seconds
Number of updated asset objects reloaded before import = 0Number of asset objects unloaded after import = 9

========================================================================
Received Import Request.
  Time since last request: 0.000030 seconds.
  path: Assets/EffectExamples/WeaponEffects/Textures/WoodBulletHoleDepth.tif
  artifactKey: Guid(d911e33e4ef025e4ea1cc5a3503e4d42) Importer(2089858483,b0f066a214c2f5e87bad3c948f4d605d)
Start importing Assets/EffectExamples/WeaponEffects/Textures/WoodBulletHoleDepth.tif using Guid(d911e33e4ef025e4ea1cc5a3503e4d42) Importer(2089858483,b0f066a214c2f5e87bad3c948f4d605d) (ScriptedImporter) -> (artifact id: 'c68373518fa87e19c0c5f59aef2125c6') in 0.0110541 seconds
Number of updated asset objects reloaded before import = 0Number of asset objects unloaded after import = 1

========================================================================
Received Import Request.
  Time since last request: 0.000041 seconds.
  path: Assets/_Barking_Dog/_3D Scifi Base Vol 1/Meshes/Bed_Double_01.FBX
  artifactKey: Guid(34ce8fd5441f745ed9354472698208a2) Importer(2089858483,b0f066a214c2f5e87bad3c948f4d605d)
Start importing Assets/_Barking_Dog/_3D Scifi Base Vol 1/Meshes/Bed_Double_01.FBX using Guid(34ce8fd5441f745ed9354472698208a2) Importer(2089858483,b0f066a214c2f5e87bad3c948f4d605d) (ScriptedImporter) -> (artifact id: '6da4df4c2d83f06a36b67d74b1052b36') in 0.0220397 seconds
Number of updated asset objects reloaded before import = 0Number of asset objects unloaded after import = 9

========================================================================
Received Import Request.
  Time since last request: 0.000047 seconds.
  path: Assets/TutorialInfo/Scripts/Editor/ReadmeEditor.cs
  artifactKey: Guid(476cc7d7cd9874016adc216baab94a0a) Importer(2089858483,b0f066a214c2f5e87bad3c948f4d605d)
Start importing Assets/TutorialInfo/Scripts/Editor/ReadmeEditor.cs using Guid(476cc7d7cd9874016adc216baab94a0a) Importer(2089858483,b0f066a214c2f5e87bad3c948f4d605d) (ScriptedImporter) -> (artifact id: '9c5ab577fb35bf24e7e1371ddfff034d') in 0.0058176 seconds
Number of updated asset objects reloaded before import = 0Number of asset objects unloaded after import = 0

========================================================================
Received Import Request.
  Time since last request: 0.000054 seconds.
  path: Assets/EffectExamples/Shared/Models/LowMan.fbx
  artifactKey: Guid(7e15121f5f042ed46aba81406403f2d2) Importer(2089858483,b0f066a214c2f5e87bad3c948f4d605d)
Start importing Assets/EffectExamples/Shared/Models/LowMan.fbx using Guid(7e15121f5f042ed46aba81406403f2d2) Importer(2089858483,b0f066a214c2f5e87bad3c948f4d605d) (ScriptedImporter) -> (artifact id: '7bf2a20ffb7d279f9d8698ba2f3b9ef2') in 0.0242081 seconds
Number of updated asset objects reloaded before import = 0Number of asset objects unloaded after import = 68

========================================================================
Received Import Request.
  Time since last request: 0.000045 seconds.
  path: Assets/EffectExamples/FireExplosionEffects/Prefabs/RibbonSmoke.prefab
  artifactKey: Guid(4d35711ba17dcd4409264568d9155360) Importer(2089858483,e11c23a36db5f54750b8cd40eac0985b)
Start importing Assets/EffectExamples/FireExplosionEffects/Prefabs/RibbonSmoke.prefab using Guid(4d35711ba17dcd4409264568d9155360) Importer(2089858483,e11c23a36db5f54750b8cd40eac0985b) (ScriptedImporter) -> (artifact id: 'ea78cf0bc24084a5e629a75b3b5a616c') in 0.0524558 seconds
Number of updated asset objects reloaded before import = 0Number of asset objects unloaded after import = 6

========================================================================
Received Import Request.
  Time since last request: 0.000090 seconds.
  path: Assets/EffectExamples/WeaponEffects/Prefabs/BulletImpactMetalEffect.prefab
  artifactKey: Guid(02a509a7fa70ed740ba4197e20c5d32d) Importer(2089858483,e11c23a36db5f54750b8cd40eac0985b)
Start importing Assets/EffectExamples/WeaponEffects/Prefabs/BulletImpactMetalEffect.prefab using Guid(02a509a7fa70ed740ba4197e20c5d32d) Importer(2089858483,e11c23a36db5f54750b8cd40eac0985b) (ScriptedImporter) -> (artifact id: '43bca1d16dcaff3df22d149e8b8febd3') in 0.0691203 seconds
Number of updated asset objects reloaded before import = 0Number of asset objects unloaded after import = 16

========================================================================
Received Import Request.
  Time since last request: 0.000025 seconds.
  path: Assets/EffectExamples/WaterEffects/Textures/WaterRipplesParticle.tif
  artifactKey: Guid(8b12f103a80e77a4286dc286688b0228) Importer(2089858483,b0f066a214c2f5e87bad3c948f4d605d)
Start importing Assets/EffectExamples/WaterEffects/Textures/WaterRipplesParticle.tif using Guid(8b12f103a80e77a4286dc286688b0228) Importer(2089858483,b0f066a214c2f5e87bad3c948f4d605d) (ScriptedImporter) -> (artifact id: '77fa41b44ddb9d5cd716d14072c09b22') in 0.0119739 seconds
Number of updated asset objects reloaded before import = 0Number of asset objects unloaded after import = 1

========================================================================
Received Import Request.
  Time since last request: 0.000038 seconds.
  path: Assets/_Barking_Dog/_3D Scifi Base Vol 1/Meshes/Computer_Rack_01.FBX
  artifactKey: Guid(1e16b10a5a6d64c6eb98db0e85d6bc32) Importer(2089858483,b0f066a214c2f5e87bad3c948f4d605d)
Start importing Assets/_Barking_Dog/_3D Scifi Base Vol 1/Meshes/Computer_Rack_01.FBX using Guid(1e16b10a5a6d64c6eb98db0e85d6bc32) Importer(2089858483,b0f066a214c2f5e87bad3c948f4d605d) (ScriptedImporter) -> (artifact id: '47405ee783dbd4c3350f1e46af665274') in 0.0129664 seconds
Number of updated asset objects reloaded before import = 0Number of asset objects unloaded after import = 8

========================================================================
Received Import Request.
  Time since last request: 0.000033 seconds.
  path: Assets/_Barking_Dog/_3D Scifi Base Vol 1/Meshes/Dome_Line_01.FBX
  artifactKey: Guid(e4b23b8fb9b6e4daf9e60d09758205fd) Importer(2089858483,b0f066a214c2f5e87bad3c948f4d605d)
Start importing Assets/_Barking_Dog/_3D Scifi Base Vol 1/Meshes/Dome_Line_01.FBX using Guid(e4b23b8fb9b6e4daf9e60d09758205fd) Importer(2089858483,b0f066a214c2f5e87bad3c948f4d605d) (ScriptedImporter) -> (artifact id: '459a42551a04a86941ff25da208cdd19') in 0.0340289 seconds
Number of updated asset objects reloaded before import = 0Number of asset objects unloaded after import = 10

========================================================================
Received Import Request.
  Time since last request: 0.000087 seconds.
  path: Assets/_Barking_Dog/_3D Scifi Base Vol 1/Meshes/Char_01.FBX
  artifactKey: Guid(d7e0aa64bd3bc42fe8261e947f5fde21) Importer(2089858483,b0f066a214c2f5e87bad3c948f4d605d)
Start importing Assets/_Barking_Dog/_3D Scifi Base Vol 1/Meshes/Char_01.FBX using Guid(d7e0aa64bd3bc42fe8261e947f5fde21) Importer(2089858483,b0f066a214c2f5e87bad3c948f4d605d) (ScriptedImporter) -> (artifact id: '2d1af8cbe78c43b55928c0c23b0596a2') in 0.0179409 seconds
Number of updated asset objects reloaded before import = 0Number of asset objects unloaded after import = 8

========================================================================
Received Import Request.
  Time since last request: 0.000038 seconds.
  path: Assets/_Barking_Dog/_3D Scifi Base Vol 1/Meshes/Corridor_HallRing_01.FBX
  artifactKey: Guid(94aea3ef740bf40298ad0bf8f31cf61a) Importer(2089858483,b0f066a214c2f5e87bad3c948f4d605d)
Start importing Assets/_Barking_Dog/_3D Scifi Base Vol 1/Meshes/Corridor_HallRing_01.FBX using Guid(94aea3ef740bf40298ad0bf8f31cf61a) Importer(2089858483,b0f066a214c2f5e87bad3c948f4d605d) (ScriptedImporter) -> (artifact id: 'af2373adca8659e5c1d359133fffc183') in 0.029894 seconds
Number of updated asset objects reloaded before import = 0Number of asset objects unloaded after import = 9

========================================================================
Received Import Request.
  Time since last request: 0.000035 seconds.
  path: Assets/_Barking_Dog/_3D Scifi Base Vol 1/Meshes/Computer_Angle_01.FBX
  artifactKey: Guid(1c8ac086d10f24007a9f1b849f0c40e3) Importer(2089858483,b0f066a214c2f5e87bad3c948f4d605d)
Start importing Assets/_Barking_Dog/_3D Scifi Base Vol 1/Meshes/Computer_Angle_01.FBX using Guid(1c8ac086d10f24007a9f1b849f0c40e3) Importer(2089858483,b0f066a214c2f5e87bad3c948f4d605d) (ScriptedImporter) -> (artifact id: '9b1b0bf1f4e65a01eb16752e8b94fa7d') in 0.0317792 seconds
Number of updated asset objects reloaded before import = 0Number of asset objects unloaded after import = 9

========================================================================
Received Import Request.
  Time since last request: 0.000034 seconds.
  path: Assets/_Barking_Dog/_3D Scifi Base Vol 1/Meshes/Chair_01.FBX
  artifactKey: Guid(a358b055dafe74156be6e642960da48a) Importer(2089858483,b0f066a214c2f5e87bad3c948f4d605d)
Start importing Assets/_Barking_Dog/_3D Scifi Base Vol 1/Meshes/Chair_01.FBX using Guid(a358b055dafe74156be6e642960da48a) Importer(2089858483,b0f066a214c2f5e87bad3c948f4d605d) (ScriptedImporter) -> (artifact id: 'fa190fd75bd225aa8c6d835b1d413fac') in 0.0264602 seconds
Number of updated asset objects reloaded before import = 0Number of asset objects unloaded after import = 14

========================================================================
Received Import Request.
  Time since last request: 0.000058 seconds.
  path: Assets/_Barking_Dog/_3D Scifi Base Vol 1/Meshes/Corridor_HallRing_02.FBX
  artifactKey: Guid(48081b2cc44a147d98076a1a2db4e9ad) Importer(2089858483,b0f066a214c2f5e87bad3c948f4d605d)
Start importing Assets/_Barking_Dog/_3D Scifi Base Vol 1/Meshes/Corridor_HallRing_02.FBX using Guid(48081b2cc44a147d98076a1a2db4e9ad) Importer(2089858483,b0f066a214c2f5e87bad3c948f4d605d) (ScriptedImporter) -> (artifact id: 'ef76038b0a0682655b5554726987800e') in 0.0130102 seconds
Number of updated asset objects reloaded before import = 0Number of asset objects unloaded after import = 9

========================================================================
Received Import Request.
  Time since last request: 0.000059 seconds.
  path: Assets/EffectExamples/FireExplosionEffects/Materials/LightningParticle.mat
  artifactKey: Guid(123ac6dc79004e54b8b352a7e64acdca) Importer(2089858483,b0f066a214c2f5e87bad3c948f4d605d)
Start importing Assets/EffectExamples/FireExplosionEffects/Materials/LightningParticle.mat using Guid(123ac6dc79004e54b8b352a7e64acdca) Importer(2089858483,b0f066a214c2f5e87bad3c948f4d605d) (ScriptedImporter) -> (artifact id: '613a8c4fcbb7eee088d1f25e0adec961') in 0.0073694 seconds
Number of updated asset objects reloaded before import = 0Number of asset objects unloaded after import = 2

========================================================================
Received Import Request.
  Time since last request: 0.000061 seconds.
  path: Assets/EffectExamples/Editor/PackageManagerAssembly/PackageImportList.txt
  artifactKey: Guid(8cb9d00357e9a7d4ba95efba7231689a) Importer(2089858483,b0f066a214c2f5e87bad3c948f4d605d)
Start importing Assets/EffectExamples/Editor/PackageManagerAssembly/PackageImportList.txt using Guid(8cb9d00357e9a7d4ba95efba7231689a) Importer(2089858483,b0f066a214c2f5e87bad3c948f4d605d) (ScriptedImporter) -> (artifact id: '14314bca519c517bb873ff2f45b53f2f') in 0.0053348 seconds
Number of updated asset objects reloaded before import = 0Number of asset objects unloaded after import = 1

========================================================================
Received Import Request.
  Time since last request: 0.000027 seconds.
  path: Assets/3D Asserts/Lizard man/Polygonmaker - Shader/Polygonmaker Shader.pdf
  artifactKey: Guid(06bad9733edc10b4fae16933518cd052) Importer(2089858483,b0f066a214c2f5e87bad3c948f4d605d)
Start importing Assets/3D Asserts/Lizard man/Polygonmaker - Shader/Polygonmaker Shader.pdf using Guid(06bad9733edc10b4fae16933518cd052) Importer(2089858483,b0f066a214c2f5e87bad3c948f4d605d) (ScriptedImporter) -> (artifact id: '0102079789946a4abff3bdd20b1e69ad') in 0.0044057 seconds
Number of updated asset objects reloaded before import = 0Number of asset objects unloaded after import = 1

========================================================================
Received Import Request.
  Time since last request: 0.000033 seconds.
  path: Assets/_Barking_Dog/_3D Scifi Base Vol 1/Meshes/Articulated_Support_01.FBX
  artifactKey: Guid(c955d0524a6d449be8459b6f27b56b6b) Importer(2089858483,b0f066a214c2f5e87bad3c948f4d605d)
Start importing Assets/_Barking_Dog/_3D Scifi Base Vol 1/Meshes/Articulated_Support_01.FBX using Guid(c955d0524a6d449be8459b6f27b56b6b) Importer(2089858483,b0f066a214c2f5e87bad3c948f4d605d) (ScriptedImporter) -> (artifact id: 'f28ec11f2fd1226d6bfcaec23ae037d0') in 0.0133783 seconds
Number of updated asset objects reloaded before import = 0Number of asset objects unloaded after import = 19

========================================================================
Received Import Request.
  Time since last request: 0.000057 seconds.
  path: Assets/Editor/ColliderFixer.cs
  artifactKey: Guid(26dd165ac58ea5d4ab47c92e6b682098) Importer(2089858483,b0f066a214c2f5e87bad3c948f4d605d)
Start importing Assets/Editor/ColliderFixer.cs using Guid(26dd165ac58ea5d4ab47c92e6b682098) Importer(2089858483,b0f066a214c2f5e87bad3c948f4d605d) (ScriptedImporter) -> (artifact id: '29d40e77889e713e3d9094dd7d86a78d') in 0.0145517 seconds
Number of updated asset objects reloaded before import = 0Number of asset objects unloaded after import = 0

========================================================================
Received Import Request.
  Time since last request: 0.000041 seconds.
  path: Assets/_Barking_Dog/_3D Scifi Base Vol 1/Meshes/Eole_01.FBX
  artifactKey: Guid(461059aa18f724180a521ee1f1620368) Importer(2089858483,b0f066a214c2f5e87bad3c948f4d605d)
Start importing Assets/_Barking_Dog/_3D Scifi Base Vol 1/Meshes/Eole_01.FBX using Guid(461059aa18f724180a521ee1f1620368) Importer(2089858483,b0f066a214c2f5e87bad3c948f4d605d) (ScriptedImporter) -> (artifact id: 'db117ee99f41001c8b20abeea9b6d4a8') in 0.0385495 seconds
Number of updated asset objects reloaded before import = 0Number of asset objects unloaded after import = 14

========================================================================
Received Import Request.
  Time since last request: 0.000049 seconds.
  path: Assets/_Barking_Dog/_3D Scifi Base Vol 1/Meshes/Floor_Half_01.FBX
  artifactKey: Guid(8f0d2f143085c45e3a19999accef8d5c) Importer(2089858483,b0f066a214c2f5e87bad3c948f4d605d)
Start importing Assets/_Barking_Dog/_3D Scifi Base Vol 1/Meshes/Floor_Half_01.FBX using Guid(8f0d2f143085c45e3a19999accef8d5c) Importer(2089858483,b0f066a214c2f5e87bad3c948f4d605d) (ScriptedImporter) -> (artifact id: '2cf5dd286b7b86f8f0d34800443431bf') in 0.0303509 seconds
Number of updated asset objects reloaded before import = 0Number of asset objects unloaded after import = 9

========================================================================
Received Import Request.
  Time since last request: 0.000050 seconds.
  path: Assets/_Barking_Dog/_3D Scifi Base Vol 1/Meshes/Ladder_01.FBX
  artifactKey: Guid(10cc89bf4aaf849e3bcc307762780a7f) Importer(2089858483,b0f066a214c2f5e87bad3c948f4d605d)
Start importing Assets/_Barking_Dog/_3D Scifi Base Vol 1/Meshes/Ladder_01.FBX using Guid(10cc89bf4aaf849e3bcc307762780a7f) Importer(2089858483,b0f066a214c2f5e87bad3c948f4d605d) (ScriptedImporter) -> (artifact id: '943e64560a44cc0fada644e3436da306') in 0.0492178 seconds
Number of updated asset objects reloaded before import = 0Number of asset objects unloaded after import = 8

========================================================================
Received Import Request.
  Time since last request: 0.000048 seconds.
  path: Assets/_Barking_Dog/_3D Scifi Base Vol 1/Meshes/Floor_Normal_01.FBX
  artifactKey: Guid(d3be769db7fe44f7dbfe90edbc6dd573) Importer(2089858483,b0f066a214c2f5e87bad3c948f4d605d)
Start importing Assets/_Barking_Dog/_3D Scifi Base Vol 1/Meshes/Floor_Normal_01.FBX using Guid(d3be769db7fe44f7dbfe90edbc6dd573) Importer(2089858483,b0f066a214c2f5e87bad3c948f4d605d) (ScriptedImporter) -> (artifact id: '6fdb77b3217a2182869e8ef5058e443b') in 0.0202111 seconds
Number of updated asset objects reloaded before import = 0Number of asset objects unloaded after import = 9

========================================================================
Received Import Request.
  Time since last request: 0.000048 seconds.
  path: Assets/_Barking_Dog/_3D Scifi Base Vol 1/Meshes/Fence_04.FBX
  artifactKey: Guid(f3b1ddedb2e094ebea95deee14a014c1) Importer(2089858483,b0f066a214c2f5e87bad3c948f4d605d)
Start importing Assets/_Barking_Dog/_3D Scifi Base Vol 1/Meshes/Fence_04.FBX using Guid(f3b1ddedb2e094ebea95deee14a014c1) Importer(2089858483,b0f066a214c2f5e87bad3c948f4d605d) (ScriptedImporter) -> (artifact id: '547faee63312da73e5d0d1a5d88e81f1') in 0.0157022 seconds
Number of updated asset objects reloaded before import = 0Number of asset objects unloaded after import = 8

========================================================================
Received Import Request.
  Time since last request: 0.000039 seconds.
  path: Assets/_Barking_Dog/_3D Scifi Base Vol 1/Meshes/Floor_Normal_03.FBX
  artifactKey: Guid(5e71470f7601049d088715a54224548e) Importer(2089858483,b0f066a214c2f5e87bad3c948f4d605d)
Start importing Assets/_Barking_Dog/_3D Scifi Base Vol 1/Meshes/Floor_Normal_03.FBX using Guid(5e71470f7601049d088715a54224548e) Importer(2089858483,b0f066a214c2f5e87bad3c948f4d605d) (ScriptedImporter) -> (artifact id: '57e81c3d3e6faa8991ea3b2c85cbadd8') in 0.0199559 seconds
Number of updated asset objects reloaded before import = 0Number of asset objects unloaded after import = 9

========================================================================
Received Import Request.
  Time since last request: 0.000050 seconds.
  path: Assets/_Barking_Dog/_3D Scifi Base Vol 1/Meshes/Grid_Plateform_01.FBX
  artifactKey: Guid(32204719b094445edbac52de78599a02) Importer(2089858483,b0f066a214c2f5e87bad3c948f4d605d)
Start importing Assets/_Barking_Dog/_3D Scifi Base Vol 1/Meshes/Grid_Plateform_01.FBX using Guid(32204719b094445edbac52de78599a02) Importer(2089858483,b0f066a214c2f5e87bad3c948f4d605d) (ScriptedImporter) -> (artifact id: '44ba698bc9adadb55824aba983cc604e') in 0.0272824 seconds
Number of updated asset objects reloaded before import = 0Number of asset objects unloaded after import = 10

========================================================================
Received Import Request.
  Time since last request: 0.000045 seconds.
  path: Assets/EffectExamples/Shared/Models/FPSWeapon.fbx
  artifactKey: Guid(47509307932d1e140a2b4d9024d228e4) Importer(2089858483,b0f066a214c2f5e87bad3c948f4d605d)
Start importing Assets/EffectExamples/Shared/Models/FPSWeapon.fbx using Guid(47509307932d1e140a2b4d9024d228e4) Importer(2089858483,b0f066a214c2f5e87bad3c948f4d605d) (ScriptedImporter) -> (artifact id: 'adb3eb62a5e9ed833a36320f3a91cec1') in 0.0164173 seconds
Number of updated asset objects reloaded before import = 0Number of asset objects unloaded after import = 8

========================================================================
Received Import Request.
  Time since last request: 0.000030 seconds.
  path: Assets/EffectExamples/WaterEffects/Materials/StormCloudParticle.mat
  artifactKey: Guid(6ed8795ca1a3b714ea3f3d7a204afb7a) Importer(2089858483,b0f066a214c2f5e87bad3c948f4d605d)
Start importing Assets/EffectExamples/WaterEffects/Materials/StormCloudParticle.mat using Guid(6ed8795ca1a3b714ea3f3d7a204afb7a) Importer(2089858483,b0f066a214c2f5e87bad3c948f4d605d) (ScriptedImporter) -> (artifact id: 'd7a772bf9ff2d40e82413de32dfbc51c') in 0.0180691 seconds
Number of updated asset objects reloaded before import = 0Number of asset objects unloaded after import = 4

========================================================================
Received Import Request.
  Time since last request: 0.000029 seconds.
  path: Assets/3D Asserts/Sci Fi Gun Light/Materials/CubeMap.exr
  artifactKey: Guid(bc5d7914c594d274b9bb50cb9f34081d) Importer(2089858483,b0f066a214c2f5e87bad3c948f4d605d)
Start importing Assets/3D Asserts/Sci Fi Gun Light/Materials/CubeMap.exr using Guid(bc5d7914c594d274b9bb50cb9f34081d) Importer(2089858483,b0f066a214c2f5e87bad3c948f4d605d) (ScriptedImporter) -> (artifact id: '04abee635dc4ea9cb3fe9f86f6812619') in 0.52231 seconds
Number of updated asset objects reloaded before import = 0Number of asset objects unloaded after import = 1

========================================================================
Received Import Request.
  Time since last request: 0.000035 seconds.
  path: Assets/_Barking_Dog/_3D Scifi Base Vol 1/Meshes/Pipes_Insert_03.FBX
  artifactKey: Guid(8e6dad687483247ccba39bb7d2b998c3) Importer(2089858483,b0f066a214c2f5e87bad3c948f4d605d)
Start importing Assets/_Barking_Dog/_3D Scifi Base Vol 1/Meshes/Pipes_Insert_03.FBX using Guid(8e6dad687483247ccba39bb7d2b998c3) Importer(2089858483,b0f066a214c2f5e87bad3c948f4d605d) (ScriptedImporter) -> (artifact id: '4f93882effc7bdcd822253608d683d4e') in 0.0166148 seconds
Number of updated asset objects reloaded before import = 0Number of asset objects unloaded after import = 8

========================================================================
Received Import Request.
  Time since last request: 0.000038 seconds.
  path: Assets/_Barking_Dog/_3D Scifi Base Vol 1/Meshes/Laser_Fence_02.FBX
  artifactKey: Guid(77f90d04e6db44d0599ec2f55063cd37) Importer(2089858483,b0f066a214c2f5e87bad3c948f4d605d)
Start importing Assets/_Barking_Dog/_3D Scifi Base Vol 1/Meshes/Laser_Fence_02.FBX using Guid(77f90d04e6db44d0599ec2f55063cd37) Importer(2089858483,b0f066a214c2f5e87bad3c948f4d605d) (ScriptedImporter) -> (artifact id: 'cad978283ece1e8df4ff6ada88c7dd25') in 0.0144214 seconds
Number of updated asset objects reloaded before import = 0Number of asset objects unloaded after import = 9

========================================================================
Received Import Request.
  Time since last request: 0.000041 seconds.
  path: Assets/_Barking_Dog/_3D Scifi Base Vol 1/Meshes/Plateforme_02.FBX
  artifactKey: Guid(34357765291e648749ca4739f59c52f9) Importer(2089858483,b0f066a214c2f5e87bad3c948f4d605d)
Start importing Assets/_Barking_Dog/_3D Scifi Base Vol 1/Meshes/Plateforme_02.FBX using Guid(34357765291e648749ca4739f59c52f9) Importer(2089858483,b0f066a214c2f5e87bad3c948f4d605d) (ScriptedImporter) -> (artifact id: 'f14b1b3d679cbc52faeb8452888ea058') in 0.0296759 seconds
Number of updated asset objects reloaded before import = 0Number of asset objects unloaded after import = 9

========================================================================
Received Import Request.
  Time since last request: 0.000031 seconds.
  path: Assets/_Barking_Dog/_3D Scifi Base Vol 1/Meshes/Metal_Tube_01.FBX
  artifactKey: Guid(a7463d4884ff041a08a776e2c1694dd0) Importer(2089858483,b0f066a214c2f5e87bad3c948f4d605d)
Start importing Assets/_Barking_Dog/_3D Scifi Base Vol 1/Meshes/Metal_Tube_01.FBX using Guid(a7463d4884ff041a08a776e2c1694dd0) Importer(2089858483,b0f066a214c2f5e87bad3c948f4d605d) (ScriptedImporter) -> (artifact id: 'eaf06c13c3fd34a15a5c71ce3fd1e1dc') in 0.0169609 seconds
Number of updated asset objects reloaded before import = 0Number of asset objects unloaded after import = 9

========================================================================
Received Import Request.
  Time since last request: 0.000045 seconds.
  path: Assets/_Barking_Dog/_3D Scifi Base Vol 1/Meshes/Rock_02.FBX
  artifactKey: Guid(f46f72fc04cd646f2b3d2015a47cacf4) Importer(2089858483,b0f066a214c2f5e87bad3c948f4d605d)
Start importing Assets/_Barking_Dog/_3D Scifi Base Vol 1/Meshes/Rock_02.FBX using Guid(f46f72fc04cd646f2b3d2015a47cacf4) Importer(2089858483,b0f066a214c2f5e87bad3c948f4d605d) (ScriptedImporter) -> (artifact id: 'ce6e78f0dd132efb63fbeb7b8ca2c44b') in 0.0163228 seconds
Number of updated asset objects reloaded before import = 0Number of asset objects unloaded after import = 8

========================================================================
Received Import Request.
  Time since last request: 0.000069 seconds.
  path: Assets/_Barking_Dog/_3D Scifi Base Vol 1/Meshes/Reactor_02.FBX
  artifactKey: Guid(2d7999f1c7dcc4e28a23741e53a53249) Importer(2089858483,b0f066a214c2f5e87bad3c948f4d605d)
Start importing Assets/_Barking_Dog/_3D Scifi Base Vol 1/Meshes/Reactor_02.FBX using Guid(2d7999f1c7dcc4e28a23741e53a53249) Importer(2089858483,b0f066a214c2f5e87bad3c948f4d605d) (ScriptedImporter) -> (artifact id: '8e0093d10238f0fbd5d5282978e75e2b') in 0.0196572 seconds
Number of updated asset objects reloaded before import = 0Number of asset objects unloaded after import = 10

========================================================================
Received Import Request.
  Time since last request: 0.000037 seconds.
  path: Assets/_Barking_Dog/_3D Scifi Base Vol 1/Meshes/Pipes_Insert_01.FBX
  artifactKey: Guid(ce5b25822988c4de6a2e993175ab3e64) Importer(2089858483,b0f066a214c2f5e87bad3c948f4d605d)
Start importing Assets/_Barking_Dog/_3D Scifi Base Vol 1/Meshes/Pipes_Insert_01.FBX using Guid(ce5b25822988c4de6a2e993175ab3e64) Importer(2089858483,b0f066a214c2f5e87bad3c948f4d605d) (ScriptedImporter) -> (artifact id: '448e4a7904b7d1fe6a3d560e741ea4bf') in 0.0127671 seconds
Number of updated asset objects reloaded before import = 0Number of asset objects unloaded after import = 8

========================================================================
Received Import Request.
  Time since last request: 0.000034 seconds.
  path: Assets/_Barking_Dog/_3D Scifi Base Vol 1/Meshes/Plateforme_01.FBX
  artifactKey: Guid(0a2bd3e21a0a94520b5a85376c40e035) Importer(2089858483,b0f066a214c2f5e87bad3c948f4d605d)
Start importing Assets/_Barking_Dog/_3D Scifi Base Vol 1/Meshes/Plateforme_01.FBX using Guid(0a2bd3e21a0a94520b5a85376c40e035) Importer(2089858483,b0f066a214c2f5e87bad3c948f4d605d) (ScriptedImporter) -> (artifact id: '7e59f069112f053adbb55bfa7fa7182c') in 0.0214577 seconds
Number of updated asset objects reloaded before import = 0Number of asset objects unloaded after import = 11

========================================================================
Received Import Request.
  Time since last request: 0.000033 seconds.
  path: Assets/_Barking_Dog/_3D Scifi Base Vol 1/Meshes/Rock_04.FBX
  artifactKey: Guid(c44c8522cf2574dff97bb76fc8a3a8d1) Importer(2089858483,b0f066a214c2f5e87bad3c948f4d605d)
Start importing Assets/_Barking_Dog/_3D Scifi Base Vol 1/Meshes/Rock_04.FBX using Guid(c44c8522cf2574dff97bb76fc8a3a8d1) Importer(2089858483,b0f066a214c2f5e87bad3c948f4d605d) (ScriptedImporter) -> (artifact id: '004722913cb042c4fa7ee63fb3757b16') in 0.0136309 seconds
Number of updated asset objects reloaded before import = 0Number of asset objects unloaded after import = 8

========================================================================
Received Import Request.
  Time since last request: 0.000050 seconds.
  path: Assets/_Barking_Dog/_3D Scifi Base Vol 1/Meshes/Pipe_End_03.FBX
  artifactKey: Guid(f3b56ed43c6534b1c81f98e00047f7f4) Importer(2089858483,b0f066a214c2f5e87bad3c948f4d605d)
Start importing Assets/_Barking_Dog/_3D Scifi Base Vol 1/Meshes/Pipe_End_03.FBX using Guid(f3b56ed43c6534b1c81f98e00047f7f4) Importer(2089858483,b0f066a214c2f5e87bad3c948f4d605d) (ScriptedImporter) -> (artifact id: '5349831ed56840e2603da5c89fe3a6d2') in 0.0224439 seconds
Number of updated asset objects reloaded before import = 0Number of asset objects unloaded after import = 9

========================================================================
Received Import Request.
  Time since last request: 0.000031 seconds.
  path: Assets/EffectExamples/Shared/Textures/StoneAlbedo.tif
  artifactKey: Guid(d6971144598309840aa5627e0797e545) Importer(2089858483,b0f066a214c2f5e87bad3c948f4d605d)
Start importing Assets/EffectExamples/Shared/Textures/StoneAlbedo.tif using Guid(d6971144598309840aa5627e0797e545) Importer(2089858483,b0f066a214c2f5e87bad3c948f4d605d) (ScriptedImporter) -> (artifact id: '6a5ff4c8e28e6524ad50001c84a251fc') in 0.0099803 seconds
Number of updated asset objects reloaded before import = 0Number of asset objects unloaded after import = 1

========================================================================
Received Import Request.
  Time since last request: 0.000048 seconds.
  path: Assets/_Barking_Dog/_3D Scifi Base Vol 1/Meshes/Pipe_End_01.FBX
  artifactKey: Guid(9684e1d8ae9fa4277ad749baab67365f) Importer(2089858483,b0f066a214c2f5e87bad3c948f4d605d)
Start importing Assets/_Barking_Dog/_3D Scifi Base Vol 1/Meshes/Pipe_End_01.FBX using Guid(9684e1d8ae9fa4277ad749baab67365f) Importer(2089858483,b0f066a214c2f5e87bad3c948f4d605d) (ScriptedImporter) -> (artifact id: '12dd1a6cb436f39863ad0050d6c47553') in 0.0153594 seconds
Number of updated asset objects reloaded before import = 0Number of asset objects unloaded after import = 8

========================================================================
Received Import Request.
  Time since last request: 0.000035 seconds.
  path: Assets/EffectExamples/FireExplosionEffects/Materials/FlameRoundYellowParticle.mat
  artifactKey: Guid(d7f098ed9997e714193be5e86df013f4) Importer(2089858483,b0f066a214c2f5e87bad3c948f4d605d)
Start importing Assets/EffectExamples/FireExplosionEffects/Materials/FlameRoundYellowParticle.mat using Guid(d7f098ed9997e714193be5e86df013f4) Importer(2089858483,b0f066a214c2f5e87bad3c948f4d605d) (ScriptedImporter) -> (artifact id: '3e5192db73fb47af04b03b6618ab190e') in 0.0089992 seconds
Number of updated asset objects reloaded before import = 0Number of asset objects unloaded after import = 2

========================================================================
Received Import Request.
  Time since last request: 0.000091 seconds.
  path: Assets/EffectExamples/WeaponEffects/Materials/RocketTrailParticle.mat
  artifactKey: Guid(87220c434b13e684f84b32a5a04cf4be) Importer(2089858483,b0f066a214c2f5e87bad3c948f4d605d)
Start importing Assets/EffectExamples/WeaponEffects/Materials/RocketTrailParticle.mat using Guid(87220c434b13e684f84b32a5a04cf4be) Importer(2089858483,b0f066a214c2f5e87bad3c948f4d605d) (ScriptedImporter) -> (artifact id: '177d020a9b65ed8d94bfd1be6e7d2794') in 0.0170602 seconds
Number of updated asset objects reloaded before import = 0Number of asset objects unloaded after import = 4

========================================================================
Received Import Request.
  Time since last request: 0.000046 seconds.
  path: Assets/_Barking_Dog/_3D Scifi Base Vol 1/Meshes/Floor_Normal_04.FBX
  artifactKey: Guid(a0154510783834c50bd9869a13a81cf0) Importer(2089858483,b0f066a214c2f5e87bad3c948f4d605d)
Start importing Assets/_Barking_Dog/_3D Scifi Base Vol 1/Meshes/Floor_Normal_04.FBX using Guid(a0154510783834c50bd9869a13a81cf0) Importer(2089858483,b0f066a214c2f5e87bad3c948f4d605d) (ScriptedImporter) -> (artifact id: '31c06565696d3fa96f2c49bfd816f8ed') in 0.0220578 seconds
Number of updated asset objects reloaded before import = 0Number of asset objects unloaded after import = 10

========================================================================
Received Import Request.
  Time since last request: 0.000032 seconds.
  path: Assets/_Barking_Dog/_3D Scifi Base Vol 1/Meshes/Roof_Angle_05.FBX
  artifactKey: Guid(a4cd944f9f9f2427092e16a58358bffb) Importer(2089858483,b0f066a214c2f5e87bad3c948f4d605d)
Start importing Assets/_Barking_Dog/_3D Scifi Base Vol 1/Meshes/Roof_Angle_05.FBX using Guid(a4cd944f9f9f2427092e16a58358bffb) Importer(2089858483,b0f066a214c2f5e87bad3c948f4d605d) (ScriptedImporter) -> (artifact id: '3395efcc7b621d949db4b8462138351b') in 0.0217394 seconds
Number of updated asset objects reloaded before import = 0Number of asset objects unloaded after import = 8

========================================================================
Received Import Request.
  Time since last request: 0.000031 seconds.
  path: Assets/_Barking_Dog/_3D Scifi Base Vol 1/Meshes/Roof_Window_01.FBX
  artifactKey: Guid(3292cb705359447b2897451187ad8320) Importer(2089858483,b0f066a214c2f5e87bad3c948f4d605d)
Start importing Assets/_Barking_Dog/_3D Scifi Base Vol 1/Meshes/Roof_Window_01.FBX using Guid(3292cb705359447b2897451187ad8320) Importer(2089858483,b0f066a214c2f5e87bad3c948f4d605d) (ScriptedImporter) -> (artifact id: '7553b9370b7a2ff2950b052afad9da4e') in 0.0172808 seconds
Number of updated asset objects reloaded before import = 0Number of asset objects unloaded after import = 9

========================================================================
Received Import Request.
  Time since last request: 0.000041 seconds.
  path: Assets/_Barking_Dog/_3D Scifi Base Vol 1/Meshes/Roof_Angle_02_B.FBX
  artifactKey: Guid(daa25e35ab55648b88fe8cb44ee10ba3) Importer(2089858483,b0f066a214c2f5e87bad3c948f4d605d)
Start importing Assets/_Barking_Dog/_3D Scifi Base Vol 1/Meshes/Roof_Angle_02_B.FBX using Guid(daa25e35ab55648b88fe8cb44ee10ba3) Importer(2089858483,b0f066a214c2f5e87bad3c948f4d605d) (ScriptedImporter) -> (artifact id: '1e621d14fbba789219fd89215d33b426') in 0.0169421 seconds
Number of updated asset objects reloaded before import = 0Number of asset objects unloaded after import = 8

========================================================================
Received Import Request.
  Time since last request: 0.000068 seconds.
  path: Assets/_Barking_Dog/_3D Scifi Base Vol 1/Meshes/Roof_Cache_05.FBX
  artifactKey: Guid(007071fecbdb94399bb112deb21e3d46) Importer(2089858483,b0f066a214c2f5e87bad3c948f4d605d)
Start importing Assets/_Barking_Dog/_3D Scifi Base Vol 1/Meshes/Roof_Cache_05.FBX using Guid(007071fecbdb94399bb112deb21e3d46) Importer(2089858483,b0f066a214c2f5e87bad3c948f4d605d) (ScriptedImporter) -> (artifact id: 'e059c55ab5c402cbd671ad36ee60b458') in 0.0236382 seconds
Number of updated asset objects reloaded before import = 0Number of asset objects unloaded after import = 8

========================================================================
Received Import Request.
  Time since last request: 0.000035 seconds.
  path: Assets/_Barking_Dog/_3D Scifi Base Vol 1/Meshes/Roof_Cache_01.FBX
  artifactKey: Guid(3ed77203fda4f4404b5671af3d481aa6) Importer(2089858483,b0f066a214c2f5e87bad3c948f4d605d)
Start importing Assets/_Barking_Dog/_3D Scifi Base Vol 1/Meshes/Roof_Cache_01.FBX using Guid(3ed77203fda4f4404b5671af3d481aa6) Importer(2089858483,b0f066a214c2f5e87bad3c948f4d605d) (ScriptedImporter) -> (artifact id: '299eea11f70e9453eb78c1ca19e86a41') in 0.0158859 seconds
Number of updated asset objects reloaded before import = 0Number of asset objects unloaded after import = 8

========================================================================
Received Import Request.
  Time since last request: 0.000058 seconds.
  path: Assets/_Barking_Dog/_3D Scifi Base Vol 1/Meshes/Roof_Cache_07_B.FBX
  artifactKey: Guid(7b23c5ab115e146ba84e2f73459a8ab9) Importer(2089858483,b0f066a214c2f5e87bad3c948f4d605d)
Start importing Assets/_Barking_Dog/_3D Scifi Base Vol 1/Meshes/Roof_Cache_07_B.FBX using Guid(7b23c5ab115e146ba84e2f73459a8ab9) Importer(2089858483,b0f066a214c2f5e87bad3c948f4d605d) (ScriptedImporter) -> (artifact id: 'c20ca69823f3287965ae02dc833bc2f3') in 0.0240501 seconds
Number of updated asset objects reloaded before import = 0Number of asset objects unloaded after import = 8

========================================================================
Received Import Request.
  Time since last request: 0.000043 seconds.
  path: Assets/_Barking_Dog/_3D Scifi Base Vol 1/Meshes/Roof_Angle_04.FBX
  artifactKey: Guid(cc27f507e744f48bab797f6a72a8d140) Importer(2089858483,b0f066a214c2f5e87bad3c948f4d605d)
Start importing Assets/_Barking_Dog/_3D Scifi Base Vol 1/Meshes/Roof_Angle_04.FBX using Guid(cc27f507e744f48bab797f6a72a8d140) Importer(2089858483,b0f066a214c2f5e87bad3c948f4d605d) (ScriptedImporter) -> (artifact id: '7137d3d74928081be8b30ad493fe805d') in 0.0132713 seconds
Number of updated asset objects reloaded before import = 0Number of asset objects unloaded after import = 8

========================================================================
Received Import Request.
  Time since last request: 0.000035 seconds.
  path: Assets/EffectExamples/WeaponEffects/Textures/WaterDropsParticle.tif
  artifactKey: Guid(2ed1fb2461447634dab88e4180196c3e) Importer(2089858483,b0f066a214c2f5e87bad3c948f4d605d)
Start importing Assets/EffectExamples/WeaponEffects/Textures/WaterDropsParticle.tif using Guid(2ed1fb2461447634dab88e4180196c3e) Importer(2089858483,b0f066a214c2f5e87bad3c948f4d605d) (ScriptedImporter) -> (artifact id: 'a67b950031eb93e50e4ebe619ad3324a') in 0.0129207 seconds
Number of updated asset objects reloaded before import = 0Number of asset objects unloaded after import = 1

========================================================================
Received Import Request.
  Time since last request: 0.000051 seconds.
  path: Assets/TutorialInfo/Scripts/Readme.cs
  artifactKey: Guid(fcf7219bab7fe46a1ad266029b2fee19) Importer(2089858483,b0f066a214c2f5e87bad3c948f4d605d)
Start importing Assets/TutorialInfo/Scripts/Readme.cs using Guid(fcf7219bab7fe46a1ad266029b2fee19) Importer(2089858483,b0f066a214c2f5e87bad3c948f4d605d) (ScriptedImporter) -> (artifact id: 'e295f1afa2b4efffe4454ca601f2c2fd') in 0.0110929 seconds
Number of updated asset objects reloaded before import = 0Number of asset objects unloaded after import = 1

========================================================================
Received Import Request.
  Time since last request: 0.000164 seconds.
  path: Assets/_Barking_Dog/_3D Scifi Base Vol 1/Meshes/Solar_Panel_01.FBX
  artifactKey: Guid(b840bfc58e463491bb2e96706747e7e1) Importer(2089858483,b0f066a214c2f5e87bad3c948f4d605d)
Start importing Assets/_Barking_Dog/_3D Scifi Base Vol 1/Meshes/Solar_Panel_01.FBX using Guid(b840bfc58e463491bb2e96706747e7e1) Importer(2089858483,b0f066a214c2f5e87bad3c948f4d605d) (ScriptedImporter) -> (artifact id: 'a97b2f88a830c280aac53436813bd2fe') in 0.020829 seconds
Number of updated asset objects reloaded before import = 0Number of asset objects unloaded after import = 8

========================================================================
Received Import Request.
  Time since last request: 0.000071 seconds.
  path: Assets/_Barking_Dog/_3D Scifi Base Vol 1/Meshes/Wall_Angle_03.FBX
  artifactKey: Guid(f17f1970275b14676b91262abd56d4a3) Importer(2089858483,b0f066a214c2f5e87bad3c948f4d605d)
Start importing Assets/_Barking_Dog/_3D Scifi Base Vol 1/Meshes/Wall_Angle_03.FBX using Guid(f17f1970275b14676b91262abd56d4a3) Importer(2089858483,b0f066a214c2f5e87bad3c948f4d605d) (ScriptedImporter) -> (artifact id: '831f6e3be6cb87579e7ed53a3d6345c3') in 0.0201752 seconds
Number of updated asset objects reloaded before import = 0Number of asset objects unloaded after import = 9

========================================================================
Received Import Request.
  Time since last request: 0.000034 seconds.
  path: Assets/_Barking_Dog/_3D Scifi Base Vol 1/Meshes/Wall_Angle_06.FBX
  artifactKey: Guid(fc9dcd7a5d5bf4cf6977d0263aace266) Importer(2089858483,b0f066a214c2f5e87bad3c948f4d605d)
Start importing Assets/_Barking_Dog/_3D Scifi Base Vol 1/Meshes/Wall_Angle_06.FBX using Guid(fc9dcd7a5d5bf4cf6977d0263aace266) Importer(2089858483,b0f066a214c2f5e87bad3c948f4d605d) (ScriptedImporter) -> (artifact id: 'f83da980a32f5a258ae3a6475d7b82ec') in 0.0217404 seconds
Number of updated asset objects reloaded before import = 0Number of asset objects unloaded after import = 11

========================================================================
Received Import Request.
  Time since last request: 0.000051 seconds.
  path: Assets/_Barking_Dog/_3D Scifi Base Vol 1/Meshes/Wall_Angle_05.FBX
  artifactKey: Guid(60bf6e348dae8417cb646cd5ee662a34) Importer(2089858483,b0f066a214c2f5e87bad3c948f4d605d)
Start importing Assets/_Barking_Dog/_3D Scifi Base Vol 1/Meshes/Wall_Angle_05.FBX using Guid(60bf6e348dae8417cb646cd5ee662a34) Importer(2089858483,b0f066a214c2f5e87bad3c948f4d605d) (ScriptedImporter) -> (artifact id: '6f7508257107f7712be93bf5246d90c5') in 0.0174287 seconds
Number of updated asset objects reloaded before import = 0Number of asset objects unloaded after import = 8

========================================================================
Received Import Request.
  Time since last request: 0.000069 seconds.
  path: Assets/_Barking_Dog/_3D Scifi Base Vol 1/Meshes/Table_01.FBX
  artifactKey: Guid(a5b18b9d264954ae59fa357fd4c7167e) Importer(2089858483,b0f066a214c2f5e87bad3c948f4d605d)
Start importing Assets/_Barking_Dog/_3D Scifi Base Vol 1/Meshes/Table_01.FBX using Guid(a5b18b9d264954ae59fa357fd4c7167e) Importer(2089858483,b0f066a214c2f5e87bad3c948f4d605d) (ScriptedImporter) -> (artifact id: 'ad4c7fa2d202e9243a1250077e4fb4b2') in 0.0158804 seconds
Number of updated asset objects reloaded before import = 0Number of asset objects unloaded after import = 9

========================================================================
Received Import Request.
  Time since last request: 0.000046 seconds.
  path: Assets/_Barking_Dog/_3D Scifi Base Vol 1/Meshes/Table_Angle_02.FBX
  artifactKey: Guid(ed8543ec389034f7f967ebf509ba920d) Importer(2089858483,b0f066a214c2f5e87bad3c948f4d605d)
Start importing Assets/_Barking_Dog/_3D Scifi Base Vol 1/Meshes/Table_Angle_02.FBX using Guid(ed8543ec389034f7f967ebf509ba920d) Importer(2089858483,b0f066a214c2f5e87bad3c948f4d605d) (ScriptedImporter) -> (artifact id: '7e411a0581e9e0f9b25430e7bb6eb24c') in 0.0200887 seconds
Number of updated asset objects reloaded before import = 0Number of asset objects unloaded after import = 9

========================================================================
Received Import Request.
  Time since last request: 0.000035 seconds.
  path: Assets/_Barking_Dog/_3D Scifi Base Vol 1/Meshes/Wall_Console_01.FBX
  artifactKey: Guid(386b65879587143aabd150090b41087c) Importer(2089858483,b0f066a214c2f5e87bad3c948f4d605d)
Start importing Assets/_Barking_Dog/_3D Scifi Base Vol 1/Meshes/Wall_Console_01.FBX using Guid(386b65879587143aabd150090b41087c) Importer(2089858483,b0f066a214c2f5e87bad3c948f4d605d) (ScriptedImporter) -> (artifact id: 'da06123df2fd8d34a530aad553fdd371') in 0.0153023 seconds
Number of updated asset objects reloaded before import = 0Number of asset objects unloaded after import = 8

========================================================================
Received Import Request.
  Time since last request: 0.000033 seconds.
  path: Assets/EffectExamples/FireExplosionEffects/Prefabs/SmallExplosionEffect.prefab
  artifactKey: Guid(ecdd96beb7f93494880c052dfccf9dc1) Importer(2089858483,e11c23a36db5f54750b8cd40eac0985b)
Start importing Assets/EffectExamples/FireExplosionEffects/Prefabs/SmallExplosionEffect.prefab using Guid(ecdd96beb7f93494880c052dfccf9dc1) Importer(2089858483,e11c23a36db5f54750b8cd40eac0985b) (ScriptedImporter) -> (artifact id: 'f1389fb98a3d95b319aeeb74200fa768') in 0.1163415 seconds
Number of updated asset objects reloaded before import = 0Number of asset objects unloaded after import = 22

========================================================================
Received Import Request.
  Time since last request: 0.000033 seconds.
  path: Assets/_Barking_Dog/_3D Scifi Base Vol 1/Meshes/Wall_Angle_01.FBX
  artifactKey: Guid(377dbeb2f62624778a343d390591627c) Importer(2089858483,b0f066a214c2f5e87bad3c948f4d605d)
Start importing Assets/_Barking_Dog/_3D Scifi Base Vol 1/Meshes/Wall_Angle_01.FBX using Guid(377dbeb2f62624778a343d390591627c) Importer(2089858483,b0f066a214c2f5e87bad3c948f4d605d) (ScriptedImporter) -> (artifact id: '2813c7e482ef592b53001ad49a492a98') in 0.0237817 seconds
Number of updated asset objects reloaded before import = 0Number of asset objects unloaded after import = 10

========================================================================
Received Import Request.
  Time since last request: 0.000056 seconds.
  path: Assets/_Barking_Dog/_3D Scifi Base Vol 1/Meshes/Wall_Heal_01.FBX
  artifactKey: Guid(b369538665dbf4bf581099f830001114) Importer(2089858483,b0f066a214c2f5e87bad3c948f4d605d)
Start importing Assets/_Barking_Dog/_3D Scifi Base Vol 1/Meshes/Wall_Heal_01.FBX using Guid(b369538665dbf4bf581099f830001114) Importer(2089858483,b0f066a214c2f5e87bad3c948f4d605d) (ScriptedImporter) -> (artifact id: '8850dde348a04dec582a94d1d04448a0') in 0.0140678 seconds
Number of updated asset objects reloaded before import = 0Number of asset objects unloaded after import = 9

========================================================================
Received Import Request.
  Time since last request: 0.000036 seconds.
  path: Assets/_Barking_Dog/_3D Scifi Base Vol 1/Meshes/Wall_Window_02.FBX
  artifactKey: Guid(5be3977bfaed94dcdb086d8a1a655c18) Importer(2089858483,b0f066a214c2f5e87bad3c948f4d605d)
Start importing Assets/_Barking_Dog/_3D Scifi Base Vol 1/Meshes/Wall_Window_02.FBX using Guid(5be3977bfaed94dcdb086d8a1a655c18) Importer(2089858483,b0f066a214c2f5e87bad3c948f4d605d) (ScriptedImporter) -> (artifact id: '1c89a9e2d31d1cf384869765226b21f2') in 0.0157202 seconds
Number of updated asset objects reloaded before import = 0Number of asset objects unloaded after import = 11

========================================================================
Received Import Request.
  Time since last request: 0.000032 seconds.
  path: Assets/_Barking_Dog/_3D Scifi Base Vol 1/Meshes/Wall_Normal_03.FBX
  artifactKey: Guid(85699d585cffc45e790a2059218886e8) Importer(2089858483,b0f066a214c2f5e87bad3c948f4d605d)
Start importing Assets/_Barking_Dog/_3D Scifi Base Vol 1/Meshes/Wall_Normal_03.FBX using Guid(85699d585cffc45e790a2059218886e8) Importer(2089858483,b0f066a214c2f5e87bad3c948f4d605d) (ScriptedImporter) -> (artifact id: '5c69a9b5547fa8d5d8750f096eabb499') in 0.0165031 seconds
Number of updated asset objects reloaded before import = 0Number of asset objects unloaded after import = 10

========================================================================
Received Import Request.
  Time since last request: 0.000038 seconds.
  path: Assets/_Barking_Dog/_3D Scifi Base Vol 1/Meshes/Wall_Half_02.FBX
  artifactKey: Guid(3f9feced230cc4d69a08f5076b76cd54) Importer(2089858483,b0f066a214c2f5e87bad3c948f4d605d)
Start importing Assets/_Barking_Dog/_3D Scifi Base Vol 1/Meshes/Wall_Half_02.FBX using Guid(3f9feced230cc4d69a08f5076b76cd54) Importer(2089858483,b0f066a214c2f5e87bad3c948f4d605d) (ScriptedImporter) -> (artifact id: '129a3e87cf7e7ef5bb2eb8244e7a5a8e') in 0.0162104 seconds
Number of updated asset objects reloaded before import = 0Number of asset objects unloaded after import = 8

========================================================================
Received Import Request.
  Time since last request: 0.000044 seconds.
  path: Assets/_Barking_Dog/_3D Scifi Base Vol 1/Meshes/Wall_Normal_04.FBX
  artifactKey: Guid(b665ccadc31774dfb902fd6bc9df3aca) Importer(2089858483,b0f066a214c2f5e87bad3c948f4d605d)
Start importing Assets/_Barking_Dog/_3D Scifi Base Vol 1/Meshes/Wall_Normal_04.FBX using Guid(b665ccadc31774dfb902fd6bc9df3aca) Importer(2089858483,b0f066a214c2f5e87bad3c948f4d605d) (ScriptedImporter) -> (artifact id: '4fc628bc0b5e7efc11b5f6c6797b45b3') in 0.0159876 seconds
Number of updated asset objects reloaded before import = 0Number of asset objects unloaded after import = 10

========================================================================
Received Import Request.
  Time since last request: 0.000029 seconds.
  path: Assets/_Barking_Dog/_3D Scifi Base Vol 1/Meshes/Wall_Normal_02.FBX
  artifactKey: Guid(c1950122ae6af41ac9dcd4d2aa9dee00) Importer(2089858483,b0f066a214c2f5e87bad3c948f4d605d)
Start importing Assets/_Barking_Dog/_3D Scifi Base Vol 1/Meshes/Wall_Normal_02.FBX using Guid(c1950122ae6af41ac9dcd4d2aa9dee00) Importer(2089858483,b0f066a214c2f5e87bad3c948f4d605d) (ScriptedImporter) -> (artifact id: '1a87c4a1e93826c1d59948a29b75b13d') in 0.0147945 seconds
Number of updated asset objects reloaded before import = 0Number of asset objects unloaded after import = 10

========================================================================
Received Import Request.
  Time since last request: 0.000049 seconds.
  path: Assets/_Barking_Dog/_3D Scifi Base Vol 1/Meshes/Wall_Normal_01.FBX
  artifactKey: Guid(7d0a93f36d958461389bb569c0bc06ec) Importer(2089858483,b0f066a214c2f5e87bad3c948f4d605d)
Start importing Assets/_Barking_Dog/_3D Scifi Base Vol 1/Meshes/Wall_Normal_01.FBX using Guid(7d0a93f36d958461389bb569c0bc06ec) Importer(2089858483,b0f066a214c2f5e87bad3c948f4d605d) (ScriptedImporter) -> (artifact id: 'faf2dd06a249357703f40a0a4f5e75ea') in 0.0272554 seconds
Number of updated asset objects reloaded before import = 0Number of asset objects unloaded after import = 10

========================================================================
Received Import Request.
  Time since last request: 0.000041 seconds.
  path: Assets/_Barking_Dog/_3D Scifi Base Vol 1/Meshes/Can_Blue_01.FBX
  artifactKey: Guid(95732c83204954786bf21a3191b013d1) Importer(2089858483,b0f066a214c2f5e87bad3c948f4d605d)
Start importing Assets/_Barking_Dog/_3D Scifi Base Vol 1/Meshes/Can_Blue_01.FBX using Guid(95732c83204954786bf21a3191b013d1) Importer(2089858483,b0f066a214c2f5e87bad3c948f4d605d) (ScriptedImporter) -> (artifact id: '74c4fb058573e36d6ac2792682dfcdaf') in 0.013239 seconds
Number of updated asset objects reloaded before import = 0Number of asset objects unloaded after import = 8

========================================================================
Received Import Request.
  Time since last request: 0.000045 seconds.
  path: Assets/EffectExamples/Shared/Materials/StoneSurface.mat
  artifactKey: Guid(3eb079016c4106b41bc3f19de570f770) Importer(2089858483,b0f066a214c2f5e87bad3c948f4d605d)
Start importing Assets/EffectExamples/Shared/Materials/StoneSurface.mat using Guid(3eb079016c4106b41bc3f19de570f770) Importer(2089858483,b0f066a214c2f5e87bad3c948f4d605d) (ScriptedImporter) -> (artifact id: '0c26c4f5d536cf3da5304991ccd8ef8c') in 0.0081527 seconds
Number of updated asset objects reloaded before import = 0Number of asset objects unloaded after import = 3

========================================================================
Received Import Request.
  Time since last request: 0.000025 seconds.
  path: Assets/EffectExamples/Shared/PhysicsMaterials/Sand.physicMaterial
  artifactKey: Guid(ee4bb0d1ce749cf44ac6dc2a56ad59f6) Importer(2089858483,b0f066a214c2f5e87bad3c948f4d605d)
Start importing Assets/EffectExamples/Shared/PhysicsMaterials/Sand.physicMaterial using Guid(ee4bb0d1ce749cf44ac6dc2a56ad59f6) Importer(2089858483,b0f066a214c2f5e87bad3c948f4d605d) (ScriptedImporter) -> (artifact id: 'd6ded479ce610d2d74f7dd47f72ca90c') in 0.0042042 seconds
Number of updated asset objects reloaded before import = 0Number of asset objects unloaded after import = 1

========================================================================
Received Import Request.
  Time since last request: 0.000034 seconds.
  path: Assets/_Barking_Dog/_3D Scifi Base Vol 1/Sound/Machine.wav
  artifactKey: Guid(284c97ab4ab954a0d9c8de221d392040) Importer(2089858483,b0f066a214c2f5e87bad3c948f4d605d)
Start importing Assets/_Barking_Dog/_3D Scifi Base Vol 1/Sound/Machine.wav using Guid(284c97ab4ab954a0d9c8de221d392040) Importer(2089858483,b0f066a214c2f5e87bad3c948f4d605d) (ScriptedImporter) -> (artifact id: 'd3205c9575ffc97863f6ed6ff0d85c63') in 0.109201 seconds
Number of updated asset objects reloaded before import = 0Number of asset objects unloaded after import = 1

========================================================================
Received Import Request.
  Time since last request: 0.000054 seconds.
  path: Assets/_Barking_Dog/_3D Scifi Base Vol 1/Sound/DoorPump.wav
  artifactKey: Guid(dc54991f0dba842cda2ec902cf69d83a) Importer(2089858483,b0f066a214c2f5e87bad3c948f4d605d)
Start importing Assets/_Barking_Dog/_3D Scifi Base Vol 1/Sound/DoorPump.wav using Guid(dc54991f0dba842cda2ec902cf69d83a) Importer(2089858483,b0f066a214c2f5e87bad3c948f4d605d) (ScriptedImporter) -> (artifact id: '58c1da6a97ffff1ee3ed2c00e3ddd7ab') in 0.0555443 seconds
Number of updated asset objects reloaded before import = 0Number of asset objects unloaded after import = 1

========================================================================
Received Import Request.
  Time since last request: 0.000057 seconds.
  path: Assets/_Barking_Dog/_3D Scifi Base Vol 1/Scripts/ScrollTexture.cs
  artifactKey: Guid(9573cf9140ccd45e5b605ff9274393ce) Importer(2089858483,b0f066a214c2f5e87bad3c948f4d605d)
Start importing Assets/_Barking_Dog/_3D Scifi Base Vol 1/Scripts/ScrollTexture.cs using Guid(9573cf9140ccd45e5b605ff9274393ce) Importer(2089858483,b0f066a214c2f5e87bad3c948f4d605d) (ScriptedImporter) -> (artifact id: 'c182fc5337003228b88c9794aab4204a') in 0.0051563 seconds
Number of updated asset objects reloaded before import = 0Number of asset objects unloaded after import = 0

========================================================================
Received Import Request.
  Time since last request: 0.000040 seconds.
  path: Assets/_Barking_Dog/_3D Scifi Base Vol 1/Splat/Grass_02_Norm.png
  artifactKey: Guid(ff9c37cf0b00b41ec81f5b0c1386a696) Importer(2089858483,b0f066a214c2f5e87bad3c948f4d605d)
Start importing Assets/_Barking_Dog/_3D Scifi Base Vol 1/Splat/Grass_02_Norm.png using Guid(ff9c37cf0b00b41ec81f5b0c1386a696) Importer(2089858483,b0f066a214c2f5e87bad3c948f4d605d) (ScriptedImporter) -> (artifact id: '30e03e9c6e51e3d0eb6a09d236e0155a') in 0.0118847 seconds
Number of updated asset objects reloaded before import = 0Number of asset objects unloaded after import = 1

========================================================================
Received Import Request.
  Time since last request: 0.000071 seconds.
  path: Assets/_Barking_Dog/_3D Scifi Base Vol 1/Scripts/DoorHori.cs
  artifactKey: Guid(d94a21dd9acac4f8a9aa77608ddafdbf) Importer(2089858483,b0f066a214c2f5e87bad3c948f4d605d)
Start importing Assets/_Barking_Dog/_3D Scifi Base Vol 1/Scripts/DoorHori.cs using Guid(d94a21dd9acac4f8a9aa77608ddafdbf) Importer(2089858483,b0f066a214c2f5e87bad3c948f4d605d) (ScriptedImporter) -> (artifact id: '80af8f02e4531d0e1630a562ef67935b') in 0.0067715 seconds
Number of updated asset objects reloaded before import = 0Number of asset objects unloaded after import = 0

========================================================================
Received Import Request.
  Time since last request: 0.000028 seconds.
  path: Assets/_Barking_Dog/_3D Scifi Base Vol 1/Scripts/VertDoorManager.cs
  artifactKey: Guid(0313db33eb46842468a1b74193ee34b8) Importer(2089858483,b0f066a214c2f5e87bad3c948f4d605d)
Start importing Assets/_Barking_Dog/_3D Scifi Base Vol 1/Scripts/VertDoorManager.cs using Guid(0313db33eb46842468a1b74193ee34b8) Importer(2089858483,b0f066a214c2f5e87bad3c948f4d605d) (ScriptedImporter) -> (artifact id: '8ef8c9c73e2edc51b3a829c6811180b7') in 0.0047547 seconds
Number of updated asset objects reloaded before import = 0Number of asset objects unloaded after import = 0

========================================================================
Received Import Request.
  Time since last request: 0.000045 seconds.
  path: Assets/_Barking_Dog/_3D Scifi Base Vol 1/Scripts/OTween.cs
  artifactKey: Guid(740a9d4b1c6f54229a2cd7d5f3879bd6) Importer(2089858483,b0f066a214c2f5e87bad3c948f4d605d)
Start importing Assets/_Barking_Dog/_3D Scifi Base Vol 1/Scripts/OTween.cs using Guid(740a9d4b1c6f54229a2cd7d5f3879bd6) Importer(2089858483,b0f066a214c2f5e87bad3c948f4d605d) (ScriptedImporter) -> (artifact id: 'c440d1eb941002e471f903a6b0eaefb7') in 0.0042444 seconds
Number of updated asset objects reloaded before import = 0Number of asset objects unloaded after import = 0

========================================================================
Received Import Request.
  Time since last request: 0.000036 seconds.
  path: Assets/_Barking_Dog/_3D Scifi Base Vol 1/Scripts/DoorVert.cs
  artifactKey: Guid(02aa1aee0b34d4ba8aa1c4a57fa0ed27) Importer(2089858483,b0f066a214c2f5e87bad3c948f4d605d)
Start importing Assets/_Barking_Dog/_3D Scifi Base Vol 1/Scripts/DoorVert.cs using Guid(02aa1aee0b34d4ba8aa1c4a57fa0ed27) Importer(2089858483,b0f066a214c2f5e87bad3c948f4d605d) (ScriptedImporter) -> (artifact id: 'ad0b120b7c5878973c2821d95c6785cb') in 0.0039266 seconds
Number of updated asset objects reloaded before import = 0Number of asset objects unloaded after import = 0

========================================================================
Received Import Request.
  Time since last request: 0.000041 seconds.
  path: Assets/_Barking_Dog/_3D Scifi Base Vol 1/Splat/Rock_01.png
  artifactKey: Guid(c27f398563b35744180f5d7a1589334c) Importer(2089858483,b0f066a214c2f5e87bad3c948f4d605d)
Start importing Assets/_Barking_Dog/_3D Scifi Base Vol 1/Splat/Rock_01.png using Guid(c27f398563b35744180f5d7a1589334c) Importer(2089858483,b0f066a214c2f5e87bad3c948f4d605d) (ScriptedImporter) -> (artifact id: 'c7437115ff4c062a1f8541d8dcbe9e65') in 0.0275831 seconds
Number of updated asset objects reloaded before import = 0Number of asset objects unloaded after import = 1

========================================================================
Received Import Request.
  Time since last request: 0.000024 seconds.
  path: Assets/_Barking_Dog/_3D Scifi Base Vol 1/Splat/Sand_01_Norm.png
  artifactKey: Guid(3f1efc81b93ef414f9c1e03a6e8a4134) Importer(2089858483,b0f066a214c2f5e87bad3c948f4d605d)
Start importing Assets/_Barking_Dog/_3D Scifi Base Vol 1/Splat/Sand_01_Norm.png using Guid(3f1efc81b93ef414f9c1e03a6e8a4134) Importer(2089858483,b0f066a214c2f5e87bad3c948f4d605d) (ScriptedImporter) -> (artifact id: '1e523b834335885ffaa56a742037da0c') in 0.0281454 seconds
Number of updated asset objects reloaded before import = 0Number of asset objects unloaded after import = 1

========================================================================
Received Import Request.
  Time since last request: 0.000039 seconds.
  path: Assets/_Barking_Dog/_3D Scifi Base Vol 1/Splat/Sand_01.png
  artifactKey: Guid(a64fc061a57bcf145876dc0762b30b67) Importer(2089858483,b0f066a214c2f5e87bad3c948f4d605d)
Start importing Assets/_Barking_Dog/_3D Scifi Base Vol 1/Splat/Sand_01.png using Guid(a64fc061a57bcf145876dc0762b30b67) Importer(2089858483,b0f066a214c2f5e87bad3c948f4d605d) (ScriptedImporter) -> (artifact id: '4baed228868b2bba99634af5dddc0c9b') in 0.0331368 seconds
Number of updated asset objects reloaded before import = 0Number of asset objects unloaded after import = 1

========================================================================
Received Import Request.
  Time since last request: 0.000058 seconds.
  path: Assets/_Barking_Dog/_3D Scifi Base Vol 1/Splat/Sand_02_Norm.png
  artifactKey: Guid(b2efe22fb24f24e1bbfd83101ea0dbcb) Importer(2089858483,b0f066a214c2f5e87bad3c948f4d605d)
Start importing Assets/_Barking_Dog/_3D Scifi Base Vol 1/Splat/Sand_02_Norm.png using Guid(b2efe22fb24f24e1bbfd83101ea0dbcb) Importer(2089858483,b0f066a214c2f5e87bad3c948f4d605d) (ScriptedImporter) -> (artifact id: '4b3c6d63fbd55df7fabafb1d0c9518f4') in 0.0114296 seconds
Number of updated asset objects reloaded before import = 0Number of asset objects unloaded after import = 1

========================================================================
Received Import Request.
  Time since last request: 0.000025 seconds.
  path: Assets/_Barking_Dog/_3D Scifi Base Vol 1/Splat/Rock_01_Ao.png
  artifactKey: Guid(d24cd659ce0df425cb29e86e75f7ef77) Importer(2089858483,b0f066a214c2f5e87bad3c948f4d605d)
Start importing Assets/_Barking_Dog/_3D Scifi Base Vol 1/Splat/Rock_01_Ao.png using Guid(d24cd659ce0df425cb29e86e75f7ef77) Importer(2089858483,b0f066a214c2f5e87bad3c948f4d605d) (ScriptedImporter) -> (artifact id: 'e0465cc9e882a62491bb99c93ff1ac2c') in 0.0515099 seconds
Number of updated asset objects reloaded before import = 0Number of asset objects unloaded after import = 1

========================================================================
Received Import Request.
  Time since last request: 0.000029 seconds.
  path: Assets/_Barking_Dog/_3D Scifi Base Vol 1/Splat/Sand_02.png
  artifactKey: Guid(b12ed5227b35eae4e98b8abfcad54f00) Importer(2089858483,b0f066a214c2f5e87bad3c948f4d605d)
Start importing Assets/_Barking_Dog/_3D Scifi Base Vol 1/Splat/Sand_02.png using Guid(b12ed5227b35eae4e98b8abfcad54f00) Importer(2089858483,b0f066a214c2f5e87bad3c948f4d605d) (ScriptedImporter) -> (artifact id: '4bb654a0c16ec897d7be1c8e011d1606') in 0.0138917 seconds
Number of updated asset objects reloaded before import = 0Number of asset objects unloaded after import = 1

========================================================================
Received Import Request.
  Time since last request: 0.000052 seconds.
  path: Assets/_Barking_Dog/_3D Scifi Base Vol 1/Splat/TerrainData.asset
  artifactKey: Guid(2f7c2fd4a801c724c89f934b7ce0165f) Importer(2089858483,b0f066a214c2f5e87bad3c948f4d605d)
Start importing Assets/_Barking_Dog/_3D Scifi Base Vol 1/Splat/TerrainData.asset using Guid(2f7c2fd4a801c724c89f934b7ce0165f) Importer(2089858483,b0f066a214c2f5e87bad3c948f4d605d) (ScriptedImporter) -> (artifact id: '01c1dab744905a6ce6f45b905768e157') in 0.1413174 seconds
Number of updated asset objects reloaded before import = 0Number of asset objects unloaded after import = 194

========================================================================
Received Import Request.
  Time since last request: 0.000056 seconds.
  path: Assets/_Barking_Dog/_3D Scifi Base Vol 1/Meshes/Wall_Window_03.FBX
  artifactKey: Guid(28c52b0a49241464381f982975d3379c) Importer(2089858483,b0f066a214c2f5e87bad3c948f4d605d)
Start importing Assets/_Barking_Dog/_3D Scifi Base Vol 1/Meshes/Wall_Window_03.FBX using Guid(28c52b0a49241464381f982975d3379c) Importer(2089858483,b0f066a214c2f5e87bad3c948f4d605d) (ScriptedImporter) -> (artifact id: 'd6b55337f0c9ff9dfb48bf45eaec6060') in 0.0211931 seconds
Number of updated asset objects reloaded before import = 0Number of asset objects unloaded after import = 11

========================================================================
Received Import Request.
  Time since last request: 0.000034 seconds.
  path: Assets/_Barking_Dog/_3D Scifi Base Vol 1/TerrainAutoUpgrade/layer_Rock_01Rock_01_Norm(8.000,8.000)(0.000,0.000)(0.000,0.000,0.000),0.530,0.393.terrainlayer
  artifactKey: Guid(c7ece9c614d19e64c8cdaf871965bcdd) Importer(2089858483,b0f066a214c2f5e87bad3c948f4d605d)
Start importing Assets/_Barking_Dog/_3D Scifi Base Vol 1/TerrainAutoUpgrade/layer_Rock_01Rock_01_Norm(8.000,8.000)(0.000,0.000)(0.000,0.000,0.000),0.530,0.393.terrainlayer using Guid(c7ece9c614d19e64c8cdaf871965bcdd) Importer(2089858483,b0f066a214c2f5e87bad3c948f4d605d) (ScriptedImporter) -> (artifact id: '1c7165ca3e3fc25e0ebb3cbf5a6f605c') in 0.0201912 seconds
Number of updated asset objects reloaded before import = 0Number of asset objects unloaded after import = 3

========================================================================
Received Import Request.
  Time since last request: 0.000027 seconds.
  path: Assets/_Barking_Dog/_3D Scifi Base Vol 1/TerrainAutoUpgrade/layer_Grass_02Grass_02_Norm(5.000,5.000)(0.000,0.000)(0.000,0.000,0.000),0.000,0.200.terrainlayer
  artifactKey: Guid(3e9be0bccca228a4c9547039db17a4f3) Importer(2089858483,b0f066a214c2f5e87bad3c948f4d605d)
Start importing Assets/_Barking_Dog/_3D Scifi Base Vol 1/TerrainAutoUpgrade/layer_Grass_02Grass_02_Norm(5.000,5.000)(0.000,0.000)(0.000,0.000,0.000),0.000,0.200.terrainlayer using Guid(3e9be0bccca228a4c9547039db17a4f3) Importer(2089858483,b0f066a214c2f5e87bad3c948f4d605d) (ScriptedImporter) -> (artifact id: '3f1a4b30bc2b0ee526c0c5248a005e71') in 0.0065982 seconds
Number of updated asset objects reloaded before import = 0Number of asset objects unloaded after import = 3

========================================================================
Received Import Request.
  Time since last request: 0.000032 seconds.
  path: Assets/_Barking_Dog/_3D Scifi Base Vol 1/TerrainAutoUpgrade/layer_Sand_02Sand_02_Norm(10.000,10.000)(0.000,0.000)(0.000,0.000,0.000),0.000,0.200.terrainlayer
  artifactKey: Guid(e06bf7843751bf94992b44fd501f1230) Importer(2089858483,b0f066a214c2f5e87bad3c948f4d605d)
Start importing Assets/_Barking_Dog/_3D Scifi Base Vol 1/TerrainAutoUpgrade/layer_Sand_02Sand_02_Norm(10.000,10.000)(0.000,0.000)(0.000,0.000,0.000),0.000,0.200.terrainlayer using Guid(e06bf7843751bf94992b44fd501f1230) Importer(2089858483,b0f066a214c2f5e87bad3c948f4d605d) (ScriptedImporter) -> (artifact id: '9186f5f7cb18f85e533c4f384c220e6d') in 0.023098 seconds
Number of updated asset objects reloaded before import = 0Number of asset objects unloaded after import = 3

========================================================================
Received Import Request.
  Time since last request: 0.000081 seconds.
  path: Assets/_Barking_Dog/_3D Scifi Base Vol 1/Textures/Bubble_A.mat
  artifactKey: Guid(c5c9c4bc2a6a84497bdfecf2b74e24c8) Importer(2089858483,b0f066a214c2f5e87bad3c948f4d605d)
Start importing Assets/_Barking_Dog/_3D Scifi Base Vol 1/Textures/Bubble_A.mat using Guid(c5c9c4bc2a6a84497bdfecf2b74e24c8) Importer(2089858483,b0f066a214c2f5e87bad3c948f4d605d) (ScriptedImporter) -> (artifact id: 'fbe87b58894e3486b6612f53a7987702') in 0.0203665 seconds
Number of updated asset objects reloaded before import = 0Number of asset objects unloaded after import = 2

========================================================================
Received Import Request.
  Time since last request: 0.000044 seconds.
  path: Assets/EffectExamples/FireExplosionEffects/Materials/ShockWaveParticle.mat
  artifactKey: Guid(f88239865da4c79468e051ceb78c0317) Importer(2089858483,b0f066a214c2f5e87bad3c948f4d605d)
Start importing Assets/EffectExamples/FireExplosionEffects/Materials/ShockWaveParticle.mat using Guid(f88239865da4c79468e051ceb78c0317) Importer(2089858483,b0f066a214c2f5e87bad3c948f4d605d) (ScriptedImporter) -> (artifact id: '770339873388b20f8d38886fc93bc177') in 0.0048415 seconds
Number of updated asset objects reloaded before import = 0Number of asset objects unloaded after import = 1

========================================================================
Received Import Request.
  Time since last request: 0.000032 seconds.
  path: Assets/Readme.asset
  artifactKey: Guid(8105016687592461f977c054a80ce2f2) Importer(2089858483,b0f066a214c2f5e87bad3c948f4d605d)
Start importing Assets/Readme.asset using Guid(8105016687592461f977c054a80ce2f2) Importer(2089858483,b0f066a214c2f5e87bad3c948f4d605d) (ScriptedImporter) -> (artifact id: 'b4fe9d8a48fb41ed949a3f0f637b74ae') in 0.0096591 seconds
Number of updated asset objects reloaded before import = 0Number of asset objects unloaded after import = 2

========================================================================
Received Import Request.
  Time since last request: 0.000040 seconds.
  path: Assets/EffectExamples/TutorialInfo/Icons/Help_Icon.png
  artifactKey: Guid(a186f8a87ca4f4d3aa864638ad5dfb65) Importer(2089858483,b0f066a214c2f5e87bad3c948f4d605d)
Start importing Assets/EffectExamples/TutorialInfo/Icons/Help_Icon.png using Guid(a186f8a87ca4f4d3aa864638ad5dfb65) Importer(2089858483,b0f066a214c2f5e87bad3c948f4d605d) (ScriptedImporter) -> (artifact id: '397e10b93e5f7de6f013e3df3d5a25dd') in 0.0104424 seconds
Number of updated asset objects reloaded before import = 0Number of asset objects unloaded after import = 1

========================================================================
Received Import Request.
  Time since last request: 0.000061 seconds.
  path: Assets/EffectExamples/Shared/Fonts/RobotoCondensed-Bold.ttf
  artifactKey: Guid(fae067962e5934395be31c8aba4a3455) Importer(2089858483,b0f066a214c2f5e87bad3c948f4d605d)
Start importing Assets/EffectExamples/Shared/Fonts/RobotoCondensed-Bold.ttf using Guid(fae067962e5934395be31c8aba4a3455) Importer(2089858483,b0f066a214c2f5e87bad3c948f4d605d) (ScriptedImporter) -> (artifact id: 'c3559f8445fd6836b28ab8239fc7507b') in 0.0103157 seconds
Number of updated asset objects reloaded before import = 0Number of asset objects unloaded after import = 3

========================================================================
Received Import Request.
  Time since last request: 0.000029 seconds.
  path: Assets/_Barking_Dog/_3D Scifi Base Vol 1/Meshes/Pipes_Insert_06.FBX
  artifactKey: Guid(7859fe9f062d74ef5afcd6ec9bf35d93) Importer(2089858483,b0f066a214c2f5e87bad3c948f4d605d)
Start importing Assets/_Barking_Dog/_3D Scifi Base Vol 1/Meshes/Pipes_Insert_06.FBX using Guid(7859fe9f062d74ef5afcd6ec9bf35d93) Importer(2089858483,b0f066a214c2f5e87bad3c948f4d605d) (ScriptedImporter) -> (artifact id: 'c1abb20418d93126889e6ddf5a8f6b8e') in 0.0139639 seconds
Number of updated asset objects reloaded before import = 0Number of asset objects unloaded after import = 8

========================================================================
Received Import Request.
  Time since last request: 0.000032 seconds.
  path: Assets/EffectExamples/Shared/Models/BackGround.FBX
  artifactKey: Guid(f4527c479041fc040b53171204c086a5) Importer(2089858483,b0f066a214c2f5e87bad3c948f4d605d)
Start importing Assets/EffectExamples/Shared/Models/BackGround.FBX using Guid(f4527c479041fc040b53171204c086a5) Importer(2089858483,b0f066a214c2f5e87bad3c948f4d605d) (ScriptedImporter) -> (artifact id: 'a6977e49e4fe5b9355bcdf9f528c4d69') in 0.013212 seconds
Number of updated asset objects reloaded before import = 0Number of asset objects unloaded after import = 8

========================================================================
Received Import Request.
  Time since last request: 0.000032 seconds.
  path: Assets/_Barking_Dog/_3D Scifi Base Vol 1/Textures/ForceField_02.mat
  artifactKey: Guid(16333a82eb73e4d9dbaf9ae7275e7980) Importer(2089858483,b0f066a214c2f5e87bad3c948f4d605d)
Start importing Assets/_Barking_Dog/_3D Scifi Base Vol 1/Textures/ForceField_02.mat using Guid(16333a82eb73e4d9dbaf9ae7275e7980) Importer(2089858483,b0f066a214c2f5e87bad3c948f4d605d) (ScriptedImporter) -> (artifact id: '34fe52b493bdf56b5d1042f3bd4d4b7e') in 0.0284619 seconds
Number of updated asset objects reloaded before import = 0Number of asset objects unloaded after import = 2

========================================================================
Received Import Request.
  Time since last request: 0.000047 seconds.
  path: Assets/_Barking_Dog/_3D Scifi Base Vol 1/Textures/Screen TV Sources.psd
  artifactKey: Guid(3589f786e3b3343c9b474952c3602fce) Importer(2089858483,b0f066a214c2f5e87bad3c948f4d605d)
Start importing Assets/_Barking_Dog/_3D Scifi Base Vol 1/Textures/Screen TV Sources.psd using Guid(3589f786e3b3343c9b474952c3602fce) Importer(2089858483,b0f066a214c2f5e87bad3c948f4d605d) (ScriptedImporter) -> (artifact id: 'e2221b72b1970536b72ca7a9a9dae970') in 0.0373195 seconds
Number of updated asset objects reloaded before import = 0Number of asset objects unloaded after import = 1

========================================================================
Received Import Request.
  Time since last request: 0.000031 seconds.
  path: Assets/_Barking_Dog/_3D Scifi Base Vol 1/Textures/Intro.png
  artifactKey: Guid(7dfbf1342881b428a88b2b73408bf481) Importer(2089858483,b0f066a214c2f5e87bad3c948f4d605d)
Start importing Assets/_Barking_Dog/_3D Scifi Base Vol 1/Textures/Intro.png using Guid(7dfbf1342881b428a88b2b73408bf481) Importer(2089858483,b0f066a214c2f5e87bad3c948f4d605d) (ScriptedImporter) -> (artifact id: 'e9de40783c08406694b94e3ea87ed702') in 0.0099676 seconds
Number of updated asset objects reloaded before import = 0Number of asset objects unloaded after import = 1

========================================================================
Received Import Request.
  Time since last request: 0.000030 seconds.
  path: Assets/_Barking_Dog/_3D Scifi Base Vol 1/Textures/Ring02.mat
  artifactKey: Guid(4d919afc6c51449878fa61011ecde745) Importer(2089858483,b0f066a214c2f5e87bad3c948f4d605d)
Start importing Assets/_Barking_Dog/_3D Scifi Base Vol 1/Textures/Ring02.mat using Guid(4d919afc6c51449878fa61011ecde745) Importer(2089858483,b0f066a214c2f5e87bad3c948f4d605d) (ScriptedImporter) -> (artifact id: '48f4b5ce2d134a4391b5299b13bfbe34') in 0.0214585 seconds
Number of updated asset objects reloaded before import = 0Number of asset objects unloaded after import = 2

========================================================================
Received Import Request.
  Time since last request: 0.000038 seconds.
  path: Assets/_Barking_Dog/_3D Scifi Base Vol 1/Textures/Planet_01.mat
  artifactKey: Guid(64b1892604afd4ca8891b4939cbbc48f) Importer(2089858483,b0f066a214c2f5e87bad3c948f4d605d)
Start importing Assets/_Barking_Dog/_3D Scifi Base Vol 1/Textures/Planet_01.mat using Guid(64b1892604afd4ca8891b4939cbbc48f) Importer(2089858483,b0f066a214c2f5e87bad3c948f4d605d) (ScriptedImporter) -> (artifact id: 'fbfbf79132b73ac549453336e841c49f') in 0.0246795 seconds
Number of updated asset objects reloaded before import = 0Number of asset objects unloaded after import = 2

========================================================================
Received Import Request.
  Time since last request: 0.000044 seconds.
  path: Assets/_Barking_Dog/_3D Scifi Base Vol 1/Textures/Intro.mat
  artifactKey: Guid(597f4b45f67f64b16926d805e6ecf5f8) Importer(2089858483,b0f066a214c2f5e87bad3c948f4d605d)
Start importing Assets/_Barking_Dog/_3D Scifi Base Vol 1/Textures/Intro.mat using Guid(597f4b45f67f64b16926d805e6ecf5f8) Importer(2089858483,b0f066a214c2f5e87bad3c948f4d605d) (ScriptedImporter) -> (artifact id: '8e8c480aee295939fb19af1f7aff2107') in 0.006865 seconds
Number of updated asset objects reloaded before import = 0Number of asset objects unloaded after import = 2

========================================================================
Received Import Request.
  Time since last request: 0.000030 seconds.
  path: Assets/_Barking_Dog/_3D Scifi Base Vol 1/Textures/ForceField_01.png
  artifactKey: Guid(880451996ac944144a9594550d10d6cf) Importer(2089858483,b0f066a214c2f5e87bad3c948f4d605d)
Start importing Assets/_Barking_Dog/_3D Scifi Base Vol 1/Textures/ForceField_01.png using Guid(880451996ac944144a9594550d10d6cf) Importer(2089858483,b0f066a214c2f5e87bad3c948f4d605d) (ScriptedImporter) -> (artifact id: 'b47f964d295126c6c252da517aaf03ee') in 0.0199976 seconds
Number of updated asset objects reloaded before import = 0Number of asset objects unloaded after import = 1

========================================================================
Received Import Request.
  Time since last request: 0.000030 seconds.
  path: Assets/_Barking_Dog/_3D Scifi Base Vol 1/Textures/Planet_01.png
  artifactKey: Guid(750f460d3eb4843e7a625acbf2da3877) Importer(2089858483,b0f066a214c2f5e87bad3c948f4d605d)
Start importing Assets/_Barking_Dog/_3D Scifi Base Vol 1/Textures/Planet_01.png using Guid(750f460d3eb4843e7a625acbf2da3877) Importer(2089858483,b0f066a214c2f5e87bad3c948f4d605d) (ScriptedImporter) -> (artifact id: '7764b96cbba2c29784fab19d07a2f494') in 0.0130639 seconds
Number of updated asset objects reloaded before import = 0Number of asset objects unloaded after import = 1

========================================================================
Received Import Request.
  Time since last request: 0.000035 seconds.
  path: Assets/_Barking_Dog/_3D Scifi Base Vol 1/Textures/ForceField_02.png
  artifactKey: Guid(9b69f733e3f4b4c52bd97572359abbb2) Importer(2089858483,b0f066a214c2f5e87bad3c948f4d605d)
Start importing Assets/_Barking_Dog/_3D Scifi Base Vol 1/Textures/ForceField_02.png using Guid(9b69f733e3f4b4c52bd97572359abbb2) Importer(2089858483,b0f066a214c2f5e87bad3c948f4d605d) (ScriptedImporter) -> (artifact id: '9529509d7c6a06b5c7a4fe16dc8d1c9e') in 0.0112081 seconds
Number of updated asset objects reloaded before import = 0Number of asset objects unloaded after import = 1

========================================================================
Received Import Request.
  Time since last request: 0.000046 seconds.
  path: Assets/_Barking_Dog/_3D Scifi Base Vol 1/Textures/Screen_03.mat
  artifactKey: Guid(6cb25da74286d48b8b7304baee790efd) Importer(2089858483,b0f066a214c2f5e87bad3c948f4d605d)
Start importing Assets/_Barking_Dog/_3D Scifi Base Vol 1/Textures/Screen_03.mat using Guid(6cb25da74286d48b8b7304baee790efd) Importer(2089858483,b0f066a214c2f5e87bad3c948f4d605d) (ScriptedImporter) -> (artifact id: '4f04d11f6fb6b5973d8d8925500bacd5') in 0.0407957 seconds
Number of updated asset objects reloaded before import = 0Number of asset objects unloaded after import = 2

========================================================================
Received Import Request.
  Time since last request: 0.000043 seconds.
  path: Assets/_Barking_Dog/_3D Scifi Base Vol 1/Textures/Screen_03_Blend.mat
  artifactKey: Guid(0f52007b7d45849cfaa8392a2c32d5b1) Importer(2089858483,b0f066a214c2f5e87bad3c948f4d605d)
Start importing Assets/_Barking_Dog/_3D Scifi Base Vol 1/Textures/Screen_03_Blend.mat using Guid(0f52007b7d45849cfaa8392a2c32d5b1) Importer(2089858483,b0f066a214c2f5e87bad3c948f4d605d) (ScriptedImporter) -> (artifact id: 'c2c1d76f648bc5794afc91402fe94bba') in 0.0077108 seconds
Number of updated asset objects reloaded before import = 0Number of asset objects unloaded after import = 2

========================================================================
Received Import Request.
  Time since last request: 0.000041 seconds.
  path: Assets/_Barking_Dog/_3D Scifi Base Vol 1/Textures/Screen_01_Blend.mat
  artifactKey: Guid(30a29e5b09f9d479ea0f7a1eeac3f257) Importer(2089858483,b0f066a214c2f5e87bad3c948f4d605d)
Start importing Assets/_Barking_Dog/_3D Scifi Base Vol 1/Textures/Screen_01_Blend.mat using Guid(30a29e5b09f9d479ea0f7a1eeac3f257) Importer(2089858483,b0f066a214c2f5e87bad3c948f4d605d) (ScriptedImporter) -> (artifact id: '40dbb49ed8da57c7219144beec7118c9') in 0.0154019 seconds
Number of updated asset objects reloaded before import = 0Number of asset objects unloaded after import = 2

========================================================================
Received Import Request.
  Time since last request: 0.000060 seconds.
  path: Assets/_Barking_Dog/_3D Scifi Base Vol 1/Textures/Screen_02_Blend.mat
  artifactKey: Guid(589c661d952674adfb7c62b3e5eda8eb) Importer(2089858483,b0f066a214c2f5e87bad3c948f4d605d)
Start importing Assets/_Barking_Dog/_3D Scifi Base Vol 1/Textures/Screen_02_Blend.mat using Guid(589c661d952674adfb7c62b3e5eda8eb) Importer(2089858483,b0f066a214c2f5e87bad3c948f4d605d) (ScriptedImporter) -> (artifact id: '59fd063c8069b559db264ce0c05e0c6b') in 0.0198255 seconds
Number of updated asset objects reloaded before import = 0Number of asset objects unloaded after import = 2

========================================================================
Received Import Request.
  Time since last request: 0.000054 seconds.
  path: Assets/_Barking_Dog/_3D Scifi Base Vol 1/Textures/Screen_03.png
  artifactKey: Guid(15f355a62a7e145efa4edbe8c96e5612) Importer(2089858483,b0f066a214c2f5e87bad3c948f4d605d)
Start importing Assets/_Barking_Dog/_3D Scifi Base Vol 1/Textures/Screen_03.png using Guid(15f355a62a7e145efa4edbe8c96e5612) Importer(2089858483,b0f066a214c2f5e87bad3c948f4d605d) (ScriptedImporter) -> (artifact id: 'aad8bec005dae1d7305ad581a1e43dc9') in 0.0141887 seconds
Number of updated asset objects reloaded before import = 0Number of asset objects unloaded after import = 1

========================================================================
Received Import Request.
  Time since last request: 0.000031 seconds.
  path: Assets/_Barking_Dog/_3D Scifi Base Vol 1/Textures/Screen_02.mat
  artifactKey: Guid(3434a38242ca941518d1d5e12972b4ee) Importer(2089858483,b0f066a214c2f5e87bad3c948f4d605d)
Start importing Assets/_Barking_Dog/_3D Scifi Base Vol 1/Textures/Screen_02.mat using Guid(3434a38242ca941518d1d5e12972b4ee) Importer(2089858483,b0f066a214c2f5e87bad3c948f4d605d) (ScriptedImporter) -> (artifact id: 'b03f3c076d57300a43272730d83c3dc9') in 0.0067194 seconds
Number of updated asset objects reloaded before import = 0Number of asset objects unloaded after import = 2

========================================================================
Received Import Request.
  Time since last request: 0.000031 seconds.
  path: Assets/_Barking_Dog/_3D Scifi Base Vol 1/Meshes/Scanner_01.FBX
  artifactKey: Guid(63f3706f578414cb49ff25a8434d3f75) Importer(2089858483,b0f066a214c2f5e87bad3c948f4d605d)
Start importing Assets/_Barking_Dog/_3D Scifi Base Vol 1/Meshes/Scanner_01.FBX using Guid(63f3706f578414cb49ff25a8434d3f75) Importer(2089858483,b0f066a214c2f5e87bad3c948f4d605d) (ScriptedImporter) -> (artifact id: '26f82e579afb027fd60da3a507811a47') in 0.0279255 seconds
Number of updated asset objects reloaded before import = 0Number of asset objects unloaded after import = 10

========================================================================
Received Import Request.
  Time since last request: 0.000038 seconds.
  path: Assets/_Barking_Dog/_3D Scifi Base Vol 1/Meshes/Wall_Window_01.FBX
  artifactKey: Guid(dde41c38b0fcb47bba6f6630044590bd) Importer(2089858483,b0f066a214c2f5e87bad3c948f4d605d)
Start importing Assets/_Barking_Dog/_3D Scifi Base Vol 1/Meshes/Wall_Window_01.FBX using Guid(dde41c38b0fcb47bba6f6630044590bd) Importer(2089858483,b0f066a214c2f5e87bad3c948f4d605d) (ScriptedImporter) -> (artifact id: '85c9e3a2fc7efcf8ee8e6c4d5eb11a9d') in 0.013396 seconds
Number of updated asset objects reloaded before import = 0Number of asset objects unloaded after import = 11

========================================================================
Received Import Request.
  Time since last request: 0.000046 seconds.
  path: Assets/EffectExamples/WeaponEffects/Prefabs/BulletImpactFleshBigEffect.prefab
  artifactKey: Guid(e5a3d6da48298a0458c1990f58c27069) Importer(2089858483,e11c23a36db5f54750b8cd40eac0985b)
Start importing Assets/EffectExamples/WeaponEffects/Prefabs/BulletImpactFleshBigEffect.prefab using Guid(e5a3d6da48298a0458c1990f58c27069) Importer(2089858483,e11c23a36db5f54750b8cd40eac0985b) (ScriptedImporter) -> (artifact id: '7e034bd15f43d90df1e139aed3adeae0') in 0.1464097 seconds
Number of updated asset objects reloaded before import = 0Number of asset objects unloaded after import = 24

========================================================================
Received Import Request.
  Time since last request: 0.000038 seconds.
  path: Assets/_Barking_Dog/_3D Scifi Base Vol 1/Textures/Wall_Atlas_01_Ao.png
  artifactKey: Guid(7c28de6447a614ce18317c1e56543833) Importer(2089858483,b0f066a214c2f5e87bad3c948f4d605d)
Start importing Assets/_Barking_Dog/_3D Scifi Base Vol 1/Textures/Wall_Atlas_01_Ao.png using Guid(7c28de6447a614ce18317c1e56543833) Importer(2089858483,b0f066a214c2f5e87bad3c948f4d605d) (ScriptedImporter) -> (artifact id: '74292f1c0788bf539a0f4611bb607d33') in 0.1085101 seconds
Number of updated asset objects reloaded before import = 0Number of asset objects unloaded after import = 1

========================================================================
Received Import Request.
  Time since last request: 0.000108 seconds.
  path: Assets/_Barking_Dog/_3D Scifi Base Vol 1/Textures/Smoke.png
  artifactKey: Guid(fc99c246b186b41e4939ccf939541305) Importer(2089858483,b0f066a214c2f5e87bad3c948f4d605d)
Start importing Assets/_Barking_Dog/_3D Scifi Base Vol 1/Textures/Smoke.png using Guid(fc99c246b186b41e4939ccf939541305) Importer(2089858483,b0f066a214c2f5e87bad3c948f4d605d) (ScriptedImporter) -> (artifact id: 'fe7324aaa9d2c7bb6e56c377d135ef2c') in 0.0462637 seconds
Number of updated asset objects reloaded before import = 0Number of asset objects unloaded after import = 1

========================================================================
Received Import Request.
  Time since last request: 0.000030 seconds.
  path: Assets/_Barking_Dog/_3D Scifi Base Vol 1/Textures/Screen_04.png
  artifactKey: Guid(d562fd99c40fe4684b2c0898af80c704) Importer(2089858483,b0f066a214c2f5e87bad3c948f4d605d)
Start importing Assets/_Barking_Dog/_3D Scifi Base Vol 1/Textures/Screen_04.png using Guid(d562fd99c40fe4684b2c0898af80c704) Importer(2089858483,b0f066a214c2f5e87bad3c948f4d605d) (ScriptedImporter) -> (artifact id: '4edadc00268b9413755579a57bb8cfc6') in 0.0275729 seconds
Number of updated asset objects reloaded before import = 0Number of asset objects unloaded after import = 1

========================================================================
Received Import Request.
  Time since last request: 0.000034 seconds.
  path: Assets/_Barking_Dog/_3D Scifi Base Vol 1/Textures/Screen_04_Blend.mat
  artifactKey: Guid(5a046ba2baef44c1483f3be970fad5ba) Importer(2089858483,b0f066a214c2f5e87bad3c948f4d605d)
Start importing Assets/_Barking_Dog/_3D Scifi Base Vol 1/Textures/Screen_04_Blend.mat using Guid(5a046ba2baef44c1483f3be970fad5ba) Importer(2089858483,b0f066a214c2f5e87bad3c948f4d605d) (ScriptedImporter) -> (artifact id: 'a491cbf745655d7b95da39db8add990f') in 0.0092221 seconds
Number of updated asset objects reloaded before import = 0Number of asset objects unloaded after import = 2

========================================================================
Received Import Request.
  Time since last request: 0.000053 seconds.
  path: Assets/_Barking_Dog/_3D Scifi Base Vol 1/Textures/Smoke.mat
  artifactKey: Guid(99e7cd036e4274b1591f5033e614c369) Importer(2089858483,b0f066a214c2f5e87bad3c948f4d605d)
Start importing Assets/_Barking_Dog/_3D Scifi Base Vol 1/Textures/Smoke.mat using Guid(99e7cd036e4274b1591f5033e614c369) Importer(2089858483,b0f066a214c2f5e87bad3c948f4d605d) (ScriptedImporter) -> (artifact id: 'a944f98fc32d9cc96a1ddceb168a3fe9') in 0.0099266 seconds
Number of updated asset objects reloaded before import = 0Number of asset objects unloaded after import = 2

========================================================================
Received Import Request.
  Time since last request: 0.000028 seconds.
  path: Assets/_Barking_Dog/_3D Scifi Base Vol 1/Textures/Wall_Atlas_01_Metal_02.tif
  artifactKey: Guid(c9aad34050af442e1be8c66d993cf261) Importer(2089858483,b0f066a214c2f5e87bad3c948f4d605d)
Start importing Assets/_Barking_Dog/_3D Scifi Base Vol 1/Textures/Wall_Atlas_01_Metal_02.tif using Guid(c9aad34050af442e1be8c66d993cf261) Importer(2089858483,b0f066a214c2f5e87bad3c948f4d605d) (ScriptedImporter) -> (artifact id: '6cbcdf39d09fb8877853760fb617798f') in 0.1790548 seconds
Number of updated asset objects reloaded before import = 0Number of asset objects unloaded after import = 1

========================================================================
Received Import Request.
  Time since last request: 0.000042 seconds.
  path: Assets/_Barking_Dog/_3D Scifi Base Vol 1/Textures/Screen_04.mat
  artifactKey: Guid(74a97ed4ace174514bb59c6e6fa8f89e) Importer(2089858483,b0f066a214c2f5e87bad3c948f4d605d)
Start importing Assets/_Barking_Dog/_3D Scifi Base Vol 1/Textures/Screen_04.mat using Guid(74a97ed4ace174514bb59c6e6fa8f89e) Importer(2089858483,b0f066a214c2f5e87bad3c948f4d605d) (ScriptedImporter) -> (artifact id: '685aca4406ddca9440be1dc2ade110d8') in 0.0105879 seconds
Number of updated asset objects reloaded before import = 0Number of asset objects unloaded after import = 2

========================================================================
Received Import Request.
  Time since last request: 0.000037 seconds.
  path: Assets/_Barking_Dog/_3D Scifi Base Vol 1/Textures/Wall_Atlas_01_Illum.png
  artifactKey: Guid(46bb27d443a6947b485dff4cc713a17a) Importer(2089858483,b0f066a214c2f5e87bad3c948f4d605d)
Start importing Assets/_Barking_Dog/_3D Scifi Base Vol 1/Textures/Wall_Atlas_01_Illum.png using Guid(46bb27d443a6947b485dff4cc713a17a) Importer(2089858483,b0f066a214c2f5e87bad3c948f4d605d) (ScriptedImporter) -> (artifact id: '94aaed4a83cb6b6d1f60b9340bf9c128') in 0.1057054 seconds
Number of updated asset objects reloaded before import = 0Number of asset objects unloaded after import = 1

========================================================================
Received Import Request.
  Time since last request: 0.000036 seconds.
  path: Assets/_Barking_Dog/_3D Scifi Base Vol 1/Textures/Wall_Atlas_01_Dif.png
  artifactKey: Guid(e561a60e4f3a24f18b4f96562cc09198) Importer(2089858483,b0f066a214c2f5e87bad3c948f4d605d)
Start importing Assets/_Barking_Dog/_3D Scifi Base Vol 1/Textures/Wall_Atlas_01_Dif.png using Guid(e561a60e4f3a24f18b4f96562cc09198) Importer(2089858483,b0f066a214c2f5e87bad3c948f4d605d) (ScriptedImporter) -> (artifact id: '4bd8f9d894028a4e7e5892b3c0a6fb77') in 0.093884 seconds
Number of updated asset objects reloaded before import = 0Number of asset objects unloaded after import = 1

========================================================================
Received Import Request.
  Time since last request: 0.000038 seconds.
  path: Assets/_Barking_Dog/_3D Scifi Base Vol 1/Textures/Wall_Atlas_02_Dif.png
  artifactKey: Guid(696a6b5edea8f4738992d8982d8195a3) Importer(2089858483,b0f066a214c2f5e87bad3c948f4d605d)
Start importing Assets/_Barking_Dog/_3D Scifi Base Vol 1/Textures/Wall_Atlas_02_Dif.png using Guid(696a6b5edea8f4738992d8982d8195a3) Importer(2089858483,b0f066a214c2f5e87bad3c948f4d605d) (ScriptedImporter) -> (artifact id: '89c08f07a0ed1f5376f7a47a4d3b5028') in 0.2344058 seconds
Number of updated asset objects reloaded before import = 0Number of asset objects unloaded after import = 1

========================================================================
Received Import Request.
  Time since last request: 0.000038 seconds.
  path: Assets/_Barking_Dog/_3D Scifi Base Vol 1/Textures/Skybox.mat
  artifactKey: Guid(a5a21c41e34774817b7a7fdf0d676534) Importer(2089858483,b0f066a214c2f5e87bad3c948f4d605d)
Start importing Assets/_Barking_Dog/_3D Scifi Base Vol 1/Textures/Skybox.mat using Guid(a5a21c41e34774817b7a7fdf0d676534) Importer(2089858483,b0f066a214c2f5e87bad3c948f4d605d) (ScriptedImporter) -> (artifact id: 'a270958fe71954983112127d17ca1f7c') in 0.0095939 seconds
Number of updated asset objects reloaded before import = 0Number of asset objects unloaded after import = 1

========================================================================
Received Import Request.
  Time since last request: 0.000039 seconds.
  path: Assets/_Barking_Dog/_3D Scifi Base Vol 1/Textures/Sparc_04.png
  artifactKey: Guid(02eae3ae00c314db0b55cea4c93b19e6) Importer(2089858483,b0f066a214c2f5e87bad3c948f4d605d)
Start importing Assets/_Barking_Dog/_3D Scifi Base Vol 1/Textures/Sparc_04.png using Guid(02eae3ae00c314db0b55cea4c93b19e6) Importer(2089858483,b0f066a214c2f5e87bad3c948f4d605d) (ScriptedImporter) -> (artifact id: '2f4dfbe29263363cf3fc099d741731ad') in 0.024594 seconds
Number of updated asset objects reloaded before import = 0Number of asset objects unloaded after import = 1

========================================================================
Received Import Request.
  Time since last request: 0.000028 seconds.
  path: Assets/_Barking_Dog/_3D Scifi Base Vol 1/Textures/Wall_Atlas_01_Norm_02.png
  artifactKey: Guid(a7868c86844444054af9ef496a30b99b) Importer(2089858483,b0f066a214c2f5e87bad3c948f4d605d)
Start importing Assets/_Barking_Dog/_3D Scifi Base Vol 1/Textures/Wall_Atlas_01_Norm_02.png using Guid(a7868c86844444054af9ef496a30b99b) Importer(2089858483,b0f066a214c2f5e87bad3c948f4d605d) (ScriptedImporter) -> (artifact id: 'f1fd0d034d950f807afc4977e0f3c772') in 0.2496369 seconds
Number of updated asset objects reloaded before import = 0Number of asset objects unloaded after import = 1

========================================================================
Received Import Request.
  Time since last request: 0.000032 seconds.
  path: Assets/_Barking_Dog/_3D Scifi Base Vol 1/Textures/Wall_Atlas_02_Norm_02.png
  artifactKey: Guid(6b0cb067c758848d1b8d7d70bc8b0510) Importer(2089858483,b0f066a214c2f5e87bad3c948f4d605d)
Start importing Assets/_Barking_Dog/_3D Scifi Base Vol 1/Textures/Wall_Atlas_02_Norm_02.png using Guid(6b0cb067c758848d1b8d7d70bc8b0510) Importer(2089858483,b0f066a214c2f5e87bad3c948f4d605d) (ScriptedImporter) -> (artifact id: '586febd3d51944e9c8318aa23c4491b0') in 0.1817017 seconds
Number of updated asset objects reloaded before import = 0Number of asset objects unloaded after import = 1

========================================================================
Received Import Request.
  Time since last request: 0.000035 seconds.
  path: Assets/_Barking_Dog/_3D Scifi Base Vol 1/Textures/Wall_Atlas_01_Norm.png
  artifactKey: Guid(91f8ed51312dd458eaa19e27b6e15c8d) Importer(2089858483,b0f066a214c2f5e87bad3c948f4d605d)
Start importing Assets/_Barking_Dog/_3D Scifi Base Vol 1/Textures/Wall_Atlas_01_Norm.png using Guid(91f8ed51312dd458eaa19e27b6e15c8d) Importer(2089858483,b0f066a214c2f5e87bad3c948f4d605d) (ScriptedImporter) -> (artifact id: '8d54d7c6a1e001984ef47214c1d42cf8') in 0.2432249 seconds
Number of updated asset objects reloaded before import = 0Number of asset objects unloaded after import = 1

========================================================================
Received Import Request.
  Time since last request: 0.000027 seconds.
  path: Assets/_Barking_Dog/_3D Scifi Base Vol 1/Textures/Wall_Atlas_02_Metal.tif
  artifactKey: Guid(8521f523b578b40b6b6affa940a66893) Importer(2089858483,b0f066a214c2f5e87bad3c948f4d605d)
Start importing Assets/_Barking_Dog/_3D Scifi Base Vol 1/Textures/Wall_Atlas_02_Metal.tif using Guid(8521f523b578b40b6b6affa940a66893) Importer(2089858483,b0f066a214c2f5e87bad3c948f4d605d) (ScriptedImporter) -> (artifact id: 'b6a595d417a5616af06c2c483d6b4d1f') in 0.2651234 seconds
Number of updated asset objects reloaded before import = 0Number of asset objects unloaded after import = 1

========================================================================
Received Import Request.
  Time since last request: 0.000034 seconds.
  path: Assets/_Barking_Dog/_3D Scifi Base Vol 1/Textures/Wall_Atlas_03_Dif.png
  artifactKey: Guid(7595de1fb48414c11b8d0236505a4d33) Importer(2089858483,b0f066a214c2f5e87bad3c948f4d605d)
Start importing Assets/_Barking_Dog/_3D Scifi Base Vol 1/Textures/Wall_Atlas_03_Dif.png using Guid(7595de1fb48414c11b8d0236505a4d33) Importer(2089858483,b0f066a214c2f5e87bad3c948f4d605d) (ScriptedImporter) -> (artifact id: 'c4571a4cdfcab1c9918b7305765c38c0') in 0.1195401 seconds
Number of updated asset objects reloaded before import = 0Number of asset objects unloaded after import = 1

========================================================================
Received Import Request.
  Time since last request: 0.000029 seconds.
  path: Assets/_Barking_Dog/_3D Scifi Base Vol 1/Textures/Wall_Atlas_03_Illum.png
  artifactKey: Guid(c3201c4f3faf54b66887f7a888e0f3fa) Importer(2089858483,b0f066a214c2f5e87bad3c948f4d605d)
Start importing Assets/_Barking_Dog/_3D Scifi Base Vol 1/Textures/Wall_Atlas_03_Illum.png using Guid(c3201c4f3faf54b66887f7a888e0f3fa) Importer(2089858483,b0f066a214c2f5e87bad3c948f4d605d) (ScriptedImporter) -> (artifact id: '5df49621091d278c399467194df350a2') in 0.1990123 seconds
Number of updated asset objects reloaded before import = 0Number of asset objects unloaded after import = 1

========================================================================
Received Import Request.
  Time since last request: 0.000043 seconds.
  path: Assets/_Barking_Dog/_3D Scifi Base Vol 1/Textures/Wall_Atlas_03_Norm_02.png
  artifactKey: Guid(bf946393576be407f9cb860565bc3476) Importer(2089858483,b0f066a214c2f5e87bad3c948f4d605d)
Start importing Assets/_Barking_Dog/_3D Scifi Base Vol 1/Textures/Wall_Atlas_03_Norm_02.png using Guid(bf946393576be407f9cb860565bc3476) Importer(2089858483,b0f066a214c2f5e87bad3c948f4d605d) (ScriptedImporter) -> (artifact id: 'f7d5f612441881b1e6f5e2eaf8376666') in 0.1926775 seconds
Number of updated asset objects reloaded before import = 0Number of asset objects unloaded after import = 1

========================================================================
Received Import Request.
  Time since last request: 0.000080 seconds.
  path: Assets/_Barking_Dog/_3D Scifi Base Vol 1/Textures/Wall_Atlas_03_Norm.png
  artifactKey: Guid(a00e8066480c04b1cbbd633c7adafcb6) Importer(2089858483,b0f066a214c2f5e87bad3c948f4d605d)
Start importing Assets/_Barking_Dog/_3D Scifi Base Vol 1/Textures/Wall_Atlas_03_Norm.png using Guid(a00e8066480c04b1cbbd633c7adafcb6) Importer(2089858483,b0f066a214c2f5e87bad3c948f4d605d) (ScriptedImporter) -> (artifact id: '49aaf91b67343b8b033fd87e3573d1fe') in 0.1999342 seconds
Number of updated asset objects reloaded before import = 0Number of asset objects unloaded after import = 1

========================================================================
Received Import Request.
  Time since last request: 0.000051 seconds.
  path: Assets/_Barking_Dog/_3D Scifi Base Vol 1/Shader/ForceField.shader
  artifactKey: Guid(9e474fe5d1def4455b7d5a4ed28a54eb) Importer(2089858483,b0f066a214c2f5e87bad3c948f4d605d)
Start importing Assets/_Barking_Dog/_3D Scifi Base Vol 1/Shader/ForceField.shader using Guid(9e474fe5d1def4455b7d5a4ed28a54eb) Importer(2089858483,b0f066a214c2f5e87bad3c948f4d605d) (ScriptedImporter) -> (artifact id: '34c9562e3495dda013753a003a7c118a') in 0.0289386 seconds
Number of updated asset objects reloaded before import = 0Number of asset objects unloaded after import = 1

========================================================================
Received Import Request.
  Time since last request: 0.000046 seconds.
  path: Assets/EffectExamples/WeaponEffects/Textures/TinyStonesNormalsSheet.tif
  artifactKey: Guid(a00b2df6dc199854ba60af0c001a51b2) Importer(2089858483,b0f066a214c2f5e87bad3c948f4d605d)
Start importing Assets/EffectExamples/WeaponEffects/Textures/TinyStonesNormalsSheet.tif using Guid(a00b2df6dc199854ba60af0c001a51b2) Importer(2089858483,b0f066a214c2f5e87bad3c948f4d605d) (ScriptedImporter) -> (artifact id: 'fbc7e51832275347e84b362554791fe1') in 0.0110897 seconds
Number of updated asset objects reloaded before import = 0Number of asset objects unloaded after import = 1

========================================================================
Received Import Request.
  Time since last request: 0.000055 seconds.
  path: Assets/_Barking_Dog/_3D Scifi Base Vol 1/Textures/Wall_Atlas_04_Metal.tif
  artifactKey: Guid(bfb6d67acc6084c8a89a9de758773a96) Importer(2089858483,b0f066a214c2f5e87bad3c948f4d605d)
Start importing Assets/_Barking_Dog/_3D Scifi Base Vol 1/Textures/Wall_Atlas_04_Metal.tif using Guid(bfb6d67acc6084c8a89a9de758773a96) Importer(2089858483,b0f066a214c2f5e87bad3c948f4d605d) (ScriptedImporter) -> (artifact id: 'b9b1493d4955f06debf7213190032238') in 0.2412645 seconds
Number of updated asset objects reloaded before import = 0Number of asset objects unloaded after import = 1

========================================================================
Received Import Request.
  Time since last request: 0.000032 seconds.
  path: Assets/_Barking_Dog/_3D Scifi Base Vol 1/Textures/Wall_Atlas_05_Ao.png
  artifactKey: Guid(b6764907fe96c40b6a69e505b3f0a0ae) Importer(2089858483,b0f066a214c2f5e87bad3c948f4d605d)
Start importing Assets/_Barking_Dog/_3D Scifi Base Vol 1/Textures/Wall_Atlas_05_Ao.png using Guid(b6764907fe96c40b6a69e505b3f0a0ae) Importer(2089858483,b0f066a214c2f5e87bad3c948f4d605d) (ScriptedImporter) -> (artifact id: 'ed2aecfee7c07431b53fbebf029da2ce') in 0.1212988 seconds
Number of updated asset objects reloaded before import = 0Number of asset objects unloaded after import = 1

========================================================================
Received Import Request.
  Time since last request: 0.000048 seconds.
  path: Assets/_Barking_Dog/_3D Scifi Base Vol 1/Splat/Grass_02.png
  artifactKey: Guid(f49bc021daa99c444a53f9bdd4f29a70) Importer(2089858483,b0f066a214c2f5e87bad3c948f4d605d)
Start importing Assets/_Barking_Dog/_3D Scifi Base Vol 1/Splat/Grass_02.png using Guid(f49bc021daa99c444a53f9bdd4f29a70) Importer(2089858483,b0f066a214c2f5e87bad3c948f4d605d) (ScriptedImporter) -> (artifact id: 'ca8bcfd5bfe12e183b57482b76593a58') in 0.0098463 seconds
Number of updated asset objects reloaded before import = 0Number of asset objects unloaded after import = 1

========================================================================
Received Import Request.
  Time since last request: 0.000056 seconds.
  path: Assets/_Barking_Dog/_3D Scifi Base Vol 1/Textures/Wall_Atlas_02_Metal_02.tif
  artifactKey: Guid(58f9e59e5cc844c89abfada51b56e402) Importer(2089858483,b0f066a214c2f5e87bad3c948f4d605d)
Start importing Assets/_Barking_Dog/_3D Scifi Base Vol 1/Textures/Wall_Atlas_02_Metal_02.tif using Guid(58f9e59e5cc844c89abfada51b56e402) Importer(2089858483,b0f066a214c2f5e87bad3c948f4d605d) (ScriptedImporter) -> (artifact id: 'e456ae53c70aaa4e1089cecc9d27cc19') in 0.2447259 seconds
Number of updated asset objects reloaded before import = 0Number of asset objects unloaded after import = 1

========================================================================
Received Import Request.
  Time since last request: 0.000069 seconds.
  path: Assets/_Barking_Dog/_3D Scifi Base Vol 1/Textures/Wall_Atlas_05_Norm.png
  artifactKey: Guid(ef5190f5407324d2cb4fc69b1cc0e815) Importer(2089858483,b0f066a214c2f5e87bad3c948f4d605d)
Start importing Assets/_Barking_Dog/_3D Scifi Base Vol 1/Textures/Wall_Atlas_05_Norm.png using Guid(ef5190f5407324d2cb4fc69b1cc0e815) Importer(2089858483,b0f066a214c2f5e87bad3c948f4d605d) (ScriptedImporter) -> (artifact id: '73ff4cff38984aaedf878ffe4a229e58') in 0.1969125 seconds
Number of updated asset objects reloaded before import = 0Number of asset objects unloaded after import = 1

========================================================================
Received Import Request.
  Time since last request: 0.000035 seconds.
  path: Assets/_Barking_Dog/_3D Scifi Base Vol 1/Meshes/Pipe_End_02.FBX
  artifactKey: Guid(6b99a8dc3fcb84c3fa2567aff80e0d3a) Importer(2089858483,b0f066a214c2f5e87bad3c948f4d605d)
Start importing Assets/_Barking_Dog/_3D Scifi Base Vol 1/Meshes/Pipe_End_02.FBX using Guid(6b99a8dc3fcb84c3fa2567aff80e0d3a) Importer(2089858483,b0f066a214c2f5e87bad3c948f4d605d) (ScriptedImporter) -> (artifact id: 'cf56820b1636c3f6eb6b3100fa07f1ff') in 0.0159329 seconds
Number of updated asset objects reloaded before import = 0Number of asset objects unloaded after import = 8

========================================================================
Received Import Request.
  Time since last request: 0.000041 seconds.
  path: Assets/_Barking_Dog/_3D Scifi Base Vol 1/Textures/Bubble_A.png
  artifactKey: Guid(4982197b2b6e4464c9e1ac14131abd5b) Importer(2089858483,b0f066a214c2f5e87bad3c948f4d605d)
Start importing Assets/_Barking_Dog/_3D Scifi Base Vol 1/Textures/Bubble_A.png using Guid(4982197b2b6e4464c9e1ac14131abd5b) Importer(2089858483,b0f066a214c2f5e87bad3c948f4d605d) (ScriptedImporter) -> (artifact id: '4751c7a86a441d566d1c523ddecfa7f7') in 0.0162892 seconds
Number of updated asset objects reloaded before import = 0Number of asset objects unloaded after import = 1

========================================================================
Received Import Request.
  Time since last request: 0.000028 seconds.
  path: Assets/_Barking_Dog/_3D Scifi Base Vol 1/Textures/Wall_Atlas_06_Illum.png
  artifactKey: Guid(7984d8381c9b640899aa8cc95cf761e2) Importer(2089858483,b0f066a214c2f5e87bad3c948f4d605d)
Start importing Assets/_Barking_Dog/_3D Scifi Base Vol 1/Textures/Wall_Atlas_06_Illum.png using Guid(7984d8381c9b640899aa8cc95cf761e2) Importer(2089858483,b0f066a214c2f5e87bad3c948f4d605d) (ScriptedImporter) -> (artifact id: 'b6248a972b821de4cbe99fc55dbee233') in 0.3313362 seconds
Number of updated asset objects reloaded before import = 0Number of asset objects unloaded after import = 1

========================================================================
Received Import Request.
  Time since last request: 0.000038 seconds.
  path: Assets/_Barking_Dog/_3D Scifi Base Vol 1/Textures/Wall_Atlas_06_Metal.tif
  artifactKey: Guid(da570d0c368a4417c84e293ed188f158) Importer(2089858483,b0f066a214c2f5e87bad3c948f4d605d)
Start importing Assets/_Barking_Dog/_3D Scifi Base Vol 1/Textures/Wall_Atlas_06_Metal.tif using Guid(da570d0c368a4417c84e293ed188f158) Importer(2089858483,b0f066a214c2f5e87bad3c948f4d605d) (ScriptedImporter) -> (artifact id: '8986193014a184ac90c561a8dda8b877') in 0.3037768 seconds
Number of updated asset objects reloaded before import = 0Number of asset objects unloaded after import = 1

========================================================================
Received Import Request.
  Time since last request: 0.000070 seconds.
  path: Assets/_Barking_Dog/_3D Scifi Base Vol 1/Textures/Wall_Atlas_07_Dif.png
  artifactKey: Guid(f1ad2f9dc3d4642d58fe19feee252256) Importer(2089858483,b0f066a214c2f5e87bad3c948f4d605d)
Start importing Assets/_Barking_Dog/_3D Scifi Base Vol 1/Textures/Wall_Atlas_07_Dif.png using Guid(f1ad2f9dc3d4642d58fe19feee252256) Importer(2089858483,b0f066a214c2f5e87bad3c948f4d605d) (ScriptedImporter) -> (artifact id: '3c6a02af3cc1206d6a9ab006fe176caf') in 0.1805691 seconds
Number of updated asset objects reloaded before import = 0Number of asset objects unloaded after import = 1

========================================================================
Received Import Request.
  Time since last request: 0.000033 seconds.
  path: Assets/EffectExamples/Blood/Materials/BloodSplatParticle.mat
  artifactKey: Guid(3ea2e59d181ffce4e97d5d1d07a22c05) Importer(2089858483,b0f066a214c2f5e87bad3c948f4d605d)
Start importing Assets/EffectExamples/Blood/Materials/BloodSplatParticle.mat using Guid(3ea2e59d181ffce4e97d5d1d07a22c05) Importer(2089858483,b0f066a214c2f5e87bad3c948f4d605d) (ScriptedImporter) -> (artifact id: '297a2e0c51d63d4d4335fe63eae75a7a') in 0.0072431 seconds
Number of updated asset objects reloaded before import = 0Number of asset objects unloaded after import = 3

========================================================================
Received Import Request.
  Time since last request: 0.000052 seconds.
  path: Assets/EffectExamples/Shared/Scripts/GunShoot.cs
  artifactKey: Guid(422d8644426474cfd8b793ce3c107314) Importer(2089858483,b0f066a214c2f5e87bad3c948f4d605d)
Start importing Assets/EffectExamples/Shared/Scripts/GunShoot.cs using Guid(422d8644426474cfd8b793ce3c107314) Importer(2089858483,b0f066a214c2f5e87bad3c948f4d605d) (ScriptedImporter) -> (artifact id: '6e57ecf1800064e39b775af30dcd42f9') in 0.006007 seconds
Number of updated asset objects reloaded before import = 0Number of asset objects unloaded after import = 0

========================================================================
Received Import Request.
  Time since last request: 0.000041 seconds.
  path: Assets/EffectExamples/FireExplosionEffects/Materials/PlasmaExplosionParticle.mat
  artifactKey: Guid(7ff1ab0b724442843965e2dd0f02e969) Importer(2089858483,b0f066a214c2f5e87bad3c948f4d605d)
Start importing Assets/EffectExamples/FireExplosionEffects/Materials/PlasmaExplosionParticle.mat using Guid(7ff1ab0b724442843965e2dd0f02e969) Importer(2089858483,b0f066a214c2f5e87bad3c948f4d605d) (ScriptedImporter) -> (artifact id: '3eb59d7f3829436df51fbeb620038a50') in 0.0131152 seconds
Number of updated asset objects reloaded before import = 0Number of asset objects unloaded after import = 2

========================================================================
Received Import Request.
  Time since last request: 0.000034 seconds.
  path: Assets/_Barking_Dog/_3D Scifi Base Vol 1/Meshes/Solar_Panel_02.FBX
  artifactKey: Guid(f03c713092cb144a5a3b02d238545f17) Importer(2089858483,b0f066a214c2f5e87bad3c948f4d605d)
Start importing Assets/_Barking_Dog/_3D Scifi Base Vol 1/Meshes/Solar_Panel_02.FBX using Guid(f03c713092cb144a5a3b02d238545f17) Importer(2089858483,b0f066a214c2f5e87bad3c948f4d605d) (ScriptedImporter) -> (artifact id: '6b93756b6dd53dc28d112a7a36eabd83') in 0.0229051 seconds
Number of updated asset objects reloaded before import = 0Number of asset objects unloaded after import = 29

========================================================================
Received Import Request.
  Time since last request: 0.000030 seconds.
  path: Assets/_Barking_Dog/_3D Scifi Base Vol 1/Textures/Wall_Atlas_07_Illum.png
  artifactKey: Guid(2fa2f247eb16049f48417217e1f0cead) Importer(2089858483,b0f066a214c2f5e87bad3c948f4d605d)
Start importing Assets/_Barking_Dog/_3D Scifi Base Vol 1/Textures/Wall_Atlas_07_Illum.png using Guid(2fa2f247eb16049f48417217e1f0cead) Importer(2089858483,b0f066a214c2f5e87bad3c948f4d605d) (ScriptedImporter) -> (artifact id: '42d456cf64000af53875068d34b2e6d0') in 0.2858518 seconds
Number of updated asset objects reloaded before import = 0Number of asset objects unloaded after import = 1

========================================================================
Received Import Request.
  Time since last request: 0.000089 seconds.
  path: Assets/_Barking_Dog/_3D Scifi Base Vol 1/Textures/Wall_Atlas_08_Dif_02.png
  artifactKey: Guid(cd8f40e27a82f4670bbcca2cdbac5f37) Importer(2089858483,b0f066a214c2f5e87bad3c948f4d605d)
Start importing Assets/_Barking_Dog/_3D Scifi Base Vol 1/Textures/Wall_Atlas_08_Dif_02.png using Guid(cd8f40e27a82f4670bbcca2cdbac5f37) Importer(2089858483,b0f066a214c2f5e87bad3c948f4d605d) (ScriptedImporter) -> (artifact id: '3cc13c3408b6fd1b80d637036dcf704a') in 0.1015299 seconds
Number of updated asset objects reloaded before import = 0Number of asset objects unloaded after import = 1

========================================================================
Received Import Request.
  Time since last request: 0.000065 seconds.
  path: Assets/_Barking_Dog/_3D Scifi Base Vol 1/Textures/Wall_Atlas_07_Norm_02.png
  artifactKey: Guid(c60588a49b4c949d8ac0b5a317fca483) Importer(2089858483,b0f066a214c2f5e87bad3c948f4d605d)
Start importing Assets/_Barking_Dog/_3D Scifi Base Vol 1/Textures/Wall_Atlas_07_Norm_02.png using Guid(c60588a49b4c949d8ac0b5a317fca483) Importer(2089858483,b0f066a214c2f5e87bad3c948f4d605d) (ScriptedImporter) -> (artifact id: 'f424a8f2f690128bd7d5a03decd9202e') in 0.2399881 seconds
Number of updated asset objects reloaded before import = 0Number of asset objects unloaded after import = 1

========================================================================
Received Import Request.
  Time since last request: 0.000043 seconds.
  path: Assets/_Barking_Dog/_3D Scifi Base Vol 1/Textures/Wall_Atlas_08_Metal_02.tif
  artifactKey: Guid(1a478ae3692494fbd9e87601a42782ac) Importer(2089858483,b0f066a214c2f5e87bad3c948f4d605d)
Start importing Assets/_Barking_Dog/_3D Scifi Base Vol 1/Textures/Wall_Atlas_08_Metal_02.tif using Guid(1a478ae3692494fbd9e87601a42782ac) Importer(2089858483,b0f066a214c2f5e87bad3c948f4d605d) (ScriptedImporter) -> (artifact id: '1ec2661dafd025502f0c901a6f1b38e7') in 0.2676005 seconds
Number of updated asset objects reloaded before import = 0Number of asset objects unloaded after import = 1

========================================================================
Received Import Request.
  Time since last request: 0.000053 seconds.
  path: Assets/_Barking_Dog/_3D Scifi Base Vol 1/Textures/Wall_Atlas_07_Metal.tif
  artifactKey: Guid(5a2bc66a898f24f53ad931f313f01771) Importer(2089858483,b0f066a214c2f5e87bad3c948f4d605d)
Start importing Assets/_Barking_Dog/_3D Scifi Base Vol 1/Textures/Wall_Atlas_07_Metal.tif using Guid(5a2bc66a898f24f53ad931f313f01771) Importer(2089858483,b0f066a214c2f5e87bad3c948f4d605d) (ScriptedImporter) -> (artifact id: '1ff78ab251f46b033d38d8c90e0f4e61') in 0.2846288 seconds
Number of updated asset objects reloaded before import = 0Number of asset objects unloaded after import = 1

========================================================================
Received Import Request.
  Time since last request: 0.000034 seconds.
  path: Assets/_Barking_Dog/_3D Scifi Base Vol 1/Textures/Wall_Atlas_07_Metal_02.tif
  artifactKey: Guid(d33c8b64b2f8c4e62803bea427077c5a) Importer(2089858483,b0f066a214c2f5e87bad3c948f4d605d)
Start importing Assets/_Barking_Dog/_3D Scifi Base Vol 1/Textures/Wall_Atlas_07_Metal_02.tif using Guid(d33c8b64b2f8c4e62803bea427077c5a) Importer(2089858483,b0f066a214c2f5e87bad3c948f4d605d) (ScriptedImporter) -> (artifact id: '5ca27c523728fa00aa96bf8a1eb5bfa5') in 0.1723622 seconds
Number of updated asset objects reloaded before import = 0Number of asset objects unloaded after import = 1

========================================================================
Received Import Request.
  Time since last request: 0.000056 seconds.
  path: Assets/_Barking_Dog/_3D Scifi Base Vol 1/Meshes/Laser_Fence_03.FBX
  artifactKey: Guid(a5643339798f34480872476d7ad3c3d8) Importer(2089858483,b0f066a214c2f5e87bad3c948f4d605d)
Start importing Assets/_Barking_Dog/_3D Scifi Base Vol 1/Meshes/Laser_Fence_03.FBX using Guid(a5643339798f34480872476d7ad3c3d8) Importer(2089858483,b0f066a214c2f5e87bad3c948f4d605d) (ScriptedImporter) -> (artifact id: '0767951e6ff9557fb45649750090f5ba') in 0.0118863 seconds
Number of updated asset objects reloaded before import = 0Number of asset objects unloaded after import = 9

========================================================================
Received Import Request.
  Time since last request: 0.000032 seconds.
  path: Assets/_Barking_Dog/_3D Scifi Base Vol 1/Meshes/Roof_Cache_11.FBX
  artifactKey: Guid(67889dc543fc2424085631092e7b3c3e) Importer(2089858483,b0f066a214c2f5e87bad3c948f4d605d)
Start importing Assets/_Barking_Dog/_3D Scifi Base Vol 1/Meshes/Roof_Cache_11.FBX using Guid(67889dc543fc2424085631092e7b3c3e) Importer(2089858483,b0f066a214c2f5e87bad3c948f4d605d) (ScriptedImporter) -> (artifact id: '1a5d6cc78c2ac47021c06aac80cbf667') in 0.0159817 seconds
Number of updated asset objects reloaded before import = 0Number of asset objects unloaded after import = 8

========================================================================
Received Import Request.
  Time since last request: 0.000160 seconds.
  path: Assets/3D Asserts/Lizard man/Polygonmaker - Shader/Materials/Polygonmaker-Skin Defered.mat
  artifactKey: Guid(609dc1fa31e5bfc4ea8d618a1c8554be) Importer(2089858483,b0f066a214c2f5e87bad3c948f4d605d)
Start importing Assets/3D Asserts/Lizard man/Polygonmaker - Shader/Materials/Polygonmaker-Skin Defered.mat using Guid(609dc1fa31e5bfc4ea8d618a1c8554be) Importer(2089858483,b0f066a214c2f5e87bad3c948f4d605d) (ScriptedImporter) -> (artifact id: '8a3557589614e9cb7e9e95c283f4e5c2') in 0.0751742 seconds
Number of updated asset objects reloaded before import = 0Number of asset objects unloaded after import = 5

========================================================================
Received Import Request.
  Time since last request: 0.000037 seconds.
  path: Assets/3D Asserts/Lizard man/Polygonmaker - Shader/HDRP_2020.3.16f1/Shaders HDRP_2020.3.16f1.unitypackage
  artifactKey: Guid(fd65be92728e0f241b4de2b7d69b35d1) Importer(2089858483,b0f066a214c2f5e87bad3c948f4d605d)
Start importing Assets/3D Asserts/Lizard man/Polygonmaker - Shader/HDRP_2020.3.16f1/Shaders HDRP_2020.3.16f1.unitypackage using Guid(fd65be92728e0f241b4de2b7d69b35d1) Importer(2089858483,b0f066a214c2f5e87bad3c948f4d605d) (ScriptedImporter) -> (artifact id: 'a9e65deb8831106408e71e18b0b5abe0') in 0.0063923 seconds
Number of updated asset objects reloaded before import = 0Number of asset objects unloaded after import = 1

========================================================================
Received Import Request.
  Time since last request: 0.000070 seconds.
  path: Assets/3D Asserts/Lizard man/Polygonmaker - Shader/Materials/Polygonmaker-Glass.mat
  artifactKey: Guid(ddc21ccf0d79e0649a712ed736bf51b1) Importer(2089858483,b0f066a214c2f5e87bad3c948f4d605d)
Start importing Assets/3D Asserts/Lizard man/Polygonmaker - Shader/Materials/Polygonmaker-Glass.mat using Guid(ddc21ccf0d79e0649a712ed736bf51b1) Importer(2089858483,b0f066a214c2f5e87bad3c948f4d605d) (ScriptedImporter) -> (artifact id: 'df416952067ada2b5927acaabaf56573') in 0.612506 seconds
Number of updated asset objects reloaded before import = 0Number of asset objects unloaded after import = 6

========================================================================
Received Import Request.
  Time since last request: 0.000047 seconds.
  path: Assets/3D Asserts/Lizard man/Polygonmaker - Shader/Shaders/Polygonmaker-AS-BasicPBR_Cutout.shader
  artifactKey: Guid(bee9aa95508eca3429d6c571e5e8fad6) Importer(2089858483,b0f066a214c2f5e87bad3c948f4d605d)
Start importing Assets/3D Asserts/Lizard man/Polygonmaker - Shader/Shaders/Polygonmaker-AS-BasicPBR_Cutout.shader using Guid(bee9aa95508eca3429d6c571e5e8fad6) Importer(2089858483,b0f066a214c2f5e87bad3c948f4d605d) (ScriptedImporter) -> (artifact id: '084697c700b2ff1e6706d05f4c41b18b') in 0.0060474 seconds
Number of updated asset objects reloaded before import = 0Number of asset objects unloaded after import = 1

========================================================================
Received Import Request.
  Time since last request: 0.000051 seconds.
  path: Assets/3D Asserts/Lizard man/Polygonmaker - Shader/Shaders/Polygonmaker-AS-BasicPBR.shader
  artifactKey: Guid(901cb4d38cc5df3478328f726618464c) Importer(2089858483,b0f066a214c2f5e87bad3c948f4d605d)
Start importing Assets/3D Asserts/Lizard man/Polygonmaker - Shader/Shaders/Polygonmaker-AS-BasicPBR.shader using Guid(901cb4d38cc5df3478328f726618464c) Importer(2089858483,b0f066a214c2f5e87bad3c948f4d605d) (ScriptedImporter) -> (artifact id: '93a5d6ec5284670bf6466334c0f2bd76') in 0.0124108 seconds
Number of updated asset objects reloaded before import = 0Number of asset objects unloaded after import = 1

========================================================================
Received Import Request.
  Time since last request: 0.000041 seconds.
  path: Assets/3D Asserts/Lizard man/Polygonmaker - Shader/Materials/Polygonmaker-Toon.mat
  artifactKey: Guid(8306c821483e10a479f3990e086a7724) Importer(2089858483,b0f066a214c2f5e87bad3c948f4d605d)
Start importing Assets/3D Asserts/Lizard man/Polygonmaker - Shader/Materials/Polygonmaker-Toon.mat using Guid(8306c821483e10a479f3990e086a7724) Importer(2089858483,b0f066a214c2f5e87bad3c948f4d605d) (ScriptedImporter) -> (artifact id: 'f422226c88eedb7b22d9b68cbf3d42c9') in 0.3092147 seconds
Number of updated asset objects reloaded before import = 0Number of asset objects unloaded after import = 7

========================================================================
Received Import Request.
  Time since last request: 0.000046 seconds.
  path: Assets/3D Asserts/Lizard man/Polygonmaker - Shader/Source/GolemMesh Variant.prefab
  artifactKey: Guid(2f0a3a28c854d2140b1b3145c9f3182b) Importer(2089858483,e11c23a36db5f54750b8cd40eac0985b)
Start importing Assets/3D Asserts/Lizard man/Polygonmaker - Shader/Source/GolemMesh Variant.prefab using Guid(2f0a3a28c854d2140b1b3145c9f3182b) Importer(2089858483,e11c23a36db5f54750b8cd40eac0985b) (ScriptedImporter) -> (artifact id: '2aed07c938c93acb3d4c811fce358fac') in 0.0451691 seconds
Number of updated asset objects reloaded before import = 0Number of asset objects unloaded after import = 14

========================================================================
Received Import Request.
  Time since last request: 0.000050 seconds.
  path: Assets/3D Asserts/Lizard man/Polygonmaker - Shader/Shaders/Polygonmaker-AS-Toon.shader
  artifactKey: Guid(dfed721d1fa8f71438733b477135f9dc) Importer(2089858483,b0f066a214c2f5e87bad3c948f4d605d)
Start importing Assets/3D Asserts/Lizard man/Polygonmaker - Shader/Shaders/Polygonmaker-AS-Toon.shader using Guid(dfed721d1fa8f71438733b477135f9dc) Importer(2089858483,b0f066a214c2f5e87bad3c948f4d605d) (ScriptedImporter) -> (artifact id: '6ffebdf359b061a585671ec76da366bb') in 0.0065499 seconds
Number of updated asset objects reloaded before import = 0Number of asset objects unloaded after import = 1

========================================================================
Received Import Request.
  Time since last request: 0.000032 seconds.
  path: Assets/3D Asserts/Lizard man/Polygonmaker - Shader/Source/GolemMesh.FBX
  artifactKey: Guid(a486a2d256ae73741a152016cb5cda73) Importer(2089858483,b0f066a214c2f5e87bad3c948f4d605d)
Start importing Assets/3D Asserts/Lizard man/Polygonmaker - Shader/Source/GolemMesh.FBX using Guid(a486a2d256ae73741a152016cb5cda73) Importer(2089858483,b0f066a214c2f5e87bad3c948f4d605d) (ScriptedImporter) -> (artifact id: 'c97348d913aa5a8136ae7dd030b89e70') in 0.0140799 seconds
Number of updated asset objects reloaded before import = 0Number of asset objects unloaded after import = 8

========================================================================
Received Import Request.
  Time since last request: 0.000042 seconds.
  path: Assets/EffectExamples/WaterEffects/Materials/ImpactSplashParticle.mat
  artifactKey: Guid(90c3f5183cf0f9d488b3821973c75c93) Importer(2089858483,b0f066a214c2f5e87bad3c948f4d605d)
Start importing Assets/EffectExamples/WaterEffects/Materials/ImpactSplashParticle.mat using Guid(90c3f5183cf0f9d488b3821973c75c93) Importer(2089858483,b0f066a214c2f5e87bad3c948f4d605d) (ScriptedImporter) -> (artifact id: '4018a0d978487d255b10ebc22e870633') in 0.0067212 seconds
Number of updated asset objects reloaded before import = 0Number of asset objects unloaded after import = 2

========================================================================
Received Import Request.
  Time since last request: 0.000034 seconds.
  path: Assets/_Barking_Dog/_3D Scifi Base Vol 1/Textures/Wall_Atlas_04_Norm_02.png
  artifactKey: Guid(1996eaf55498b432db56bed7738880a6) Importer(2089858483,b0f066a214c2f5e87bad3c948f4d605d)
Start importing Assets/_Barking_Dog/_3D Scifi Base Vol 1/Textures/Wall_Atlas_04_Norm_02.png using Guid(1996eaf55498b432db56bed7738880a6) Importer(2089858483,b0f066a214c2f5e87bad3c948f4d605d) (ScriptedImporter) -> (artifact id: '28ebd3565e5d53953532a4eccf8c32fe') in 0.1782686 seconds
Number of updated asset objects reloaded before import = 0Number of asset objects unloaded after import = 1

========================================================================
Received Import Request.
  Time since last request: 0.000065 seconds.
  path: Assets/3D Asserts/Lizard man/Polygonmaker - Shader/Source/T_Golem-Crystal_D.tga
  artifactKey: Guid(24b68c8b8149f3744b9c26a1069dac89) Importer(2089858483,b0f066a214c2f5e87bad3c948f4d605d)
Start importing Assets/3D Asserts/Lizard man/Polygonmaker - Shader/Source/T_Golem-Crystal_D.tga using Guid(24b68c8b8149f3744b9c26a1069dac89) Importer(2089858483,b0f066a214c2f5e87bad3c948f4d605d) (ScriptedImporter) -> (artifact id: 'db5a85bc1dbf91d1a43b0dfe181a14c6') in 0.0148964 seconds
Number of updated asset objects reloaded before import = 0Number of asset objects unloaded after import = 1

========================================================================
Received Import Request.
  Time since last request: 0.000034 seconds.
  path: Assets/3D Asserts/Lizard man/Polygonmaker - Shader/Source/T_Golem-Crystal_Specular.tga
  artifactKey: Guid(385936638a3398a48ae3e40faa2fa999) Importer(2089858483,b0f066a214c2f5e87bad3c948f4d605d)
Start importing Assets/3D Asserts/Lizard man/Polygonmaker - Shader/Source/T_Golem-Crystal_Specular.tga using Guid(385936638a3398a48ae3e40faa2fa999) Importer(2089858483,b0f066a214c2f5e87bad3c948f4d605d) (ScriptedImporter) -> (artifact id: 'e92d6c7d53ac78d6557fba26b0abfe2e') in 0.0386783 seconds
Number of updated asset objects reloaded before import = 0Number of asset objects unloaded after import = 1

========================================================================
Received Import Request.
  Time since last request: 0.000037 seconds.
  path: Assets/3D Asserts/Lizard man/Polygonmaker - Shader/Textures/ToonLitGradient.tga
  artifactKey: Guid(c171e60cbc20ce241be9bacff3cdca86) Importer(2089858483,b0f066a214c2f5e87bad3c948f4d605d)
Start importing Assets/3D Asserts/Lizard man/Polygonmaker - Shader/Textures/ToonLitGradient.tga using Guid(c171e60cbc20ce241be9bacff3cdca86) Importer(2089858483,b0f066a214c2f5e87bad3c948f4d605d) (ScriptedImporter) -> (artifact id: '7411cc4197a21f8bab5ba321fd3d28d0') in 0.0213149 seconds
Number of updated asset objects reloaded before import = 0Number of asset objects unloaded after import = 1

========================================================================
Received Import Request.
  Time since last request: 0.000037 seconds.
  path: Assets/3D Asserts/Lizard man/Polygonmaker - Shader/Source/T_Golem-Crystal_mask.tga
  artifactKey: Guid(2250949c6bd941c48acc7e6303bb5198) Importer(2089858483,b0f066a214c2f5e87bad3c948f4d605d)
Start importing Assets/3D Asserts/Lizard man/Polygonmaker - Shader/Source/T_Golem-Crystal_mask.tga using Guid(2250949c6bd941c48acc7e6303bb5198) Importer(2089858483,b0f066a214c2f5e87bad3c948f4d605d) (ScriptedImporter) -> (artifact id: '44316ec7ad6c5f02b0b355656d89982e') in 0.0121734 seconds
Number of updated asset objects reloaded before import = 0Number of asset objects unloaded after import = 1

========================================================================
Received Import Request.
  Time since last request: 0.000044 seconds.
  path: Assets/3D Asserts/Lizard man/Polygonmaker - Shader/Textures/Default Gray(A).tga
  artifactKey: Guid(d340fcb74c944e046b0860161abc4821) Importer(2089858483,b0f066a214c2f5e87bad3c948f4d605d)
Start importing Assets/3D Asserts/Lizard man/Polygonmaker - Shader/Textures/Default Gray(A).tga using Guid(d340fcb74c944e046b0860161abc4821) Importer(2089858483,b0f066a214c2f5e87bad3c948f4d605d) (ScriptedImporter) -> (artifact id: '7062b78e415c9a5ff4dea45267a14d81') in 0.0209404 seconds
Number of updated asset objects reloaded before import = 0Number of asset objects unloaded after import = 1

========================================================================
Received Import Request.
  Time since last request: 0.000035 seconds.
  path: Assets/EffectExamples/Shared/Materials/MetalSurface.mat
  artifactKey: Guid(4f477167fc0be5e4dab9a125b37c42ad) Importer(2089858483,b0f066a214c2f5e87bad3c948f4d605d)
Start importing Assets/EffectExamples/Shared/Materials/MetalSurface.mat using Guid(4f477167fc0be5e4dab9a125b37c42ad) Importer(2089858483,b0f066a214c2f5e87bad3c948f4d605d) (ScriptedImporter) -> (artifact id: '72267c791865321bdebdc250f1f02394') in 0.0056284 seconds
Number of updated asset objects reloaded before import = 0Number of asset objects unloaded after import = 1

========================================================================
Received Import Request.
  Time since last request: 0.000049 seconds.
  path: Assets/3D Asserts/Sci Fi Gun Light/Materials/SciFiGunLight/SciFiGunLight_Black.mat
  artifactKey: Guid(a501bb00c34251540a7cffaba4f07182) Importer(2089858483,b0f066a214c2f5e87bad3c948f4d605d)
Start importing Assets/3D Asserts/Sci Fi Gun Light/Materials/SciFiGunLight/SciFiGunLight_Black.mat using Guid(a501bb00c34251540a7cffaba4f07182) Importer(2089858483,b0f066a214c2f5e87bad3c948f4d605d) (ScriptedImporter) -> (artifact id: '0087ba691cdb905a9457fcbde81ee0d8') in 0.3193626 seconds
Number of updated asset objects reloaded before import = 0Number of asset objects unloaded after import = 5

========================================================================
Received Import Request.
  Time since last request: 0.000068 seconds.
  path: Assets/3D Asserts/Sci Fi Gun Light/Prefabs/SciFiGunLight/SciFiGunLight_White.prefab
  artifactKey: Guid(a1db201987255e14ebc8e3c4476a247f) Importer(2089858483,e11c23a36db5f54750b8cd40eac0985b)
Start importing Assets/3D Asserts/Sci Fi Gun Light/Prefabs/SciFiGunLight/SciFiGunLight_White.prefab using Guid(a1db201987255e14ebc8e3c4476a247f) Importer(2089858483,e11c23a36db5f54750b8cd40eac0985b) (ScriptedImporter) -> (artifact id: 'f01da059a9b5e81fd42e85e44a9212af') in 0.0498816 seconds
Number of updated asset objects reloaded before import = 0Number of asset objects unloaded after import = 8

========================================================================
Received Import Request.
  Time since last request: 0.000038 seconds.
  path: Assets/3D Asserts/Sci Fi Gun Light/Materials/SciFiGunLight/SciFiGunLight_White.mat
  artifactKey: Guid(f59d38d7fdabd3048a6eec44cfa5365f) Importer(2089858483,b0f066a214c2f5e87bad3c948f4d605d)
Start importing Assets/3D Asserts/Sci Fi Gun Light/Materials/SciFiGunLight/SciFiGunLight_White.mat using Guid(f59d38d7fdabd3048a6eec44cfa5365f) Importer(2089858483,b0f066a214c2f5e87bad3c948f4d605d) (ScriptedImporter) -> (artifact id: 'ad2b14b944532d6653c8e2aade17a6d3') in 0.2190831 seconds
Number of updated asset objects reloaded before import = 0Number of asset objects unloaded after import = 5

========================================================================
Received Import Request.
  Time since last request: 0.000042 seconds.
  path: Assets/3D Asserts/Sci Fi Gun Light/Prefabs/SciFiGunLight/target.png
  artifactKey: Guid(c8ef18ca312da314aa0c44e43935b384) Importer(2089858483,b0f066a214c2f5e87bad3c948f4d605d)
Start importing Assets/3D Asserts/Sci Fi Gun Light/Prefabs/SciFiGunLight/target.png using Guid(c8ef18ca312da314aa0c44e43935b384) Importer(2089858483,b0f066a214c2f5e87bad3c948f4d605d) (ScriptedImporter) -> (artifact id: '547114416c431b2501ddddb9330bec38') in 0.017247 seconds
Number of updated asset objects reloaded before import = 0Number of asset objects unloaded after import = 3

========================================================================
Received Import Request.
  Time since last request: 0.000454 seconds.
  path: Assets/EffectExamples/Shared/Animation/Animations/GunIdle.anim
  artifactKey: Guid(1a8355c50c57ad748b5180c061c4f676) Importer(2089858483,b0f066a214c2f5e87bad3c948f4d605d)
Start importing Assets/EffectExamples/Shared/Animation/Animations/GunIdle.anim using Guid(1a8355c50c57ad748b5180c061c4f676) Importer(2089858483,b0f066a214c2f5e87bad3c948f4d605d) (ScriptedImporter) -> (artifact id: '6b2031ea203f67c2d1ed5665dac73aa7') in 0.014645 seconds
Number of updated asset objects reloaded before import = 0Number of asset objects unloaded after import = 1

========================================================================
Received Import Request.
  Time since last request: 0.000049 seconds.
  path: Assets/3D Asserts/Sci Fi Gun Light/Textures/ColorVar/SciFiGunLight_Normal.png
  artifactKey: Guid(ccc8c4c4e95fdcc4c9ae6aae9295360f) Importer(2089858483,b0f066a214c2f5e87bad3c948f4d605d)
Start importing Assets/3D Asserts/Sci Fi Gun Light/Textures/ColorVar/SciFiGunLight_Normal.png using Guid(ccc8c4c4e95fdcc4c9ae6aae9295360f) Importer(2089858483,b0f066a214c2f5e87bad3c948f4d605d) (ScriptedImporter) -> (artifact id: '0388ebffdb2f42ae8e2fbfaf2018de4b') in 0.0181977 seconds
Number of updated asset objects reloaded before import = 0Number of asset objects unloaded after import = 1

========================================================================
Received Import Request.
  Time since last request: 0.000034 seconds.
  path: Assets/3D Asserts/Sci Fi Gun Light/Prefabs/SciFiGunLight/SciFiGunLight_Blue.prefab
  artifactKey: Guid(371711cf542f6d84bafd6596c502935b) Importer(2089858483,e11c23a36db5f54750b8cd40eac0985b)
Start importing Assets/3D Asserts/Sci Fi Gun Light/Prefabs/SciFiGunLight/SciFiGunLight_Blue.prefab using Guid(371711cf542f6d84bafd6596c502935b) Importer(2089858483,e11c23a36db5f54750b8cd40eac0985b) (ScriptedImporter) -> (artifact id: '7c4ddef7989b33128846124db3103cdd') in 0.0129332 seconds
Number of updated asset objects reloaded before import = 0Number of asset objects unloaded after import = 8

========================================================================
Received Import Request.
  Time since last request: 0.000035 seconds.
  path: Assets/3D Asserts/Sci Fi Gun Light/Textures/ColorVar/SciFiGunLight_Emission2.png
  artifactKey: Guid(64860141afa10c84780f3416e43c23e4) Importer(2089858483,b0f066a214c2f5e87bad3c948f4d605d)
Start importing Assets/3D Asserts/Sci Fi Gun Light/Textures/ColorVar/SciFiGunLight_Emission2.png using Guid(64860141afa10c84780f3416e43c23e4) Importer(2089858483,b0f066a214c2f5e87bad3c948f4d605d) (ScriptedImporter) -> (artifact id: '0ebbb6da1632ad01ff275c90b2e02f02') in 0.0166333 seconds
Number of updated asset objects reloaded before import = 0Number of asset objects unloaded after import = 1

========================================================================
Received Import Request.
  Time since last request: 0.000076 seconds.
  path: Assets/_Barking_Dog/_3D Scifi Base Vol 1/Meshes/Materials/Light_Blue.mat
  artifactKey: Guid(a4f3d0120bb764b00b154daab5b869a8) Importer(2089858483,b0f066a214c2f5e87bad3c948f4d605d)
Start importing Assets/_Barking_Dog/_3D Scifi Base Vol 1/Meshes/Materials/Light_Blue.mat using Guid(a4f3d0120bb764b00b154daab5b869a8) Importer(2089858483,b0f066a214c2f5e87bad3c948f4d605d) (ScriptedImporter) -> (artifact id: '18819d5126e8a51647573e5dd332fbdc') in 0.0160581 seconds
Number of updated asset objects reloaded before import = 0Number of asset objects unloaded after import = 1

========================================================================
Received Import Request.
  Time since last request: 0.000047 seconds.
  path: Assets/EffectExamples/Shared/Models/Materials/MazeLowMan.mat
  artifactKey: Guid(d695529081158d44f84e349bd501fde6) Importer(2089858483,b0f066a214c2f5e87bad3c948f4d605d)
Start importing Assets/EffectExamples/Shared/Models/Materials/MazeLowMan.mat using Guid(d695529081158d44f84e349bd501fde6) Importer(2089858483,b0f066a214c2f5e87bad3c948f4d605d) (ScriptedImporter) -> (artifact id: '5ee47846adba4a7477cf83b5540d28e9') in 0.0073661 seconds
Number of updated asset objects reloaded before import = 0Number of asset objects unloaded after import = 1

========================================================================
Received Import Request.
  Time since last request: 0.000035 seconds.
  path: Assets/_Barking_Dog/_3D Scifi Base Vol 1/Meshes/Materials/Light_Red.mat
  artifactKey: Guid(05b4ef2168fbd4a6ead159582ca23125) Importer(2089858483,b0f066a214c2f5e87bad3c948f4d605d)
Start importing Assets/_Barking_Dog/_3D Scifi Base Vol 1/Meshes/Materials/Light_Red.mat using Guid(05b4ef2168fbd4a6ead159582ca23125) Importer(2089858483,b0f066a214c2f5e87bad3c948f4d605d) (ScriptedImporter) -> (artifact id: 'd5086548f74998d7cab68a48565d3ecd') in 0.0081212 seconds
Number of updated asset objects reloaded before import = 0Number of asset objects unloaded after import = 1

========================================================================
Received Import Request.
  Time since last request: 0.000039 seconds.
  path: Assets/_Barking_Dog/_3D Scifi Base Vol 1/Meshes/Materials/Light_White.mat
  artifactKey: Guid(b421dfc5bf58947e2aed4b3d4cd60ce4) Importer(2089858483,b0f066a214c2f5e87bad3c948f4d605d)
Start importing Assets/_Barking_Dog/_3D Scifi Base Vol 1/Meshes/Materials/Light_White.mat using Guid(b421dfc5bf58947e2aed4b3d4cd60ce4) Importer(2089858483,b0f066a214c2f5e87bad3c948f4d605d) (ScriptedImporter) -> (artifact id: '09080652c1e8135db2bd4ed7eff09b53') in 0.0072721 seconds
Number of updated asset objects reloaded before import = 0Number of asset objects unloaded after import = 1

========================================================================
Received Import Request.
  Time since last request: 0.000082 seconds.
  path: Assets/EffectExamples/WaterEffects/Materials/WaterTrailParticle.mat
  artifactKey: Guid(2cf2d564c8b1c7a469f8711c96c0efaa) Importer(2089858483,b0f066a214c2f5e87bad3c948f4d605d)
Start importing Assets/EffectExamples/WaterEffects/Materials/WaterTrailParticle.mat using Guid(2cf2d564c8b1c7a469f8711c96c0efaa) Importer(2089858483,b0f066a214c2f5e87bad3c948f4d605d) (ScriptedImporter) -> (artifact id: 'e980bbb6818add798dc478f309c0048c') in 0.007397 seconds
Number of updated asset objects reloaded before import = 0Number of asset objects unloaded after import = 2

========================================================================
Received Import Request.
  Time since last request: 0.000029 seconds.
  path: Assets/_Barking_Dog/_3D Scifi Base Vol 1/Splat/Rock_01_Norm.png
  artifactKey: Guid(539f6dfa6d5594ce5aaacec9e05ce162) Importer(2089858483,b0f066a214c2f5e87bad3c948f4d605d)
Start importing Assets/_Barking_Dog/_3D Scifi Base Vol 1/Splat/Rock_01_Norm.png using Guid(539f6dfa6d5594ce5aaacec9e05ce162) Importer(2089858483,b0f066a214c2f5e87bad3c948f4d605d) (ScriptedImporter) -> (artifact id: 'f2f70c607fa1372e94a954d50d8d942e') in 0.013926 seconds
Number of updated asset objects reloaded before import = 0Number of asset objects unloaded after import = 1

========================================================================
Received Import Request.
  Time since last request: 0.000027 seconds.
  path: Assets/EffectExamples/FireExplosionEffects/Textures/FlameRoundGreyParticleSheet.tif
  artifactKey: Guid(aa0907451008d784b8ef5b1c0900465d) Importer(2089858483,b0f066a214c2f5e87bad3c948f4d605d)
Start importing Assets/EffectExamples/FireExplosionEffects/Textures/FlameRoundGreyParticleSheet.tif using Guid(aa0907451008d784b8ef5b1c0900465d) Importer(2089858483,b0f066a214c2f5e87bad3c948f4d605d) (ScriptedImporter) -> (artifact id: '8559a04f7aabc8c25b6ce4679458f217') in 0.0142365 seconds
Number of updated asset objects reloaded before import = 0Number of asset objects unloaded after import = 1

========================================================================
Received Import Request.
  Time since last request: 0.000034 seconds.
  path: Assets/_Barking_Dog/_3D Scifi Base Vol 1/Meshes/Materials/Wall_Atlas_08_Dif.mat
  artifactKey: Guid(05df4a394d78c484caf9134ac61ea16b) Importer(2089858483,b0f066a214c2f5e87bad3c948f4d605d)
Start importing Assets/_Barking_Dog/_3D Scifi Base Vol 1/Meshes/Materials/Wall_Atlas_08_Dif.mat using Guid(05df4a394d78c484caf9134ac61ea16b) Importer(2089858483,b0f066a214c2f5e87bad3c948f4d605d) (ScriptedImporter) -> (artifact id: '51e3414f46e18cd5c4cadf606b9acb70') in 0.0823573 seconds
Number of updated asset objects reloaded before import = 0Number of asset objects unloaded after import = 6

========================================================================
Received Import Request.
  Time since last request: 0.000065 seconds.
  path: Assets/_Barking_Dog/_3D Scifi Base Vol 1/Meshes/Materials/Wall_Atlas_02_Dif_Alpha.mat
  artifactKey: Guid(33cac922f8a0948a7a33ed1b88809899) Importer(2089858483,b0f066a214c2f5e87bad3c948f4d605d)
Start importing Assets/_Barking_Dog/_3D Scifi Base Vol 1/Meshes/Materials/Wall_Atlas_02_Dif_Alpha.mat using Guid(33cac922f8a0948a7a33ed1b88809899) Importer(2089858483,b0f066a214c2f5e87bad3c948f4d605d) (ScriptedImporter) -> (artifact id: 'abce60f6c5dd7344046acc43043403f4') in 0.1183841 seconds
Number of updated asset objects reloaded before import = 0Number of asset objects unloaded after import = 6

========================================================================
Received Import Request.
  Time since last request: 0.000046 seconds.
  path: Assets/_Barking_Dog/_3D Scifi Base Vol 1/Meshes/Materials/Wall_Atlas_03_Dif.mat
  artifactKey: Guid(4d3a0ed857f42449fb323471aea8e610) Importer(2089858483,b0f066a214c2f5e87bad3c948f4d605d)
Start importing Assets/_Barking_Dog/_3D Scifi Base Vol 1/Meshes/Materials/Wall_Atlas_03_Dif.mat using Guid(4d3a0ed857f42449fb323471aea8e610) Importer(2089858483,b0f066a214c2f5e87bad3c948f4d605d) (ScriptedImporter) -> (artifact id: '236885fc092ebd182b3d8f64282100fc') in 0.2705036 seconds
Number of updated asset objects reloaded before import = 0Number of asset objects unloaded after import = 6

========================================================================
Received Import Request.
  Time since last request: 0.000059 seconds.
  path: Assets/_Barking_Dog/_3D Scifi Base Vol 1/Prefabs/_Build/P_Arc_Ring_Light_01.prefab
  artifactKey: Guid(869c4346659ec4be7b3e0ef898bb467c) Importer(2089858483,e11c23a36db5f54750b8cd40eac0985b)
Start importing Assets/_Barking_Dog/_3D Scifi Base Vol 1/Prefabs/_Build/P_Arc_Ring_Light_01.prefab using Guid(869c4346659ec4be7b3e0ef898bb467c) Importer(2089858483,e11c23a36db5f54750b8cd40eac0985b) (ScriptedImporter) -> (artifact id: '1b0ddbb983f8cf73183193f4b57c6e08') in 0.0354436 seconds
Number of updated asset objects reloaded before import = 0Number of asset objects unloaded after import = 22

========================================================================
Received Import Request.
  Time since last request: 0.000039 seconds.
  path: Assets/_Barking_Dog/_3D Scifi Base Vol 1/Meshes/Materials/Wall_Atlas_06_Dif.mat
  artifactKey: Guid(14048f322290c4011b3c46546da90f66) Importer(2089858483,b0f066a214c2f5e87bad3c948f4d605d)
Start importing Assets/_Barking_Dog/_3D Scifi Base Vol 1/Meshes/Materials/Wall_Atlas_06_Dif.mat using Guid(14048f322290c4011b3c46546da90f66) Importer(2089858483,b0f066a214c2f5e87bad3c948f4d605d) (ScriptedImporter) -> (artifact id: 'a0fac869399d8a407522c6d95e2e6aa0') in 0.2061828 seconds
Number of updated asset objects reloaded before import = 0Number of asset objects unloaded after import = 6

========================================================================
Received Import Request.
  Time since last request: 0.000051 seconds.
  path: Assets/_Barking_Dog/_3D Scifi Base Vol 1/Prefabs/_Build/P_Circular_Plateform_02.prefab
  artifactKey: Guid(4c3472220ea174b31833b81ce6d7bb4d) Importer(2089858483,e11c23a36db5f54750b8cd40eac0985b)
Start importing Assets/_Barking_Dog/_3D Scifi Base Vol 1/Prefabs/_Build/P_Circular_Plateform_02.prefab using Guid(4c3472220ea174b31833b81ce6d7bb4d) Importer(2089858483,e11c23a36db5f54750b8cd40eac0985b) (ScriptedImporter) -> (artifact id: 'fff02a67805c6157c09ab2ba3489a5e1') in 0.2783585 seconds
Number of updated asset objects reloaded before import = 0Number of asset objects unloaded after import = 82

========================================================================
Received Import Request.
  Time since last request: 0.000053 seconds.
  path: Assets/_Barking_Dog/_3D Scifi Base Vol 1/Prefabs/_Build/P_Corridor_Angle_02.prefab
  artifactKey: Guid(4010e022b949447bb99361cc427c8d13) Importer(2089858483,e11c23a36db5f54750b8cd40eac0985b)
Start importing Assets/_Barking_Dog/_3D Scifi Base Vol 1/Prefabs/_Build/P_Corridor_Angle_02.prefab using Guid(4010e022b949447bb99361cc427c8d13) Importer(2089858483,e11c23a36db5f54750b8cd40eac0985b) (ScriptedImporter) -> (artifact id: '0e4c7bc23d7492c44913a9dddf0ab282') in 0.150447 seconds
Number of updated asset objects reloaded before import = 0Number of asset objects unloaded after import = 90

========================================================================
Received Import Request.
  Time since last request: 0.000032 seconds.
  path: Assets/_Barking_Dog/_3D Scifi Base Vol 1/Meshes/Materials/Wall_Atlas_01_Dif.mat
  artifactKey: Guid(bdfae30a12356452fa899b3ea77907b3) Importer(2089858483,b0f066a214c2f5e87bad3c948f4d605d)
Start importing Assets/_Barking_Dog/_3D Scifi Base Vol 1/Meshes/Materials/Wall_Atlas_01_Dif.mat using Guid(bdfae30a12356452fa899b3ea77907b3) Importer(2089858483,b0f066a214c2f5e87bad3c948f4d605d) (ScriptedImporter) -> (artifact id: 'a27514515804597cf5d56aa1b47e003b') in 0.098392 seconds
Number of updated asset objects reloaded before import = 0Number of asset objects unloaded after import = 6

========================================================================
Received Import Request.
  Time since last request: 0.000074 seconds.
  path: Assets/_Barking_Dog/_3D Scifi Base Vol 1/Prefabs/_Build/P_Computer_Angle_01.prefab
  artifactKey: Guid(2041073040bb34a6991350311f72e6fe) Importer(2089858483,e11c23a36db5f54750b8cd40eac0985b)
Start importing Assets/_Barking_Dog/_3D Scifi Base Vol 1/Prefabs/_Build/P_Computer_Angle_01.prefab using Guid(2041073040bb34a6991350311f72e6fe) Importer(2089858483,e11c23a36db5f54750b8cd40eac0985b) (ScriptedImporter) -> (artifact id: '4fe0168792953d0c92db1a2da88016a1') in 0.0314228 seconds
Number of updated asset objects reloaded before import = 0Number of asset objects unloaded after import = 12

========================================================================
Received Import Request.
  Time since last request: 0.000066 seconds.
  path: Assets/_Barking_Dog/_3D Scifi Base Vol 1/Meshes/Materials/Wall_Atlas_04_Dif.mat
  artifactKey: Guid(7120ab67262e24480bbf596cf72c0c66) Importer(2089858483,b0f066a214c2f5e87bad3c948f4d605d)
Start importing Assets/_Barking_Dog/_3D Scifi Base Vol 1/Meshes/Materials/Wall_Atlas_04_Dif.mat using Guid(7120ab67262e24480bbf596cf72c0c66) Importer(2089858483,b0f066a214c2f5e87bad3c948f4d605d) (ScriptedImporter) -> (artifact id: '6393256d0fb3be15c714035fa8bb4c83') in 0.4334043 seconds
Number of updated asset objects reloaded before import = 0Number of asset objects unloaded after import = 6

========================================================================
Received Import Request.
  Time since last request: 0.000046 seconds.
  path: Assets/_Barking_Dog/_3D Scifi Base Vol 1/Prefabs/_Build/P_Fence_04.prefab
  artifactKey: Guid(29fa0debf313f44ab916497b96a2f6f7) Importer(2089858483,e11c23a36db5f54750b8cd40eac0985b)
Start importing Assets/_Barking_Dog/_3D Scifi Base Vol 1/Prefabs/_Build/P_Fence_04.prefab using Guid(29fa0debf313f44ab916497b96a2f6f7) Importer(2089858483,e11c23a36db5f54750b8cd40eac0985b) (ScriptedImporter) -> (artifact id: 'f132f47887b71dc91e4b9f1d4c172140') in 0.0936627 seconds
Number of updated asset objects reloaded before import = 0Number of asset objects unloaded after import = 11

========================================================================
Received Import Request.
  Time since last request: 0.000042 seconds.
  path: Assets/_Barking_Dog/_3D Scifi Base Vol 1/Prefabs/_Build/P_Dome_Line_01.prefab
  artifactKey: Guid(57d7e879c41b746bdbca75a531931d4f) Importer(2089858483,e11c23a36db5f54750b8cd40eac0985b)
Start importing Assets/_Barking_Dog/_3D Scifi Base Vol 1/Prefabs/_Build/P_Dome_Line_01.prefab using Guid(57d7e879c41b746bdbca75a531931d4f) Importer(2089858483,e11c23a36db5f54750b8cd40eac0985b) (ScriptedImporter) -> (artifact id: 'e91f97d2437710ff5d26447901b760c6') in 0.1243365 seconds
Number of updated asset objects reloaded before import = 0Number of asset objects unloaded after import = 12

========================================================================
Received Import Request.
  Time since last request: 0.000038 seconds.
  path: Assets/_Barking_Dog/_3D Scifi Base Vol 1/Prefabs/_Build/P_Floor_Half_01.prefab
  artifactKey: Guid(28d100c8cf2394ab08a93bb44a5f19a1) Importer(2089858483,e11c23a36db5f54750b8cd40eac0985b)
Start importing Assets/_Barking_Dog/_3D Scifi Base Vol 1/Prefabs/_Build/P_Floor_Half_01.prefab using Guid(28d100c8cf2394ab08a93bb44a5f19a1) Importer(2089858483,e11c23a36db5f54750b8cd40eac0985b) (ScriptedImporter) -> (artifact id: '49db86240a0de0378b77d50345ab82a9') in 0.0462573 seconds
Number of updated asset objects reloaded before import = 0Number of asset objects unloaded after import = 12

========================================================================
Received Import Request.
  Time since last request: 0.000078 seconds.
  path: Assets/_Barking_Dog/_3D Scifi Base Vol 1/Meshes/Materials/Light_Yellow.mat
  artifactKey: Guid(f3c43bc207f8d483d8539ca0cd66426c) Importer(2089858483,b0f066a214c2f5e87bad3c948f4d605d)
Start importing Assets/_Barking_Dog/_3D Scifi Base Vol 1/Meshes/Materials/Light_Yellow.mat using Guid(f3c43bc207f8d483d8539ca0cd66426c) Importer(2089858483,b0f066a214c2f5e87bad3c948f4d605d) (ScriptedImporter) -> (artifact id: '86f436e7f86d93e2f9663cc3abb7d39c') in 0.0071889 seconds
Number of updated asset objects reloaded before import = 0Number of asset objects unloaded after import = 1

========================================================================
Received Import Request.
  Time since last request: 0.000047 seconds.
  path: Assets/_Barking_Dog/_3D Scifi Base Vol 1/Prefabs/_Build/P_Fence_01.prefab
  artifactKey: Guid(aa5129ccbc0fb49afb57f376724148f3) Importer(2089858483,e11c23a36db5f54750b8cd40eac0985b)
Start importing Assets/_Barking_Dog/_3D Scifi Base Vol 1/Prefabs/_Build/P_Fence_01.prefab using Guid(aa5129ccbc0fb49afb57f376724148f3) Importer(2089858483,e11c23a36db5f54750b8cd40eac0985b) (ScriptedImporter) -> (artifact id: '11975e36730f9b1999fdbef17709f579') in 0.0222641 seconds
Number of updated asset objects reloaded before import = 0Number of asset objects unloaded after import = 11

========================================================================
Received Import Request.
  Time since last request: 0.000050 seconds.
  path: Assets/_Barking_Dog/_3D Scifi Base Vol 1/Prefabs/_Build/P_Dome_Roof_01.prefab
  artifactKey: Guid(23ec0c2ff2c3e46a4ba3482710a40d5d) Importer(2089858483,e11c23a36db5f54750b8cd40eac0985b)
Start importing Assets/_Barking_Dog/_3D Scifi Base Vol 1/Prefabs/_Build/P_Dome_Roof_01.prefab using Guid(23ec0c2ff2c3e46a4ba3482710a40d5d) Importer(2089858483,e11c23a36db5f54750b8cd40eac0985b) (ScriptedImporter) -> (artifact id: 'e76669e127d9415d14fb43f1b8563bd4') in 0.011664 seconds
Number of updated asset objects reloaded before import = 0Number of asset objects unloaded after import = 11

========================================================================
Received Import Request.
  Time since last request: 0.000049 seconds.
  path: Assets/_Barking_Dog/_3D Scifi Base Vol 1/Meshes/Door_Bar_01.FBX
  artifactKey: Guid(5d79bca916164451b8b9ec166853b220) Importer(2089858483,b0f066a214c2f5e87bad3c948f4d605d)
Start importing Assets/_Barking_Dog/_3D Scifi Base Vol 1/Meshes/Door_Bar_01.FBX using Guid(5d79bca916164451b8b9ec166853b220) Importer(2089858483,b0f066a214c2f5e87bad3c948f4d605d) (ScriptedImporter) -> (artifact id: '06a6db2fd9e606d592c01a5c80c5df77') in 0.0295354 seconds
Number of updated asset objects reloaded before import = 0Number of asset objects unloaded after import = 8

========================================================================
Received Import Request.
  Time since last request: 0.000066 seconds.
  path: Assets/_Barking_Dog/_3D Scifi Base Vol 1/Prefabs/_Build/P_Floor_Normal_04.prefab
  artifactKey: Guid(0bdccf3db4569414bb2edd3ad3ffd78e) Importer(2089858483,e11c23a36db5f54750b8cd40eac0985b)
Start importing Assets/_Barking_Dog/_3D Scifi Base Vol 1/Prefabs/_Build/P_Floor_Normal_04.prefab using Guid(0bdccf3db4569414bb2edd3ad3ffd78e) Importer(2089858483,e11c23a36db5f54750b8cd40eac0985b) (ScriptedImporter) -> (artifact id: '5eb203d56d03db6814ba2fc4ae61939c') in 0.09642 seconds
Number of updated asset objects reloaded before import = 0Number of asset objects unloaded after import = 23

========================================================================
Received Import Request.
  Time since last request: 0.000031 seconds.
  path: Assets/_Barking_Dog/_3D Scifi Base Vol 1/Prefabs/_Build/P_Glass_Tube_03.prefab
  artifactKey: Guid(73fe4169100e9481cb41ca1c6c2aa837) Importer(2089858483,e11c23a36db5f54750b8cd40eac0985b)
Start importing Assets/_Barking_Dog/_3D Scifi Base Vol 1/Prefabs/_Build/P_Glass_Tube_03.prefab using Guid(73fe4169100e9481cb41ca1c6c2aa837) Importer(2089858483,e11c23a36db5f54750b8cd40eac0985b) (ScriptedImporter) -> (artifact id: 'b1ca7e12a62a9fda46d0bbf5bb7064f4') in 0.0532115 seconds
Number of updated asset objects reloaded before import = 0Number of asset objects unloaded after import = 67

========================================================================
Received Import Request.
  Time since last request: 0.000056 seconds.
  path: Assets/_Barking_Dog/_3D Scifi Base Vol 1/Prefabs/_Build/P_Glass_Tube_04.prefab
  artifactKey: Guid(54f956518a1214bd2b0a1ed524fe72ae) Importer(2089858483,e11c23a36db5f54750b8cd40eac0985b)
Start importing Assets/_Barking_Dog/_3D Scifi Base Vol 1/Prefabs/_Build/P_Glass_Tube_04.prefab using Guid(54f956518a1214bd2b0a1ed524fe72ae) Importer(2089858483,e11c23a36db5f54750b8cd40eac0985b) (ScriptedImporter) -> (artifact id: 'c31ce701c69c1e96b48a54345b2aead1') in 0.1285105 seconds
Number of updated asset objects reloaded before import = 0Number of asset objects unloaded after import = 131

========================================================================
Received Import Request.
  Time since last request: 0.000078 seconds.
  path: Assets/_Barking_Dog/_3D Scifi Base Vol 1/Prefabs/_Build/P_Pipes_Insert_03.prefab
  artifactKey: Guid(34eb839e9be9a4c3f825e61711de92e0) Importer(2089858483,e11c23a36db5f54750b8cd40eac0985b)
Start importing Assets/_Barking_Dog/_3D Scifi Base Vol 1/Prefabs/_Build/P_Pipes_Insert_03.prefab using Guid(34eb839e9be9a4c3f825e61711de92e0) Importer(2089858483,e11c23a36db5f54750b8cd40eac0985b) (ScriptedImporter) -> (artifact id: '26bc623fc33b7d48792e2246bbbc06c3') in 0.0650158 seconds
Number of updated asset objects reloaded before import = 0Number of asset objects unloaded after import = 11

========================================================================
Received Import Request.
  Time since last request: 0.000050 seconds.
  path: Assets/_Barking_Dog/_3D Scifi Base Vol 1/Prefabs/_Build/P_Pipes_Insert_02.prefab
  artifactKey: Guid(28e299ad287cc4fab9a30ce5a9c12c45) Importer(2089858483,e11c23a36db5f54750b8cd40eac0985b)
Start importing Assets/_Barking_Dog/_3D Scifi Base Vol 1/Prefabs/_Build/P_Pipes_Insert_02.prefab using Guid(28e299ad287cc4fab9a30ce5a9c12c45) Importer(2089858483,e11c23a36db5f54750b8cd40eac0985b) (ScriptedImporter) -> (artifact id: '159eebe5dc164ab2c8c40be95c6acb3c') in 0.0277671 seconds
Number of updated asset objects reloaded before import = 0Number of asset objects unloaded after import = 10

========================================================================
Received Import Request.
  Time since last request: 0.000048 seconds.
  path: Assets/_Barking_Dog/_3D Scifi Base Vol 1/Prefabs/_Build/P_Metal_Tube_01.prefab
  artifactKey: Guid(bfadd65d86c1e4539b1fb638a7abd1e4) Importer(2089858483,e11c23a36db5f54750b8cd40eac0985b)
Start importing Assets/_Barking_Dog/_3D Scifi Base Vol 1/Prefabs/_Build/P_Metal_Tube_01.prefab using Guid(bfadd65d86c1e4539b1fb638a7abd1e4) Importer(2089858483,e11c23a36db5f54750b8cd40eac0985b) (ScriptedImporter) -> (artifact id: 'eca89fd06bd70dc6b6818e4d08daac9a') in 0.0438701 seconds
Number of updated asset objects reloaded before import = 0Number of asset objects unloaded after import = 27

========================================================================
Received Import Request.
  Time since last request: 0.000047 seconds.
  path: Assets/_Barking_Dog/_3D Scifi Base Vol 1/Prefabs/_Build/P_Pipes_Insert_04.prefab
  artifactKey: Guid(ddba4a6ca866c4b689e77262cba914a9) Importer(2089858483,e11c23a36db5f54750b8cd40eac0985b)
Start importing Assets/_Barking_Dog/_3D Scifi Base Vol 1/Prefabs/_Build/P_Pipes_Insert_04.prefab using Guid(ddba4a6ca866c4b689e77262cba914a9) Importer(2089858483,e11c23a36db5f54750b8cd40eac0985b) (ScriptedImporter) -> (artifact id: '0b66d8367077d37ce18517cc82317d2f') in 0.0245731 seconds
Number of updated asset objects reloaded before import = 0Number of asset objects unloaded after import = 11

========================================================================
Received Import Request.
  Time since last request: 0.000029 seconds.
  path: Assets/_Barking_Dog/_3D Scifi Base Vol 1/Textures/Screen_01.mat
  artifactKey: Guid(8b6c1037bbebf4bdd8d31f114c466032) Importer(2089858483,b0f066a214c2f5e87bad3c948f4d605d)
Start importing Assets/_Barking_Dog/_3D Scifi Base Vol 1/Textures/Screen_01.mat using Guid(8b6c1037bbebf4bdd8d31f114c466032) Importer(2089858483,b0f066a214c2f5e87bad3c948f4d605d) (ScriptedImporter) -> (artifact id: 'd4339f95cb24c9403e4b0cd91e76d4ec') in 0.0138354 seconds
Number of updated asset objects reloaded before import = 0Number of asset objects unloaded after import = 2

========================================================================
Received Import Request.
  Time since last request: 0.000033 seconds.
  path: Assets/_Barking_Dog/_3D Scifi Base Vol 1/Meshes/Crate_Yellow_Big_01.FBX
  artifactKey: Guid(37e7cbc7bad6342e3a2069dad35c8c35) Importer(2089858483,b0f066a214c2f5e87bad3c948f4d605d)
Start importing Assets/_Barking_Dog/_3D Scifi Base Vol 1/Meshes/Crate_Yellow_Big_01.FBX using Guid(37e7cbc7bad6342e3a2069dad35c8c35) Importer(2089858483,b0f066a214c2f5e87bad3c948f4d605d) (ScriptedImporter) -> (artifact id: '337fed4fbd8f35f3fe2a555f43b32cc2') in 0.0207856 seconds
Number of updated asset objects reloaded before import = 0Number of asset objects unloaded after import = 13

========================================================================
Received Import Request.
  Time since last request: 0.000040 seconds.
  path: Assets/_Barking_Dog/_3D Scifi Base Vol 1/Prefabs/_Build/P_Plateforme_03.prefab
  artifactKey: Guid(7eafdc0cbf520462d83b70aa2b32dce2) Importer(2089858483,e11c23a36db5f54750b8cd40eac0985b)
Start importing Assets/_Barking_Dog/_3D Scifi Base Vol 1/Prefabs/_Build/P_Plateforme_03.prefab using Guid(7eafdc0cbf520462d83b70aa2b32dce2) Importer(2089858483,e11c23a36db5f54750b8cd40eac0985b) (ScriptedImporter) -> (artifact id: '97b1ee33d19a45ad8fd6aae9b2474125') in 0.0182135 seconds
Number of updated asset objects reloaded before import = 0Number of asset objects unloaded after import = 22

========================================================================
Received Import Request.
  Time since last request: 0.000053 seconds.
  path: Assets/_Barking_Dog/_3D Scifi Base Vol 1/Prefabs/_Build/P_Pipe_End_02.prefab
  artifactKey: Guid(6bef4bde4efe7466c85a0776bbf312f9) Importer(2089858483,e11c23a36db5f54750b8cd40eac0985b)
Start importing Assets/_Barking_Dog/_3D Scifi Base Vol 1/Prefabs/_Build/P_Pipe_End_02.prefab using Guid(6bef4bde4efe7466c85a0776bbf312f9) Importer(2089858483,e11c23a36db5f54750b8cd40eac0985b) (ScriptedImporter) -> (artifact id: '9bc89af74c3de8584a52d564b8848195') in 0.0136378 seconds
Number of updated asset objects reloaded before import = 0Number of asset objects unloaded after import = 10

========================================================================
Received Import Request.
  Time since last request: 0.000045 seconds.
  path: Assets/_Barking_Dog/_3D Scifi Base Vol 1/Prefabs/_Build/P_Pipe_End_03.prefab
  artifactKey: Guid(1fcf7b7a6f6ee4154bf8062154fa6a57) Importer(2089858483,e11c23a36db5f54750b8cd40eac0985b)
Start importing Assets/_Barking_Dog/_3D Scifi Base Vol 1/Prefabs/_Build/P_Pipe_End_03.prefab using Guid(1fcf7b7a6f6ee4154bf8062154fa6a57) Importer(2089858483,e11c23a36db5f54750b8cd40eac0985b) (ScriptedImporter) -> (artifact id: '86af052195b6d45a48277236de4d37cb') in 0.0100556 seconds
Number of updated asset objects reloaded before import = 0Number of asset objects unloaded after import = 11

========================================================================
Received Import Request.
  Time since last request: 0.000118 seconds.
  path: Assets/_Barking_Dog/_3D Scifi Base Vol 1/Prefabs/_Build/P_Reactor_02.prefab
  artifactKey: Guid(062bd9f3b161f4ef9ac876ac8a5f0c21) Importer(2089858483,e11c23a36db5f54750b8cd40eac0985b)
Start importing Assets/_Barking_Dog/_3D Scifi Base Vol 1/Prefabs/_Build/P_Reactor_02.prefab using Guid(062bd9f3b161f4ef9ac876ac8a5f0c21) Importer(2089858483,e11c23a36db5f54750b8cd40eac0985b) (ScriptedImporter) -> (artifact id: 'fd76f0173855cfe95e2833a63a74a2da') in 0.0243248 seconds
Number of updated asset objects reloaded before import = 0Number of asset objects unloaded after import = 12

========================================================================
Received Import Request.
  Time since last request: 0.000044 seconds.
  path: Assets/_Barking_Dog/_3D Scifi Base Vol 1/Meshes/Keyboard_01.FBX
  artifactKey: Guid(32298f192d3064e7383a97f93489d07b) Importer(2089858483,b0f066a214c2f5e87bad3c948f4d605d)
Start importing Assets/_Barking_Dog/_3D Scifi Base Vol 1/Meshes/Keyboard_01.FBX using Guid(32298f192d3064e7383a97f93489d07b) Importer(2089858483,b0f066a214c2f5e87bad3c948f4d605d) (ScriptedImporter) -> (artifact id: 'd77b0ee2f9681d0b008817cc3f41a753') in 0.0271591 seconds
Number of updated asset objects reloaded before import = 0Number of asset objects unloaded after import = 8

========================================================================
Received Import Request.
  Time since last request: 0.000056 seconds.
  path: Assets/_Barking_Dog/_3D Scifi Base Vol 1/Prefabs/_Build/P_Rock_04.prefab
  artifactKey: Guid(773f41b08e0524398b0161bd36f7c1c1) Importer(2089858483,e11c23a36db5f54750b8cd40eac0985b)
Start importing Assets/_Barking_Dog/_3D Scifi Base Vol 1/Prefabs/_Build/P_Rock_04.prefab using Guid(773f41b08e0524398b0161bd36f7c1c1) Importer(2089858483,e11c23a36db5f54750b8cd40eac0985b) (ScriptedImporter) -> (artifact id: '7c82890c17a2364c2085813bdfb88745') in 0.1358216 seconds
Number of updated asset objects reloaded before import = 0Number of asset objects unloaded after import = 11

========================================================================
Received Import Request.
  Time since last request: 0.000037 seconds.
  path: Assets/_Barking_Dog/_3D Scifi Base Vol 1/Prefabs/_Build/P_Roof_Cache_01.prefab
  artifactKey: Guid(b15bd0d5d35df40b1a89499cfd46f629) Importer(2089858483,e11c23a36db5f54750b8cd40eac0985b)
Start importing Assets/_Barking_Dog/_3D Scifi Base Vol 1/Prefabs/_Build/P_Roof_Cache_01.prefab using Guid(b15bd0d5d35df40b1a89499cfd46f629) Importer(2089858483,e11c23a36db5f54750b8cd40eac0985b) (ScriptedImporter) -> (artifact id: '7bf931db78905fa2e0edce942bca9ec7') in 0.028423 seconds
Number of updated asset objects reloaded before import = 0Number of asset objects unloaded after import = 10

========================================================================
Received Import Request.
  Time since last request: 0.000085 seconds.
  path: Assets/_Barking_Dog/_3D Scifi Base Vol 1/Prefabs/_Build/P_Roof_Angle_04.prefab
  artifactKey: Guid(b415359564fa84b4c9d999c30745b652) Importer(2089858483,e11c23a36db5f54750b8cd40eac0985b)
Start importing Assets/_Barking_Dog/_3D Scifi Base Vol 1/Prefabs/_Build/P_Roof_Angle_04.prefab using Guid(b415359564fa84b4c9d999c30745b652) Importer(2089858483,e11c23a36db5f54750b8cd40eac0985b) (ScriptedImporter) -> (artifact id: '3eb401648eff34d118e2ee590511a3b9') in 0.0630777 seconds
Number of updated asset objects reloaded before import = 0Number of asset objects unloaded after import = 10

========================================================================
Received Import Request.
  Time since last request: 0.000042 seconds.
  path: Assets/_Barking_Dog/_3D Scifi Base Vol 1/Prefabs/_Build/P_Roof_Angle_02_B.prefab
  artifactKey: Guid(426e4e3fbd51844c1972c9f19768f379) Importer(2089858483,e11c23a36db5f54750b8cd40eac0985b)
Start importing Assets/_Barking_Dog/_3D Scifi Base Vol 1/Prefabs/_Build/P_Roof_Angle_02_B.prefab using Guid(426e4e3fbd51844c1972c9f19768f379) Importer(2089858483,e11c23a36db5f54750b8cd40eac0985b) (ScriptedImporter) -> (artifact id: '66e9293293c01c5817231993bfdbd43a') in 0.0279191 seconds
Number of updated asset objects reloaded before import = 0Number of asset objects unloaded after import = 10

========================================================================
Received Import Request.
  Time since last request: 0.000045 seconds.
  path: Assets/_Barking_Dog/_3D Scifi Base Vol 1/Prefabs/_Build/P_Roof_Cache_06_B.prefab
  artifactKey: Guid(f1ff07bf5ce2647c3ae6ca81a0a59f4d) Importer(2089858483,e11c23a36db5f54750b8cd40eac0985b)
Start importing Assets/_Barking_Dog/_3D Scifi Base Vol 1/Prefabs/_Build/P_Roof_Cache_06_B.prefab using Guid(f1ff07bf5ce2647c3ae6ca81a0a59f4d) Importer(2089858483,e11c23a36db5f54750b8cd40eac0985b) (ScriptedImporter) -> (artifact id: '475453556d2d0eeb431b5e4572c4006f') in 0.0307412 seconds
Number of updated asset objects reloaded before import = 0Number of asset objects unloaded after import = 11

========================================================================
Received Import Request.
  Time since last request: 0.000048 seconds.
  path: Assets/_Barking_Dog/_3D Scifi Base Vol 1/Prefabs/_Build/P_Roof_Angle_01.prefab
  artifactKey: Guid(fd30fbef5a3ae48f6a67499cea71493c) Importer(2089858483,e11c23a36db5f54750b8cd40eac0985b)
Start importing Assets/_Barking_Dog/_3D Scifi Base Vol 1/Prefabs/_Build/P_Roof_Angle_01.prefab using Guid(fd30fbef5a3ae48f6a67499cea71493c) Importer(2089858483,e11c23a36db5f54750b8cd40eac0985b) (ScriptedImporter) -> (artifact id: '00ad77479efc23dab3c4d4f31f9a897a') in 0.0171927 seconds
Number of updated asset objects reloaded before import = 0Number of asset objects unloaded after import = 12

========================================================================
Received Import Request.
  Time since last request: 0.000067 seconds.
  path: Assets/_Barking_Dog/_3D Scifi Base Vol 1/Prefabs/_Build/P_Roof_Cache_09.prefab
  artifactKey: Guid(d526f8f618e404a608f6d7a21fb761df) Importer(2089858483,e11c23a36db5f54750b8cd40eac0985b)
Start importing Assets/_Barking_Dog/_3D Scifi Base Vol 1/Prefabs/_Build/P_Roof_Cache_09.prefab using Guid(d526f8f618e404a608f6d7a21fb761df) Importer(2089858483,e11c23a36db5f54750b8cd40eac0985b) (ScriptedImporter) -> (artifact id: '0e2256c698dd3f48b3a3e988fff9eefe') in 0.0156687 seconds
Number of updated asset objects reloaded before import = 0Number of asset objects unloaded after import = 10

========================================================================
Received Import Request.
  Time since last request: 0.000051 seconds.
  path: Assets/_Barking_Dog/_3D Scifi Base Vol 1/Prefabs/_Build/P_Roof_Angle_05.prefab
  artifactKey: Guid(e917625e5ed05453fb6d212abdf3521d) Importer(2089858483,e11c23a36db5f54750b8cd40eac0985b)
Start importing Assets/_Barking_Dog/_3D Scifi Base Vol 1/Prefabs/_Build/P_Roof_Angle_05.prefab using Guid(e917625e5ed05453fb6d212abdf3521d) Importer(2089858483,e11c23a36db5f54750b8cd40eac0985b) (ScriptedImporter) -> (artifact id: '4e059a971354bab8a5ba74aea2501c4e') in 0.0126005 seconds
Number of updated asset objects reloaded before import = 0Number of asset objects unloaded after import = 10

========================================================================
Received Import Request.
  Time since last request: 0.000058 seconds.
  path: Assets/_Barking_Dog/_3D Scifi Base Vol 1/Prefabs/_Build/P_Roof_Cache_05.prefab
  artifactKey: Guid(d8e28b5fc71e4475cab53855307b762d) Importer(2089858483,e11c23a36db5f54750b8cd40eac0985b)
Start importing Assets/_Barking_Dog/_3D Scifi Base Vol 1/Prefabs/_Build/P_Roof_Cache_05.prefab using Guid(d8e28b5fc71e4475cab53855307b762d) Importer(2089858483,e11c23a36db5f54750b8cd40eac0985b) (ScriptedImporter) -> (artifact id: '0d95f1a33df96ebb86c55ca8fcb4c8e7') in 0.0129322 seconds
Number of updated asset objects reloaded before import = 0Number of asset objects unloaded after import = 10

========================================================================
Received Import Request.
  Time since last request: 0.000034 seconds.
  path: Assets/_Barking_Dog/_3D Scifi Base Vol 1/Prefabs/_Build/P_Roof_Normal_01.prefab
  artifactKey: Guid(2ac3d04ba8247444e88883541d2f1234) Importer(2089858483,e11c23a36db5f54750b8cd40eac0985b)
Start importing Assets/_Barking_Dog/_3D Scifi Base Vol 1/Prefabs/_Build/P_Roof_Normal_01.prefab using Guid(2ac3d04ba8247444e88883541d2f1234) Importer(2089858483,e11c23a36db5f54750b8cd40eac0985b) (ScriptedImporter) -> (artifact id: '313b573eecfe7dfbdfc4565bcd5ab6da') in 0.0342594 seconds
Number of updated asset objects reloaded before import = 0Number of asset objects unloaded after import = 25

========================================================================
Received Import Request.
  Time since last request: 0.000077 seconds.
  path: Assets/_Barking_Dog/_3D Scifi Base Vol 1/Prefabs/_Build/P_Roof_Cache_11.prefab
  artifactKey: Guid(79ece937b71a54f27b1c4c4ccb3d34f9) Importer(2089858483,e11c23a36db5f54750b8cd40eac0985b)
Start importing Assets/_Barking_Dog/_3D Scifi Base Vol 1/Prefabs/_Build/P_Roof_Cache_11.prefab using Guid(79ece937b71a54f27b1c4c4ccb3d34f9) Importer(2089858483,e11c23a36db5f54750b8cd40eac0985b) (ScriptedImporter) -> (artifact id: '17faa7566d2b48584f0d5f1e4f074e98') in 0.0146545 seconds
Number of updated asset objects reloaded before import = 0Number of asset objects unloaded after import = 10

========================================================================
Received Import Request.
  Time since last request: 0.000043 seconds.
  path: Assets/_Barking_Dog/_3D Scifi Base Vol 1/Prefabs/_Build/P_Roof_Light_01.prefab
  artifactKey: Guid(64d268ef6ce3e4a3e9e2940441d8a76f) Importer(2089858483,e11c23a36db5f54750b8cd40eac0985b)
Start importing Assets/_Barking_Dog/_3D Scifi Base Vol 1/Prefabs/_Build/P_Roof_Light_01.prefab using Guid(64d268ef6ce3e4a3e9e2940441d8a76f) Importer(2089858483,e11c23a36db5f54750b8cd40eac0985b) (ScriptedImporter) -> (artifact id: 'e451cf2eaefc7dbf9ec5916e4b196c95') in 0.0096771 seconds
Number of updated asset objects reloaded before import = 0Number of asset objects unloaded after import = 10

========================================================================
Received Import Request.
  Time since last request: 0.000028 seconds.
  path: Assets/_Barking_Dog/_3D Scifi Base Vol 1/Prefabs/_Build/P_Roof_Window_02.prefab
  artifactKey: Guid(331ad835d3c7c46f89e4a3727c2c7a01) Importer(2089858483,e11c23a36db5f54750b8cd40eac0985b)
Start importing Assets/_Barking_Dog/_3D Scifi Base Vol 1/Prefabs/_Build/P_Roof_Window_02.prefab using Guid(331ad835d3c7c46f89e4a3727c2c7a01) Importer(2089858483,e11c23a36db5f54750b8cd40eac0985b) (ScriptedImporter) -> (artifact id: '4d7496596c660367150406ee0b48fb4f') in 0.0232327 seconds
Number of updated asset objects reloaded before import = 0Number of asset objects unloaded after import = 13

========================================================================
Received Import Request.
  Time since last request: 0.000030 seconds.
  path: Assets/_Barking_Dog/_3D Scifi Base Vol 1/Prefabs/_Build/P_Roof_Window_01.prefab
  artifactKey: Guid(4df9a5e68fdfb4d66b4c5a5f998c5110) Importer(2089858483,e11c23a36db5f54750b8cd40eac0985b)
Start importing Assets/_Barking_Dog/_3D Scifi Base Vol 1/Prefabs/_Build/P_Roof_Window_01.prefab using Guid(4df9a5e68fdfb4d66b4c5a5f998c5110) Importer(2089858483,e11c23a36db5f54750b8cd40eac0985b) (ScriptedImporter) -> (artifact id: '55517907867f2dfd136f598c6ed8213e') in 0.021833 seconds
Number of updated asset objects reloaded before import = 0Number of asset objects unloaded after import = 12

========================================================================
Received Import Request.
  Time since last request: 0.000030 seconds.
  path: Assets/_Barking_Dog/_3D Scifi Base Vol 1/Meshes/Computer_01.FBX
  artifactKey: Guid(54be5cd5a442546f7a1b3fed759fcb95) Importer(2089858483,b0f066a214c2f5e87bad3c948f4d605d)
Start importing Assets/_Barking_Dog/_3D Scifi Base Vol 1/Meshes/Computer_01.FBX using Guid(54be5cd5a442546f7a1b3fed759fcb95) Importer(2089858483,b0f066a214c2f5e87bad3c948f4d605d) (ScriptedImporter) -> (artifact id: 'a5d9518b6bec55b2a4ecef030e80c012') in 0.0175517 seconds
Number of updated asset objects reloaded before import = 0Number of asset objects unloaded after import = 19

========================================================================
Received Import Request.
  Time since last request: 0.000044 seconds.
  path: Assets/_Barking_Dog/_3D Scifi Base Vol 1/Prefabs/_Build/P_Wall_Door_Small_02.prefab
  artifactKey: Guid(a8959ba55e1a64bcdbf3ecec9b77d348) Importer(2089858483,e11c23a36db5f54750b8cd40eac0985b)
Start importing Assets/_Barking_Dog/_3D Scifi Base Vol 1/Prefabs/_Build/P_Wall_Door_Small_02.prefab using Guid(a8959ba55e1a64bcdbf3ecec9b77d348) Importer(2089858483,e11c23a36db5f54750b8cd40eac0985b) (ScriptedImporter) -> (artifact id: '08de49612985f245d2d59e0b341f9414') in 0.0761938 seconds
Number of updated asset objects reloaded before import = 0Number of asset objects unloaded after import = 65

========================================================================
Received Import Request.
  Time since last request: 0.000027 seconds.
  path: Assets/_Barking_Dog/_3D Scifi Base Vol 1/Prefabs/_Build/P_Wall_Door_Small_01.prefab
  artifactKey: Guid(5537fa43de2d84f48bc791848f36ce90) Importer(2089858483,e11c23a36db5f54750b8cd40eac0985b)
Start importing Assets/_Barking_Dog/_3D Scifi Base Vol 1/Prefabs/_Build/P_Wall_Door_Small_01.prefab using Guid(5537fa43de2d84f48bc791848f36ce90) Importer(2089858483,e11c23a36db5f54750b8cd40eac0985b) (ScriptedImporter) -> (artifact id: '7b1fa0c9db5e1a22e0e4717531f0a303') in 0.0925634 seconds
Number of updated asset objects reloaded before import = 0Number of asset objects unloaded after import = 52

========================================================================
Received Import Request.
  Time since last request: 0.000035 seconds.
  path: Assets/_Barking_Dog/_3D Scifi Base Vol 1/Prefabs/_Build/P_Wall_Angle_04.prefab
  artifactKey: Guid(522268933eff04a9da87faa2fa244931) Importer(2089858483,e11c23a36db5f54750b8cd40eac0985b)
Start importing Assets/_Barking_Dog/_3D Scifi Base Vol 1/Prefabs/_Build/P_Wall_Angle_04.prefab using Guid(522268933eff04a9da87faa2fa244931) Importer(2089858483,e11c23a36db5f54750b8cd40eac0985b) (ScriptedImporter) -> (artifact id: '0fd03b119a6d0ca56f45d851806ed2ea') in 0.0160553 seconds
Number of updated asset objects reloaded before import = 0Number of asset objects unloaded after import = 11

========================================================================
Received Import Request.
  Time since last request: 0.000040 seconds.
  path: Assets/_Barking_Dog/_3D Scifi Base Vol 1/Prefabs/_Build/P_Wall_Angle_02.prefab
  artifactKey: Guid(5c6905cdf4e724ff2855c063304c6871) Importer(2089858483,e11c23a36db5f54750b8cd40eac0985b)
Start importing Assets/_Barking_Dog/_3D Scifi Base Vol 1/Prefabs/_Build/P_Wall_Angle_02.prefab using Guid(5c6905cdf4e724ff2855c063304c6871) Importer(2089858483,e11c23a36db5f54750b8cd40eac0985b) (ScriptedImporter) -> (artifact id: '52f322c3de0060c01a7896ca23e761d2') in 0.0679052 seconds
Number of updated asset objects reloaded before import = 0Number of asset objects unloaded after import = 73

========================================================================
Received Import Request.
  Time since last request: 0.000025 seconds.
  path: Assets/_Barking_Dog/_3D Scifi Base Vol 1/Prefabs/_Build/P_Wall_Normal_01.prefab
  artifactKey: Guid(8722399cf1a2245269db6be7947bfbbd) Importer(2089858483,e11c23a36db5f54750b8cd40eac0985b)
Start importing Assets/_Barking_Dog/_3D Scifi Base Vol 1/Prefabs/_Build/P_Wall_Normal_01.prefab using Guid(8722399cf1a2245269db6be7947bfbbd) Importer(2089858483,e11c23a36db5f54750b8cd40eac0985b) (ScriptedImporter) -> (artifact id: '322640afbb31fd8c47b4cd0c6d7adf87') in 0.0386613 seconds
Number of updated asset objects reloaded before import = 0Number of asset objects unloaded after import = 30

========================================================================
Received Import Request.
  Time since last request: 0.000066 seconds.
  path: Assets/_Barking_Dog/_3D Scifi Base Vol 1/Prefabs/_Build/P_Wall_Window_02.prefab
  artifactKey: Guid(1a596edae8d134646a04e83c2c438251) Importer(2089858483,e11c23a36db5f54750b8cd40eac0985b)
Start importing Assets/_Barking_Dog/_3D Scifi Base Vol 1/Prefabs/_Build/P_Wall_Window_02.prefab using Guid(1a596edae8d134646a04e83c2c438251) Importer(2089858483,e11c23a36db5f54750b8cd40eac0985b) (ScriptedImporter) -> (artifact id: '1bff704b4b6e0db9736d170b0ad326f4') in 0.0253571 seconds
Number of updated asset objects reloaded before import = 0Number of asset objects unloaded after import = 31

========================================================================
Received Import Request.
  Time since last request: 0.000042 seconds.
  path: Assets/_Barking_Dog/_3D Scifi Base Vol 1/Prefabs/_Build/P_Wall_Window_03.prefab
  artifactKey: Guid(480402c20d8a545dd9b099cb85dd9bea) Importer(2089858483,e11c23a36db5f54750b8cd40eac0985b)
Start importing Assets/_Barking_Dog/_3D Scifi Base Vol 1/Prefabs/_Build/P_Wall_Window_03.prefab using Guid(480402c20d8a545dd9b099cb85dd9bea) Importer(2089858483,e11c23a36db5f54750b8cd40eac0985b) (ScriptedImporter) -> (artifact id: '21753fac2e1e359dfcf3d1deb60489cf') in 0.0177582 seconds
Number of updated asset objects reloaded before import = 0Number of asset objects unloaded after import = 25

========================================================================
Received Import Request.
  Time since last request: 0.000029 seconds.
  path: Assets/_Barking_Dog/_3D Scifi Base Vol 1/Prefabs/_Build/P_Wall_Normal_05.prefab
  artifactKey: Guid(b33a60849182f462c8653fded5850884) Importer(2089858483,e11c23a36db5f54750b8cd40eac0985b)
Start importing Assets/_Barking_Dog/_3D Scifi Base Vol 1/Prefabs/_Build/P_Wall_Normal_05.prefab using Guid(b33a60849182f462c8653fded5850884) Importer(2089858483,e11c23a36db5f54750b8cd40eac0985b) (ScriptedImporter) -> (artifact id: '52a69ca4108e280c2b9dc8958319feb3') in 0.0623604 seconds
Number of updated asset objects reloaded before import = 0Number of asset objects unloaded after import = 19

========================================================================
Received Import Request.
  Time since last request: 0.000029 seconds.
  path: Assets/_Barking_Dog/_3D Scifi Base Vol 1/Prefabs/_Build/P_Wall_Normal_03.prefab
  artifactKey: Guid(a8efbe29732a24afd8f05a97682594de) Importer(2089858483,e11c23a36db5f54750b8cd40eac0985b)
Start importing Assets/_Barking_Dog/_3D Scifi Base Vol 1/Prefabs/_Build/P_Wall_Normal_03.prefab using Guid(a8efbe29732a24afd8f05a97682594de) Importer(2089858483,e11c23a36db5f54750b8cd40eac0985b) (ScriptedImporter) -> (artifact id: '635b02db9b491e3f456f12d9e130f1a6') in 0.0261048 seconds
Number of updated asset objects reloaded before import = 0Number of asset objects unloaded after import = 30

========================================================================
Received Import Request.
  Time since last request: 0.000034 seconds.
  path: Assets/_Barking_Dog/_3D Scifi Base Vol 1/Prefabs/_Build/P_Wall_Angle_06.prefab
  artifactKey: Guid(6dd119b3998e440ffb59a924f1d3ef80) Importer(2089858483,e11c23a36db5f54750b8cd40eac0985b)
Start importing Assets/_Barking_Dog/_3D Scifi Base Vol 1/Prefabs/_Build/P_Wall_Angle_06.prefab using Guid(6dd119b3998e440ffb59a924f1d3ef80) Importer(2089858483,e11c23a36db5f54750b8cd40eac0985b) (ScriptedImporter) -> (artifact id: 'a2fe57614b3f0c05b53c0c9688aebe9e') in 0.0395144 seconds
Number of updated asset objects reloaded before import = 0Number of asset objects unloaded after import = 61

========================================================================
Received Import Request.
  Time since last request: 0.000052 seconds.
  path: Assets/_Barking_Dog/_3D Scifi Base Vol 1/Prefabs/_Legos/P_Big_Base_01.prefab
  artifactKey: Guid(7275080542e854afcb2028691a8add18) Importer(2089858483,e11c23a36db5f54750b8cd40eac0985b)
Start importing Assets/_Barking_Dog/_3D Scifi Base Vol 1/Prefabs/_Legos/P_Big_Base_01.prefab using Guid(7275080542e854afcb2028691a8add18) Importer(2089858483,e11c23a36db5f54750b8cd40eac0985b) (ScriptedImporter) -> (artifact id: '9b5987d444dfafb92a0f7f58776c58f5') in 0.9432214 seconds
Number of updated asset objects reloaded before import = 0Number of asset objects unloaded after import = 1511

========================================================================
Received Import Request.
  Time since last request: 0.000035 seconds.
  path: Assets/_Barking_Dog/_3D Scifi Base Vol 1/Prefabs/_Legos/P_Corridor_Small_03.prefab
  artifactKey: Guid(bf3237e1c4a6d4b4cb7ef2bbec2be432) Importer(2089858483,e11c23a36db5f54750b8cd40eac0985b)
Start importing Assets/_Barking_Dog/_3D Scifi Base Vol 1/Prefabs/_Legos/P_Corridor_Small_03.prefab using Guid(bf3237e1c4a6d4b4cb7ef2bbec2be432) Importer(2089858483,e11c23a36db5f54750b8cd40eac0985b) (ScriptedImporter) -> (artifact id: 'b91ad5494f4d775770af47da0e764755') in 0.0832629 seconds
Number of updated asset objects reloaded before import = 0Number of asset objects unloaded after import = 116

========================================================================
Received Import Request.
  Time since last request: 0.000053 seconds.
  path: Assets/_Barking_Dog/_3D Scifi Base Vol 1/Prefabs/_Legos/P_Big_Base_04.prefab
  artifactKey: Guid(b0bcb3df9e98e4481a3e4369442e7ec3) Importer(2089858483,e11c23a36db5f54750b8cd40eac0985b)
Start importing Assets/_Barking_Dog/_3D Scifi Base Vol 1/Prefabs/_Legos/P_Big_Base_04.prefab using Guid(b0bcb3df9e98e4481a3e4369442e7ec3) Importer(2089858483,e11c23a36db5f54750b8cd40eac0985b) (ScriptedImporter) -> (artifact id: '8c7df0e76c8166d17cdb3251fe85e7b6') in 8.4505427 seconds
Number of updated asset objects reloaded before import = 0Number of asset objects unloaded after import = 10829

========================================================================
Received Import Request.
  Time since last request: 0.000047 seconds.
  path: Assets/_Barking_Dog/_3D Scifi Base Vol 1/Prefabs/_Legos/P_Small_Pod_03.prefab
  artifactKey: Guid(a8f1221ced29643c49a9a750582ae452) Importer(2089858483,e11c23a36db5f54750b8cd40eac0985b)
Start importing Assets/_Barking_Dog/_3D Scifi Base Vol 1/Prefabs/_Legos/P_Small_Pod_03.prefab using Guid(a8f1221ced29643c49a9a750582ae452) Importer(2089858483,e11c23a36db5f54750b8cd40eac0985b) (ScriptedImporter) -> (artifact id: 'af4a4634d00a186c67d802f40c460466') in 0.6751895 seconds
Number of updated asset objects reloaded before import = 0Number of asset objects unloaded after import = 559

========================================================================
Received Import Request.
  Time since last request: 0.000046 seconds.
  path: Assets/_Barking_Dog/_3D Scifi Base Vol 1/Prefabs/_Legos/P_Small_Tower_Room_01.prefab
  artifactKey: Guid(1825a1106a5f94d64b980a92274f2a3a) Importer(2089858483,e11c23a36db5f54750b8cd40eac0985b)
Start importing Assets/_Barking_Dog/_3D Scifi Base Vol 1/Prefabs/_Legos/P_Small_Tower_Room_01.prefab using Guid(1825a1106a5f94d64b980a92274f2a3a) Importer(2089858483,e11c23a36db5f54750b8cd40eac0985b) (ScriptedImporter) -> (artifact id: '76414b4067fd2587db13232507d6298e') in 1.0695909 seconds
Number of updated asset objects reloaded before import = 0Number of asset objects unloaded after import = 1002

========================================================================
Received Import Request.
  Time since last request: 0.000071 seconds.
  path: Assets/_Barking_Dog/_3D Scifi Base Vol 1/Prefabs/_Legos/P_Small_Tower_Room_02.prefab
  artifactKey: Guid(bd72cb14278ad427ab5447cffdd7670a) Importer(2089858483,e11c23a36db5f54750b8cd40eac0985b)
Start importing Assets/_Barking_Dog/_3D Scifi Base Vol 1/Prefabs/_Legos/P_Small_Tower_Room_02.prefab using Guid(bd72cb14278ad427ab5447cffdd7670a) Importer(2089858483,e11c23a36db5f54750b8cd40eac0985b) (ScriptedImporter) -> (artifact id: '02a10a243b7da53080904cfcbbcbff51') in 0.5213833 seconds
Number of updated asset objects reloaded before import = 0Number of asset objects unloaded after import = 975

========================================================================
Received Import Request.
  Time since last request: 0.000060 seconds.
  path: Assets/_Barking_Dog/_3D Scifi Base Vol 1/Prefabs/_Legos/P_Small_Tower_Room_04.prefab
  artifactKey: Guid(d57337a0331534e1e98f205e69978cef) Importer(2089858483,e11c23a36db5f54750b8cd40eac0985b)
Start importing Assets/_Barking_Dog/_3D Scifi Base Vol 1/Prefabs/_Legos/P_Small_Tower_Room_04.prefab using Guid(d57337a0331534e1e98f205e69978cef) Importer(2089858483,e11c23a36db5f54750b8cd40eac0985b) (ScriptedImporter) -> (artifact id: 'ae05740362dd906486ca4dc57bb2ef9e') in 2.0116497 seconds
Number of updated asset objects reloaded before import = 0Number of asset objects unloaded after import = 3152

========================================================================
Received Import Request.
  Time since last request: 0.000035 seconds.
  path: Assets/_Barking_Dog/_3D Scifi Base Vol 1/Prefabs/_Legos/P_Corridor_Small_05.prefab
  artifactKey: Guid(77faaea71e1084033aebafb65652362f) Importer(2089858483,e11c23a36db5f54750b8cd40eac0985b)
Start importing Assets/_Barking_Dog/_3D Scifi Base Vol 1/Prefabs/_Legos/P_Corridor_Small_05.prefab using Guid(77faaea71e1084033aebafb65652362f) Importer(2089858483,e11c23a36db5f54750b8cd40eac0985b) (ScriptedImporter) -> (artifact id: '36e8fbd4a7425a53e15b6f5b657f3791') in 0.0835035 seconds
Number of updated asset objects reloaded before import = 0Number of asset objects unloaded after import = 124

========================================================================
Received Import Request.
  Time since last request: 0.000043 seconds.
  path: Assets/_Barking_Dog/_3D Scifi Base Vol 1/Prefabs/_Doors/Vertical_Doors_Kit.prefab
  artifactKey: Guid(1db0ddcd4a2704b31818e3cb2cb06af2) Importer(2089858483,e11c23a36db5f54750b8cd40eac0985b)
Start importing Assets/_Barking_Dog/_3D Scifi Base Vol 1/Prefabs/_Doors/Vertical_Doors_Kit.prefab using Guid(1db0ddcd4a2704b31818e3cb2cb06af2) Importer(2089858483,e11c23a36db5f54750b8cd40eac0985b) (ScriptedImporter) -> (artifact id: '1735b3ccbe1555e676f166c50268cbb1') in 0.0384773 seconds
Number of updated asset objects reloaded before import = 0Number of asset objects unloaded after import = 6

========================================================================
Received Import Request.
  Time since last request: 0.000026 seconds.
  path: Assets/_Barking_Dog/_3D Scifi Base Vol 1/Prefabs/_Legos/P_Corridor_WallAngle_03.prefab
  artifactKey: Guid(a01f50de58a42401fb71a0d5807975a3) Importer(2089858483,e11c23a36db5f54750b8cd40eac0985b)
Start importing Assets/_Barking_Dog/_3D Scifi Base Vol 1/Prefabs/_Legos/P_Corridor_WallAngle_03.prefab using Guid(a01f50de58a42401fb71a0d5807975a3) Importer(2089858483,e11c23a36db5f54750b8cd40eac0985b) (ScriptedImporter) -> (artifact id: '5e18164762099c619704e06bc0377954') in 0.1186209 seconds
Number of updated asset objects reloaded before import = 0Number of asset objects unloaded after import = 184

========================================================================
Received Import Request.
  Time since last request: 0.000039 seconds.
  path: Assets/_Barking_Dog/_3D Scifi Base Vol 1/Prefabs/_Props/P_Basin_02.prefab
  artifactKey: Guid(b1b24758f8cb245fdb4c8f3448cd3234) Importer(2089858483,e11c23a36db5f54750b8cd40eac0985b)
Start importing Assets/_Barking_Dog/_3D Scifi Base Vol 1/Prefabs/_Props/P_Basin_02.prefab using Guid(b1b24758f8cb245fdb4c8f3448cd3234) Importer(2089858483,e11c23a36db5f54750b8cd40eac0985b) (ScriptedImporter) -> (artifact id: 'a6e311203068a4f610b7d81688e852a4') in 0.0457949 seconds
Number of updated asset objects reloaded before import = 0Number of asset objects unloaded after import = 27

========================================================================
Received Import Request.
  Time since last request: 0.000066 seconds.
  path: Assets/_Barking_Dog/_3D Scifi Base Vol 1/Prefabs/_Props/P_Basin_01.prefab
  artifactKey: Guid(9eed909f2b80043dab663dd1c10f6fea) Importer(2089858483,e11c23a36db5f54750b8cd40eac0985b)
Start importing Assets/_Barking_Dog/_3D Scifi Base Vol 1/Prefabs/_Props/P_Basin_01.prefab using Guid(9eed909f2b80043dab663dd1c10f6fea) Importer(2089858483,e11c23a36db5f54750b8cd40eac0985b) (ScriptedImporter) -> (artifact id: '566ab9478300c7ad47d63fe6ee396bd9') in 0.0176096 seconds
Number of updated asset objects reloaded before import = 0Number of asset objects unloaded after import = 18

========================================================================
Received Import Request.
  Time since last request: 0.000027 seconds.
  path: Assets/_Barking_Dog/_3D Scifi Base Vol 1/Prefabs/_Props/P_Air_Grid_01.prefab
  artifactKey: Guid(6a531243fb4dd46cdb794c48e05fa30d) Importer(2089858483,e11c23a36db5f54750b8cd40eac0985b)
Start importing Assets/_Barking_Dog/_3D Scifi Base Vol 1/Prefabs/_Props/P_Air_Grid_01.prefab using Guid(6a531243fb4dd46cdb794c48e05fa30d) Importer(2089858483,e11c23a36db5f54750b8cd40eac0985b) (ScriptedImporter) -> (artifact id: 'c4dd9256cf2abf9727f083e74b63cffd') in 0.0271829 seconds
Number of updated asset objects reloaded before import = 0Number of asset objects unloaded after import = 18

========================================================================
Received Import Request.
  Time since last request: 0.000048 seconds.
  path: Assets/_Barking_Dog/_3D Scifi Base Vol 1/Prefabs/_Props/P_Antenna_01.prefab
  artifactKey: Guid(786fd4c0182d74eae8671308a69d6cfa) Importer(2089858483,e11c23a36db5f54750b8cd40eac0985b)
Start importing Assets/_Barking_Dog/_3D Scifi Base Vol 1/Prefabs/_Props/P_Antenna_01.prefab using Guid(786fd4c0182d74eae8671308a69d6cfa) Importer(2089858483,e11c23a36db5f54750b8cd40eac0985b) (ScriptedImporter) -> (artifact id: 'c405b4aa1e8f734d3ff444e343370d3b') in 0.0098067 seconds
Number of updated asset objects reloaded before import = 0Number of asset objects unloaded after import = 12

========================================================================
Received Import Request.
  Time since last request: 0.000031 seconds.
  path: Assets/_Barking_Dog/_3D Scifi Base Vol 1/Prefabs/_Props/P_Air_Grid_02.prefab
  artifactKey: Guid(b3836a917e87c4ce0ab16a8ea1d9cc50) Importer(2089858483,e11c23a36db5f54750b8cd40eac0985b)
Start importing Assets/_Barking_Dog/_3D Scifi Base Vol 1/Prefabs/_Props/P_Air_Grid_02.prefab using Guid(b3836a917e87c4ce0ab16a8ea1d9cc50) Importer(2089858483,e11c23a36db5f54750b8cd40eac0985b) (ScriptedImporter) -> (artifact id: '9f0062e74b691439e39217be3fda54dd') in 0.0091841 seconds
Number of updated asset objects reloaded before import = 0Number of asset objects unloaded after import = 11

========================================================================
Received Import Request.
  Time since last request: 0.000069 seconds.
  path: Assets/_Barking_Dog/_3D Scifi Base Vol 1/Prefabs/_Props/P_Bed_Couch_01.prefab
  artifactKey: Guid(45db41ab21a2241d78867a43b196f515) Importer(2089858483,e11c23a36db5f54750b8cd40eac0985b)
Start importing Assets/_Barking_Dog/_3D Scifi Base Vol 1/Prefabs/_Props/P_Bed_Couch_01.prefab using Guid(45db41ab21a2241d78867a43b196f515) Importer(2089858483,e11c23a36db5f54750b8cd40eac0985b) (ScriptedImporter) -> (artifact id: 'f278abf47a90125e889abf07b60bc128') in 0.0134157 seconds
Number of updated asset objects reloaded before import = 0Number of asset objects unloaded after import = 11

========================================================================
Received Import Request.
  Time since last request: 0.000028 seconds.
  path: Assets/_Barking_Dog/_3D Scifi Base Vol 1/Prefabs/_Props/P_Bed_Double_01.prefab
  artifactKey: Guid(87beb341ff04e43e2a8d6905cf0c2b10) Importer(2089858483,e11c23a36db5f54750b8cd40eac0985b)
Start importing Assets/_Barking_Dog/_3D Scifi Base Vol 1/Prefabs/_Props/P_Bed_Double_01.prefab using Guid(87beb341ff04e43e2a8d6905cf0c2b10) Importer(2089858483,e11c23a36db5f54750b8cd40eac0985b) (ScriptedImporter) -> (artifact id: '18bac86384a41c856a41bba986b569db') in 0.0536499 seconds
Number of updated asset objects reloaded before import = 0Number of asset objects unloaded after import = 48

========================================================================
Received Import Request.
  Time since last request: 0.000048 seconds.
  path: Assets/_Barking_Dog/_3D Scifi Base Vol 1/Prefabs/_Props/P_Can_Blue_01.prefab
  artifactKey: Guid(a2b8590e546814f4c8b542963477d374) Importer(2089858483,e11c23a36db5f54750b8cd40eac0985b)
Start importing Assets/_Barking_Dog/_3D Scifi Base Vol 1/Prefabs/_Props/P_Can_Blue_01.prefab using Guid(a2b8590e546814f4c8b542963477d374) Importer(2089858483,e11c23a36db5f54750b8cd40eac0985b) (ScriptedImporter) -> (artifact id: '8dec2899f499c6a806e3ec2c6b8c06bb') in 0.027004 seconds
Number of updated asset objects reloaded before import = 0Number of asset objects unloaded after import = 12

========================================================================
Received Import Request.
  Time since last request: 0.000046 seconds.
  path: Assets/_Barking_Dog/_3D Scifi Base Vol 1/Prefabs/_Props/P_Bench_01.prefab
  artifactKey: Guid(30a98c620fd704f458d1ad068fae8582) Importer(2089858483,e11c23a36db5f54750b8cd40eac0985b)
Start importing Assets/_Barking_Dog/_3D Scifi Base Vol 1/Prefabs/_Props/P_Bench_01.prefab using Guid(30a98c620fd704f458d1ad068fae8582) Importer(2089858483,e11c23a36db5f54750b8cd40eac0985b) (ScriptedImporter) -> (artifact id: 'df37274ec435787f7f1d8b116da42ea3') in 0.0200596 seconds
Number of updated asset objects reloaded before import = 0Number of asset objects unloaded after import = 17

========================================================================
Received Import Request.
  Time since last request: 0.000064 seconds.
  path: Assets/_Barking_Dog/_3D Scifi Base Vol 1/Prefabs/_Legos/P_Corridor_Door_01.prefab
  artifactKey: Guid(0ab482a302ed0449887885927759b70e) Importer(2089858483,e11c23a36db5f54750b8cd40eac0985b)
Start importing Assets/_Barking_Dog/_3D Scifi Base Vol 1/Prefabs/_Legos/P_Corridor_Door_01.prefab using Guid(0ab482a302ed0449887885927759b70e) Importer(2089858483,e11c23a36db5f54750b8cd40eac0985b) (ScriptedImporter) -> (artifact id: 'adf873501947736b690ed393f80240b9') in 0.3941243 seconds
Number of updated asset objects reloaded before import = 0Number of asset objects unloaded after import = 338

========================================================================
Received Import Request.
  Time since last request: 0.000038 seconds.
  path: Assets/_Barking_Dog/_3D Scifi Base Vol 1/Prefabs/_Props/P_Chair_01.prefab
  artifactKey: Guid(dbcfa25f89c064396a712cd210d31e82) Importer(2089858483,e11c23a36db5f54750b8cd40eac0985b)
Start importing Assets/_Barking_Dog/_3D Scifi Base Vol 1/Prefabs/_Props/P_Chair_01.prefab using Guid(dbcfa25f89c064396a712cd210d31e82) Importer(2089858483,e11c23a36db5f54750b8cd40eac0985b) (ScriptedImporter) -> (artifact id: 'e8d3cdc94d6d4281f5c6aa29d6c50a2e') in 0.0141668 seconds
Number of updated asset objects reloaded before import = 0Number of asset objects unloaded after import = 17

========================================================================
Received Import Request.
  Time since last request: 0.000040 seconds.
  path: Assets/_Barking_Dog/_3D Scifi Base Vol 1/Prefabs/_Props/P_Char_03.prefab
  artifactKey: Guid(9159071179cfa43b8b89dcc0bb70463f) Importer(2089858483,e11c23a36db5f54750b8cd40eac0985b)
Start importing Assets/_Barking_Dog/_3D Scifi Base Vol 1/Prefabs/_Props/P_Char_03.prefab using Guid(9159071179cfa43b8b89dcc0bb70463f) Importer(2089858483,e11c23a36db5f54750b8cd40eac0985b) (ScriptedImporter) -> (artifact id: '99441a3875dc23d56ca3c32a31dc0912') in 0.037085 seconds
Number of updated asset objects reloaded before import = 0Number of asset objects unloaded after import = 33

========================================================================
Received Import Request.
  Time since last request: 0.000027 seconds.
  path: Assets/_Barking_Dog/_3D Scifi Base Vol 1/Prefabs/_Props/P_Char_06.prefab
  artifactKey: Guid(e7988f5abbf6d443fb0e777d1ac996ac) Importer(2089858483,e11c23a36db5f54750b8cd40eac0985b)
Start importing Assets/_Barking_Dog/_3D Scifi Base Vol 1/Prefabs/_Props/P_Char_06.prefab using Guid(e7988f5abbf6d443fb0e777d1ac996ac) Importer(2089858483,e11c23a36db5f54750b8cd40eac0985b) (ScriptedImporter) -> (artifact id: '1ec6d4598e9b587a982fac9cf8efbc43') in 0.0478641 seconds
Number of updated asset objects reloaded before import = 0Number of asset objects unloaded after import = 45

========================================================================
Received Import Request.
  Time since last request: 0.000029 seconds.
  path: Assets/_Barking_Dog/_3D Scifi Base Vol 1/Prefabs/_Props/P_Computer_02.prefab
  artifactKey: Guid(0527208ba5fc749d0b96d426a6fd231b) Importer(2089858483,e11c23a36db5f54750b8cd40eac0985b)
Start importing Assets/_Barking_Dog/_3D Scifi Base Vol 1/Prefabs/_Props/P_Computer_02.prefab using Guid(0527208ba5fc749d0b96d426a6fd231b) Importer(2089858483,e11c23a36db5f54750b8cd40eac0985b) (ScriptedImporter) -> (artifact id: 'b22709cd9c873c3e325ba0425867a7c0') in 0.0318766 seconds
Number of updated asset objects reloaded before import = 0Number of asset objects unloaded after import = 29

========================================================================
Received Import Request.
  Time since last request: 0.000030 seconds.
  path: Assets/_Barking_Dog/_3D Scifi Base Vol 1/Prefabs/_Props/P_Computer_03.prefab
  artifactKey: Guid(257008f9214de4647bbc131825b77733) Importer(2089858483,e11c23a36db5f54750b8cd40eac0985b)
Start importing Assets/_Barking_Dog/_3D Scifi Base Vol 1/Prefabs/_Props/P_Computer_03.prefab using Guid(257008f9214de4647bbc131825b77733) Importer(2089858483,e11c23a36db5f54750b8cd40eac0985b) (ScriptedImporter) -> (artifact id: 'c73fc441d30109766fd7469cb13e2d4b') in 0.0371398 seconds
Number of updated asset objects reloaded before import = 0Number of asset objects unloaded after import = 47

========================================================================
Received Import Request.
  Time since last request: 0.000056 seconds.
  path: Assets/_Barking_Dog/_3D Scifi Base Vol 1/Prefabs/_Props/P_Char_04.prefab
  artifactKey: Guid(66f512b6ac13c4d5e8e8d8bb546fe702) Importer(2089858483,e11c23a36db5f54750b8cd40eac0985b)
Start importing Assets/_Barking_Dog/_3D Scifi Base Vol 1/Prefabs/_Props/P_Char_04.prefab using Guid(66f512b6ac13c4d5e8e8d8bb546fe702) Importer(2089858483,e11c23a36db5f54750b8cd40eac0985b) (ScriptedImporter) -> (artifact id: '070f484c3c13cda13c7ca0c4503d1df8') in 0.0576216 seconds
Number of updated asset objects reloaded before import = 0Number of asset objects unloaded after import = 37

========================================================================
Received Import Request.
  Time since last request: 0.000038 seconds.
  path: Assets/_Barking_Dog/_3D Scifi Base Vol 1/Prefabs/_Fx/ForceField_01.prefab
  artifactKey: Guid(725800cfa058049398fc890ae0b8f9c7) Importer(2089858483,e11c23a36db5f54750b8cd40eac0985b)
Start importing Assets/_Barking_Dog/_3D Scifi Base Vol 1/Prefabs/_Fx/ForceField_01.prefab using Guid(725800cfa058049398fc890ae0b8f9c7) Importer(2089858483,e11c23a36db5f54750b8cd40eac0985b) (ScriptedImporter) -> (artifact id: '83466ed7883bd8ab0e6b93383101156c') in 0.0230157 seconds
Number of updated asset objects reloaded before import = 0Number of asset objects unloaded after import = 14

========================================================================
Received Import Request.
  Time since last request: 0.000032 seconds.
  path: Assets/_Barking_Dog/_3D Scifi Base Vol 1/Prefabs/_Props/P_Computer_04.prefab
  artifactKey: Guid(0b6b90440584542369133afa21b89d9f) Importer(2089858483,e11c23a36db5f54750b8cd40eac0985b)
Start importing Assets/_Barking_Dog/_3D Scifi Base Vol 1/Prefabs/_Props/P_Computer_04.prefab using Guid(0b6b90440584542369133afa21b89d9f) Importer(2089858483,e11c23a36db5f54750b8cd40eac0985b) (ScriptedImporter) -> (artifact id: '07407301a680f19ffad5943a5c8daa0c') in 0.0400969 seconds
Number of updated asset objects reloaded before import = 0Number of asset objects unloaded after import = 47

========================================================================
Received Import Request.
  Time since last request: 0.000066 seconds.
  path: Assets/_Barking_Dog/_3D Scifi Base Vol 1/Prefabs/_Props/P_Computer_Dbl_05.prefab
  artifactKey: Guid(04ed93b6c9c9a45c7ac31c553816e921) Importer(2089858483,e11c23a36db5f54750b8cd40eac0985b)
Start importing Assets/_Barking_Dog/_3D Scifi Base Vol 1/Prefabs/_Props/P_Computer_Dbl_05.prefab using Guid(04ed93b6c9c9a45c7ac31c553816e921) Importer(2089858483,e11c23a36db5f54750b8cd40eac0985b) (ScriptedImporter) -> (artifact id: '18881df2fb2b1975fc921bfda310fe75') in 0.269069 seconds
Number of updated asset objects reloaded before import = 0Number of asset objects unloaded after import = 244

========================================================================
Received Import Request.
  Time since last request: 0.000056 seconds.
  path: Assets/_Barking_Dog/_3D Scifi Base Vol 1/Prefabs/_Props/P_Computer_Rack_01.prefab
  artifactKey: Guid(fd5135fbf7fd84da1929d7c1c1572e5e) Importer(2089858483,e11c23a36db5f54750b8cd40eac0985b)
Start importing Assets/_Barking_Dog/_3D Scifi Base Vol 1/Prefabs/_Props/P_Computer_Rack_01.prefab using Guid(fd5135fbf7fd84da1929d7c1c1572e5e) Importer(2089858483,e11c23a36db5f54750b8cd40eac0985b) (ScriptedImporter) -> (artifact id: 'b618b0bcb5a3884e56383e6f93483087') in 0.0167627 seconds
Number of updated asset objects reloaded before import = 0Number of asset objects unloaded after import = 11

========================================================================
Received Import Request.
  Time since last request: 0.000047 seconds.
  path: Assets/_Barking_Dog/_3D Scifi Base Vol 1/Prefabs/_Props/P_Computer_Rack_02.prefab
  artifactKey: Guid(5b254512692a74fef89e260ffbe93484) Importer(2089858483,e11c23a36db5f54750b8cd40eac0985b)
Start importing Assets/_Barking_Dog/_3D Scifi Base Vol 1/Prefabs/_Props/P_Computer_Rack_02.prefab using Guid(5b254512692a74fef89e260ffbe93484) Importer(2089858483,e11c23a36db5f54750b8cd40eac0985b) (ScriptedImporter) -> (artifact id: '5e9e9e9e93c285ae6d57ef14ef1039dd') in 0.0111975 seconds
Number of updated asset objects reloaded before import = 0Number of asset objects unloaded after import = 11

========================================================================
Received Import Request.
  Time since last request: 0.000026 seconds.
  path: Assets/_Barking_Dog/_3D Scifi Base Vol 1/Prefabs/_Props/P_Crate_Blue_Big_01.prefab
  artifactKey: Guid(a3361ac5826fa480790c9d2840d012ae) Importer(2089858483,e11c23a36db5f54750b8cd40eac0985b)
Start importing Assets/_Barking_Dog/_3D Scifi Base Vol 1/Prefabs/_Props/P_Crate_Blue_Big_01.prefab using Guid(a3361ac5826fa480790c9d2840d012ae) Importer(2089858483,e11c23a36db5f54750b8cd40eac0985b) (ScriptedImporter) -> (artifact id: '15f33a8ab0405f4b90440154b8482958') in 0.0158478 seconds
Number of updated asset objects reloaded before import = 0Number of asset objects unloaded after import = 17

========================================================================
Received Import Request.
  Time since last request: 0.000029 seconds.
  path: Assets/_Barking_Dog/_3D Scifi Base Vol 1/Prefabs/_Props/P_Char_05.prefab
  artifactKey: Guid(960d1c03ec6d44102ac6524b098e1eb8) Importer(2089858483,e11c23a36db5f54750b8cd40eac0985b)
Start importing Assets/_Barking_Dog/_3D Scifi Base Vol 1/Prefabs/_Props/P_Char_05.prefab using Guid(960d1c03ec6d44102ac6524b098e1eb8) Importer(2089858483,e11c23a36db5f54750b8cd40eac0985b) (ScriptedImporter) -> (artifact id: 'c6f4875dcf91afc2c9c374b6717fe24e') in 0.0505089 seconds
Number of updated asset objects reloaded before import = 0Number of asset objects unloaded after import = 74

========================================================================
Received Import Request.
  Time since last request: 0.000045 seconds.
  path: Assets/_Barking_Dog/_3D Scifi Base Vol 1/Prefabs/_Doors/Horizontal_Doors_Kit.prefab
  artifactKey: Guid(493786f8822084ddf9dd64b47a40c45e) Importer(2089858483,e11c23a36db5f54750b8cd40eac0985b)
Start importing Assets/_Barking_Dog/_3D Scifi Base Vol 1/Prefabs/_Doors/Horizontal_Doors_Kit.prefab using Guid(493786f8822084ddf9dd64b47a40c45e) Importer(2089858483,e11c23a36db5f54750b8cd40eac0985b) (ScriptedImporter) -> (artifact id: '04f727821d285c240df920537d9f9a10') in 0.0232391 seconds
Number of updated asset objects reloaded before import = 0Number of asset objects unloaded after import = 6

========================================================================
Received Import Request.
  Time since last request: 0.000035 seconds.
  path: Assets/_Barking_Dog/_3D Scifi Base Vol 1/Prefabs/_Props/P_Bed_Simple_01.prefab
  artifactKey: Guid(8572b8d18825e42ac868f80a808a5bc5) Importer(2089858483,e11c23a36db5f54750b8cd40eac0985b)
Start importing Assets/_Barking_Dog/_3D Scifi Base Vol 1/Prefabs/_Props/P_Bed_Simple_01.prefab using Guid(8572b8d18825e42ac868f80a808a5bc5) Importer(2089858483,e11c23a36db5f54750b8cd40eac0985b) (ScriptedImporter) -> (artifact id: '3d6c39e0aa6a89a8829d179e757d307e') in 0.0280254 seconds
Number of updated asset objects reloaded before import = 0Number of asset objects unloaded after import = 35

========================================================================
Received Import Request.
  Time since last request: 0.000040 seconds.
  path: Assets/_Barking_Dog/_3D Scifi Base Vol 1/Prefabs/_Legos/P_Big_Base_02.prefab
  artifactKey: Guid(9140e3f988ff2424ab4b785ecfc6e0fa) Importer(2089858483,e11c23a36db5f54750b8cd40eac0985b)
Start importing Assets/_Barking_Dog/_3D Scifi Base Vol 1/Prefabs/_Legos/P_Big_Base_02.prefab using Guid(9140e3f988ff2424ab4b785ecfc6e0fa) Importer(2089858483,e11c23a36db5f54750b8cd40eac0985b) (ScriptedImporter) -> (artifact id: '4a8dfc7340920bac7475592330381c5b') in 0.7958615 seconds
Number of updated asset objects reloaded before import = 0Number of asset objects unloaded after import = 1361

========================================================================
Received Import Request.
  Time since last request: 0.000104 seconds.
  path: Assets/_Barking_Dog/_3D Scifi Base Vol 1/Prefabs/_Props/P_Laser_Fence_05.prefab
  artifactKey: Guid(3fe935ac1528a447eb3aff08371570d7) Importer(2089858483,e11c23a36db5f54750b8cd40eac0985b)
Start importing Assets/_Barking_Dog/_3D Scifi Base Vol 1/Prefabs/_Props/P_Laser_Fence_05.prefab using Guid(3fe935ac1528a447eb3aff08371570d7) Importer(2089858483,e11c23a36db5f54750b8cd40eac0985b) (ScriptedImporter) -> (artifact id: '6a3d21a448314eb9f1b9c9d8e3e0748a') in 0.034456 seconds
Number of updated asset objects reloaded before import = 0Number of asset objects unloaded after import = 30

========================================================================
Received Import Request.
  Time since last request: 0.000052 seconds.
  path: Assets/_Barking_Dog/_3D Scifi Base Vol 1/Prefabs/_Props/P_Laser_Fence_06.prefab
  artifactKey: Guid(19ccaadc457334542a80e5ff3172f1a9) Importer(2089858483,e11c23a36db5f54750b8cd40eac0985b)
Start importing Assets/_Barking_Dog/_3D Scifi Base Vol 1/Prefabs/_Props/P_Laser_Fence_06.prefab using Guid(19ccaadc457334542a80e5ff3172f1a9) Importer(2089858483,e11c23a36db5f54750b8cd40eac0985b) (ScriptedImporter) -> (artifact id: '51fdc945f6173bba1e89a1b7ee4ab7cf') in 0.0252275 seconds
Number of updated asset objects reloaded before import = 0Number of asset objects unloaded after import = 38

========================================================================
Received Import Request.
  Time since last request: 0.000030 seconds.
  path: Assets/_Barking_Dog/_3D Scifi Base Vol 1/Prefabs/_Props/P_Keyboard_01.prefab
  artifactKey: Guid(f90114997cb054a82898c9f61cf5570d) Importer(2089858483,e11c23a36db5f54750b8cd40eac0985b)
Start importing Assets/_Barking_Dog/_3D Scifi Base Vol 1/Prefabs/_Props/P_Keyboard_01.prefab using Guid(f90114997cb054a82898c9f61cf5570d) Importer(2089858483,e11c23a36db5f54750b8cd40eac0985b) (ScriptedImporter) -> (artifact id: '81b888b4eafe57fccee7ece57c250ffa') in 0.0097826 seconds
Number of updated asset objects reloaded before import = 0Number of asset objects unloaded after import = 10

========================================================================
Received Import Request.
  Time since last request: 0.000028 seconds.
  path: Assets/_Barking_Dog/_3D Scifi Base Vol 1/Prefabs/_Props/P_Reactor_01.prefab
  artifactKey: Guid(0d54565c439114532ac5175bbc9012aa) Importer(2089858483,e11c23a36db5f54750b8cd40eac0985b)
Start importing Assets/_Barking_Dog/_3D Scifi Base Vol 1/Prefabs/_Props/P_Reactor_01.prefab using Guid(0d54565c439114532ac5175bbc9012aa) Importer(2089858483,e11c23a36db5f54750b8cd40eac0985b) (ScriptedImporter) -> (artifact id: '1d9c057e615c20433e109dfb6595c637') in 0.1231017 seconds
Number of updated asset objects reloaded before import = 0Number of asset objects unloaded after import = 126

========================================================================
Received Import Request.
  Time since last request: 0.000056 seconds.
  path: Assets/_Barking_Dog/_3D Scifi Base Vol 1/Prefabs/_Props/P_Reactor_06.prefab
  artifactKey: Guid(215f9a3af47774f828bbcad397c6f8cd) Importer(2089858483,e11c23a36db5f54750b8cd40eac0985b)
Start importing Assets/_Barking_Dog/_3D Scifi Base Vol 1/Prefabs/_Props/P_Reactor_06.prefab using Guid(215f9a3af47774f828bbcad397c6f8cd) Importer(2089858483,e11c23a36db5f54750b8cd40eac0985b) (ScriptedImporter) -> (artifact id: 'a4dde0365aa47e49151ba520d2cf0aa1') in 0.1121608 seconds
Number of updated asset objects reloaded before import = 0Number of asset objects unloaded after import = 105

========================================================================
Received Import Request.
  Time since last request: 0.000050 seconds.
  path: Assets/_Barking_Dog/_3D Scifi Base Vol 1/Prefabs/_Props/P_Reactor_03.prefab
  artifactKey: Guid(c89dc320a761649c8a956f848d98dbdd) Importer(2089858483,e11c23a36db5f54750b8cd40eac0985b)
Start importing Assets/_Barking_Dog/_3D Scifi Base Vol 1/Prefabs/_Props/P_Reactor_03.prefab using Guid(c89dc320a761649c8a956f848d98dbdd) Importer(2089858483,e11c23a36db5f54750b8cd40eac0985b) (ScriptedImporter) -> (artifact id: 'af8d4c5a9c3a101dfb8a1ebf08e763c0') in 0.0975942 seconds
Number of updated asset objects reloaded before import = 0Number of asset objects unloaded after import = 90

========================================================================
Received Import Request.
  Time since last request: 0.000035 seconds.
  path: Assets/_Barking_Dog/_3D Scifi Base Vol 1/Prefabs/_Props/P_Table_Big_Chairs_01.prefab
  artifactKey: Guid(e9847728308c64fdc927ebea4c9e001c) Importer(2089858483,e11c23a36db5f54750b8cd40eac0985b)
Start importing Assets/_Barking_Dog/_3D Scifi Base Vol 1/Prefabs/_Props/P_Table_Big_Chairs_01.prefab using Guid(e9847728308c64fdc927ebea4c9e001c) Importer(2089858483,e11c23a36db5f54750b8cd40eac0985b) (ScriptedImporter) -> (artifact id: '83f2299ee41233abac506664ff05a07b') in 0.0660895 seconds
Number of updated asset objects reloaded before import = 0Number of asset objects unloaded after import = 97

========================================================================
Received Import Request.
  Time since last request: 0.000031 seconds.
  path: Assets/_Barking_Dog/_3D Scifi Base Vol 1/Prefabs/_Props/P_Reactor_02.prefab
  artifactKey: Guid(10a0d0974d31f4badbe65bd49939c6c3) Importer(2089858483,e11c23a36db5f54750b8cd40eac0985b)
Start importing Assets/_Barking_Dog/_3D Scifi Base Vol 1/Prefabs/_Props/P_Reactor_02.prefab using Guid(10a0d0974d31f4badbe65bd49939c6c3) Importer(2089858483,e11c23a36db5f54750b8cd40eac0985b) (ScriptedImporter) -> (artifact id: 'd7e459830eabb51ab3ce5b371540b153') in 0.2421041 seconds
Number of updated asset objects reloaded before import = 0Number of asset objects unloaded after import = 236

========================================================================
Received Import Request.
  Time since last request: 0.000058 seconds.
  path: Assets/_Barking_Dog/_3D Scifi Base Vol 1/Prefabs/_Props/P_Table_01.prefab
  artifactKey: Guid(94b7b188baf4c4c5fa47778e68e3ba70) Importer(2089858483,e11c23a36db5f54750b8cd40eac0985b)
Start importing Assets/_Barking_Dog/_3D Scifi Base Vol 1/Prefabs/_Props/P_Table_01.prefab using Guid(94b7b188baf4c4c5fa47778e68e3ba70) Importer(2089858483,e11c23a36db5f54750b8cd40eac0985b) (ScriptedImporter) -> (artifact id: '8c06730426b6a8fc13a1272a0047895d') in 0.0104785 seconds
Number of updated asset objects reloaded before import = 0Number of asset objects unloaded after import = 12

========================================================================
Received Import Request.
  Time since last request: 0.000029 seconds.
  path: Assets/_Barking_Dog/_3D Scifi Base Vol 1/Prefabs/_Props/P_Wall_Console_01.prefab
  artifactKey: Guid(230f69ba8591849ec8333b2e9e2523dd) Importer(2089858483,e11c23a36db5f54750b8cd40eac0985b)
Start importing Assets/_Barking_Dog/_3D Scifi Base Vol 1/Prefabs/_Props/P_Wall_Console_01.prefab using Guid(230f69ba8591849ec8333b2e9e2523dd) Importer(2089858483,e11c23a36db5f54750b8cd40eac0985b) (ScriptedImporter) -> (artifact id: '7d6d60129ca9a7f4319e181e77408bee') in 0.0133516 seconds
Number of updated asset objects reloaded before import = 0Number of asset objects unloaded after import = 11

========================================================================
Received Import Request.
  Time since last request: 0.000059 seconds.
  path: Assets/_Barking_Dog/_3D Scifi Base Vol 1/Prefabs/_Props/P_Table_Round_01.prefab
  artifactKey: Guid(fcf07e63355d44749a677a39fa24d090) Importer(2089858483,e11c23a36db5f54750b8cd40eac0985b)
Start importing Assets/_Barking_Dog/_3D Scifi Base Vol 1/Prefabs/_Props/P_Table_Round_01.prefab using Guid(fcf07e63355d44749a677a39fa24d090) Importer(2089858483,e11c23a36db5f54750b8cd40eac0985b) (ScriptedImporter) -> (artifact id: 'f4fa07f5e45373afb02d717c8a906bef') in 0.078364 seconds
Number of updated asset objects reloaded before import = 0Number of asset objects unloaded after import = 60

========================================================================
Received Import Request.
  Time since last request: 0.000035 seconds.
  path: Assets/_Barking_Dog/_3D Scifi Base Vol 1/Prefabs/_Props/P_Wall_TV_01.prefab
  artifactKey: Guid(ca561006757c14416add12f5ba07dba8) Importer(2089858483,e11c23a36db5f54750b8cd40eac0985b)
Start importing Assets/_Barking_Dog/_3D Scifi Base Vol 1/Prefabs/_Props/P_Wall_TV_01.prefab using Guid(ca561006757c14416add12f5ba07dba8) Importer(2089858483,e11c23a36db5f54750b8cd40eac0985b) (ScriptedImporter) -> (artifact id: '533f65239160d2987a63c95656271745') in 0.0345693 seconds
Number of updated asset objects reloaded before import = 0Number of asset objects unloaded after import = 20

========================================================================
Received Import Request.
  Time since last request: 0.000052 seconds.
  path: Assets/_Barking_Dog/_3D Scifi Base Vol 1/Prefabs/_Props/P_Wall_Heal_01.prefab
  artifactKey: Guid(bc6a928e3b2e44296b0ec43134239344) Importer(2089858483,e11c23a36db5f54750b8cd40eac0985b)
Start importing Assets/_Barking_Dog/_3D Scifi Base Vol 1/Prefabs/_Props/P_Wall_Heal_01.prefab using Guid(bc6a928e3b2e44296b0ec43134239344) Importer(2089858483,e11c23a36db5f54750b8cd40eac0985b) (ScriptedImporter) -> (artifact id: 'ba49139aa3fe5cba4d5387ef538e8ddc') in 0.0149219 seconds
Number of updated asset objects reloaded before import = 0Number of asset objects unloaded after import = 12

========================================================================
Received Import Request.
  Time since last request: 0.000030 seconds.
  path: Assets/_Barking_Dog/_3D Scifi Base Vol 1/Prefabs/_Props/P_Table_Laptop_02.prefab
  artifactKey: Guid(3f0d6e61bad404329951d3393a32bcd6) Importer(2089858483,e11c23a36db5f54750b8cd40eac0985b)
Start importing Assets/_Barking_Dog/_3D Scifi Base Vol 1/Prefabs/_Props/P_Table_Laptop_02.prefab using Guid(3f0d6e61bad404329951d3393a32bcd6) Importer(2089858483,e11c23a36db5f54750b8cd40eac0985b) (ScriptedImporter) -> (artifact id: '779d46eb8b3b2c6376729dad33608403') in 0.0396238 seconds
Number of updated asset objects reloaded before import = 0Number of asset objects unloaded after import = 61

========================================================================
Received Import Request.
  Time since last request: 0.000032 seconds.
  path: Assets/_Barking_Dog/_3D Scifi Base Vol 1/SpeedTree/Broadleaf/BroadleafBark.tga
  artifactKey: Guid(2c1c27ec8c3b75a4c80a795adc9ca788) Importer(2089858483,b0f066a214c2f5e87bad3c948f4d605d)
Start importing Assets/_Barking_Dog/_3D Scifi Base Vol 1/SpeedTree/Broadleaf/BroadleafBark.tga using Guid(2c1c27ec8c3b75a4c80a795adc9ca788) Importer(2089858483,b0f066a214c2f5e87bad3c948f4d605d) (ScriptedImporter) -> (artifact id: 'c8f53c8e0124af3aa2bc3a3fbb2097cf') in 0.0677902 seconds
Number of updated asset objects reloaded before import = 0Number of asset objects unloaded after import = 1

========================================================================
Received Import Request.
  Time since last request: 0.000038 seconds.
  path: Assets/_Barking_Dog/_3D Scifi Base Vol 1/SpeedTree/Broadleaf/Broadleaf_Desktop_Atlas_Normal.tga
  artifactKey: Guid(b552931caa1b3ea418b9ba90cbd1333e) Importer(2089858483,b0f066a214c2f5e87bad3c948f4d605d)
Start importing Assets/_Barking_Dog/_3D Scifi Base Vol 1/SpeedTree/Broadleaf/Broadleaf_Desktop_Atlas_Normal.tga using Guid(b552931caa1b3ea418b9ba90cbd1333e) Importer(2089858483,b0f066a214c2f5e87bad3c948f4d605d) (ScriptedImporter) -> (artifact id: 'd1df9b466ee948f5f54979afce7eff89') in 0.039523 seconds
Number of updated asset objects reloaded before import = 0Number of asset objects unloaded after import = 1

========================================================================
Received Import Request.
  Time since last request: 0.000051 seconds.
  path: Assets/_Barking_Dog/_3D Scifi Base Vol 1/SpeedTree/Broadleaf/BroadleafBark_Normal.tga
  artifactKey: Guid(34f07406286974e4ca236867d8d58b51) Importer(2089858483,b0f066a214c2f5e87bad3c948f4d605d)
Start importing Assets/_Barking_Dog/_3D Scifi Base Vol 1/SpeedTree/Broadleaf/BroadleafBark_Normal.tga using Guid(34f07406286974e4ca236867d8d58b51) Importer(2089858483,b0f066a214c2f5e87bad3c948f4d605d) (ScriptedImporter) -> (artifact id: 'eee2f430d02397c3efb573916a391488') in 0.0334883 seconds
Number of updated asset objects reloaded before import = 0Number of asset objects unloaded after import = 1

========================================================================
Received Import Request.
  Time since last request: 0.000025 seconds.
  path: Assets/_Barking_Dog/_3D Scifi Base Vol 1/SpeedTree/Broadleaf/Broadleaf_Desktop_Atlas_Billboards_Normal.tga
  artifactKey: Guid(0ec79c3d1dd0fb640b7f3f72ebb28f74) Importer(2089858483,b0f066a214c2f5e87bad3c948f4d605d)
Start importing Assets/_Barking_Dog/_3D Scifi Base Vol 1/SpeedTree/Broadleaf/Broadleaf_Desktop_Atlas_Billboards_Normal.tga using Guid(0ec79c3d1dd0fb640b7f3f72ebb28f74) Importer(2089858483,b0f066a214c2f5e87bad3c948f4d605d) (ScriptedImporter) -> (artifact id: '7fb264cbd34baeba6a07a5066808c5ef') in 0.031282 seconds
Number of updated asset objects reloaded before import = 0Number of asset objects unloaded after import = 1

========================================================================
Received Import Request.
  Time since last request: 0.000047 seconds.
  path: Assets/_Barking_Dog/_3D Scifi Base Vol 1/SpeedTree/Broadleaf/Broadleaf_Desktop_Atlas_Billboards.tga
  artifactKey: Guid(951aab9a19f551f4385d0ceafdaf19b4) Importer(2089858483,b0f066a214c2f5e87bad3c948f4d605d)
Start importing Assets/_Barking_Dog/_3D Scifi Base Vol 1/SpeedTree/Broadleaf/Broadleaf_Desktop_Atlas_Billboards.tga using Guid(951aab9a19f551f4385d0ceafdaf19b4) Importer(2089858483,b0f066a214c2f5e87bad3c948f4d605d) (ScriptedImporter) -> (artifact id: '54347b37d36bc8a85483b249ef173d9c') in 0.0262727 seconds
Number of updated asset objects reloaded before import = 0Number of asset objects unloaded after import = 1

========================================================================
Received Import Request.
  Time since last request: 0.000029 seconds.
  path: Assets/_Barking_Dog/_3D Scifi Base Vol 1/SpeedTree/Broadleaf/Broadleaves_Card_Desktop_Spec.tga
  artifactKey: Guid(6308da3d0ff986b42be3b0a6ea5b6fae) Importer(2089858483,b0f066a214c2f5e87bad3c948f4d605d)
Start importing Assets/_Barking_Dog/_3D Scifi Base Vol 1/SpeedTree/Broadleaf/Broadleaves_Card_Desktop_Spec.tga using Guid(6308da3d0ff986b42be3b0a6ea5b6fae) Importer(2089858483,b0f066a214c2f5e87bad3c948f4d605d) (ScriptedImporter) -> (artifact id: '5fcf1dbde748e5550f0528cb8d75982b') in 0.0260906 seconds
Number of updated asset objects reloaded before import = 0Number of asset objects unloaded after import = 1

========================================================================
Received Import Request.
  Time since last request: 0.000037 seconds.
  path: Assets/_Barking_Dog/_3D Scifi Base Vol 1/SpeedTree/Broadleaf/Broadleaves_Card_Desktop.tga
  artifactKey: Guid(ea60173ceac07334c91568c48cc765cd) Importer(2089858483,b0f066a214c2f5e87bad3c948f4d605d)
Start importing Assets/_Barking_Dog/_3D Scifi Base Vol 1/SpeedTree/Broadleaf/Broadleaves_Card_Desktop.tga using Guid(ea60173ceac07334c91568c48cc765cd) Importer(2089858483,b0f066a214c2f5e87bad3c948f4d605d) (ScriptedImporter) -> (artifact id: 'cb82a6ae1b7b5047e69faacf821883d4') in 0.0276785 seconds
Number of updated asset objects reloaded before import = 0Number of asset objects unloaded after import = 1

========================================================================
Received Import Request.
  Time since last request: 0.000026 seconds.
  path: Assets/_Barking_Dog/_3D Scifi Base Vol 1/SpeedTree/Broadleaf/Broadleaf_Mobile_Atlas_Specular.tga
  artifactKey: Guid(45cab4c9b31009748999eec1556926b3) Importer(2089858483,b0f066a214c2f5e87bad3c948f4d605d)
Start importing Assets/_Barking_Dog/_3D Scifi Base Vol 1/SpeedTree/Broadleaf/Broadleaf_Mobile_Atlas_Specular.tga using Guid(45cab4c9b31009748999eec1556926b3) Importer(2089858483,b0f066a214c2f5e87bad3c948f4d605d) (ScriptedImporter) -> (artifact id: '80547fee6129e6d1113e7cc2c3a364e3') in 0.0165267 seconds
Number of updated asset objects reloaded before import = 0Number of asset objects unloaded after import = 1

========================================================================
Received Import Request.
  Time since last request: 0.000058 seconds.
  path: Assets/_Barking_Dog/_3D Scifi Base Vol 1/SpeedTree/Broadleaf/Broadleaf_Mobile_Atlas_Billboards_Normal.tga
  artifactKey: Guid(c9de3ae2361df6c469caeb2024321cbf) Importer(2089858483,b0f066a214c2f5e87bad3c948f4d605d)
Start importing Assets/_Barking_Dog/_3D Scifi Base Vol 1/SpeedTree/Broadleaf/Broadleaf_Mobile_Atlas_Billboards_Normal.tga using Guid(c9de3ae2361df6c469caeb2024321cbf) Importer(2089858483,b0f066a214c2f5e87bad3c948f4d605d) (ScriptedImporter) -> (artifact id: 'b4e319e6206cb22d1448039945a13ead') in 0.0311951 seconds
Number of updated asset objects reloaded before import = 0Number of asset objects unloaded after import = 1

========================================================================
Received Import Request.
  Time since last request: 0.000029 seconds.
  path: Assets/_Barking_Dog/_3D Scifi Base Vol 1/SpeedTree/Broadleaf/Broadleaf_Mobile.spm
  artifactKey: Guid(6aab193b7693b5e4c9741f1917d2987c) Importer(2089858483,b0f066a214c2f5e87bad3c948f4d605d)
Start importing Assets/_Barking_Dog/_3D Scifi Base Vol 1/SpeedTree/Broadleaf/Broadleaf_Mobile.spm using Guid(6aab193b7693b5e4c9741f1917d2987c) Importer(2089858483,b0f066a214c2f5e87bad3c948f4d605d) (ScriptedImporter) -> (artifact id: '0b5b4d366826f31214270bcd492e012c') in 0.0280767 seconds
Number of updated asset objects reloaded before import = 0Number of asset objects unloaded after import = 40

========================================================================
Received Import Request.
  Time since last request: 0.000041 seconds.
  path: Assets/_Barking_Dog/_3D Scifi Base Vol 1/SpeedTree/Broadleaf/Broadleaf_Mobile_Atlas_Billboards.tga
  artifactKey: Guid(bc6e7e1374ff3e1459f65bf72da64c85) Importer(2089858483,b0f066a214c2f5e87bad3c948f4d605d)
Start importing Assets/_Barking_Dog/_3D Scifi Base Vol 1/SpeedTree/Broadleaf/Broadleaf_Mobile_Atlas_Billboards.tga using Guid(bc6e7e1374ff3e1459f65bf72da64c85) Importer(2089858483,b0f066a214c2f5e87bad3c948f4d605d) (ScriptedImporter) -> (artifact id: 'f7a9b0329022b08679f2581a1513ace5') in 0.0282735 seconds
Number of updated asset objects reloaded before import = 0Number of asset objects unloaded after import = 1

========================================================================
Received Import Request.
  Time since last request: 0.000057 seconds.
  path: Assets/_Barking_Dog/_3D Scifi Base Vol 1/SpeedTree/Broadleaf/Broadleaf_Mobile_Atlas_Normal.tga
  artifactKey: Guid(be053ea3235ccb64a889bf0b15c2764b) Importer(2089858483,b0f066a214c2f5e87bad3c948f4d605d)
Start importing Assets/_Barking_Dog/_3D Scifi Base Vol 1/SpeedTree/Broadleaf/Broadleaf_Mobile_Atlas_Normal.tga using Guid(be053ea3235ccb64a889bf0b15c2764b) Importer(2089858483,b0f066a214c2f5e87bad3c948f4d605d) (ScriptedImporter) -> (artifact id: 'b01638cee2b360a34f6ca1b62a8f342a') in 0.0543813 seconds
Number of updated asset objects reloaded before import = 0Number of asset objects unloaded after import = 1

========================================================================
Received Import Request.
  Time since last request: 0.000029 seconds.
  path: Assets/_Barking_Dog/_3D Scifi Base Vol 1/SpeedTree/Broadleaf/Broadleaves_Desktop_Spec.tga
  artifactKey: Guid(30586af2d47849140b2d533bb6f75eaa) Importer(2089858483,b0f066a214c2f5e87bad3c948f4d605d)
Start importing Assets/_Barking_Dog/_3D Scifi Base Vol 1/SpeedTree/Broadleaf/Broadleaves_Desktop_Spec.tga using Guid(30586af2d47849140b2d533bb6f75eaa) Importer(2089858483,b0f066a214c2f5e87bad3c948f4d605d) (ScriptedImporter) -> (artifact id: 'c168e7632c06ffc3d0c9d95b36fb9f5f') in 0.0424757 seconds
Number of updated asset objects reloaded before import = 0Number of asset objects unloaded after import = 1

========================================================================
Received Import Request.
  Time since last request: 0.000047 seconds.
  path: Assets/_Barking_Dog/_3D Scifi Base Vol 1/SpeedTree/Broadleaf/Broadleaves_Desktop_Normal.tga
  artifactKey: Guid(e7b2d3eeb0a4d694792c93a8ab87e4a4) Importer(2089858483,b0f066a214c2f5e87bad3c948f4d605d)
Start importing Assets/_Barking_Dog/_3D Scifi Base Vol 1/SpeedTree/Broadleaf/Broadleaves_Desktop_Normal.tga using Guid(e7b2d3eeb0a4d694792c93a8ab87e4a4) Importer(2089858483,b0f066a214c2f5e87bad3c948f4d605d) (ScriptedImporter) -> (artifact id: 'c85bfc19f27e47fdcc80152f9faeab92') in 0.0187357 seconds
Number of updated asset objects reloaded before import = 0Number of asset objects unloaded after import = 1

========================================================================
Received Import Request.
  Time since last request: 0.000024 seconds.
  path: Assets/_Barking_Dog/_3D Scifi Base Vol 1/SpeedTree/Broadleaf/Cap_02.tga
  artifactKey: Guid(ee07ea8cb1a00c844b4048d37dcfe712) Importer(2089858483,b0f066a214c2f5e87bad3c948f4d605d)
Start importing Assets/_Barking_Dog/_3D Scifi Base Vol 1/SpeedTree/Broadleaf/Cap_02.tga using Guid(ee07ea8cb1a00c844b4048d37dcfe712) Importer(2089858483,b0f066a214c2f5e87bad3c948f4d605d) (ScriptedImporter) -> (artifact id: 'a1d0f7a35a903e2a815d39c0e2cb5878') in 0.0112391 seconds
Number of updated asset objects reloaded before import = 0Number of asset objects unloaded after import = 1

========================================================================
Received Import Request.
  Time since last request: 0.000037 seconds.
  path: Assets/_Barking_Dog/_3D Scifi Base Vol 1/SpeedTree/Broadleaf/Cap_02_Normal.tga
  artifactKey: Guid(371fa5d370f67534696194100d17bfad) Importer(2089858483,b0f066a214c2f5e87bad3c948f4d605d)
Start importing Assets/_Barking_Dog/_3D Scifi Base Vol 1/SpeedTree/Broadleaf/Cap_02_Normal.tga using Guid(371fa5d370f67534696194100d17bfad) Importer(2089858483,b0f066a214c2f5e87bad3c948f4d605d) (ScriptedImporter) -> (artifact id: 'b22d4ab6bd1bdea0dbe194f200c56f8f') in 0.0326984 seconds
Number of updated asset objects reloaded before import = 0Number of asset objects unloaded after import = 1

========================================================================
Received Import Request.
  Time since last request: 0.000050 seconds.
  path: Assets/_Barking_Dog/_3D Scifi Base Vol 1/SpeedTree/Broadleaf/Broadleaves_Card_Desktop_Normal.tga
  artifactKey: Guid(f0d8945c7972e4747aa776e16494fa37) Importer(2089858483,b0f066a214c2f5e87bad3c948f4d605d)
Start importing Assets/_Barking_Dog/_3D Scifi Base Vol 1/SpeedTree/Broadleaf/Broadleaves_Card_Desktop_Normal.tga using Guid(f0d8945c7972e4747aa776e16494fa37) Importer(2089858483,b0f066a214c2f5e87bad3c948f4d605d) (ScriptedImporter) -> (artifact id: '4063a4c3b40da4e5a705500952b1749e') in 0.0371545 seconds
Number of updated asset objects reloaded before import = 0Number of asset objects unloaded after import = 1

========================================================================
Received Import Request.
  Time since last request: 0.000079 seconds.
  path: Assets/_Barking_Dog/_3D Scifi Base Vol 1/SpeedTree/Conifer/Conifer_Desktop_Atlas_Billboards_Normal.tga
  artifactKey: Guid(6c2afc8a038f69f4aa35c25dcd94fd55) Importer(2089858483,b0f066a214c2f5e87bad3c948f4d605d)
Start importing Assets/_Barking_Dog/_3D Scifi Base Vol 1/SpeedTree/Conifer/Conifer_Desktop_Atlas_Billboards_Normal.tga using Guid(6c2afc8a038f69f4aa35c25dcd94fd55) Importer(2089858483,b0f066a214c2f5e87bad3c948f4d605d) (ScriptedImporter) -> (artifact id: 'a6cf2425ddc2300808a504df6de072f6') in 0.034548 seconds
Number of updated asset objects reloaded before import = 0Number of asset objects unloaded after import = 1

========================================================================
Received Import Request.
  Time since last request: 0.000222 seconds.
  path: Assets/_Barking_Dog/_3D Scifi Base Vol 1/SpeedTree/Conifer/Conifer_Desktop_Atlas_Specular.tga
  artifactKey: Guid(41232aac50fb25a40b390906295f9aa6) Importer(2089858483,b0f066a214c2f5e87bad3c948f4d605d)
Start importing Assets/_Barking_Dog/_3D Scifi Base Vol 1/SpeedTree/Conifer/Conifer_Desktop_Atlas_Specular.tga using Guid(41232aac50fb25a40b390906295f9aa6) Importer(2089858483,b0f066a214c2f5e87bad3c948f4d605d) (ScriptedImporter) -> (artifact id: 'feb3f34d22e48366fac7c5c2dc8fc9a4') in 0.025997 seconds
Number of updated asset objects reloaded before import = 0Number of asset objects unloaded after import = 1

========================================================================
Received Import Request.
  Time since last request: 0.000067 seconds.
  path: Assets/_Barking_Dog/_3D Scifi Base Vol 1/SpeedTree/Conifer/Conifer_Desktop_Atlas.tga
  artifactKey: Guid(ea9799c461d3f6e4eb0be2264829282d) Importer(2089858483,b0f066a214c2f5e87bad3c948f4d605d)
Start importing Assets/_Barking_Dog/_3D Scifi Base Vol 1/SpeedTree/Conifer/Conifer_Desktop_Atlas.tga using Guid(ea9799c461d3f6e4eb0be2264829282d) Importer(2089858483,b0f066a214c2f5e87bad3c948f4d605d) (ScriptedImporter) -> (artifact id: '8eabe9f24293c52dca5e5ca54e555014') in 0.0382228 seconds
Number of updated asset objects reloaded before import = 0Number of asset objects unloaded after import = 1

========================================================================
Received Import Request.
  Time since last request: 0.000029 seconds.
  path: Assets/_Barking_Dog/_3D Scifi Base Vol 1/SpeedTree/Broadleaf/ClippedFrond_Normal.tga
  artifactKey: Guid(98a0c4bded48f6e488eb93670599274e) Importer(2089858483,b0f066a214c2f5e87bad3c948f4d605d)
Start importing Assets/_Barking_Dog/_3D Scifi Base Vol 1/SpeedTree/Broadleaf/ClippedFrond_Normal.tga using Guid(98a0c4bded48f6e488eb93670599274e) Importer(2089858483,b0f066a214c2f5e87bad3c948f4d605d) (ScriptedImporter) -> (artifact id: 'b6524e7d60bbda7f0622723668785612') in 0.0191018 seconds
Number of updated asset objects reloaded before import = 0Number of asset objects unloaded after import = 1

========================================================================
Received Import Request.
  Time since last request: 0.000145 seconds.
  path: Assets/_Barking_Dog/_3D Scifi Base Vol 1/SpeedTree/Conifer/Conifer_Desktop_Atlas_Billboards.tga
  artifactKey: Guid(612b65e0cd1576e4bbba0516d756a99d) Importer(2089858483,b0f066a214c2f5e87bad3c948f4d605d)
Start importing Assets/_Barking_Dog/_3D Scifi Base Vol 1/SpeedTree/Conifer/Conifer_Desktop_Atlas_Billboards.tga using Guid(612b65e0cd1576e4bbba0516d756a99d) Importer(2089858483,b0f066a214c2f5e87bad3c948f4d605d) (ScriptedImporter) -> (artifact id: '5675bd76903bfa358f034bf435c732ea') in 0.0305357 seconds
Number of updated asset objects reloaded before import = 0Number of asset objects unloaded after import = 1

========================================================================
Received Import Request.
  Time since last request: 0.000312 seconds.
  path: Assets/3D Asserts/Lizard man/Medieval Series/Lizard Men/Animations/Anim_LizardMan@idle.FBX
  artifactKey: Guid(93d1886728351fd48af291e67e46e1af) Importer(2089858483,b0f066a214c2f5e87bad3c948f4d605d)
Start importing Assets/3D Asserts/Lizard man/Medieval Series/Lizard Men/Animations/Anim_LizardMan@idle.FBX using Guid(93d1886728351fd48af291e67e46e1af) Importer(2089858483,b0f066a214c2f5e87bad3c948f4d605d) (ScriptedImporter) -> (artifact id: '88491abd328a4be735c63bcee035a3a0') in 0.0546996 seconds
Number of updated asset objects reloaded before import = 0Number of asset objects unloaded after import = 217

========================================================================
Received Import Request.
  Time since last request: 0.000067 seconds.
  path: Assets/3D Asserts/Lizard man/Medieval Series/Lizard Men/Animations/Anim_Lizardman@fishing.FBX
  artifactKey: Guid(25aaac7aae0ccd645b3b0f36b095c765) Importer(2089858483,b0f066a214c2f5e87bad3c948f4d605d)
Start importing Assets/3D Asserts/Lizard man/Medieval Series/Lizard Men/Animations/Anim_Lizardman@fishing.FBX using Guid(25aaac7aae0ccd645b3b0f36b095c765) Importer(2089858483,b0f066a214c2f5e87bad3c948f4d605d) (ScriptedImporter) -> (artifact id: '3db7fb9e2a7abe5c3795a99778e42787') in 0.0429031 seconds
Number of updated asset objects reloaded before import = 0Number of asset objects unloaded after import = 203

========================================================================
Received Import Request.
  Time since last request: 0.000070 seconds.
  path: Assets/3D Asserts/Lizard man/Medieval Series/Lizard Men/Animations/Anim_LizardMan@hit.FBX
  artifactKey: Guid(b9254ad961bbdd84496608f8bc84e90c) Importer(2089858483,b0f066a214c2f5e87bad3c948f4d605d)
Start importing Assets/3D Asserts/Lizard man/Medieval Series/Lizard Men/Animations/Anim_LizardMan@hit.FBX using Guid(b9254ad961bbdd84496608f8bc84e90c) Importer(2089858483,b0f066a214c2f5e87bad3c948f4d605d) (ScriptedImporter) -> (artifact id: 'f3d516f8cc0cefd0bce3896dfe51ad17') in 0.1028039 seconds
Number of updated asset objects reloaded before import = 0Number of asset objects unloaded after import = 217

========================================================================
Received Import Request.
  Time since last request: 0.000037 seconds.
  path: Assets/3D Asserts/Lizard man/Medieval Series/Lizard Men/Animations/Anim_Lizardman@attacktail.FBX
  artifactKey: Guid(83a079b6ffdb9714899ade92e3579fd7) Importer(2089858483,b0f066a214c2f5e87bad3c948f4d605d)
Start importing Assets/3D Asserts/Lizard man/Medieval Series/Lizard Men/Animations/Anim_Lizardman@attacktail.FBX using Guid(83a079b6ffdb9714899ade92e3579fd7) Importer(2089858483,b0f066a214c2f5e87bad3c948f4d605d) (ScriptedImporter) -> (artifact id: '9b63ea3812113d193cebbcefcc0d8fd3') in 0.0304268 seconds
Number of updated asset objects reloaded before import = 0Number of asset objects unloaded after import = 203

========================================================================
Received Import Request.
  Time since last request: 0.000037 seconds.
  path: Assets/3D Asserts/Lizard man/Medieval Series/Lizard Men/Animations/Anim_LizardMan@run_inplace.FBX
  artifactKey: Guid(b7ea04a7679629340a622dd21fcf1326) Importer(2089858483,b0f066a214c2f5e87bad3c948f4d605d)
Start importing Assets/3D Asserts/Lizard man/Medieval Series/Lizard Men/Animations/Anim_LizardMan@run_inplace.FBX using Guid(b7ea04a7679629340a622dd21fcf1326) Importer(2089858483,b0f066a214c2f5e87bad3c948f4d605d) (ScriptedImporter) -> (artifact id: 'd6651d49561978272cbeb25ad44b938a') in 0.0316882 seconds
Number of updated asset objects reloaded before import = 0Number of asset objects unloaded after import = 217

========================================================================
Received Import Request.
  Time since last request: 0.000055 seconds.
  path: Assets/3D Asserts/Lizard man/Medieval Series/Lizard Men/Animations/Anim_Lizardman@spearupattack.FBX
  artifactKey: Guid(7370e925266168441bf9d582e090a855) Importer(2089858483,b0f066a214c2f5e87bad3c948f4d605d)
Start importing Assets/3D Asserts/Lizard man/Medieval Series/Lizard Men/Animations/Anim_Lizardman@spearupattack.FBX using Guid(7370e925266168441bf9d582e090a855) Importer(2089858483,b0f066a214c2f5e87bad3c948f4d605d) (ScriptedImporter) -> (artifact id: 'e97d0454fa557d7a7180f5aa9d8a7084') in 0.0347137 seconds
Number of updated asset objects reloaded before import = 0Number of asset objects unloaded after import = 203

========================================================================
Received Import Request.
  Time since last request: 0.000031 seconds.
  path: Assets/3D Asserts/Lizard man/Medieval Series/Lizard Men/Animations/Anim_LizardMan@runR.fbx
  artifactKey: Guid(ee7f0ff4a50bab74c92100fda2945e57) Importer(2089858483,b0f066a214c2f5e87bad3c948f4d605d)
Start importing Assets/3D Asserts/Lizard man/Medieval Series/Lizard Men/Animations/Anim_LizardMan@runR.fbx using Guid(ee7f0ff4a50bab74c92100fda2945e57) Importer(2089858483,b0f066a214c2f5e87bad3c948f4d605d) (ScriptedImporter) -> (artifact id: 'b61ae6d03fd2f33071c178cdce746041') in 0.0587302 seconds
Number of updated asset objects reloaded before import = 0Number of asset objects unloaded after import = 203

========================================================================
Received Import Request.
  Time since last request: 0.000043 seconds.
  path: Assets/3D Asserts/Lizard man/Medieval Series/Lizard Men/Animations/Anim_LizardMan@taunt.FBX
  artifactKey: Guid(0f544c9573f37bd4c9e1873ccf29d5e7) Importer(2089858483,b0f066a214c2f5e87bad3c948f4d605d)
Start importing Assets/3D Asserts/Lizard man/Medieval Series/Lizard Men/Animations/Anim_LizardMan@taunt.FBX using Guid(0f544c9573f37bd4c9e1873ccf29d5e7) Importer(2089858483,b0f066a214c2f5e87bad3c948f4d605d) (ScriptedImporter) -> (artifact id: '55035a18aa9f5cbc7fb9b4286e3b1dc5') in 0.0470066 seconds
Number of updated asset objects reloaded before import = 0Number of asset objects unloaded after import = 217

========================================================================
Received Import Request.
  Time since last request: 0.000056 seconds.
  path: Assets/3D Asserts/Lizard man/Medieval Series/Lizard Men/Animations/Anim_LizardMan@StrafeR_inplace.FBX
  artifactKey: Guid(21c5639d4f9536c49b4be5301c933c66) Importer(2089858483,b0f066a214c2f5e87bad3c948f4d605d)
Start importing Assets/3D Asserts/Lizard man/Medieval Series/Lizard Men/Animations/Anim_LizardMan@StrafeR_inplace.FBX using Guid(21c5639d4f9536c49b4be5301c933c66) Importer(2089858483,b0f066a214c2f5e87bad3c948f4d605d) (ScriptedImporter) -> (artifact id: '72cd6ac11a428ffcacd1be4ab12fb497') in 0.0367529 seconds
Number of updated asset objects reloaded before import = 0Number of asset objects unloaded after import = 217

========================================================================
Received Import Request.
  Time since last request: 0.000036 seconds.
  path: Assets/3D Asserts/Lizard man/Medieval Series/Lizard Men/Animations/Anim_LizardMan@StrafeL_inplace.FBX
  artifactKey: Guid(10d6f7c5ef3c0ac49951be95de55efae) Importer(2089858483,b0f066a214c2f5e87bad3c948f4d605d)
Start importing Assets/3D Asserts/Lizard man/Medieval Series/Lizard Men/Animations/Anim_LizardMan@StrafeL_inplace.FBX using Guid(10d6f7c5ef3c0ac49951be95de55efae) Importer(2089858483,b0f066a214c2f5e87bad3c948f4d605d) (ScriptedImporter) -> (artifact id: '41ec9395795ae478d1fb92b1d86cb2ff') in 0.1290814 seconds
Number of updated asset objects reloaded before import = 0Number of asset objects unloaded after import = 217

========================================================================
Received Import Request.
  Time since last request: 0.000049 seconds.
  path: Assets/3D Asserts/Lizard man/Medieval Series/Lizard Men/Animations/Anim_LizardMan@jump.FBX
  artifactKey: Guid(abc98c6eee377fa4882c1ff3b32dd663) Importer(2089858483,b0f066a214c2f5e87bad3c948f4d605d)
Start importing Assets/3D Asserts/Lizard man/Medieval Series/Lizard Men/Animations/Anim_LizardMan@jump.FBX using Guid(abc98c6eee377fa4882c1ff3b32dd663) Importer(2089858483,b0f066a214c2f5e87bad3c948f4d605d) (ScriptedImporter) -> (artifact id: '8b7b015a1be0be00c120bb8ef54cca0e') in 0.0571751 seconds
Number of updated asset objects reloaded before import = 0Number of asset objects unloaded after import = 217

========================================================================
Received Import Request.
  Time since last request: 0.000042 seconds.
  path: Assets/3D Asserts/Lizard man/Medieval Series/Lizard Men/Animations/Anim_LizardMan@walk.FBX
  artifactKey: Guid(7b5ba13a24f106243b9fb84b5320005d) Importer(2089858483,b0f066a214c2f5e87bad3c948f4d605d)
Start importing Assets/3D Asserts/Lizard man/Medieval Series/Lizard Men/Animations/Anim_LizardMan@walk.FBX using Guid(7b5ba13a24f106243b9fb84b5320005d) Importer(2089858483,b0f066a214c2f5e87bad3c948f4d605d) (ScriptedImporter) -> (artifact id: 'aec9c906289ae38efd572ba45592f040') in 0.0962013 seconds
Number of updated asset objects reloaded before import = 0Number of asset objects unloaded after import = 203

========================================================================
Received Import Request.
  Time since last request: 0.000038 seconds.
  path: Assets/3D Asserts/Lizard man/Medieval Series/Lizard Men/Animations/Anim_LizardMan@walkL.fbx
  artifactKey: Guid(e0352b051b0b288428ae6b98d5bd46c1) Importer(2089858483,b0f066a214c2f5e87bad3c948f4d605d)
Start importing Assets/3D Asserts/Lizard man/Medieval Series/Lizard Men/Animations/Anim_LizardMan@walkL.fbx using Guid(e0352b051b0b288428ae6b98d5bd46c1) Importer(2089858483,b0f066a214c2f5e87bad3c948f4d605d) (ScriptedImporter) -> (artifact id: '976b43f2c0b3b9bdb174b841e3c5fb9d') in 0.1633026 seconds
Number of updated asset objects reloaded before import = 0Number of asset objects unloaded after import = 203

========================================================================
Received Import Request.
  Time since last request: 0.000040 seconds.
  path: Assets/3D Asserts/Lizard man/Medieval Series/Lizard Men/Characters/LizardMan_1.prefab
  artifactKey: Guid(f46682d13678aeb489e79a919596c33c) Importer(2089858483,e11c23a36db5f54750b8cd40eac0985b)
Start importing Assets/3D Asserts/Lizard man/Medieval Series/Lizard Men/Characters/LizardMan_1.prefab using Guid(f46682d13678aeb489e79a919596c33c) Importer(2089858483,e11c23a36db5f54750b8cd40eac0985b) (ScriptedImporter) -> (artifact id: 'f877d6afd3e22a5bfacad9c1b9e307b8') in 0.1417162 seconds
Number of updated asset objects reloaded before import = 0Number of asset objects unloaded after import = 742

========================================================================
Received Import Request.
  Time since last request: 0.000040 seconds.
  path: Assets/3D Asserts/Lizard man/Medieval Series/Lizard Men/Characters/LizardMan_3.prefab
  artifactKey: Guid(f3f2345ca553e534c880dd00d950c6d7) Importer(2089858483,e11c23a36db5f54750b8cd40eac0985b)
Start importing Assets/3D Asserts/Lizard man/Medieval Series/Lizard Men/Characters/LizardMan_3.prefab using Guid(f3f2345ca553e534c880dd00d950c6d7) Importer(2089858483,e11c23a36db5f54750b8cd40eac0985b) (ScriptedImporter) -> (artifact id: 'f2fa699097d8159c1c9cf3b00551a047') in 0.1780326 seconds
Number of updated asset objects reloaded before import = 0Number of asset objects unloaded after import = 742

========================================================================
Received Import Request.
  Time since last request: 0.000035 seconds.
  path: Assets/3D Asserts/Lizard man/Medieval Series/Lizard Men/Characters/LizardMan_4.prefab
  artifactKey: Guid(8b97cdddbd31e8943b4d0675d4f3d33a) Importer(2089858483,e11c23a36db5f54750b8cd40eac0985b)
Start importing Assets/3D Asserts/Lizard man/Medieval Series/Lizard Men/Characters/LizardMan_4.prefab using Guid(8b97cdddbd31e8943b4d0675d4f3d33a) Importer(2089858483,e11c23a36db5f54750b8cd40eac0985b) (ScriptedImporter) -> (artifact id: '97a0b75378264a38f5052073b7ce842d') in 0.1331421 seconds
Number of updated asset objects reloaded before import = 0Number of asset objects unloaded after import = 742

========================================================================
Received Import Request.
  Time since last request: 0.000041 seconds.
  path: Assets/3D Asserts/Lizard man/Medieval Series/Lizard Men/Characters/LizardMan_4_var.prefab
  artifactKey: Guid(7ec4afed00c41324abe5e38415d03985) Importer(2089858483,e11c23a36db5f54750b8cd40eac0985b)
Start importing Assets/3D Asserts/Lizard man/Medieval Series/Lizard Men/Characters/LizardMan_4_var.prefab using Guid(7ec4afed00c41324abe5e38415d03985) Importer(2089858483,e11c23a36db5f54750b8cd40eac0985b) (ScriptedImporter) -> (artifact id: '71b90ab0e23315827e1c267211932a7e') in 0.130985 seconds
Number of updated asset objects reloaded before import = 0Number of asset objects unloaded after import = 742

========================================================================
Received Import Request.
  Time since last request: 0.000062 seconds.
  path: Assets/3D Asserts/Lizard man/Medieval Series/Lizard Men/Characters/LizardMan_Female_1.prefab
  artifactKey: Guid(1e82916daea7b7c43a471a102ef70b3c) Importer(2089858483,e11c23a36db5f54750b8cd40eac0985b)
Start importing Assets/3D Asserts/Lizard man/Medieval Series/Lizard Men/Characters/LizardMan_Female_1.prefab using Guid(1e82916daea7b7c43a471a102ef70b3c) Importer(2089858483,e11c23a36db5f54750b8cd40eac0985b) (ScriptedImporter) -> (artifact id: '45acca9da0bd2723eef88b51bb3712ea') in 0.1544056 seconds
Number of updated asset objects reloaded before import = 0Number of asset objects unloaded after import = 742

========================================================================
Received Import Request.
  Time since last request: 0.000041 seconds.
  path: Assets/3D Asserts/Lizard man/Medieval Series/Lizard Men/Characters/LizardMan_1_var.prefab
  artifactKey: Guid(8146206ec1185e045b9996c7eb78d27a) Importer(2089858483,e11c23a36db5f54750b8cd40eac0985b)
Start importing Assets/3D Asserts/Lizard man/Medieval Series/Lizard Men/Characters/LizardMan_1_var.prefab using Guid(8146206ec1185e045b9996c7eb78d27a) Importer(2089858483,e11c23a36db5f54750b8cd40eac0985b) (ScriptedImporter) -> (artifact id: '94b8965e9c22f9d1bc6361c602706b67') in 0.1739363 seconds
Number of updated asset objects reloaded before import = 0Number of asset objects unloaded after import = 742

========================================================================
Received Import Request.
  Time since last request: 0.000044 seconds.
  path: Assets/3D Asserts/Lizard man/Medieval Series/Lizard Men/Weapons/Shield-Orc_1.prefab
  artifactKey: Guid(80dc1621506bbd14aab764fd64aee228) Importer(2089858483,e11c23a36db5f54750b8cd40eac0985b)
Start importing Assets/3D Asserts/Lizard man/Medieval Series/Lizard Men/Weapons/Shield-Orc_1.prefab using Guid(80dc1621506bbd14aab764fd64aee228) Importer(2089858483,e11c23a36db5f54750b8cd40eac0985b) (ScriptedImporter) -> (artifact id: 'f4464d29d78b761f8e1da0cd97433b2e') in 0.0947172 seconds
Number of updated asset objects reloaded before import = 0Number of asset objects unloaded after import = 21

========================================================================
Received Import Request.
  Time since last request: 0.000039 seconds.
  path: Assets/3D Asserts/Lizard man/Medieval Series/Lizard Men/Weapons/Shield-Horde_1.prefab
  artifactKey: Guid(85f00968b97a6b44a9b7de4a665a421b) Importer(2089858483,e11c23a36db5f54750b8cd40eac0985b)
Start importing Assets/3D Asserts/Lizard man/Medieval Series/Lizard Men/Weapons/Shield-Horde_1.prefab using Guid(85f00968b97a6b44a9b7de4a665a421b) Importer(2089858483,e11c23a36db5f54750b8cd40eac0985b) (ScriptedImporter) -> (artifact id: '7aa69919766a26cb282390e69e2df16e') in 0.0310011 seconds
Number of updated asset objects reloaded before import = 0Number of asset objects unloaded after import = 21

========================================================================
Received Import Request.
  Time since last request: 0.000036 seconds.
  path: Assets/3D Asserts/Lizard man/Medieval Series/Lizard Men/Animations/Anim_LizardMan@attack1.FBX
  artifactKey: Guid(ad318aacda57c3046af952dc0db83f6f) Importer(2089858483,b0f066a214c2f5e87bad3c948f4d605d)
Start importing Assets/3D Asserts/Lizard man/Medieval Series/Lizard Men/Animations/Anim_LizardMan@attack1.FBX using Guid(ad318aacda57c3046af952dc0db83f6f) Importer(2089858483,b0f066a214c2f5e87bad3c948f4d605d) (ScriptedImporter) -> (artifact id: '4600d33180a1eec1aebda87f5326e2fe') in 0.0924926 seconds
Number of updated asset objects reloaded before import = 0Number of asset objects unloaded after import = 217

========================================================================
Received Import Request.
  Time since last request: 0.000042 seconds.
  path: Assets/3D Asserts/Lizard man/Medieval Series/Lizard Men/Weapons/Spear-Primitive_1.prefab
  artifactKey: Guid(cf6768c08cfc26b4f83c4493c4b31436) Importer(2089858483,e11c23a36db5f54750b8cd40eac0985b)
Start importing Assets/3D Asserts/Lizard man/Medieval Series/Lizard Men/Weapons/Spear-Primitive_1.prefab using Guid(cf6768c08cfc26b4f83c4493c4b31436) Importer(2089858483,e11c23a36db5f54750b8cd40eac0985b) (ScriptedImporter) -> (artifact id: '04df293a8965c6b6b8248f8fd1ffab59') in 0.06251 seconds
Number of updated asset objects reloaded before import = 0Number of asset objects unloaded after import = 38

========================================================================
Received Import Request.
  Time since last request: 0.000045 seconds.
  path: Assets/3D Asserts/Sci Fi Gun Light/Textures/ColorVar/Black/SciFiGunLight_AlbedoTransparency.png
  artifactKey: Guid(bbee312efb984dc47903c8e700c25567) Importer(2089858483,b0f066a214c2f5e87bad3c948f4d605d)
Start importing Assets/3D Asserts/Sci Fi Gun Light/Textures/ColorVar/Black/SciFiGunLight_AlbedoTransparency.png using Guid(bbee312efb984dc47903c8e700c25567) Importer(2089858483,b0f066a214c2f5e87bad3c948f4d605d) (ScriptedImporter) -> (artifact id: 'ab510db650ff90711ce0576dd5eed349') in 0.0367475 seconds
Number of updated asset objects reloaded before import = 0Number of asset objects unloaded after import = 1

========================================================================
Received Import Request.
  Time since last request: 0.000028 seconds.
  path: Assets/3D Asserts/Lizard man/Polygonmaker - Shader/Scene/Source/Skybox.mat
  artifactKey: Guid(2f2490b12c098844e822a75eae125ebb) Importer(2089858483,b0f066a214c2f5e87bad3c948f4d605d)
Start importing Assets/3D Asserts/Lizard man/Polygonmaker - Shader/Scene/Source/Skybox.mat using Guid(2f2490b12c098844e822a75eae125ebb) Importer(2089858483,b0f066a214c2f5e87bad3c948f4d605d) (ScriptedImporter) -> (artifact id: 'a41154a9ae0b1a33c5746f9319487b7c') in 0.0603789 seconds
Number of updated asset objects reloaded before import = 0Number of asset objects unloaded after import = 2

========================================================================
Received Import Request.
  Time since last request: 0.000039 seconds.
  path: Assets/3D Asserts/Lizard man/Medieval Series/Lizard Men/Animations/Anim_Lizardman@spearupidle.FBX
  artifactKey: Guid(ce3eae45ff274f24ca9645c3a7e70778) Importer(2089858483,b0f066a214c2f5e87bad3c948f4d605d)
Start importing Assets/3D Asserts/Lizard man/Medieval Series/Lizard Men/Animations/Anim_Lizardman@spearupidle.FBX using Guid(ce3eae45ff274f24ca9645c3a7e70778) Importer(2089858483,b0f066a214c2f5e87bad3c948f4d605d) (ScriptedImporter) -> (artifact id: 'f74e57e0b3c57d53c9de355b0e37e268') in 0.0314852 seconds
Number of updated asset objects reloaded before import = 0Number of asset objects unloaded after import = 203

========================================================================
Received Import Request.
  Time since last request: 0.000042 seconds.
  path: Assets/_Barking_Dog/_3D Scifi Base Vol 1/SpeedTree/Conifer/Conifer_Needles_Desktop_Normal.tga
  artifactKey: Guid(ab89d7e9dbd9462458ecef029ee60f6e) Importer(2089858483,b0f066a214c2f5e87bad3c948f4d605d)
Start importing Assets/_Barking_Dog/_3D Scifi Base Vol 1/SpeedTree/Conifer/Conifer_Needles_Desktop_Normal.tga using Guid(ab89d7e9dbd9462458ecef029ee60f6e) Importer(2089858483,b0f066a214c2f5e87bad3c948f4d605d) (ScriptedImporter) -> (artifact id: 'f8c18032f20cb7100849f2ddd4accab0') in 0.0356307 seconds
Number of updated asset objects reloaded before import = 0Number of asset objects unloaded after import = 1

========================================================================
Received Import Request.
  Time since last request: 0.000053 seconds.
  path: Assets/3D Asserts/Sci Fi Gun Light/Textures/ColorVar/Rad/SciFiGunLight_AlbedoTransparency.png
  artifactKey: Guid(96c535fa8847b2843a9c401fe65830fa) Importer(2089858483,b0f066a214c2f5e87bad3c948f4d605d)
Start importing Assets/3D Asserts/Sci Fi Gun Light/Textures/ColorVar/Rad/SciFiGunLight_AlbedoTransparency.png using Guid(96c535fa8847b2843a9c401fe65830fa) Importer(2089858483,b0f066a214c2f5e87bad3c948f4d605d) (ScriptedImporter) -> (artifact id: 'd074c63409856c23d084013117a6fc3e') in 0.0584446 seconds
Number of updated asset objects reloaded before import = 0Number of asset objects unloaded after import = 1

========================================================================
Received Import Request.
  Time since last request: 0.000051 seconds.
  path: Assets/3D Asserts/Sci Fi Gun Light/Textures/ColorVar/Black/SciFiGunLight_SpecularSmoothness.png
  artifactKey: Guid(76c37d6e53904d04cb88024352ca5de1) Importer(2089858483,b0f066a214c2f5e87bad3c948f4d605d)
Start importing Assets/3D Asserts/Sci Fi Gun Light/Textures/ColorVar/Black/SciFiGunLight_SpecularSmoothness.png using Guid(76c37d6e53904d04cb88024352ca5de1) Importer(2089858483,b0f066a214c2f5e87bad3c948f4d605d) (ScriptedImporter) -> (artifact id: '5006ee224f9f20dded675aba806bb2e7') in 0.0163464 seconds
Number of updated asset objects reloaded before import = 0Number of asset objects unloaded after import = 1

========================================================================
Received Import Request.
  Time since last request: 0.000056 seconds.
  path: Assets/3D Asserts/Sci Fi Gun Light/Textures/ColorVar/Blue/SciFiGunLight_AlbedoTransparency.png
  artifactKey: Guid(a2c9f90052463784c81203a9224c59d9) Importer(2089858483,b0f066a214c2f5e87bad3c948f4d605d)
Start importing Assets/3D Asserts/Sci Fi Gun Light/Textures/ColorVar/Blue/SciFiGunLight_AlbedoTransparency.png using Guid(a2c9f90052463784c81203a9224c59d9) Importer(2089858483,b0f066a214c2f5e87bad3c948f4d605d) (ScriptedImporter) -> (artifact id: 'e65b085cb1e9495bdb3aff57d4e0974b') in 0.0182153 seconds
Number of updated asset objects reloaded before import = 0Number of asset objects unloaded after import = 1

========================================================================
Received Import Request.
  Time since last request: 0.000026 seconds.
  path: Assets/3D Asserts/Sci Fi Gun Light/Textures/ColorVar/Blue/SciFiGunLight_SpecularSmoothness.png
  artifactKey: Guid(1cd8a58c1c3ab284b950c3a690742077) Importer(2089858483,b0f066a214c2f5e87bad3c948f4d605d)
Start importing Assets/3D Asserts/Sci Fi Gun Light/Textures/ColorVar/Blue/SciFiGunLight_SpecularSmoothness.png using Guid(1cd8a58c1c3ab284b950c3a690742077) Importer(2089858483,b0f066a214c2f5e87bad3c948f4d605d) (ScriptedImporter) -> (artifact id: '555f40487616096d3cbb7349a92b075c') in 0.0131382 seconds
Number of updated asset objects reloaded before import = 0Number of asset objects unloaded after import = 1

========================================================================
Received Import Request.
  Time since last request: 0.000061 seconds.
  path: Assets/3D Asserts/Sci Fi Gun Light/Textures/ColorVar/White/SciFiGunLight_SpecularSmoothness.png
  artifactKey: Guid(18d6381b8c60f1e4face1868a1751af3) Importer(2089858483,b0f066a214c2f5e87bad3c948f4d605d)
Start importing Assets/3D Asserts/Sci Fi Gun Light/Textures/ColorVar/White/SciFiGunLight_SpecularSmoothness.png using Guid(18d6381b8c60f1e4face1868a1751af3) Importer(2089858483,b0f066a214c2f5e87bad3c948f4d605d) (ScriptedImporter) -> (artifact id: 'eda2c445902f2de557c942e7fdcdb2a3') in 0.0138427 seconds
Number of updated asset objects reloaded before import = 0Number of asset objects unloaded after import = 1

========================================================================
Received Import Request.
  Time since last request: 0.000045 seconds.
  path: Assets/3D Asserts/Lizard man/Medieval Series/Lizard Men/Scenes/Source/Ground.png
  artifactKey: Guid(5494a00d74b3052499f21a61e6512319) Importer(2089858483,b0f066a214c2f5e87bad3c948f4d605d)
Start importing Assets/3D Asserts/Lizard man/Medieval Series/Lizard Men/Scenes/Source/Ground.png using Guid(5494a00d74b3052499f21a61e6512319) Importer(2089858483,b0f066a214c2f5e87bad3c948f4d605d) (ScriptedImporter) -> (artifact id: 'c0b3a466f13afbffc2b571cd68e1cf00') in 0.0148527 seconds
Number of updated asset objects reloaded before import = 0Number of asset objects unloaded after import = 1

========================================================================
Received Import Request.
  Time since last request: 0.000088 seconds.
  path: Assets/3D Asserts/Lizard man/Medieval Series/Lizard Men/Scenes/Source/Main Camera Profile.asset
  artifactKey: Guid(b80984a7da6be734f853c6e7489fbda7) Importer(2089858483,b0f066a214c2f5e87bad3c948f4d605d)
Start importing Assets/3D Asserts/Lizard man/Medieval Series/Lizard Men/Scenes/Source/Main Camera Profile.asset using Guid(b80984a7da6be734f853c6e7489fbda7) Importer(2089858483,b0f066a214c2f5e87bad3c948f4d605d) (ScriptedImporter) -> (artifact id: 'c8c409473a10cb79af19ff17ca61c3c8') in 0.0170633 seconds
Number of updated asset objects reloaded before import = 0Number of asset objects unloaded after import = 3

========================================================================
Received Import Request.
  Time since last request: 0.000060 seconds.
  path: Assets/3D Asserts/Lizard man/Medieval Series/Lizard Men/Source/Materials/Helmet.mat
  artifactKey: Guid(82c4253b1068e9b4490b0d7f61fb237e) Importer(2089858483,b0f066a214c2f5e87bad3c948f4d605d)
Start importing Assets/3D Asserts/Lizard man/Medieval Series/Lizard Men/Source/Materials/Helmet.mat using Guid(82c4253b1068e9b4490b0d7f61fb237e) Importer(2089858483,b0f066a214c2f5e87bad3c948f4d605d) (ScriptedImporter) -> (artifact id: '2cfb9d4841c52b20ce6a74e2d4cd934f') in 0.1839413 seconds
Number of updated asset objects reloaded before import = 0Number of asset objects unloaded after import = 4

========================================================================
Received Import Request.
  Time since last request: 0.000054 seconds.
  path: Assets/3D Asserts/Lizard man/Polygonmaker - Shader/Scene/Source/Skybox.hdr
  artifactKey: Guid(bb7f3453c4949d9408890ebf19e567e1) Importer(2089858483,b0f066a214c2f5e87bad3c948f4d605d)
Start importing Assets/3D Asserts/Lizard man/Polygonmaker - Shader/Scene/Source/Skybox.hdr using Guid(bb7f3453c4949d9408890ebf19e567e1) Importer(2089858483,b0f066a214c2f5e87bad3c948f4d605d) (ScriptedImporter) -> (artifact id: '13a328b11e4ef5f5b8b357a149be5108') in 0.0103026 seconds
Number of updated asset objects reloaded before import = 0Number of asset objects unloaded after import = 1

========================================================================
Received Import Request.
  Time since last request: 0.000046 seconds.
  path: Assets/3D Asserts/Lizard man/Medieval Series/Lizard Men/Source/Materials/Lizard Man_4_var.mat
  artifactKey: Guid(d101931d7bde15f4793dc7c544c1d062) Importer(2089858483,b0f066a214c2f5e87bad3c948f4d605d)
Start importing Assets/3D Asserts/Lizard man/Medieval Series/Lizard Men/Source/Materials/Lizard Man_4_var.mat using Guid(d101931d7bde15f4793dc7c544c1d062) Importer(2089858483,b0f066a214c2f5e87bad3c948f4d605d) (ScriptedImporter) -> (artifact id: '78d77126ce5fcd3f7529e3ac5d01252f') in 1.2596846 seconds
Number of updated asset objects reloaded before import = 0Number of asset objects unloaded after import = 6

========================================================================
Received Import Request.
  Time since last request: 0.000059 seconds.
  path: Assets/3D Asserts/Lizard man/Medieval Series/Lizard Men/Source/Materials/Lizard Man_2_var.mat
  artifactKey: Guid(a14bdd24c72bc704eb320174f432b3a8) Importer(2089858483,b0f066a214c2f5e87bad3c948f4d605d)
Start importing Assets/3D Asserts/Lizard man/Medieval Series/Lizard Men/Source/Materials/Lizard Man_2_var.mat using Guid(a14bdd24c72bc704eb320174f432b3a8) Importer(2089858483,b0f066a214c2f5e87bad3c948f4d605d) (ScriptedImporter) -> (artifact id: '47c93d3cfd10d253c685250b54228316') in 0.9319541 seconds
Number of updated asset objects reloaded before import = 0Number of asset objects unloaded after import = 6

========================================================================
Received Import Request.
  Time since last request: 0.000051 seconds.
  path: Assets/3D Asserts/Lizard man/Medieval Series/Lizard Men/Source/Textures/Helmet [Specular].tga
  artifactKey: Guid(27f7fd7218eae1a44acdbd8ae4b472ad) Importer(2089858483,b0f066a214c2f5e87bad3c948f4d605d)
Start importing Assets/3D Asserts/Lizard man/Medieval Series/Lizard Men/Source/Textures/Helmet [Specular].tga using Guid(27f7fd7218eae1a44acdbd8ae4b472ad) Importer(2089858483,b0f066a214c2f5e87bad3c948f4d605d) (ScriptedImporter) -> (artifact id: '493f50b1aa305e9026907c4771e9ef3d') in 0.0359496 seconds
Number of updated asset objects reloaded before import = 0Number of asset objects unloaded after import = 1

========================================================================
Received Import Request.
  Time since last request: 0.000094 seconds.
  path: Assets/3D Asserts/Lizard man/Medieval Series/Lizard Men/Source/Materials/Lizard Man_2.mat
  artifactKey: Guid(6233cf363b5992c4c91c45f96ebc0c4e) Importer(2089858483,b0f066a214c2f5e87bad3c948f4d605d)
Start importing Assets/3D Asserts/Lizard man/Medieval Series/Lizard Men/Source/Materials/Lizard Man_2.mat using Guid(6233cf363b5992c4c91c45f96ebc0c4e) Importer(2089858483,b0f066a214c2f5e87bad3c948f4d605d) (ScriptedImporter) -> (artifact id: 'f3c43be55cfa1e8403c44f28c737937c') in 0.171317 seconds
Number of updated asset objects reloaded before import = 0Number of asset objects unloaded after import = 6

========================================================================
Received Import Request.
  Time since last request: 0.000052 seconds.
  path: Assets/3D Asserts/Lizard man/Medieval Series/Lizard Men/Source/Textures/Lizard1.mat
  artifactKey: Guid(fc0f9c8684002c241a9b858dd9cf265e) Importer(2089858483,b0f066a214c2f5e87bad3c948f4d605d)
Start importing Assets/3D Asserts/Lizard man/Medieval Series/Lizard Men/Source/Textures/Lizard1.mat using Guid(fc0f9c8684002c241a9b858dd9cf265e) Importer(2089858483,b0f066a214c2f5e87bad3c948f4d605d) (ScriptedImporter) -> (artifact id: '9ec70636bc51d43dfda68e72e4bd2f74') in 0.1175375 seconds
Number of updated asset objects reloaded before import = 0Number of asset objects unloaded after import = 4

========================================================================
Received Import Request.
  Time since last request: 0.000101 seconds.
  path: Assets/3D Asserts/Lizard man/Medieval Series/Lizard Men/Source/Textures/Lizard3.mat
  artifactKey: Guid(a6bfa55936f0b1041bdbb62c77d6bd66) Importer(2089858483,b0f066a214c2f5e87bad3c948f4d605d)
Start importing Assets/3D Asserts/Lizard man/Medieval Series/Lizard Men/Source/Textures/Lizard3.mat using Guid(a6bfa55936f0b1041bdbb62c77d6bd66) Importer(2089858483,b0f066a214c2f5e87bad3c948f4d605d) (ScriptedImporter) -> (artifact id: '182535d8a67aec080d18d63a43dd8e5c') in 0.8711839 seconds
Number of updated asset objects reloaded before import = 0Number of asset objects unloaded after import = 4

========================================================================
Received Import Request.
  Time since last request: 0.000037 seconds.
  path: Assets/3D Asserts/Lizard man/Medieval Series/Lizard Men/Source/Materials/Lizard Man_Female.mat
  artifactKey: Guid(0c135ae1253362c47b87e6adf4b29496) Importer(2089858483,b0f066a214c2f5e87bad3c948f4d605d)
Start importing Assets/3D Asserts/Lizard man/Medieval Series/Lizard Men/Source/Materials/Lizard Man_Female.mat using Guid(0c135ae1253362c47b87e6adf4b29496) Importer(2089858483,b0f066a214c2f5e87bad3c948f4d605d) (ScriptedImporter) -> (artifact id: 'e8af9ec897812925b4fe035b2382775f') in 0.3254439 seconds
Number of updated asset objects reloaded before import = 0Number of asset objects unloaded after import = 6

========================================================================
Received Import Request.
  Time since last request: 0.000092 seconds.
  path: Assets/3D Asserts/Lizard man/Medieval Series/Lizard Men/Source/Textures/T_Lizard_Man_1_MS.tga
  artifactKey: Guid(087863d4dde58da4ab10a01044cbe6b8) Importer(2089858483,b0f066a214c2f5e87bad3c948f4d605d)
Start importing Assets/3D Asserts/Lizard man/Medieval Series/Lizard Men/Source/Textures/T_Lizard_Man_1_MS.tga using Guid(087863d4dde58da4ab10a01044cbe6b8) Importer(2089858483,b0f066a214c2f5e87bad3c948f4d605d) (ScriptedImporter) -> (artifact id: '5a5f24e3840779d6f6c1db945dedddd4') in 0.0446968 seconds
Number of updated asset objects reloaded before import = 0Number of asset objects unloaded after import = 1

========================================================================
Received Import Request.
  Time since last request: 0.000055 seconds.
  path: Assets/3D Asserts/Lizard man/Medieval Series/Lizard Men/Source/Textures/Lizard_Man_3 [Normal].tga
  artifactKey: Guid(efca007c64d80e3479e741cfaffa3103) Importer(2089858483,b0f066a214c2f5e87bad3c948f4d605d)
Start importing Assets/3D Asserts/Lizard man/Medieval Series/Lizard Men/Source/Textures/Lizard_Man_3 [Normal].tga using Guid(efca007c64d80e3479e741cfaffa3103) Importer(2089858483,b0f066a214c2f5e87bad3c948f4d605d) (ScriptedImporter) -> (artifact id: 'bb0be646fb79ce326606b1dc8cdf357f') in 0.0411304 seconds
Number of updated asset objects reloaded before import = 0Number of asset objects unloaded after import = 1

========================================================================
Received Import Request.
  Time since last request: 0.000070 seconds.
  path: Assets/3D Asserts/Lizard man/Medieval Series/Lizard Men/Source/Textures/T_Lizard_Man_4_MS.tga
  artifactKey: Guid(e82c5a650fc9da24f99876c7f4c67d9a) Importer(2089858483,b0f066a214c2f5e87bad3c948f4d605d)
Start importing Assets/3D Asserts/Lizard man/Medieval Series/Lizard Men/Source/Textures/T_Lizard_Man_4_MS.tga using Guid(e82c5a650fc9da24f99876c7f4c67d9a) Importer(2089858483,b0f066a214c2f5e87bad3c948f4d605d) (ScriptedImporter) -> (artifact id: '151798d661ac42158bfb6a189ac504a9') in 0.0384361 seconds
Number of updated asset objects reloaded before import = 0Number of asset objects unloaded after import = 1

========================================================================
Received Import Request.
  Time since last request: 0.000051 seconds.
  path: Assets/3D Asserts/Lizard man/Medieval Series/Lizard Men/Source/Textures/Lizard_Man_4 [Normal].tga
  artifactKey: Guid(76b8faa37918fa34ea38b3c7445c0219) Importer(2089858483,b0f066a214c2f5e87bad3c948f4d605d)
Start importing Assets/3D Asserts/Lizard man/Medieval Series/Lizard Men/Source/Textures/Lizard_Man_4 [Normal].tga using Guid(76b8faa37918fa34ea38b3c7445c0219) Importer(2089858483,b0f066a214c2f5e87bad3c948f4d605d) (ScriptedImporter) -> (artifact id: '6b47eaf6d6709b61bb245e6c31fea5fe') in 0.0494766 seconds
Number of updated asset objects reloaded before import = 0Number of asset objects unloaded after import = 1

========================================================================
Received Import Request.
  Time since last request: 0.000043 seconds.
  path: Assets/3D Asserts/Lizard man/Medieval Series/Lizard Men/Source/Materials/Lizard Man_3.mat
  artifactKey: Guid(6bb3e91e699fda8478e86d3dc12c3a69) Importer(2089858483,b0f066a214c2f5e87bad3c948f4d605d)
Start importing Assets/3D Asserts/Lizard man/Medieval Series/Lizard Men/Source/Materials/Lizard Man_3.mat using Guid(6bb3e91e699fda8478e86d3dc12c3a69) Importer(2089858483,b0f066a214c2f5e87bad3c948f4d605d) (ScriptedImporter) -> (artifact id: 'f8bce3b3ad54ea80e4fb222c20140ff7') in 0.1871062 seconds
Number of updated asset objects reloaded before import = 0Number of asset objects unloaded after import = 6

========================================================================
Received Import Request.
  Time since last request: 0.000045 seconds.
  path: Assets/3D Asserts/Lizard man/Medieval Series/Lizard Men/Weapons/Source/Shield-Horde_1.FBX
  artifactKey: Guid(19684b6165b75994d8af0139ce953e97) Importer(2089858483,b0f066a214c2f5e87bad3c948f4d605d)
Start importing Assets/3D Asserts/Lizard man/Medieval Series/Lizard Men/Weapons/Source/Shield-Horde_1.FBX using Guid(19684b6165b75994d8af0139ce953e97) Importer(2089858483,b0f066a214c2f5e87bad3c948f4d605d) (ScriptedImporter) -> (artifact id: '85b356c92f44ff5cd6fba48ba4c32546') in 0.0175096 seconds
Number of updated asset objects reloaded before import = 0Number of asset objects unloaded after import = 20

========================================================================
Received Import Request.
  Time since last request: 0.000057 seconds.
  path: Assets/3D Asserts/Lizard man/Medieval Series/Lizard Men/Weapons/Source/Spear-Primitive_1.FBX
  artifactKey: Guid(02226407821757c4d82dfbca2c4db849) Importer(2089858483,b0f066a214c2f5e87bad3c948f4d605d)
Start importing Assets/3D Asserts/Lizard man/Medieval Series/Lizard Men/Weapons/Source/Spear-Primitive_1.FBX using Guid(02226407821757c4d82dfbca2c4db849) Importer(2089858483,b0f066a214c2f5e87bad3c948f4d605d) (ScriptedImporter) -> (artifact id: '2eec2c65bdb0e182a95cf8b6054a7518') in 0.0139914 seconds
Number of updated asset objects reloaded before import = 0Number of asset objects unloaded after import = 20

========================================================================
Received Import Request.
  Time since last request: 0.000028 seconds.
  path: Assets/3D Asserts/Lizard man/Medieval Series/Lizard Men/Weapons/Source/Spear-Horde_1.FBX
  artifactKey: Guid(16f7d0f82d7ef754493fcc01e2a4cdfb) Importer(2089858483,b0f066a214c2f5e87bad3c948f4d605d)
Start importing Assets/3D Asserts/Lizard man/Medieval Series/Lizard Men/Weapons/Source/Spear-Horde_1.FBX using Guid(16f7d0f82d7ef754493fcc01e2a4cdfb) Importer(2089858483,b0f066a214c2f5e87bad3c948f4d605d) (ScriptedImporter) -> (artifact id: '111ac69fb437078d396ddbd7e2c657f9') in 0.0175585 seconds
Number of updated asset objects reloaded before import = 0Number of asset objects unloaded after import = 20

========================================================================
Received Import Request.
  Time since last request: 0.000032 seconds.
  path: Assets/3D Asserts/Lizard man/Medieval Series/Lizard Men/Source/Materials/Lizard Man_4.mat
  artifactKey: Guid(f123f5824abf9744b804f4d10a9417f6) Importer(2089858483,b0f066a214c2f5e87bad3c948f4d605d)
Start importing Assets/3D Asserts/Lizard man/Medieval Series/Lizard Men/Source/Materials/Lizard Man_4.mat using Guid(f123f5824abf9744b804f4d10a9417f6) Importer(2089858483,b0f066a214c2f5e87bad3c948f4d605d) (ScriptedImporter) -> (artifact id: 'f6ec88dacaf0703843d1bafe9d2d14ea') in 0.1695926 seconds
Number of updated asset objects reloaded before import = 0Number of asset objects unloaded after import = 6

========================================================================
Received Import Request.
  Time since last request: 0.000038 seconds.
  path: Assets/3D Asserts/Lizard man/Medieval Series/Lizard Men/Weapons/Textures/T_Club-Horde_02_D.tga
  artifactKey: Guid(607124475c7df364aa45a31b3705c46a) Importer(2089858483,b0f066a214c2f5e87bad3c948f4d605d)
Start importing Assets/3D Asserts/Lizard man/Medieval Series/Lizard Men/Weapons/Textures/T_Club-Horde_02_D.tga using Guid(607124475c7df364aa45a31b3705c46a) Importer(2089858483,b0f066a214c2f5e87bad3c948f4d605d) (ScriptedImporter) -> (artifact id: '9202db796351e597c69792d1045f50e9') in 0.1357485 seconds
Number of updated asset objects reloaded before import = 0Number of asset objects unloaded after import = 1

========================================================================
Received Import Request.
  Time since last request: 0.000042 seconds.
  path: Assets/3D Asserts/Lizard man/Medieval Series/Lizard Men/Weapons/Textures/T_Club-Horde_02_MS.tga
  artifactKey: Guid(080acee155bbb3e45a48aa66da1b05ce) Importer(2089858483,b0f066a214c2f5e87bad3c948f4d605d)
Start importing Assets/3D Asserts/Lizard man/Medieval Series/Lizard Men/Weapons/Textures/T_Club-Horde_02_MS.tga using Guid(080acee155bbb3e45a48aa66da1b05ce) Importer(2089858483,b0f066a214c2f5e87bad3c948f4d605d) (ScriptedImporter) -> (artifact id: 'c9edf6362ecb9c2b8f57e4d7654b6345') in 0.1364234 seconds
Number of updated asset objects reloaded before import = 0Number of asset objects unloaded after import = 1

========================================================================
Received Import Request.
  Time since last request: 0.000045 seconds.
  path: Assets/3D Asserts/Lizard man/Medieval Series/Lizard Men/Weapons/Textures/T_Shield-Horde_01_D.tga
  artifactKey: Guid(1bb26b031e677db46bd01dd2fdee09d4) Importer(2089858483,b0f066a214c2f5e87bad3c948f4d605d)
Start importing Assets/3D Asserts/Lizard man/Medieval Series/Lizard Men/Weapons/Textures/T_Shield-Horde_01_D.tga using Guid(1bb26b031e677db46bd01dd2fdee09d4) Importer(2089858483,b0f066a214c2f5e87bad3c948f4d605d) (ScriptedImporter) -> (artifact id: 'b0190ccec216aaa172adb90e4ee08637') in 0.059817 seconds
Number of updated asset objects reloaded before import = 0Number of asset objects unloaded after import = 1

========================================================================
Received Import Request.
  Time since last request: 0.000040 seconds.
  path: Assets/3D Asserts/Lizard man/Medieval Series/Lizard Men/Weapons/Textures/T_Shield-Orc_1_MS.tga
  artifactKey: Guid(7d0136aa43b995043a518c752224e16b) Importer(2089858483,b0f066a214c2f5e87bad3c948f4d605d)
Start importing Assets/3D Asserts/Lizard man/Medieval Series/Lizard Men/Weapons/Textures/T_Shield-Orc_1_MS.tga using Guid(7d0136aa43b995043a518c752224e16b) Importer(2089858483,b0f066a214c2f5e87bad3c948f4d605d) (ScriptedImporter) -> (artifact id: '78ff38839740473491e4a4dc5069c2e8') in 0.0907389 seconds
Number of updated asset objects reloaded before import = 0Number of asset objects unloaded after import = 1

========================================================================
Received Import Request.
  Time since last request: 0.000085 seconds.
  path: Assets/3D Asserts/Lizard man/Medieval Series/Lizard Men/Weapons/Textures/T_Shield-Orc_1_N.tga
  artifactKey: Guid(717a3b54cd3adcc408c5afaacd76922a) Importer(2089858483,b0f066a214c2f5e87bad3c948f4d605d)
Start importing Assets/3D Asserts/Lizard man/Medieval Series/Lizard Men/Weapons/Textures/T_Shield-Orc_1_N.tga using Guid(717a3b54cd3adcc408c5afaacd76922a) Importer(2089858483,b0f066a214c2f5e87bad3c948f4d605d) (ScriptedImporter) -> (artifact id: '828c7a95e28f84867a46e596865780fc') in 0.1577351 seconds
Number of updated asset objects reloaded before import = 0Number of asset objects unloaded after import = 1

========================================================================
Received Import Request.
  Time since last request: 0.000035 seconds.
  path: Assets/3D Asserts/Lizard man/Medieval Series/Lizard Men/Weapons/Textures/T_Shield-Orc_1_D.tga
  artifactKey: Guid(a32f84fa43a7edb4aa2320150f3b046e) Importer(2089858483,b0f066a214c2f5e87bad3c948f4d605d)
Start importing Assets/3D Asserts/Lizard man/Medieval Series/Lizard Men/Weapons/Textures/T_Shield-Orc_1_D.tga using Guid(a32f84fa43a7edb4aa2320150f3b046e) Importer(2089858483,b0f066a214c2f5e87bad3c948f4d605d) (ScriptedImporter) -> (artifact id: 'a67091a701407b66ea3c395ecf9a4c79') in 0.1004388 seconds
Number of updated asset objects reloaded before import = 0Number of asset objects unloaded after import = 1

========================================================================
Received Import Request.
  Time since last request: 0.000051 seconds.
  path: Assets/3D Asserts/Lizard man/Medieval Series/Lizard Men/Weapons/Textures/T_Spear-Primitive_01_MS.tga
  artifactKey: Guid(2c913ccfd72c50946838d19d84e1fbc1) Importer(2089858483,b0f066a214c2f5e87bad3c948f4d605d)
Start importing Assets/3D Asserts/Lizard man/Medieval Series/Lizard Men/Weapons/Textures/T_Spear-Primitive_01_MS.tga using Guid(2c913ccfd72c50946838d19d84e1fbc1) Importer(2089858483,b0f066a214c2f5e87bad3c948f4d605d) (ScriptedImporter) -> (artifact id: 'fcb8b97448bde1d52968c312b504b233') in 0.0374661 seconds
Number of updated asset objects reloaded before import = 0Number of asset objects unloaded after import = 1

========================================================================
Received Import Request.
  Time since last request: 0.000068 seconds.
  path: Assets/3D Asserts/Lizard man/Medieval Series/Lizard Men/Weapons/Textures/T_Shield-Horde_01_N.tga
  artifactKey: Guid(accdc2d215668234fbee0ee2bb432fa5) Importer(2089858483,b0f066a214c2f5e87bad3c948f4d605d)
Start importing Assets/3D Asserts/Lizard man/Medieval Series/Lizard Men/Weapons/Textures/T_Shield-Horde_01_N.tga using Guid(accdc2d215668234fbee0ee2bb432fa5) Importer(2089858483,b0f066a214c2f5e87bad3c948f4d605d) (ScriptedImporter) -> (artifact id: '7058904078e20ebea888f0561307d9f9') in 0.0997525 seconds
Number of updated asset objects reloaded before import = 0Number of asset objects unloaded after import = 1

========================================================================
Received Import Request.
  Time since last request: 0.000035 seconds.
  path: Assets/3D Asserts/Lizard man/Medieval Series/Lizard Men/Weapons/Textures/T_Spear-Horde_01_D.tga
  artifactKey: Guid(77fa267dbc5591c4fba4a9032c8152a8) Importer(2089858483,b0f066a214c2f5e87bad3c948f4d605d)
Start importing Assets/3D Asserts/Lizard man/Medieval Series/Lizard Men/Weapons/Textures/T_Spear-Horde_01_D.tga using Guid(77fa267dbc5591c4fba4a9032c8152a8) Importer(2089858483,b0f066a214c2f5e87bad3c948f4d605d) (ScriptedImporter) -> (artifact id: 'eea21c7e83dd8113c9132e2438f0a600') in 0.1847477 seconds
Number of updated asset objects reloaded before import = 0Number of asset objects unloaded after import = 1

========================================================================
Received Import Request.
  Time since last request: 0.000047 seconds.
  path: Assets/_Barking_Dog/_3D Scifi Base Vol 1/SpeedTree/Broadleaf/Broadleaf_Desktop Materials/LOD0/Branches_0.mat
  artifactKey: Guid(89bc4a04979629642988a379a429608a) Importer(2089858483,b0f066a214c2f5e87bad3c948f4d605d)
Start importing Assets/_Barking_Dog/_3D Scifi Base Vol 1/SpeedTree/Broadleaf/Broadleaf_Desktop Materials/LOD0/Branches_0.mat using Guid(89bc4a04979629642988a379a429608a) Importer(2089858483,b0f066a214c2f5e87bad3c948f4d605d) (ScriptedImporter) -> (artifact id: '923fb148f719c5de3b2f18c5654505f1') in 0.0080996 seconds
Number of updated asset objects reloaded before import = 0Number of asset objects unloaded after import = 3

========================================================================
Received Import Request.
  Time since last request: 0.000039 seconds.
  path: Assets/_Barking_Dog/_3D Scifi Base Vol 1/SpeedTree/Broadleaf/Broadleaf_Desktop Materials/LOD0/Fronds_2.mat
  artifactKey: Guid(e6a8e6ae86a5b904eb64f573f145ecde) Importer(2089858483,b0f066a214c2f5e87bad3c948f4d605d)
Start importing Assets/_Barking_Dog/_3D Scifi Base Vol 1/SpeedTree/Broadleaf/Broadleaf_Desktop Materials/LOD0/Fronds_2.mat using Guid(e6a8e6ae86a5b904eb64f573f145ecde) Importer(2089858483,b0f066a214c2f5e87bad3c948f4d605d) (ScriptedImporter) -> (artifact id: '06040f9ce75a2c5ed9cda603766a5fee') in 0.0112184 seconds
Number of updated asset objects reloaded before import = 0Number of asset objects unloaded after import = 3

========================================================================
Received Import Request.
  Time since last request: 0.000048 seconds.
  path: Assets/_Barking_Dog/_3D Scifi Base Vol 1/SpeedTree/Broadleaf/Broadleaf_Desktop Materials/LOD0/FacingLeaves_4.mat
  artifactKey: Guid(d5b20def9c5c05748a01627738b94531) Importer(2089858483,b0f066a214c2f5e87bad3c948f4d605d)
Start importing Assets/_Barking_Dog/_3D Scifi Base Vol 1/SpeedTree/Broadleaf/Broadleaf_Desktop Materials/LOD0/FacingLeaves_4.mat using Guid(d5b20def9c5c05748a01627738b94531) Importer(2089858483,b0f066a214c2f5e87bad3c948f4d605d) (ScriptedImporter) -> (artifact id: 'a461f230803859770e479905a24dbb38') in 0.0147078 seconds
Number of updated asset objects reloaded before import = 0Number of asset objects unloaded after import = 3

========================================================================
Received Import Request.
  Time since last request: 0.000027 seconds.
  path: Assets/3D Asserts/Lizard man/Medieval Series/Lizard Men/Weapons/Textures/T_Spear-Horde_01_MS.tga
  artifactKey: Guid(caba5cc33a438254a9971c2e94911749) Importer(2089858483,b0f066a214c2f5e87bad3c948f4d605d)
Start importing Assets/3D Asserts/Lizard man/Medieval Series/Lizard Men/Weapons/Textures/T_Spear-Horde_01_MS.tga using Guid(caba5cc33a438254a9971c2e94911749) Importer(2089858483,b0f066a214c2f5e87bad3c948f4d605d) (ScriptedImporter) -> (artifact id: '0d3c2e455dd0bbd6c2db8c3ded03b206') in 0.1142022 seconds
Number of updated asset objects reloaded before import = 0Number of asset objects unloaded after import = 1

========================================================================
Received Import Request.
  Time since last request: 0.000045 seconds.
  path: Assets/3D Asserts/Lizard man/Medieval Series/Lizard Men/Source/Textures/T_Lizard_Man_2_MS.tga
  artifactKey: Guid(b75ea1f5c94fc8342afec9571c448040) Importer(2089858483,b0f066a214c2f5e87bad3c948f4d605d)
Start importing Assets/3D Asserts/Lizard man/Medieval Series/Lizard Men/Source/Textures/T_Lizard_Man_2_MS.tga using Guid(b75ea1f5c94fc8342afec9571c448040) Importer(2089858483,b0f066a214c2f5e87bad3c948f4d605d) (ScriptedImporter) -> (artifact id: '657bd2b10351126a381c147b0b31ae23') in 0.0428395 seconds
Number of updated asset objects reloaded before import = 0Number of asset objects unloaded after import = 1

========================================================================
Received Import Request.
  Time since last request: 0.000045 seconds.
  path: Assets/_Barking_Dog/_3D Scifi Base Vol 1/SpeedTree/Broadleaf/Broadleaf_Desktop Materials/LOD1/Branches_0.mat
  artifactKey: Guid(4be5b19d42487c24f830c4ee36849a95) Importer(2089858483,b0f066a214c2f5e87bad3c948f4d605d)
Start importing Assets/_Barking_Dog/_3D Scifi Base Vol 1/SpeedTree/Broadleaf/Broadleaf_Desktop Materials/LOD1/Branches_0.mat using Guid(4be5b19d42487c24f830c4ee36849a95) Importer(2089858483,b0f066a214c2f5e87bad3c948f4d605d) (ScriptedImporter) -> (artifact id: 'f87b20b30041844c69083e3896bf28eb') in 0.0074771 seconds
Number of updated asset objects reloaded before import = 0Number of asset objects unloaded after import = 3

========================================================================
Received Import Request.
  Time since last request: 0.000032 seconds.
  path: Assets/_Barking_Dog/_3D Scifi Base Vol 1/SpeedTree/Broadleaf/Broadleaf_Desktop Materials/LOD1/Branches_1.mat
  artifactKey: Guid(97ad51f0a4aed0a4289f5462ce6dc18f) Importer(2089858483,b0f066a214c2f5e87bad3c948f4d605d)
Start importing Assets/_Barking_Dog/_3D Scifi Base Vol 1/SpeedTree/Broadleaf/Broadleaf_Desktop Materials/LOD1/Branches_1.mat using Guid(97ad51f0a4aed0a4289f5462ce6dc18f) Importer(2089858483,b0f066a214c2f5e87bad3c948f4d605d) (ScriptedImporter) -> (artifact id: '1081d6b202335b6acc45809b8bafd92c') in 0.0077093 seconds
Number of updated asset objects reloaded before import = 0Number of asset objects unloaded after import = 3

========================================================================
Received Import Request.
  Time since last request: 0.000065 seconds.
  path: Assets/_Barking_Dog/_3D Scifi Base Vol 1/SpeedTree/Broadleaf/Broadleaf_Desktop Materials/LOD2/Branches_0.mat
  artifactKey: Guid(b0d5705176a0d36419d034e2ea46491a) Importer(2089858483,b0f066a214c2f5e87bad3c948f4d605d)
Start importing Assets/_Barking_Dog/_3D Scifi Base Vol 1/SpeedTree/Broadleaf/Broadleaf_Desktop Materials/LOD2/Branches_0.mat using Guid(b0d5705176a0d36419d034e2ea46491a) Importer(2089858483,b0f066a214c2f5e87bad3c948f4d605d) (ScriptedImporter) -> (artifact id: '10d0fe6dfa9070e9d3b5be6d34eabd90') in 0.0072903 seconds
Number of updated asset objects reloaded before import = 0Number of asset objects unloaded after import = 3

========================================================================
Received Import Request.
  Time since last request: 0.000048 seconds.
  path: Assets/_Barking_Dog/_3D Scifi Base Vol 1/SpeedTree/Broadleaf/Broadleaf_Desktop Materials/LOD1/Leaves_3.mat
  artifactKey: Guid(21b01056ea59b814f9ae15d8e6bb3aac) Importer(2089858483,b0f066a214c2f5e87bad3c948f4d605d)
Start importing Assets/_Barking_Dog/_3D Scifi Base Vol 1/SpeedTree/Broadleaf/Broadleaf_Desktop Materials/LOD1/Leaves_3.mat using Guid(21b01056ea59b814f9ae15d8e6bb3aac) Importer(2089858483,b0f066a214c2f5e87bad3c948f4d605d) (ScriptedImporter) -> (artifact id: '64572a37a5d0e788b6cc661327521dc1') in 0.0070172 seconds
Number of updated asset objects reloaded before import = 0Number of asset objects unloaded after import = 3

========================================================================
Received Import Request.
  Time since last request: 0.000033 seconds.
  path: Assets/_Barking_Dog/_3D Scifi Base Vol 1/SpeedTree/Broadleaf/Broadleaf_Desktop Materials/LOD2/FacingLeaves_4.mat
  artifactKey: Guid(d5222114580affc49a2af92470232e23) Importer(2089858483,b0f066a214c2f5e87bad3c948f4d605d)
Start importing Assets/_Barking_Dog/_3D Scifi Base Vol 1/SpeedTree/Broadleaf/Broadleaf_Desktop Materials/LOD2/FacingLeaves_4.mat using Guid(d5222114580affc49a2af92470232e23) Importer(2089858483,b0f066a214c2f5e87bad3c948f4d605d) (ScriptedImporter) -> (artifact id: 'fc3b3d9e48ce0c2f2b0bd9065f956f6e') in 0.0098807 seconds
Number of updated asset objects reloaded before import = 0Number of asset objects unloaded after import = 3

========================================================================
Received Import Request.
  Time since last request: 0.000060 seconds.
  path: Assets/3D Asserts/Lizard man/Polygonmaker - Shader/Source/T_Golem-Crystal_E.tga
  artifactKey: Guid(de9f5aa131f733a4c972f7748ec52c97) Importer(2089858483,b0f066a214c2f5e87bad3c948f4d605d)
Start importing Assets/3D Asserts/Lizard man/Polygonmaker - Shader/Source/T_Golem-Crystal_E.tga using Guid(de9f5aa131f733a4c972f7748ec52c97) Importer(2089858483,b0f066a214c2f5e87bad3c948f4d605d) (ScriptedImporter) -> (artifact id: '4a793d1a1d9ecb2c7ce168b09bf720bb') in 0.008814 seconds
Number of updated asset objects reloaded before import = 0Number of asset objects unloaded after import = 1

========================================================================
Received Import Request.
  Time since last request: 0.000047 seconds.
  path: Assets/EffectExamples/Shared/Shaders/SurfaceShader_VC.shader
  artifactKey: Guid(5e0b7dc1782a986469ed1446388360f5) Importer(2089858483,b0f066a214c2f5e87bad3c948f4d605d)
Start importing Assets/EffectExamples/Shared/Shaders/SurfaceShader_VC.shader using Guid(5e0b7dc1782a986469ed1446388360f5) Importer(2089858483,b0f066a214c2f5e87bad3c948f4d605d) (ScriptedImporter) -> (artifact id: 'b829d889cf389a39a0315a365e0d049f') in 0.0069636 seconds
Number of updated asset objects reloaded before import = 0Number of asset objects unloaded after import = 1

========================================================================
Received Import Request.
  Time since last request: 0.000218 seconds.
  path: Assets/EffectExamples/Shared/Textures/wood_tiled_02_a.tif
  artifactKey: Guid(b81b746ea3b5a4f4ab92a152e3b0b01d) Importer(2089858483,b0f066a214c2f5e87bad3c948f4d605d)
Start importing Assets/EffectExamples/Shared/Textures/wood_tiled_02_a.tif using Guid(b81b746ea3b5a4f4ab92a152e3b0b01d) Importer(2089858483,b0f066a214c2f5e87bad3c948f4d605d) (ScriptedImporter) -> (artifact id: '8189443990b1e3d689edbfd7c422d1ed') in 0.0141365 seconds
Number of updated asset objects reloaded before import = 0Number of asset objects unloaded after import = 1

========================================================================
Received Import Request.
  Time since last request: 0.000052 seconds.
  path: Assets/_Barking_Dog/_3D Scifi Base Vol 1/SpeedTree/Conifer/Conifer_Desktop Materials/LOD2/Branches_0.mat
  artifactKey: Guid(dffa6c1325fd30b41819f03be58b91e7) Importer(2089858483,b0f066a214c2f5e87bad3c948f4d605d)
Start importing Assets/_Barking_Dog/_3D Scifi Base Vol 1/SpeedTree/Conifer/Conifer_Desktop Materials/LOD2/Branches_0.mat using Guid(dffa6c1325fd30b41819f03be58b91e7) Importer(2089858483,b0f066a214c2f5e87bad3c948f4d605d) (ScriptedImporter) -> (artifact id: '1fec52ee28fd0cf5400cc1686a747cef') in 0.0074605 seconds
Number of updated asset objects reloaded before import = 0Number of asset objects unloaded after import = 3

========================================================================
Received Import Request.
  Time since last request: 0.000052 seconds.
  path: Assets/_Barking_Dog/_3D Scifi Base Vol 1/SpeedTree/Conifer/Conifer_Desktop Materials/LOD0/Branches_0.mat
  artifactKey: Guid(d4880c932a8e12b48a3039233e9634a0) Importer(2089858483,b0f066a214c2f5e87bad3c948f4d605d)
Start importing Assets/_Barking_Dog/_3D Scifi Base Vol 1/SpeedTree/Conifer/Conifer_Desktop Materials/LOD0/Branches_0.mat using Guid(d4880c932a8e12b48a3039233e9634a0) Importer(2089858483,b0f066a214c2f5e87bad3c948f4d605d) (ScriptedImporter) -> (artifact id: '49360dbc7b7c82b3cd8bbb5f5bdd4d9a') in 0.006771 seconds
Number of updated asset objects reloaded before import = 0Number of asset objects unloaded after import = 3

========================================================================
Received Import Request.
  Time since last request: 0.000046 seconds.
  path: Assets/_Barking_Dog/_3D Scifi Base Vol 1/SpeedTree/Conifer/Conifer_Desktop Materials/LOD0/Leaves_3.mat
  artifactKey: Guid(2bcb00d145ec17e4cad096cedfd84138) Importer(2089858483,b0f066a214c2f5e87bad3c948f4d605d)
Start importing Assets/_Barking_Dog/_3D Scifi Base Vol 1/SpeedTree/Conifer/Conifer_Desktop Materials/LOD0/Leaves_3.mat using Guid(2bcb00d145ec17e4cad096cedfd84138) Importer(2089858483,b0f066a214c2f5e87bad3c948f4d605d) (ScriptedImporter) -> (artifact id: 'ebc0adcd0c711413f3052f35e261bd4a') in 0.0089965 seconds
Number of updated asset objects reloaded before import = 0Number of asset objects unloaded after import = 3

========================================================================
Received Import Request.
  Time since last request: 0.000030 seconds.
  path: Assets/_Barking_Dog/_3D Scifi Base Vol 1/SpeedTree/Broadleaf/Broadleaf_Mobile Materials/LOD1/Leaves_1.mat
  artifactKey: Guid(a940b48d553d9c74f9ca0a3b4cf74336) Importer(2089858483,b0f066a214c2f5e87bad3c948f4d605d)
Start importing Assets/_Barking_Dog/_3D Scifi Base Vol 1/SpeedTree/Broadleaf/Broadleaf_Mobile Materials/LOD1/Leaves_1.mat using Guid(a940b48d553d9c74f9ca0a3b4cf74336) Importer(2089858483,b0f066a214c2f5e87bad3c948f4d605d) (ScriptedImporter) -> (artifact id: '29d837caeb91caaea2311e9739b19cd4') in 0.0105489 seconds
Number of updated asset objects reloaded before import = 0Number of asset objects unloaded after import = 3

========================================================================
Received Import Request.
  Time since last request: 0.000046 seconds.
  path: Assets/_Barking_Dog/_3D Scifi Base Vol 1/SpeedTree/Conifer/Conifer_Desktop Materials/LOD1/Branches_0.mat
  artifactKey: Guid(54ee8e39b634b6d45aae528b6b24e879) Importer(2089858483,b0f066a214c2f5e87bad3c948f4d605d)
Start importing Assets/_Barking_Dog/_3D Scifi Base Vol 1/SpeedTree/Conifer/Conifer_Desktop Materials/LOD1/Branches_0.mat using Guid(54ee8e39b634b6d45aae528b6b24e879) Importer(2089858483,b0f066a214c2f5e87bad3c948f4d605d) (ScriptedImporter) -> (artifact id: '7491c08fa8be4e245d01739ff7e10306') in 0.0096681 seconds
Number of updated asset objects reloaded before import = 0Number of asset objects unloaded after import = 3

========================================================================
Received Import Request.
  Time since last request: 0.000033 seconds.
  path: Assets/_Barking_Dog/_3D Scifi Base Vol 1/SpeedTree/Broadleaf/Broadleaf_Mobile Materials/LOD2/Branches_0.mat
  artifactKey: Guid(cd764ab8662bea6468202df8741bcfd3) Importer(2089858483,b0f066a214c2f5e87bad3c948f4d605d)
Start importing Assets/_Barking_Dog/_3D Scifi Base Vol 1/SpeedTree/Broadleaf/Broadleaf_Mobile Materials/LOD2/Branches_0.mat using Guid(cd764ab8662bea6468202df8741bcfd3) Importer(2089858483,b0f066a214c2f5e87bad3c948f4d605d) (ScriptedImporter) -> (artifact id: '1cfefa3828c0ce9451432892870e623d') in 0.0098546 seconds
Number of updated asset objects reloaded before import = 0Number of asset objects unloaded after import = 3

========================================================================
Received Import Request.
  Time since last request: 0.000106 seconds.
  path: Assets/_Barking_Dog/_3D Scifi Base Vol 1/SpeedTree/Conifer/Conifer_Desktop Materials/LOD1/Fronds_2.mat
  artifactKey: Guid(e183610e060210e44ac38d34e83c54d1) Importer(2089858483,b0f066a214c2f5e87bad3c948f4d605d)
Start importing Assets/_Barking_Dog/_3D Scifi Base Vol 1/SpeedTree/Conifer/Conifer_Desktop Materials/LOD1/Fronds_2.mat using Guid(e183610e060210e44ac38d34e83c54d1) Importer(2089858483,b0f066a214c2f5e87bad3c948f4d605d) (ScriptedImporter) -> (artifact id: 'db642196c5006afe6c414c166f565ad4') in 0.0100686 seconds
Number of updated asset objects reloaded before import = 0Number of asset objects unloaded after import = 3

========================================================================
Received Import Request.
  Time since last request: 0.000031 seconds.
  path: Assets/3D Asserts/Lizard man/Medieval Series/Lizard Men/Source/Textures/Mobile/Lizard_Man_4 [Diffuse].tga
  artifactKey: Guid(47cbe16f058f83a44aa1409d0f1ec112) Importer(2089858483,b0f066a214c2f5e87bad3c948f4d605d)
Start importing Assets/3D Asserts/Lizard man/Medieval Series/Lizard Men/Source/Textures/Mobile/Lizard_Man_4 [Diffuse].tga using Guid(47cbe16f058f83a44aa1409d0f1ec112) Importer(2089858483,b0f066a214c2f5e87bad3c948f4d605d) (ScriptedImporter) -> (artifact id: '894a20b2e71c35f1fa2b5f7c194ce8e6') in 0.0862115 seconds
Number of updated asset objects reloaded before import = 0Number of asset objects unloaded after import = 1

========================================================================
Received Import Request.
  Time since last request: 0.000032 seconds.
  path: Assets/3D Asserts/Lizard man/Medieval Series/Lizard Men/Source/Textures/Mobile/Lizard_Man_2 [Diffuse].tga
  artifactKey: Guid(7b68d2165a0e08c4f9c3bd60c919e8c8) Importer(2089858483,b0f066a214c2f5e87bad3c948f4d605d)
Start importing Assets/3D Asserts/Lizard man/Medieval Series/Lizard Men/Source/Textures/Mobile/Lizard_Man_2 [Diffuse].tga using Guid(7b68d2165a0e08c4f9c3bd60c919e8c8) Importer(2089858483,b0f066a214c2f5e87bad3c948f4d605d) (ScriptedImporter) -> (artifact id: 'c15440257cdc3155ed0605bbbc6d4186') in 0.0890756 seconds
Number of updated asset objects reloaded before import = 0Number of asset objects unloaded after import = 1

========================================================================
Received Import Request.
  Time since last request: 0.000040 seconds.
  path: Assets/3D Asserts/Lizard man/Medieval Series/Lizard Men/Weapons/Source/Materials/Axe-Wraith_1.mat
  artifactKey: Guid(2cb653bd462ffc0418b24c9926cfed23) Importer(2089858483,b0f066a214c2f5e87bad3c948f4d605d)
Start importing Assets/3D Asserts/Lizard man/Medieval Series/Lizard Men/Weapons/Source/Materials/Axe-Wraith_1.mat using Guid(2cb653bd462ffc0418b24c9926cfed23) Importer(2089858483,b0f066a214c2f5e87bad3c948f4d605d) (ScriptedImporter) -> (artifact id: '23072d7e8fcbc88f1cbadd3a38ec3dd5') in 0.0398418 seconds
Number of updated asset objects reloaded before import = 0Number of asset objects unloaded after import = 4

========================================================================
Received Import Request.
  Time since last request: 0.000059 seconds.
  path: Assets/3D Asserts/Lizard man/Medieval Series/Lizard Men/Source/Textures/Mobile/Lizard_Man_3 [Diffuse].tga
  artifactKey: Guid(920b6d25a59dd7e4783090dacb6fefd5) Importer(2089858483,b0f066a214c2f5e87bad3c948f4d605d)
Start importing Assets/3D Asserts/Lizard man/Medieval Series/Lizard Men/Source/Textures/Mobile/Lizard_Man_3 [Diffuse].tga using Guid(920b6d25a59dd7e4783090dacb6fefd5) Importer(2089858483,b0f066a214c2f5e87bad3c948f4d605d) (ScriptedImporter) -> (artifact id: '29263ff71771e66538e126ac59f3d990') in 0.0755425 seconds
Number of updated asset objects reloaded before import = 0Number of asset objects unloaded after import = 1

========================================================================
Received Import Request.
  Time since last request: 0.000084 seconds.
  path: Assets/3D Asserts/Lizard man/Medieval Series/Lizard Men/Source/Materials/Mobile/Lizard_1_Mobile.mat
  artifactKey: Guid(6b9d8d471a275594488d4729cf6f15d1) Importer(2089858483,b0f066a214c2f5e87bad3c948f4d605d)
Start importing Assets/3D Asserts/Lizard man/Medieval Series/Lizard Men/Source/Materials/Mobile/Lizard_1_Mobile.mat using Guid(6b9d8d471a275594488d4729cf6f15d1) Importer(2089858483,b0f066a214c2f5e87bad3c948f4d605d) (ScriptedImporter) -> (artifact id: 'af2e3fa43c7fea8df01ef7d64133e636') in 0.0310016 seconds
Number of updated asset objects reloaded before import = 0Number of asset objects unloaded after import = 2

========================================================================
Received Import Request.
  Time since last request: 0.000076 seconds.
  path: Assets/3D Asserts/Lizard man/Medieval Series/Lizard Men/Weapons/Source/Materials/Spear-Horde_1.mat
  artifactKey: Guid(061627832b55e744593ddec7362a6417) Importer(2089858483,b0f066a214c2f5e87bad3c948f4d605d)
Start importing Assets/3D Asserts/Lizard man/Medieval Series/Lizard Men/Weapons/Source/Materials/Spear-Horde_1.mat using Guid(061627832b55e744593ddec7362a6417) Importer(2089858483,b0f066a214c2f5e87bad3c948f4d605d) (ScriptedImporter) -> (artifact id: '8bd3ea108746a5c080ed24b22d92bab1') in 0.0195839 seconds
Number of updated asset objects reloaded before import = 0Number of asset objects unloaded after import = 4

========================================================================
Received Import Request.
  Time since last request: 0.000058 seconds.
  path: Assets/3D Asserts/Lizard man/Medieval Series/Lizard Men/Source/Textures/Mobile/Helmet [Diffuse].tga
  artifactKey: Guid(49d9976c298cca14ba04f5467c719271) Importer(2089858483,b0f066a214c2f5e87bad3c948f4d605d)
Start importing Assets/3D Asserts/Lizard man/Medieval Series/Lizard Men/Source/Textures/Mobile/Helmet [Diffuse].tga using Guid(49d9976c298cca14ba04f5467c719271) Importer(2089858483,b0f066a214c2f5e87bad3c948f4d605d) (ScriptedImporter) -> (artifact id: '5f02e3a25253d5517b5c9ec0f0b0a60d') in 0.0128586 seconds
Number of updated asset objects reloaded before import = 0Number of asset objects unloaded after import = 1

========================================================================
Received Import Request.
  Time since last request: 0.000027 seconds.
  path: Assets/_Barking_Dog/_3D Scifi Base Vol 1/SpeedTree/Conifer/Conifer_Desktop Materials/LOD1/Branches_1.mat
  artifactKey: Guid(fecc9f713338e4943a8c38775af8c046) Importer(2089858483,b0f066a214c2f5e87bad3c948f4d605d)
Start importing Assets/_Barking_Dog/_3D Scifi Base Vol 1/SpeedTree/Conifer/Conifer_Desktop Materials/LOD1/Branches_1.mat using Guid(fecc9f713338e4943a8c38775af8c046) Importer(2089858483,b0f066a214c2f5e87bad3c948f4d605d) (ScriptedImporter) -> (artifact id: '13a1471755ba40849552d541d41a5cfb') in 0.0125363 seconds
Number of updated asset objects reloaded before import = 0Number of asset objects unloaded after import = 3

========================================================================
Received Import Request.
  Time since last request: 0.000121 seconds.
  path: Assets/3D Asserts/Lizard man/Medieval Series/Lizard Men/Source/Materials/Mobile/Lizard_2_Mobile.mat
  artifactKey: Guid(7e4599d5ee805444ebee058668832af7) Importer(2089858483,b0f066a214c2f5e87bad3c948f4d605d)
Start importing Assets/3D Asserts/Lizard man/Medieval Series/Lizard Men/Source/Materials/Mobile/Lizard_2_Mobile.mat using Guid(7e4599d5ee805444ebee058668832af7) Importer(2089858483,b0f066a214c2f5e87bad3c948f4d605d) (ScriptedImporter) -> (artifact id: 'b04a3f3af8a1289c6a0f744f86c7ea11') in 0.0145444 seconds
Number of updated asset objects reloaded before import = 0Number of asset objects unloaded after import = 2

========================================================================
Received Import Request.
  Time since last request: 0.000042 seconds.
  path: Assets/3D Asserts/Lizard man/Medieval Series/Lizard Men/Source/Materials/Mobile/Lizard_4_Mobile.mat
  artifactKey: Guid(dbc0c1875f6201f42b0ab4dc621bf594) Importer(2089858483,b0f066a214c2f5e87bad3c948f4d605d)
Start importing Assets/3D Asserts/Lizard man/Medieval Series/Lizard Men/Source/Materials/Mobile/Lizard_4_Mobile.mat using Guid(dbc0c1875f6201f42b0ab4dc621bf594) Importer(2089858483,b0f066a214c2f5e87bad3c948f4d605d) (ScriptedImporter) -> (artifact id: '5138a34f17986c24b7fcfa5f4adf6a72') in 0.0382673 seconds
Number of updated asset objects reloaded before import = 0Number of asset objects unloaded after import = 2

========================================================================
Received Import Request.
  Time since last request: 0.000056 seconds.
  path: Assets/_Barking_Dog/_3D Scifi Base Vol 1/Meshes/Wall_Grid_01.FBX
  artifactKey: Guid(be9cbad110c7e4fb895115494c97d96d) Importer(2089858483,b0f066a214c2f5e87bad3c948f4d605d)
Start importing Assets/_Barking_Dog/_3D Scifi Base Vol 1/Meshes/Wall_Grid_01.FBX using Guid(be9cbad110c7e4fb895115494c97d96d) Importer(2089858483,b0f066a214c2f5e87bad3c948f4d605d) (ScriptedImporter) -> (artifact id: '2bd5f6a911da8bf8a211d108cbe96a8b') in 0.020705 seconds
Number of updated asset objects reloaded before import = 0Number of asset objects unloaded after import = 9

========================================================================
Received Import Request.
  Time since last request: 0.000037 seconds.
  path: Assets/_Barking_Dog/_3D Scifi Base Vol 1/Meshes/Wardrobe_Big_01.FBX
  artifactKey: Guid(732b827306aeb4518a5deabac1fd07a9) Importer(2089858483,b0f066a214c2f5e87bad3c948f4d605d)
Start importing Assets/_Barking_Dog/_3D Scifi Base Vol 1/Meshes/Wardrobe_Big_01.FBX using Guid(732b827306aeb4518a5deabac1fd07a9) Importer(2089858483,b0f066a214c2f5e87bad3c948f4d605d) (ScriptedImporter) -> (artifact id: 'dbfc45684c25c51178e0e399aee8132f') in 0.0192077 seconds
Number of updated asset objects reloaded before import = 0Number of asset objects unloaded after import = 20

========================================================================
Received Import Request.
  Time since last request: 0.000068 seconds.
  path: Assets/3D Asserts/Lizard man/Polygonmaker - Shader/Scene/Main.unity
  artifactKey: Guid(af06af37576d293468fb3bf1fdcd59bd) Importer(2089858483,e11c23a36db5f54750b8cd40eac0985b)
Start importing Assets/3D Asserts/Lizard man/Polygonmaker - Shader/Scene/Main.unity using Guid(af06af37576d293468fb3bf1fdcd59bd) Importer(2089858483,e11c23a36db5f54750b8cd40eac0985b) (ScriptedImporter)Opening scene 'Assets/3D Asserts/Lizard man/Polygonmaker - Shader/Scene/Main.unity additively'
Loaded scene 'Assets/3D Asserts/Lizard man/Polygonmaker - Shader/Scene/Main.unity'
	Deserialize:            68.147 ms
	Integration:            63.212 ms
	Integration of assets:  14.118 ms
	Thread Wait Time:       0.037 ms
	Total Operation Time:   145.514 ms
 -> (artifact id: '03db94756887a653099a13231563488f') in 0.3588591 seconds
Number of updated asset objects reloaded before import = 0Number of asset objects unloaded after import = 136

========================================================================
Received Import Request.
  Time since last request: 0.000051 seconds.
  path: Assets/_Barking_Dog/_3D Scifi Base Vol 1/Meshes/Materials/Water.mat
  artifactKey: Guid(0e10949afaf7b734e89d7ceefb279d73) Importer(2089858483,b0f066a214c2f5e87bad3c948f4d605d)
Start importing Assets/_Barking_Dog/_3D Scifi Base Vol 1/Meshes/Materials/Water.mat using Guid(0e10949afaf7b734e89d7ceefb279d73) Importer(2089858483,b0f066a214c2f5e87bad3c948f4d605d) (ScriptedImporter) -> (artifact id: '741180941203ae2e4ec0e4dd5eb5c4c9') in 0.0454313 seconds
Number of updated asset objects reloaded before import = 0Number of asset objects unloaded after import = 2

========================================================================
Received Import Request.
  Time since last request: 0.000053 seconds.
  path: Assets/_Barking_Dog/_3D Scifi Base Vol 1/Splat/Grass_Sprite_01.tga
  artifactKey: Guid(0fb14dec8628a4a6cafcda16ae57ebf9) Importer(2089858483,b0f066a214c2f5e87bad3c948f4d605d)
Start importing Assets/_Barking_Dog/_3D Scifi Base Vol 1/Splat/Grass_Sprite_01.tga using Guid(0fb14dec8628a4a6cafcda16ae57ebf9) Importer(2089858483,b0f066a214c2f5e87bad3c948f4d605d) (ScriptedImporter) -> (artifact id: '34aedfa54d22e86115b6b2ff75cce173') in 0.0153976 seconds
Number of updated asset objects reloaded before import = 0Number of asset objects unloaded after import = 1

========================================================================
Received Import Request.
  Time since last request: 0.000044 seconds.
  path: Assets/EffectExamples/WeaponEffects/Textures/FleshBulletHoleNormals.tif
  artifactKey: Guid(372fe723afe65ed41a5b38da5faf82a1) Importer(2089858483,b0f066a214c2f5e87bad3c948f4d605d)
Start importing Assets/EffectExamples/WeaponEffects/Textures/FleshBulletHoleNormals.tif using Guid(372fe723afe65ed41a5b38da5faf82a1) Importer(2089858483,b0f066a214c2f5e87bad3c948f4d605d) (ScriptedImporter) -> (artifact id: 'a005b5eb758094bd15d3ac94fc4ed490') in 0.0205303 seconds
Number of updated asset objects reloaded before import = 0Number of asset objects unloaded after import = 1

========================================================================
Received Import Request.
  Time since last request: 0.000058 seconds.
  path: Assets/_Barking_Dog/_3D Scifi Base Vol 1/Prefabs/_Build/P_Dome_Angle_01.prefab
  artifactKey: Guid(94e39d4d957004a68b07c38034210791) Importer(2089858483,e11c23a36db5f54750b8cd40eac0985b)
Start importing Assets/_Barking_Dog/_3D Scifi Base Vol 1/Prefabs/_Build/P_Dome_Angle_01.prefab using Guid(94e39d4d957004a68b07c38034210791) Importer(2089858483,e11c23a36db5f54750b8cd40eac0985b) (ScriptedImporter) -> (artifact id: 'bdb6e3e7cf07eefafb1c344cbedec7a3') in 0.0302742 seconds
Number of updated asset objects reloaded before import = 0Number of asset objects unloaded after import = 12

========================================================================
Received Import Request.
  Time since last request: 0.000063 seconds.
  path: Assets/_Barking_Dog/_3D Scifi Base Vol 1/Meshes/Technical_Cab_02.FBX
  artifactKey: Guid(6d9be09b75ac04b35a57da7e3856eb4e) Importer(2089858483,b0f066a214c2f5e87bad3c948f4d605d)
Start importing Assets/_Barking_Dog/_3D Scifi Base Vol 1/Meshes/Technical_Cab_02.FBX using Guid(6d9be09b75ac04b35a57da7e3856eb4e) Importer(2089858483,b0f066a214c2f5e87bad3c948f4d605d) (ScriptedImporter) -> (artifact id: '7a16883e5cb89a823233d5d55c705615') in 0.0249663 seconds
Number of updated asset objects reloaded before import = 0Number of asset objects unloaded after import = 10

========================================================================
Received Import Request.
  Time since last request: 0.000033 seconds.
  path: Assets/_Barking_Dog/_3D Scifi Base Vol 1/Meshes/Antenna_01.FBX
  artifactKey: Guid(d9a9f23458857418fab813612d1c6468) Importer(2089858483,b0f066a214c2f5e87bad3c948f4d605d)
Start importing Assets/_Barking_Dog/_3D Scifi Base Vol 1/Meshes/Antenna_01.FBX using Guid(d9a9f23458857418fab813612d1c6468) Importer(2089858483,b0f066a214c2f5e87bad3c948f4d605d) (ScriptedImporter) -> (artifact id: '157f5091eab7b973c17c22045fcc338b') in 0.0201317 seconds
Number of updated asset objects reloaded before import = 0Number of asset objects unloaded after import = 9

========================================================================
Received Import Request.
  Time since last request: 0.000045 seconds.
  path: Assets/_Barking_Dog/_3D Scifi Base Vol 1/Textures/Wall_Atlas_05_Dif_02.png
  artifactKey: Guid(96ba198dc7ff44a3686f644151bbcf8b) Importer(2089858483,b0f066a214c2f5e87bad3c948f4d605d)
Start importing Assets/_Barking_Dog/_3D Scifi Base Vol 1/Textures/Wall_Atlas_05_Dif_02.png using Guid(96ba198dc7ff44a3686f644151bbcf8b) Importer(2089858483,b0f066a214c2f5e87bad3c948f4d605d) (ScriptedImporter) -> (artifact id: '74d6968332ff962115c3d17f7728735c') in 0.1073161 seconds
Number of updated asset objects reloaded before import = 0Number of asset objects unloaded after import = 1

========================================================================
Received Import Request.
  Time since last request: 0.000067 seconds.
  path: Assets/_Barking_Dog/_3D Scifi Base Vol 1/Textures/ForceField_01.mat
  artifactKey: Guid(9fe8f5327996d4701bd153e6fdfe773d) Importer(2089858483,b0f066a214c2f5e87bad3c948f4d605d)
Start importing Assets/_Barking_Dog/_3D Scifi Base Vol 1/Textures/ForceField_01.mat using Guid(9fe8f5327996d4701bd153e6fdfe773d) Importer(2089858483,b0f066a214c2f5e87bad3c948f4d605d) (ScriptedImporter) -> (artifact id: '2fe9970890e384b7b7bb0d6cfe8e0cea') in 0.0059144 seconds
Number of updated asset objects reloaded before import = 0Number of asset objects unloaded after import = 2

========================================================================
Received Import Request.
  Time since last request: 0.000065 seconds.
  path: Assets/_Barking_Dog/_3D Scifi Base Vol 1/Prefabs/_Build/P_Pipes_Insert_05.prefab
  artifactKey: Guid(63885e382038e4c0ab2408ed5ccef3e6) Importer(2089858483,e11c23a36db5f54750b8cd40eac0985b)
Start importing Assets/_Barking_Dog/_3D Scifi Base Vol 1/Prefabs/_Build/P_Pipes_Insert_05.prefab using Guid(63885e382038e4c0ab2408ed5ccef3e6) Importer(2089858483,e11c23a36db5f54750b8cd40eac0985b) (ScriptedImporter) -> (artifact id: '616b6fd587479cf63191119a95ca0a01') in 0.0173113 seconds
Number of updated asset objects reloaded before import = 0Number of asset objects unloaded after import = 11

========================================================================
Received Import Request.
  Time since last request: 0.000027 seconds.
  path: Assets/_Barking_Dog/_3D Scifi Base Vol 1/Prefabs/_Build/P_Plateforme_02.prefab
  artifactKey: Guid(e13f85d2428034fef890e44954e1b8f9) Importer(2089858483,e11c23a36db5f54750b8cd40eac0985b)
Start importing Assets/_Barking_Dog/_3D Scifi Base Vol 1/Prefabs/_Build/P_Plateforme_02.prefab using Guid(e13f85d2428034fef890e44954e1b8f9) Importer(2089858483,e11c23a36db5f54750b8cd40eac0985b) (ScriptedImporter) -> (artifact id: 'c962fffd7078dd49290b1461d5c92ad1') in 0.017363 seconds
Number of updated asset objects reloaded before import = 0Number of asset objects unloaded after import = 17

========================================================================
Received Import Request.
  Time since last request: 0.000034 seconds.
  path: Assets/3D Asserts/Sci Fi Gun Light/Materials/SciFiGunLight/SciFiGunLight_Rad.mat
  artifactKey: Guid(9cadc8c5021163743861056c6e0fb83a) Importer(2089858483,b0f066a214c2f5e87bad3c948f4d605d)
Start importing Assets/3D Asserts/Sci Fi Gun Light/Materials/SciFiGunLight/SciFiGunLight_Rad.mat using Guid(9cadc8c5021163743861056c6e0fb83a) Importer(2089858483,b0f066a214c2f5e87bad3c948f4d605d) (ScriptedImporter) -> (artifact id: '847d559739949fd91282ed2abd230c81') in 0.0452548 seconds
Number of updated asset objects reloaded before import = 0Number of asset objects unloaded after import = 5

========================================================================
Received Import Request.
  Time since last request: 0.000046 seconds.
  path: Assets/3D Asserts/Lizard man/Medieval Series/Lizard Men/Source/Textures/T_Lizard_Man_3_MS.tga
  artifactKey: Guid(35fac2ca1548a3f47ba7dae61ad4b34d) Importer(2089858483,b0f066a214c2f5e87bad3c948f4d605d)
Start importing Assets/3D Asserts/Lizard man/Medieval Series/Lizard Men/Source/Textures/T_Lizard_Man_3_MS.tga using Guid(35fac2ca1548a3f47ba7dae61ad4b34d) Importer(2089858483,b0f066a214c2f5e87bad3c948f4d605d) (ScriptedImporter) -> (artifact id: '27d1164c66ced3b010b8b7be8c326f4d') in 0.04335 seconds
Number of updated asset objects reloaded before import = 0Number of asset objects unloaded after import = 1

========================================================================
Received Import Request.
  Time since last request: 0.000053 seconds.
  path: Assets/_Barking_Dog/_3D Scifi Base Vol 1/Meshes/Materials/Wall_Atlas_07_Dif.mat
  artifactKey: Guid(8b1c16d3c43324ed1abf432b456dff6a) Importer(2089858483,b0f066a214c2f5e87bad3c948f4d605d)
Start importing Assets/_Barking_Dog/_3D Scifi Base Vol 1/Meshes/Materials/Wall_Atlas_07_Dif.mat using Guid(8b1c16d3c43324ed1abf432b456dff6a) Importer(2089858483,b0f066a214c2f5e87bad3c948f4d605d) (ScriptedImporter) -> (artifact id: '7baedde117676f6a10ef216eb2c1e27f') in 0.2056802 seconds
Number of updated asset objects reloaded before import = 0Number of asset objects unloaded after import = 6

========================================================================
Received Import Request.
  Time since last request: 0.000045 seconds.
  path: Assets/_Barking_Dog/_3D Scifi Base Vol 1/Prefabs/_Build/P_Rock_02.prefab
  artifactKey: Guid(0a7cb2998217444e0aacda5c9c09237d) Importer(2089858483,e11c23a36db5f54750b8cd40eac0985b)
Start importing Assets/_Barking_Dog/_3D Scifi Base Vol 1/Prefabs/_Build/P_Rock_02.prefab using Guid(0a7cb2998217444e0aacda5c9c09237d) Importer(2089858483,e11c23a36db5f54750b8cd40eac0985b) (ScriptedImporter) -> (artifact id: 'a0e2a3f06fa6ca5fd3576d8d2e4bdc13') in 0.0295504 seconds
Number of updated asset objects reloaded before import = 0Number of asset objects unloaded after import = 11

========================================================================
Received Import Request.
  Time since last request: 0.000071 seconds.
  path: Assets/_Barking_Dog/_3D Scifi Base Vol 1/Meshes/Pipes_Insert_05.FBX
  artifactKey: Guid(c78e47648ac9846ee8f198b0c446deea) Importer(2089858483,b0f066a214c2f5e87bad3c948f4d605d)
Start importing Assets/_Barking_Dog/_3D Scifi Base Vol 1/Meshes/Pipes_Insert_05.FBX using Guid(c78e47648ac9846ee8f198b0c446deea) Importer(2089858483,b0f066a214c2f5e87bad3c948f4d605d) (ScriptedImporter) -> (artifact id: 'e3a320de660366c2eba7500a7138befd') in 0.0244453 seconds
Number of updated asset objects reloaded before import = 0Number of asset objects unloaded after import = 8

========================================================================
Received Import Request.
  Time since last request: 0.000034 seconds.
  path: Assets/_Barking_Dog/_3D Scifi Base Vol 1/Splat/Rock_01_Metal.tif
  artifactKey: Guid(4f35e5ee85b7c44b9a3e63d8db723d4e) Importer(2089858483,b0f066a214c2f5e87bad3c948f4d605d)
Start importing Assets/_Barking_Dog/_3D Scifi Base Vol 1/Splat/Rock_01_Metal.tif using Guid(4f35e5ee85b7c44b9a3e63d8db723d4e) Importer(2089858483,b0f066a214c2f5e87bad3c948f4d605d) (ScriptedImporter) -> (artifact id: 'be54fafa183fb841468e9fe74b2f9e5c') in 0.0238206 seconds
Number of updated asset objects reloaded before import = 0Number of asset objects unloaded after import = 1

========================================================================
Received Import Request.
  Time since last request: 0.000036 seconds.
  path: Assets/3D Asserts/Lizard man/Polygonmaker - Shader/Source/Rotation.controller
  artifactKey: Guid(4f6006e6296ca5c4a9b632a0613cded7) Importer(2089858483,b0f066a214c2f5e87bad3c948f4d605d)
Start importing Assets/3D Asserts/Lizard man/Polygonmaker - Shader/Source/Rotation.controller using Guid(4f6006e6296ca5c4a9b632a0613cded7) Importer(2089858483,b0f066a214c2f5e87bad3c948f4d605d) (ScriptedImporter) -> (artifact id: '36922c0cd55f5bded3ffdbc9da0b29ff') in 0.0047742 seconds
Number of updated asset objects reloaded before import = 0Number of asset objects unloaded after import = 4

========================================================================
Received Import Request.
  Time since last request: 0.000054 seconds.
  path: Assets/EffectExamples/Shared/Materials/WoodSurface.mat
  artifactKey: Guid(ce4b77858ec6c0f469b07b034c21a85f) Importer(2089858483,b0f066a214c2f5e87bad3c948f4d605d)
Start importing Assets/EffectExamples/Shared/Materials/WoodSurface.mat using Guid(ce4b77858ec6c0f469b07b034c21a85f) Importer(2089858483,b0f066a214c2f5e87bad3c948f4d605d) (ScriptedImporter) -> (artifact id: '4091e31aa810b6774e2e429e84146a34') in 0.0248378 seconds
Number of updated asset objects reloaded before import = 0Number of asset objects unloaded after import = 4

========================================================================
Received Import Request.
  Time since last request: 0.000072 seconds.
  path: Assets/EffectExamples/FireExplosionEffects/Textures/RoundSoftParticle.tif
  artifactKey: Guid(82c211cd7b28abb4a9e4ee77e8bd1b03) Importer(2089858483,b0f066a214c2f5e87bad3c948f4d605d)
Start importing Assets/EffectExamples/FireExplosionEffects/Textures/RoundSoftParticle.tif using Guid(82c211cd7b28abb4a9e4ee77e8bd1b03) Importer(2089858483,b0f066a214c2f5e87bad3c948f4d605d) (ScriptedImporter) -> (artifact id: 'e1a9d27eb0bfce01aabbb9e324b12f45') in 0.013447 seconds
Number of updated asset objects reloaded before import = 0Number of asset objects unloaded after import = 1

========================================================================
Received Import Request.
  Time since last request: 0.000024 seconds.
  path: Assets/_Barking_Dog/_3D Scifi Base Vol 1/Prefabs/_Build/P_Plateforme_01.prefab
  artifactKey: Guid(1a300487d337b4e9082c9bf22cf1d99d) Importer(2089858483,e11c23a36db5f54750b8cd40eac0985b)
Start importing Assets/_Barking_Dog/_3D Scifi Base Vol 1/Prefabs/_Build/P_Plateforme_01.prefab using Guid(1a300487d337b4e9082c9bf22cf1d99d) Importer(2089858483,e11c23a36db5f54750b8cd40eac0985b) (ScriptedImporter) -> (artifact id: '3bc0d51d3f8b183ca2a5770b019521ba') in 0.0244161 seconds
Number of updated asset objects reloaded before import = 0Number of asset objects unloaded after import = 22

========================================================================
Received Import Request.
  Time since last request: 0.000034 seconds.
  path: Assets/_Barking_Dog/_3D Scifi Base Vol 1/Meshes/Rock_01.FBX
  artifactKey: Guid(ab7c18bf7fcad437393bfc9ce354d019) Importer(2089858483,b0f066a214c2f5e87bad3c948f4d605d)
Start importing Assets/_Barking_Dog/_3D Scifi Base Vol 1/Meshes/Rock_01.FBX using Guid(ab7c18bf7fcad437393bfc9ce354d019) Importer(2089858483,b0f066a214c2f5e87bad3c948f4d605d) (ScriptedImporter) -> (artifact id: '8b8f40e4d462f6c88783d43934e6e7e4') in 0.0242568 seconds
Number of updated asset objects reloaded before import = 0Number of asset objects unloaded after import = 8

========================================================================
Received Import Request.
  Time since last request: 0.000077 seconds.
  path: Assets/_Barking_Dog/_3D Scifi Base Vol 1/Textures/Wall_Atlas_06_Dif_02.png
  artifactKey: Guid(b38a5f34bfb75453bb669434a71677e5) Importer(2089858483,b0f066a214c2f5e87bad3c948f4d605d)
Start importing Assets/_Barking_Dog/_3D Scifi Base Vol 1/Textures/Wall_Atlas_06_Dif_02.png using Guid(b38a5f34bfb75453bb669434a71677e5) Importer(2089858483,b0f066a214c2f5e87bad3c948f4d605d) (ScriptedImporter) -> (artifact id: '5a2c9075863093ea3f8a43f4df19bdd6') in 0.0258815 seconds
Number of updated asset objects reloaded before import = 0Number of asset objects unloaded after import = 1

========================================================================
Received Import Request.
  Time since last request: 0.000025 seconds.
  path: Assets/EffectExamples/WaterEffects/Textures/WaterTrailParticle.tif
  artifactKey: Guid(1aa700dc6241ca84aa513fc5573761db) Importer(2089858483,b0f066a214c2f5e87bad3c948f4d605d)
Start importing Assets/EffectExamples/WaterEffects/Textures/WaterTrailParticle.tif using Guid(1aa700dc6241ca84aa513fc5573761db) Importer(2089858483,b0f066a214c2f5e87bad3c948f4d605d) (ScriptedImporter) -> (artifact id: '359ab2def74579200c37634d8305584b') in 0.0153446 seconds
Number of updated asset objects reloaded before import = 0Number of asset objects unloaded after import = 1

========================================================================
Received Import Request.
  Time since last request: 0.000038 seconds.
  path: Assets/_Barking_Dog/_3D Scifi Base Vol 1/Textures/Wall_Atlas_05_Norm_02.png
  artifactKey: Guid(49b09b2fab3584294959e5867f0b6343) Importer(2089858483,b0f066a214c2f5e87bad3c948f4d605d)
Start importing Assets/_Barking_Dog/_3D Scifi Base Vol 1/Textures/Wall_Atlas_05_Norm_02.png using Guid(49b09b2fab3584294959e5867f0b6343) Importer(2089858483,b0f066a214c2f5e87bad3c948f4d605d) (ScriptedImporter) -> (artifact id: '3a2699a46eae3e43c615dff66b5d8ff2') in 0.1820654 seconds
Number of updated asset objects reloaded before import = 0Number of asset objects unloaded after import = 1

========================================================================
Received Import Request.
  Time since last request: 0.000032 seconds.
  path: Assets/_Barking_Dog/_3D Scifi Base Vol 1/Meshes/Materials/Wall_Atlas_05_Dif.mat
  artifactKey: Guid(3c8efba4a44334e8fb04831e0d8a8f65) Importer(2089858483,b0f066a214c2f5e87bad3c948f4d605d)
Start importing Assets/_Barking_Dog/_3D Scifi Base Vol 1/Meshes/Materials/Wall_Atlas_05_Dif.mat using Guid(3c8efba4a44334e8fb04831e0d8a8f65) Importer(2089858483,b0f066a214c2f5e87bad3c948f4d605d) (ScriptedImporter) -> (artifact id: 'dad6ab3a4f50c6b9ec95ecbf84f838f8') in 0.2674041 seconds
Number of updated asset objects reloaded before import = 0Number of asset objects unloaded after import = 6

========================================================================
Received Import Request.
  Time since last request: 0.000057 seconds.
  path: Assets/_Barking_Dog/_3D Scifi Base Vol 1/Splat/Grass_01.png
  artifactKey: Guid(b0a6b149162290d478d6289483442d12) Importer(2089858483,b0f066a214c2f5e87bad3c948f4d605d)
Start importing Assets/_Barking_Dog/_3D Scifi Base Vol 1/Splat/Grass_01.png using Guid(b0a6b149162290d478d6289483442d12) Importer(2089858483,b0f066a214c2f5e87bad3c948f4d605d) (ScriptedImporter) -> (artifact id: 'eca318a1a5c79216ed38674354c6638e') in 0.0266895 seconds
Number of updated asset objects reloaded before import = 0Number of asset objects unloaded after import = 1

========================================================================
Received Import Request.
  Time since last request: 0.000026 seconds.
  path: Assets/_Barking_Dog/_3D Scifi Base Vol 1/Example_01Settings.lighting
  artifactKey: Guid(19b0aa84dadaef046914f216b56a719a) Importer(2089858483,b0f066a214c2f5e87bad3c948f4d605d)
Start importing Assets/_Barking_Dog/_3D Scifi Base Vol 1/Example_01Settings.lighting using Guid(19b0aa84dadaef046914f216b56a719a) Importer(2089858483,b0f066a214c2f5e87bad3c948f4d605d) (ScriptedImporter) -> (artifact id: 'a58eda6f1f5057a77d7415622193f4cc') in 0.0395227 seconds
Number of updated asset objects reloaded before import = 0Number of asset objects unloaded after import = 1

========================================================================
Received Import Request.
  Time since last request: 0.000031 seconds.
  path: Assets/_Barking_Dog/_3D Scifi Base Vol 1/Fx/Smoke.prefab
  artifactKey: Guid(37a3f83674c154a4e9b6adc500fd1d02) Importer(2089858483,e11c23a36db5f54750b8cd40eac0985b)
Start importing Assets/_Barking_Dog/_3D Scifi Base Vol 1/Fx/Smoke.prefab using Guid(37a3f83674c154a4e9b6adc500fd1d02) Importer(2089858483,e11c23a36db5f54750b8cd40eac0985b) (ScriptedImporter) -> (artifact id: 'cfda506c1e610eca32d8025b6f2e0572') in 0.104151 seconds
Number of updated asset objects reloaded before import = 0Number of asset objects unloaded after import = 8

========================================================================
Received Import Request.
  Time since last request: 0.000031 seconds.
  path: Assets/EffectExamples/Blood/Prefabs/BloodSprayEffect.prefab
  artifactKey: Guid(abb9f519b142e304d9c45b56afa768bc) Importer(2089858483,e11c23a36db5f54750b8cd40eac0985b)
Start importing Assets/EffectExamples/Blood/Prefabs/BloodSprayEffect.prefab using Guid(abb9f519b142e304d9c45b56afa768bc) Importer(2089858483,e11c23a36db5f54750b8cd40eac0985b) (ScriptedImporter) -> (artifact id: 'dd6636b0d4e73cb7dedf5faf9a57c0bc') in 0.0715755 seconds
Number of updated asset objects reloaded before import = 0Number of asset objects unloaded after import = 10

========================================================================
Received Import Request.
  Time since last request: 0.000036 seconds.
  path: Assets/EffectExamples/FireExplosionEffects/Materials/EmbersParticle.mat
  artifactKey: Guid(776677ab3818fb249adaca05f4e04545) Importer(2089858483,b0f066a214c2f5e87bad3c948f4d605d)
Start importing Assets/EffectExamples/FireExplosionEffects/Materials/EmbersParticle.mat using Guid(776677ab3818fb249adaca05f4e04545) Importer(2089858483,b0f066a214c2f5e87bad3c948f4d605d) (ScriptedImporter) -> (artifact id: 'be3323b17e9fa5b2afbdf5a60f9844a7') in 0.0064765 seconds
Number of updated asset objects reloaded before import = 0Number of asset objects unloaded after import = 1

========================================================================
Received Import Request.
  Time since last request: 0.000039 seconds.
  path: Assets/_Barking_Dog/_3D Scifi Base Vol 1/Prefabs/_Build/P_Fence_03.prefab
  artifactKey: Guid(bfadb6ab212a14b658c7afb0d522163e) Importer(2089858483,e11c23a36db5f54750b8cd40eac0985b)
Start importing Assets/_Barking_Dog/_3D Scifi Base Vol 1/Prefabs/_Build/P_Fence_03.prefab using Guid(bfadb6ab212a14b658c7afb0d522163e) Importer(2089858483,e11c23a36db5f54750b8cd40eac0985b) (ScriptedImporter) -> (artifact id: '16c22f1d2e584f5d7d95941010e6b98e') in 0.0174228 seconds
Number of updated asset objects reloaded before import = 0Number of asset objects unloaded after import = 19

========================================================================
Received Import Request.
  Time since last request: 0.000031 seconds.
  path: Assets/_Barking_Dog/_3D Scifi Base Vol 1/Textures/Wall_Atlas_07_Ao.png
  artifactKey: Guid(f923bbd07860b4752a186db9ac46b0b9) Importer(2089858483,b0f066a214c2f5e87bad3c948f4d605d)
Start importing Assets/_Barking_Dog/_3D Scifi Base Vol 1/Textures/Wall_Atlas_07_Ao.png using Guid(f923bbd07860b4752a186db9ac46b0b9) Importer(2089858483,b0f066a214c2f5e87bad3c948f4d605d) (ScriptedImporter) -> (artifact id: 'dff4afebdd5f7069ef1de70bae8c10e1') in 0.0217531 seconds
Number of updated asset objects reloaded before import = 0Number of asset objects unloaded after import = 1

========================================================================
Received Import Request.
  Time since last request: 0.000026 seconds.
  path: Assets/EffectExamples/Shared/Models/Materials/ShooterFPSWeapon.mat
  artifactKey: Guid(89dbeb4ba5551ae409a3bd5812b741c1) Importer(2089858483,b0f066a214c2f5e87bad3c948f4d605d)
Start importing Assets/EffectExamples/Shared/Models/Materials/ShooterFPSWeapon.mat using Guid(89dbeb4ba5551ae409a3bd5812b741c1) Importer(2089858483,b0f066a214c2f5e87bad3c948f4d605d) (ScriptedImporter) -> (artifact id: '13b5874519c9ed5833007019e9b6202b') in 0.006493 seconds
Number of updated asset objects reloaded before import = 0Number of asset objects unloaded after import = 1

========================================================================
Received Import Request.
  Time since last request: 0.000030 seconds.
  path: Assets/3D Asserts/Lizard man/Medieval Series/Lizard Men/Source/Materials/Lizard Man_1.mat
  artifactKey: Guid(f9adaa6993b4a914b802c6d9cd1cfd0f) Importer(2089858483,b0f066a214c2f5e87bad3c948f4d605d)
Start importing Assets/3D Asserts/Lizard man/Medieval Series/Lizard Men/Source/Materials/Lizard Man_1.mat using Guid(f9adaa6993b4a914b802c6d9cd1cfd0f) Importer(2089858483,b0f066a214c2f5e87bad3c948f4d605d) (ScriptedImporter) -> (artifact id: '9b96266fb3b993a84e560f63455ae388') in 0.0858951 seconds
Number of updated asset objects reloaded before import = 0Number of asset objects unloaded after import = 5

========================================================================
Received Import Request.
  Time since last request: 0.000040 seconds.
  path: Assets/_Barking_Dog/_3D Scifi Base Vol 1/Textures/Wall_Atlas_05_Metal.tif
  artifactKey: Guid(6d90d73c60aeb4b93b59d74b03db76c5) Importer(2089858483,b0f066a214c2f5e87bad3c948f4d605d)
Start importing Assets/_Barking_Dog/_3D Scifi Base Vol 1/Textures/Wall_Atlas_05_Metal.tif using Guid(6d90d73c60aeb4b93b59d74b03db76c5) Importer(2089858483,b0f066a214c2f5e87bad3c948f4d605d) (ScriptedImporter) -> (artifact id: 'c8241312af12c0d42c4a31ad1892745a') in 0.188816 seconds
Number of updated asset objects reloaded before import = 0Number of asset objects unloaded after import = 1

========================================================================
Received Import Request.
  Time since last request: 0.000029 seconds.
  path: Assets/EffectExamples/FireExplosionEffects/Materials/FlameParticle.mat
  artifactKey: Guid(bd8c234372a08af408b82538314378fe) Importer(2089858483,b0f066a214c2f5e87bad3c948f4d605d)
Start importing Assets/EffectExamples/FireExplosionEffects/Materials/FlameParticle.mat using Guid(bd8c234372a08af408b82538314378fe) Importer(2089858483,b0f066a214c2f5e87bad3c948f4d605d) (ScriptedImporter) -> (artifact id: 'b406dddfab9407702f68da5d06f90019') in 0.0070994 seconds
Number of updated asset objects reloaded before import = 0Number of asset objects unloaded after import = 2

========================================================================
Received Import Request.
  Time since last request: 0.000057 seconds.
  path: Assets/_Barking_Dog/_3D Scifi Base Vol 1/Prefabs/_Build/P_Pipe_End_01.prefab
  artifactKey: Guid(ef604b1debe7844459cbf034c5aaf2c6) Importer(2089858483,e11c23a36db5f54750b8cd40eac0985b)
Start importing Assets/_Barking_Dog/_3D Scifi Base Vol 1/Prefabs/_Build/P_Pipe_End_01.prefab using Guid(ef604b1debe7844459cbf034c5aaf2c6) Importer(2089858483,e11c23a36db5f54750b8cd40eac0985b) (ScriptedImporter) -> (artifact id: 'f591f9df6c405253235824f581902fe9') in 0.0131724 seconds
Number of updated asset objects reloaded before import = 0Number of asset objects unloaded after import = 10

========================================================================
Received Import Request.
  Time since last request: 0.000032 seconds.
  path: Assets/3D Asserts/Lizard man/Polygonmaker - Shader/Shaders/Polygonmaker-AS-Skin.shader
  artifactKey: Guid(0a80ced63300ac94caa0fdaccca6379c) Importer(2089858483,b0f066a214c2f5e87bad3c948f4d605d)
Start importing Assets/3D Asserts/Lizard man/Polygonmaker - Shader/Shaders/Polygonmaker-AS-Skin.shader using Guid(0a80ced63300ac94caa0fdaccca6379c) Importer(2089858483,b0f066a214c2f5e87bad3c948f4d605d) (ScriptedImporter) -> (artifact id: '179b60428fc56e2365d5b9db4e01e3a6') in 0.01582 seconds
Number of updated asset objects reloaded before import = 0Number of asset objects unloaded after import = 1

========================================================================
Received Import Request.
  Time since last request: 0.000043 seconds.
  path: Assets/_Barking_Dog/_3D Scifi Base Vol 1/Textures/Wall_Atlas_03_Metal_02.tif
  artifactKey: Guid(917e7bf58e0164cfb89e854a6a84b30d) Importer(2089858483,b0f066a214c2f5e87bad3c948f4d605d)
Start importing Assets/_Barking_Dog/_3D Scifi Base Vol 1/Textures/Wall_Atlas_03_Metal_02.tif using Guid(917e7bf58e0164cfb89e854a6a84b30d) Importer(2089858483,b0f066a214c2f5e87bad3c948f4d605d) (ScriptedImporter) -> (artifact id: 'e53230813dc8b78033f4f3b48590d61a') in 0.034347 seconds
Number of updated asset objects reloaded before import = 0Number of asset objects unloaded after import = 1

========================================================================
Received Import Request.
  Time since last request: 0.000034 seconds.
  path: Assets/EffectExamples/FireExplosionEffects/Textures/FlameParticleSheet.tif
  artifactKey: Guid(838696ee09635f647b630a61fac71a72) Importer(2089858483,b0f066a214c2f5e87bad3c948f4d605d)
Start importing Assets/EffectExamples/FireExplosionEffects/Textures/FlameParticleSheet.tif using Guid(838696ee09635f647b630a61fac71a72) Importer(2089858483,b0f066a214c2f5e87bad3c948f4d605d) (ScriptedImporter) -> (artifact id: '6da99e16c025cbede996f4bb020d17fc') in 0.0104434 seconds
Number of updated asset objects reloaded before import = 0Number of asset objects unloaded after import = 1

========================================================================
Received Import Request.
  Time since last request: 0.000037 seconds.
  path: Assets/_Barking_Dog/_3D Scifi Base Vol 1/Meshes/Electric_Pylon_01.FBX
  artifactKey: Guid(69deb44a1ff0641eaa016fd917c99f69) Importer(2089858483,b0f066a214c2f5e87bad3c948f4d605d)
Start importing Assets/_Barking_Dog/_3D Scifi Base Vol 1/Meshes/Electric_Pylon_01.FBX using Guid(69deb44a1ff0641eaa016fd917c99f69) Importer(2089858483,b0f066a214c2f5e87bad3c948f4d605d) (ScriptedImporter) -> (artifact id: '68b0e9b8e1b5dab3058fc9e355df5653') in 0.0186851 seconds
Number of updated asset objects reloaded before import = 0Number of asset objects unloaded after import = 30

========================================================================
Received Import Request.
  Time since last request: 0.000033 seconds.
  path: Assets/_Barking_Dog/_3D Scifi Base Vol 1/Meshes/Basin_01.FBX
  artifactKey: Guid(11714dd933fb340a0b506fe51a5a15ea) Importer(2089858483,b0f066a214c2f5e87bad3c948f4d605d)
Start importing Assets/_Barking_Dog/_3D Scifi Base Vol 1/Meshes/Basin_01.FBX using Guid(11714dd933fb340a0b506fe51a5a15ea) Importer(2089858483,b0f066a214c2f5e87bad3c948f4d605d) (ScriptedImporter) -> (artifact id: '4eee908f1e542e1852baf9f20d7e5ddf') in 0.0239861 seconds
Number of updated asset objects reloaded before import = 0Number of asset objects unloaded after import = 15

========================================================================
Received Import Request.
  Time since last request: 0.000044 seconds.
  path: Assets/_Barking_Dog/_3D Scifi Base Vol 1/Meshes/Roof_Cache_12.FBX
  artifactKey: Guid(525d914842e3442e2a5c0e5269790ae4) Importer(2089858483,b0f066a214c2f5e87bad3c948f4d605d)
Start importing Assets/_Barking_Dog/_3D Scifi Base Vol 1/Meshes/Roof_Cache_12.FBX using Guid(525d914842e3442e2a5c0e5269790ae4) Importer(2089858483,b0f066a214c2f5e87bad3c948f4d605d) (ScriptedImporter) -> (artifact id: '243e027f57ec70640c083cfeceb3d471') in 0.0220464 seconds
Number of updated asset objects reloaded before import = 0Number of asset objects unloaded after import = 8

========================================================================
Received Import Request.
  Time since last request: 0.000043 seconds.
  path: Assets/_Barking_Dog/_3D Scifi Base Vol 1/Meshes/Glass_Tube_01.FBX
  artifactKey: Guid(c18ed7265bccf447bb86ec4e324010cd) Importer(2089858483,b0f066a214c2f5e87bad3c948f4d605d)
Start importing Assets/_Barking_Dog/_3D Scifi Base Vol 1/Meshes/Glass_Tube_01.FBX using Guid(c18ed7265bccf447bb86ec4e324010cd) Importer(2089858483,b0f066a214c2f5e87bad3c948f4d605d) (ScriptedImporter) -> (artifact id: '5437a47abbff3305767248c2c8434c69') in 0.0118063 seconds
Number of updated asset objects reloaded before import = 0Number of asset objects unloaded after import = 9

========================================================================
Received Import Request.
  Time since last request: 0.000076 seconds.
  path: Assets/_Barking_Dog/_3D Scifi Base Vol 1/Textures/Ring02.png
  artifactKey: Guid(c5c39da6f46954a5d8aa72717d1274b3) Importer(2089858483,b0f066a214c2f5e87bad3c948f4d605d)
Start importing Assets/_Barking_Dog/_3D Scifi Base Vol 1/Textures/Ring02.png using Guid(c5c39da6f46954a5d8aa72717d1274b3) Importer(2089858483,b0f066a214c2f5e87bad3c948f4d605d) (ScriptedImporter) -> (artifact id: 'c88af29f3524d9d21e8ee95df7b0db04') in 0.0123212 seconds
Number of updated asset objects reloaded before import = 0Number of asset objects unloaded after import = 1

========================================================================
Received Import Request.
  Time since last request: 0.000034 seconds.
  path: Assets/EffectExamples/Blood/Textures/BloodDropAlbedo.tif
  artifactKey: Guid(fd9fde9ce6505d546952963a514b1909) Importer(2089858483,b0f066a214c2f5e87bad3c948f4d605d)
Start importing Assets/EffectExamples/Blood/Textures/BloodDropAlbedo.tif using Guid(fd9fde9ce6505d546952963a514b1909) Importer(2089858483,b0f066a214c2f5e87bad3c948f4d605d) (ScriptedImporter) -> (artifact id: 'df86c97b5af7c256a19cf35e66c19ce6') in 0.0109785 seconds
Number of updated asset objects reloaded before import = 0Number of asset objects unloaded after import = 1

========================================================================
Received Import Request.
  Time since last request: 0.000030 seconds.
  path: Assets/EffectExamples/Shared/Materials/DarkDefault.mat
  artifactKey: Guid(2062b6d0a7a2d4f46b4689198aedadd9) Importer(2089858483,b0f066a214c2f5e87bad3c948f4d605d)
Start importing Assets/EffectExamples/Shared/Materials/DarkDefault.mat using Guid(2062b6d0a7a2d4f46b4689198aedadd9) Importer(2089858483,b0f066a214c2f5e87bad3c948f4d605d) (ScriptedImporter) -> (artifact id: 'e5666000f7158d2a0aa5548706c65c47') in 0.0084252 seconds
Number of updated asset objects reloaded before import = 0Number of asset objects unloaded after import = 1

========================================================================
Received Import Request.
  Time since last request: 0.000028 seconds.
  path: Assets/_Barking_Dog/_3D Scifi Base Vol 1/Textures/Wall_Atlas_05_Metal_02.tif
  artifactKey: Guid(873be3a5a7f2b48bd9dc298203763b7a) Importer(2089858483,b0f066a214c2f5e87bad3c948f4d605d)
Start importing Assets/_Barking_Dog/_3D Scifi Base Vol 1/Textures/Wall_Atlas_05_Metal_02.tif using Guid(873be3a5a7f2b48bd9dc298203763b7a) Importer(2089858483,b0f066a214c2f5e87bad3c948f4d605d) (ScriptedImporter) -> (artifact id: 'bacc433f2ddc069a8570a995f0a4bb2f') in 0.0339124 seconds
Number of updated asset objects reloaded before import = 0Number of asset objects unloaded after import = 1

========================================================================
Received Import Request.
  Time since last request: 0.000053 seconds.
  path: Assets/EffectExamples/WeaponEffects/Prefabs/BulletImpactWaterContainerExtinguisherEffect.prefab
  artifactKey: Guid(8c0568c457f38824d8649f26f2363927) Importer(2089858483,e11c23a36db5f54750b8cd40eac0985b)
Start importing Assets/EffectExamples/WeaponEffects/Prefabs/BulletImpactWaterContainerExtinguisherEffect.prefab using Guid(8c0568c457f38824d8649f26f2363927) Importer(2089858483,e11c23a36db5f54750b8cd40eac0985b) (ScriptedImporter) -> (artifact id: 'b6aefee752cd26137c38dbbb7b55214d') in 0.1280704 seconds
Number of updated asset objects reloaded before import = 0Number of asset objects unloaded after import = 18

========================================================================
Received Import Request.
  Time since last request: 0.000044 seconds.
  path: Assets/_Barking_Dog/_3D Scifi Base Vol 1/Meshes/Pipes_Insert_02.FBX
  artifactKey: Guid(3b8a2125c0e764d47ad5fafe7094de95) Importer(2089858483,b0f066a214c2f5e87bad3c948f4d605d)
Start importing Assets/_Barking_Dog/_3D Scifi Base Vol 1/Meshes/Pipes_Insert_02.FBX using Guid(3b8a2125c0e764d47ad5fafe7094de95) Importer(2089858483,b0f066a214c2f5e87bad3c948f4d605d) (ScriptedImporter) -> (artifact id: 'c19bd7cf6b49ab56b582fdef91e2d064') in 0.018074 seconds
Number of updated asset objects reloaded before import = 0Number of asset objects unloaded after import = 8

========================================================================
Received Import Request.
  Time since last request: 0.000050 seconds.
  path: Assets/EffectExamples/FireExplosionEffects/Materials/SmokeTrail.mat
  artifactKey: Guid(85320f50710fcfb4d886bc56151bea1b) Importer(2089858483,b0f066a214c2f5e87bad3c948f4d605d)
Start importing Assets/EffectExamples/FireExplosionEffects/Materials/SmokeTrail.mat using Guid(85320f50710fcfb4d886bc56151bea1b) Importer(2089858483,b0f066a214c2f5e87bad3c948f4d605d) (ScriptedImporter) -> (artifact id: 'b7f2fb2d8f0e17f8ae0409729d7aaa49') in 0.004743 seconds
Number of updated asset objects reloaded before import = 0Number of asset objects unloaded after import = 1

========================================================================
Received Import Request.
  Time since last request: 0.000067 seconds.
  path: Assets/_Barking_Dog/_3D Scifi Base Vol 1/Textures/Wall_Atlas_08_Norm.png
  artifactKey: Guid(182d388e9c073461882f5ad88bac7c21) Importer(2089858483,b0f066a214c2f5e87bad3c948f4d605d)
Start importing Assets/_Barking_Dog/_3D Scifi Base Vol 1/Textures/Wall_Atlas_08_Norm.png using Guid(182d388e9c073461882f5ad88bac7c21) Importer(2089858483,b0f066a214c2f5e87bad3c948f4d605d) (ScriptedImporter) -> (artifact id: '0537147754b52890690030d01cff5b0d') in 0.1999572 seconds
Number of updated asset objects reloaded before import = 0Number of asset objects unloaded after import = 1

========================================================================
Received Import Request.
  Time since last request: 41.338097 seconds.
  path: Assets/EffectExamples/Scenes/Menu.unity
  artifactKey: Guid(01dc19837bbb44ce6a53695fcbb60de3) Importer(2089858483,b0f066a214c2f5e87bad3c948f4d605d)
Start importing Assets/EffectExamples/Scenes/Menu.unity using Guid(01dc19837bbb44ce6a53695fcbb60de3) Importer(2089858483,b0f066a214c2f5e87bad3c948f4d605d) (ScriptedImporter) -> (artifact id: 'f25387c67c6b8e43bcd78b5c0c8df349') in 0.010354 seconds
Number of updated asset objects reloaded before import = 0Number of asset objects unloaded after import = 1

========================================================================
Received Import Request.
  Time since last request: 0.000041 seconds.
  path: Assets/EffectExamples/FireExplosionEffects/Prefabs/FlamesEffects.prefab
  artifactKey: Guid(b9e167e31f640b34f87caab122fca598) Importer(2089858483,b0f066a214c2f5e87bad3c948f4d605d)
Start importing Assets/EffectExamples/FireExplosionEffects/Prefabs/FlamesEffects.prefab using Guid(b9e167e31f640b34f87caab122fca598) Importer(2089858483,b0f066a214c2f5e87bad3c948f4d605d) (ScriptedImporter) -> (artifact id: '403cb328aed1d2c5bceb6a46f659eb0e') in 0.012736 seconds
Number of updated asset objects reloaded before import = 0Number of asset objects unloaded after import = 58

========================================================================
Received Import Request.
  Time since last request: 0.000030 seconds.
  path: Assets/_Barking_Dog/_3D Scifi Base Vol 1/Fx/Clouds.prefab
  artifactKey: Guid(1c7ea72e298504748b53f89e6140006e) Importer(2089858483,b0f066a214c2f5e87bad3c948f4d605d)
Start importing Assets/_Barking_Dog/_3D Scifi Base Vol 1/Fx/Clouds.prefab using Guid(1c7ea72e298504748b53f89e6140006e) Importer(2089858483,b0f066a214c2f5e87bad3c948f4d605d) (ScriptedImporter) -> (artifact id: 'd7108aeef0fb32e2419f866204d50468') in 0.0072207 seconds
Number of updated asset objects reloaded before import = 0Number of asset objects unloaded after import = 8

========================================================================
Received Import Request.
  Time since last request: 0.000034 seconds.
  path: Assets/EffectExamples/Shared/Prefabs/WaterFilled.prefab
  artifactKey: Guid(b3310980331fa134d82770127f640471) Importer(2089858483,b0f066a214c2f5e87bad3c948f4d605d)
Start importing Assets/EffectExamples/Shared/Prefabs/WaterFilled.prefab using Guid(b3310980331fa134d82770127f640471) Importer(2089858483,b0f066a214c2f5e87bad3c948f4d605d) (ScriptedImporter) -> (artifact id: 'd2c72767e5b1cde77343a86210c4b805') in 0.0090969 seconds
Number of updated asset objects reloaded before import = 0Number of asset objects unloaded after import = 14

========================================================================
Received Import Request.
  Time since last request: 0.000039 seconds.
  path: Assets/EffectExamples/WeaponEffects/Prefabs/BulletImpactWoodEffect.prefab
  artifactKey: Guid(beb3acff7ab73944fb8f470f24d74ed3) Importer(2089858483,b0f066a214c2f5e87bad3c948f4d605d)
Start importing Assets/EffectExamples/WeaponEffects/Prefabs/BulletImpactWoodEffect.prefab using Guid(beb3acff7ab73944fb8f470f24d74ed3) Importer(2089858483,b0f066a214c2f5e87bad3c948f4d605d) (ScriptedImporter) -> (artifact id: '680b3c80fbb77282c4e6f94eab1e52ed') in 0.0461621 seconds
Number of updated asset objects reloaded before import = 0Number of asset objects unloaded after import = 15

========================================================================
Received Import Request.
  Time since last request: 0.000032 seconds.
  path: Assets/EffectExamples/WeaponEffects/Prefabs/BulletImpactWaterContainerEffect.prefab
  artifactKey: Guid(a60a75fdadab5de428529a5b8ef0426a) Importer(2089858483,b0f066a214c2f5e87bad3c948f4d605d)
Start importing Assets/EffectExamples/WeaponEffects/Prefabs/BulletImpactWaterContainerEffect.prefab using Guid(a60a75fdadab5de428529a5b8ef0426a) Importer(2089858483,b0f066a214c2f5e87bad3c948f4d605d) (ScriptedImporter) -> (artifact id: '0e8faa58e61e4f581f4fa304502c9ed8') in 0.0058476 seconds
Number of updated asset objects reloaded before import = 0Number of asset objects unloaded after import = 13

========================================================================
Received Import Request.
  Time since last request: 0.000042 seconds.
  path: Assets/_Barking_Dog/_3D Scifi Base Vol 1/Prefabs/_Build/P_Pipe_End_01.prefab
  artifactKey: Guid(ef604b1debe7844459cbf034c5aaf2c6) Importer(2089858483,b0f066a214c2f5e87bad3c948f4d605d)
Start importing Assets/_Barking_Dog/_3D Scifi Base Vol 1/Prefabs/_Build/P_Pipe_End_01.prefab using Guid(ef604b1debe7844459cbf034c5aaf2c6) Importer(2089858483,b0f066a214c2f5e87bad3c948f4d605d) (ScriptedImporter) -> (artifact id: 'f3d790e8c35551e7e7cd7c3d37f715c7') in 0.008023 seconds
Number of updated asset objects reloaded before import = 0Number of asset objects unloaded after import = 9

========================================================================
Received Import Request.
  Time since last request: 0.000047 seconds.
  path: Assets/EffectExamples/Blood/Prefabs/BloodStreamEffect.prefab
  artifactKey: Guid(a3768c8a9d1b90d4bb0eb0e4bdbe730c) Importer(2089858483,b0f066a214c2f5e87bad3c948f4d605d)
Start importing Assets/EffectExamples/Blood/Prefabs/BloodStreamEffect.prefab using Guid(a3768c8a9d1b90d4bb0eb0e4bdbe730c) Importer(2089858483,b0f066a214c2f5e87bad3c948f4d605d) (ScriptedImporter) -> (artifact id: 'd03c1a14d79c1293101612a9dd423829') in 0.0390993 seconds
Number of updated asset objects reloaded before import = 0Number of asset objects unloaded after import = 18

========================================================================
Received Import Request.
  Time since last request: 0.000047 seconds.
  path: Assets/_Barking_Dog/_3D Scifi Base Vol 1/Prefabs/_Build/P_Roof_Window_01.prefab
  artifactKey: Guid(4df9a5e68fdfb4d66b4c5a5f998c5110) Importer(2089858483,b0f066a214c2f5e87bad3c948f4d605d)
Start importing Assets/_Barking_Dog/_3D Scifi Base Vol 1/Prefabs/_Build/P_Roof_Window_01.prefab using Guid(4df9a5e68fdfb4d66b4c5a5f998c5110) Importer(2089858483,b0f066a214c2f5e87bad3c948f4d605d) (ScriptedImporter) -> (artifact id: '14e72ce037aed556035e37688e4249f1') in 0.0141191 seconds
Number of updated asset objects reloaded before import = 0Number of asset objects unloaded after import = 10

========================================================================
Received Import Request.
  Time since last request: 0.000031 seconds.
  path: Assets/_Barking_Dog/_3D Scifi Base Vol 1/Prefabs/_Build/P_Plateforme_02.prefab
  artifactKey: Guid(e13f85d2428034fef890e44954e1b8f9) Importer(2089858483,b0f066a214c2f5e87bad3c948f4d605d)
Start importing Assets/_Barking_Dog/_3D Scifi Base Vol 1/Prefabs/_Build/P_Plateforme_02.prefab using Guid(e13f85d2428034fef890e44954e1b8f9) Importer(2089858483,b0f066a214c2f5e87bad3c948f4d605d) (ScriptedImporter) -> (artifact id: 'cd662d18ad22a844c445ace95d0b754d') in 0.0058118 seconds
Number of updated asset objects reloaded before import = 0Number of asset objects unloaded after import = 15

========================================================================
Received Import Request.
  Time since last request: 0.000041 seconds.
  path: Assets/_Barking_Dog/_3D Scifi Base Vol 1/Prefabs/_Legos/P_Big_Base_03.prefab
  artifactKey: Guid(c6c32ead5acc243f199003f3e960190c) Importer(2089858483,b0f066a214c2f5e87bad3c948f4d605d)
Start importing Assets/_Barking_Dog/_3D Scifi Base Vol 1/Prefabs/_Legos/P_Big_Base_03.prefab using Guid(c6c32ead5acc243f199003f3e960190c) Importer(2089858483,b0f066a214c2f5e87bad3c948f4d605d) (ScriptedImporter) -> (artifact id: '50525ab0d0ef77d282dd13c05f65979f') in 0.0421334 seconds
Number of updated asset objects reloaded before import = 0Number of asset objects unloaded after import = 1513

========================================================================
Received Import Request.
  Time since last request: 0.000040 seconds.
  path: Assets/_Barking_Dog/_3D Scifi Base Vol 1/Prefabs/_Build/P_Rock_02.prefab
  artifactKey: Guid(0a7cb2998217444e0aacda5c9c09237d) Importer(2089858483,b0f066a214c2f5e87bad3c948f4d605d)
Start importing Assets/_Barking_Dog/_3D Scifi Base Vol 1/Prefabs/_Build/P_Rock_02.prefab using Guid(0a7cb2998217444e0aacda5c9c09237d) Importer(2089858483,b0f066a214c2f5e87bad3c948f4d605d) (ScriptedImporter) -> (artifact id: '69bfe8e6b8b03641ffc158958ee69b39') in 0.004455 seconds
Number of updated asset objects reloaded before import = 0Number of asset objects unloaded after import = 10

========================================================================
Received Import Request.
  Time since last request: 0.000056 seconds.
  path: Assets/_Barking_Dog/_3D Scifi Base Vol 1/Prefabs/_Build/P_Plateforme_03.prefab
  artifactKey: Guid(7eafdc0cbf520462d83b70aa2b32dce2) Importer(2089858483,b0f066a214c2f5e87bad3c948f4d605d)
Start importing Assets/_Barking_Dog/_3D Scifi Base Vol 1/Prefabs/_Build/P_Plateforme_03.prefab using Guid(7eafdc0cbf520462d83b70aa2b32dce2) Importer(2089858483,b0f066a214c2f5e87bad3c948f4d605d) (ScriptedImporter) -> (artifact id: '14524095a025baab8c6b91ef49627e7d') in 0.0066399 seconds
Number of updated asset objects reloaded before import = 0Number of asset objects unloaded after import = 18

========================================================================
Received Import Request.
  Time since last request: 0.000027 seconds.
  path: Assets/_Barking_Dog/_3D Scifi Base Vol 1/Prefabs/_Build/P_Roof_Cache_06_B.prefab
  artifactKey: Guid(f1ff07bf5ce2647c3ae6ca81a0a59f4d) Importer(2089858483,b0f066a214c2f5e87bad3c948f4d605d)
Start importing Assets/_Barking_Dog/_3D Scifi Base Vol 1/Prefabs/_Build/P_Roof_Cache_06_B.prefab using Guid(f1ff07bf5ce2647c3ae6ca81a0a59f4d) Importer(2089858483,b0f066a214c2f5e87bad3c948f4d605d) (ScriptedImporter) -> (artifact id: 'c3aa88fc7ea8f7c4360db36800af3464') in 0.0056881 seconds
Number of updated asset objects reloaded before import = 0Number of asset objects unloaded after import = 10

========================================================================
Received Import Request.
  Time since last request: 0.000038 seconds.
  path: Assets/_Barking_Dog/_3D Scifi Base Vol 1/Prefabs/_Legos/P_Corridor_Small_01.prefab
  artifactKey: Guid(be83d275bdbf14b3792eeaadc802242b) Importer(2089858483,b0f066a214c2f5e87bad3c948f4d605d)
Start importing Assets/_Barking_Dog/_3D Scifi Base Vol 1/Prefabs/_Legos/P_Corridor_Small_01.prefab using Guid(be83d275bdbf14b3792eeaadc802242b) Importer(2089858483,b0f066a214c2f5e87bad3c948f4d605d) (ScriptedImporter) -> (artifact id: '00b2c5214cf1b6d32f3af705a017a4fc') in 0.0117987 seconds
Number of updated asset objects reloaded before import = 0Number of asset objects unloaded after import = 121

========================================================================
Received Import Request.
  Time since last request: 0.000036 seconds.
  path: Assets/_Barking_Dog/_3D Scifi Base Vol 1/Prefabs/_Legos/P_Corridor_Small_03.prefab
  artifactKey: Guid(bf3237e1c4a6d4b4cb7ef2bbec2be432) Importer(2089858483,b0f066a214c2f5e87bad3c948f4d605d)
Start importing Assets/_Barking_Dog/_3D Scifi Base Vol 1/Prefabs/_Legos/P_Corridor_Small_03.prefab using Guid(bf3237e1c4a6d4b4cb7ef2bbec2be432) Importer(2089858483,b0f066a214c2f5e87bad3c948f4d605d) (ScriptedImporter) -> (artifact id: '05f30a60c01df8a8b8bb954b8078ca55') in 0.0083457 seconds
Number of updated asset objects reloaded before import = 0Number of asset objects unloaded after import = 111

========================================================================
Received Import Request.
  Time since last request: 0.000058 seconds.
  path: Assets/_Barking_Dog/_3D Scifi Base Vol 1/Prefabs/_Legos/P_Big_Base_04.prefab
  artifactKey: Guid(b0bcb3df9e98e4481a3e4369442e7ec3) Importer(2089858483,b0f066a214c2f5e87bad3c948f4d605d)
Start importing Assets/_Barking_Dog/_3D Scifi Base Vol 1/Prefabs/_Legos/P_Big_Base_04.prefab using Guid(b0bcb3df9e98e4481a3e4369442e7ec3) Importer(2089858483,b0f066a214c2f5e87bad3c948f4d605d) (ScriptedImporter) -> (artifact id: '7303951e945cedb4eb7efab2a434ff31') in 0.226337 seconds
Number of updated asset objects reloaded before import = 0Number of asset objects unloaded after import = 10809

========================================================================
Received Import Request.
  Time since last request: 0.000060 seconds.
  path: Assets/_Barking_Dog/_3D Scifi Base Vol 1/Prefabs/_Legos/P_Corridor_End_03.prefab
  artifactKey: Guid(d0c3078a38e804f07bcb9ccab0cbd724) Importer(2089858483,b0f066a214c2f5e87bad3c948f4d605d)
Start importing Assets/_Barking_Dog/_3D Scifi Base Vol 1/Prefabs/_Legos/P_Corridor_End_03.prefab using Guid(d0c3078a38e804f07bcb9ccab0cbd724) Importer(2089858483,b0f066a214c2f5e87bad3c948f4d605d) (ScriptedImporter) -> (artifact id: 'ad34c2c93f5d8140fd21d41ebe296867') in 0.0169915 seconds
Number of updated asset objects reloaded before import = 0Number of asset objects unloaded after import = 235

========================================================================
Received Import Request.
  Time since last request: 0.000037 seconds.
  path: Assets/_Barking_Dog/_3D Scifi Base Vol 1/Prefabs/_Legos/P_Radar_Big_01.prefab
  artifactKey: Guid(22546d60180dc47e285643ff19f000be) Importer(2089858483,b0f066a214c2f5e87bad3c948f4d605d)
Start importing Assets/_Barking_Dog/_3D Scifi Base Vol 1/Prefabs/_Legos/P_Radar_Big_01.prefab using Guid(22546d60180dc47e285643ff19f000be) Importer(2089858483,b0f066a214c2f5e87bad3c948f4d605d) (ScriptedImporter) -> (artifact id: '01343352ff16cd7dfe6c9d97418710e5') in 0.0079355 seconds
Number of updated asset objects reloaded before import = 0Number of asset objects unloaded after import = 16

========================================================================
Received Import Request.
  Time since last request: 0.000036 seconds.
  path: Assets/EffectExamples/Shared/Prefabs/Sand.prefab
  artifactKey: Guid(ba43211ecc156be458125732de23ddb6) Importer(2089858483,b0f066a214c2f5e87bad3c948f4d605d)
Start importing Assets/EffectExamples/Shared/Prefabs/Sand.prefab using Guid(ba43211ecc156be458125732de23ddb6) Importer(2089858483,b0f066a214c2f5e87bad3c948f4d605d) (ScriptedImporter) -> (artifact id: '1a6bfe49c530e51f7a0432891f8e88d4') in 0.0137116 seconds
Number of updated asset objects reloaded before import = 0Number of asset objects unloaded after import = 14

========================================================================
Received Import Request.
  Time since last request: 0.000045 seconds.
  path: Assets/_Barking_Dog/_3D Scifi Base Vol 1/Prefabs/_Build/P_Roof_Cache_01.prefab
  artifactKey: Guid(b15bd0d5d35df40b1a89499cfd46f629) Importer(2089858483,b0f066a214c2f5e87bad3c948f4d605d)
Start importing Assets/_Barking_Dog/_3D Scifi Base Vol 1/Prefabs/_Build/P_Roof_Cache_01.prefab using Guid(b15bd0d5d35df40b1a89499cfd46f629) Importer(2089858483,b0f066a214c2f5e87bad3c948f4d605d) (ScriptedImporter) -> (artifact id: '00daf48fd241fa323d37d85d5705954d') in 0.0059923 seconds
Number of updated asset objects reloaded before import = 0Number of asset objects unloaded after import = 9

========================================================================
Received Import Request.
  Time since last request: 0.000039 seconds.
  path: Assets/_Barking_Dog/_3D Scifi Base Vol 1/Prefabs/_Build/P_Corridor_HallRing_03.prefab
  artifactKey: Guid(bf50cd96e73384306bcfba8b85946aa2) Importer(2089858483,b0f066a214c2f5e87bad3c948f4d605d)
Start importing Assets/_Barking_Dog/_3D Scifi Base Vol 1/Prefabs/_Build/P_Corridor_HallRing_03.prefab using Guid(bf50cd96e73384306bcfba8b85946aa2) Importer(2089858483,b0f066a214c2f5e87bad3c948f4d605d) (ScriptedImporter) -> (artifact id: '7edd6820ee128916b8b1ff5ceefbdf5d') in 0.0052257 seconds
Number of updated asset objects reloaded before import = 0Number of asset objects unloaded after import = 24

========================================================================
Received Import Request.
  Time since last request: 0.000030 seconds.
  path: Assets/_Barking_Dog/_3D Scifi Base Vol 1/Prefabs/_Build/P_Pipes_Insert_03.prefab
  artifactKey: Guid(34eb839e9be9a4c3f825e61711de92e0) Importer(2089858483,b0f066a214c2f5e87bad3c948f4d605d)
Start importing Assets/_Barking_Dog/_3D Scifi Base Vol 1/Prefabs/_Build/P_Pipes_Insert_03.prefab using Guid(34eb839e9be9a4c3f825e61711de92e0) Importer(2089858483,b0f066a214c2f5e87bad3c948f4d605d) (ScriptedImporter) -> (artifact id: '997f08aa9c4f90efa5660d32b41c3c00') in 0.0050075 seconds
Number of updated asset objects reloaded before import = 0Number of asset objects unloaded after import = 10

========================================================================
Received Import Request.
  Time since last request: 0.000036 seconds.
  path: Assets/EffectExamples/Misc Effects/Prefabs/ElectricalSparksEffect.prefab
  artifactKey: Guid(96b2ec0239d11fa4b9792311efceb8ed) Importer(2089858483,b0f066a214c2f5e87bad3c948f4d605d)
Start importing Assets/EffectExamples/Misc Effects/Prefabs/ElectricalSparksEffect.prefab using Guid(96b2ec0239d11fa4b9792311efceb8ed) Importer(2089858483,b0f066a214c2f5e87bad3c948f4d605d) (ScriptedImporter) -> (artifact id: 'd2a0ae255a9e7f25296c559b898bc70f') in 0.034346 seconds
Number of updated asset objects reloaded before import = 0Number of asset objects unloaded after import = 11

========================================================================
Received Import Request.
  Time since last request: 0.000053 seconds.
  path: Assets/EffectExamples/Misc Effects/Prefabs/DustMotesEffect.prefab
  artifactKey: Guid(5ca4c580b3888314581688fa46fb142d) Importer(2089858483,b0f066a214c2f5e87bad3c948f4d605d)
Start importing Assets/EffectExamples/Misc Effects/Prefabs/DustMotesEffect.prefab using Guid(5ca4c580b3888314581688fa46fb142d) Importer(2089858483,b0f066a214c2f5e87bad3c948f4d605d) (ScriptedImporter) -> (artifact id: '8afa1454ce93722be93ea589e72acc1d') in 0.03273 seconds
Number of updated asset objects reloaded before import = 0Number of asset objects unloaded after import = 6

========================================================================
Received Import Request.
  Time since last request: 0.000038 seconds.
  path: Assets/_Barking_Dog/_3D Scifi Base Vol 1/Prefabs/_Legos/P_Small_Tower_Room_03.prefab
  artifactKey: Guid(aa8791d718efd40f9afdebe58249761a) Importer(2089858483,b0f066a214c2f5e87bad3c948f4d605d)
Start importing Assets/_Barking_Dog/_3D Scifi Base Vol 1/Prefabs/_Legos/P_Small_Tower_Room_03.prefab using Guid(aa8791d718efd40f9afdebe58249761a) Importer(2089858483,b0f066a214c2f5e87bad3c948f4d605d) (ScriptedImporter) -> (artifact id: '65d5e6f241e7a0fb0babb5a6e8e86744') in 0.0250805 seconds
Number of updated asset objects reloaded before import = 0Number of asset objects unloaded after import = 857

========================================================================
Received Import Request.
  Time since last request: 0.000044 seconds.
  path: Assets/_Barking_Dog/_3D Scifi Base Vol 1/Prefabs/_Legos/P_Small_Tower_Room_01.prefab
  artifactKey: Guid(1825a1106a5f94d64b980a92274f2a3a) Importer(2089858483,b0f066a214c2f5e87bad3c948f4d605d)
Start importing Assets/_Barking_Dog/_3D Scifi Base Vol 1/Prefabs/_Legos/P_Small_Tower_Room_01.prefab using Guid(1825a1106a5f94d64b980a92274f2a3a) Importer(2089858483,b0f066a214c2f5e87bad3c948f4d605d) (ScriptedImporter) -> (artifact id: '32cd2598425a932ad634cd73c2b98bdb') in 0.0204168 seconds
Number of updated asset objects reloaded before import = 0Number of asset objects unloaded after import = 994

========================================================================
Received Import Request.
  Time since last request: 0.000040 seconds.
  path: Assets/EffectExamples/WeaponEffects/Prefabs/BulletImpactWaterContainerExtinguisherEffect.prefab
  artifactKey: Guid(8c0568c457f38824d8649f26f2363927) Importer(2089858483,b0f066a214c2f5e87bad3c948f4d605d)
Start importing Assets/EffectExamples/WeaponEffects/Prefabs/BulletImpactWaterContainerExtinguisherEffect.prefab using Guid(8c0568c457f38824d8649f26f2363927) Importer(2089858483,b0f066a214c2f5e87bad3c948f4d605d) (ScriptedImporter) -> (artifact id: 'de58b61ecceb9d0c7e159075ae3bbc14') in 0.0080044 seconds
Number of updated asset objects reloaded before import = 0Number of asset objects unloaded after import = 18

========================================================================
Received Import Request.
  Time since last request: 0.000028 seconds.
  path: Assets/EffectExamples/FireExplosionEffects/Prefabs/SmokeEffect.prefab
  artifactKey: Guid(85a8865d1bf4a63478038fae23776de8) Importer(2089858483,b0f066a214c2f5e87bad3c948f4d605d)
Start importing Assets/EffectExamples/FireExplosionEffects/Prefabs/SmokeEffect.prefab using Guid(85a8865d1bf4a63478038fae23776de8) Importer(2089858483,b0f066a214c2f5e87bad3c948f4d605d) (ScriptedImporter) -> (artifact id: '8061b2283d9e0eceff90717b112ec922') in 0.0270344 seconds
Number of updated asset objects reloaded before import = 0Number of asset objects unloaded after import = 13

========================================================================
Received Import Request.
  Time since last request: 0.000049 seconds.
  path: Assets/_Barking_Dog/_3D Scifi Base Vol 1/Prefabs/_Legos/P_Small_Pod_02.prefab
  artifactKey: Guid(e12f616ec278c4027aa722c07e075861) Importer(2089858483,b0f066a214c2f5e87bad3c948f4d605d)
Start importing Assets/_Barking_Dog/_3D Scifi Base Vol 1/Prefabs/_Legos/P_Small_Pod_02.prefab using Guid(e12f616ec278c4027aa722c07e075861) Importer(2089858483,b0f066a214c2f5e87bad3c948f4d605d) (ScriptedImporter) -> (artifact id: 'a5f671207022cd06f3ae9d4a1356558b') in 0.0173531 seconds
Number of updated asset objects reloaded before import = 0Number of asset objects unloaded after import = 409

========================================================================
Received Import Request.
  Time since last request: 0.000096 seconds.
  path: Assets/EffectExamples/WeaponEffects/Prefabs/BulletImpactStoneEffect.prefab
  artifactKey: Guid(4edabb1c0dde62743b137378c7d22980) Importer(2089858483,b0f066a214c2f5e87bad3c948f4d605d)
Start importing Assets/EffectExamples/WeaponEffects/Prefabs/BulletImpactStoneEffect.prefab using Guid(4edabb1c0dde62743b137378c7d22980) Importer(2089858483,b0f066a214c2f5e87bad3c948f4d605d) (ScriptedImporter) -> (artifact id: 'c71308520c2a14ed3f89c250e8f5091d') in 0.0361924 seconds
Number of updated asset objects reloaded before import = 0Number of asset objects unloaded after import = 15

========================================================================
Received Import Request.
  Time since last request: 0.000043 seconds.
  path: Assets/_Barking_Dog/_3D Scifi Base Vol 1/Prefabs/_Fx/ForceField_02.prefab
  artifactKey: Guid(17f7a533d53e64ac295c284229f35596) Importer(2089858483,b0f066a214c2f5e87bad3c948f4d605d)
Start importing Assets/_Barking_Dog/_3D Scifi Base Vol 1/Prefabs/_Fx/ForceField_02.prefab using Guid(17f7a533d53e64ac295c284229f35596) Importer(2089858483,b0f066a214c2f5e87bad3c948f4d605d) (ScriptedImporter) -> (artifact id: '8dba4aba61d448c0ffc9dc386883a37e') in 0.0046896 seconds
Number of updated asset objects reloaded before import = 0Number of asset objects unloaded after import = 13

========================================================================
Received Import Request.
  Time since last request: 0.000055 seconds.
  path: Assets/_Barking_Dog/_3D Scifi Base Vol 1/Prefabs/_Props/P_Bed_Simple_01.prefab
  artifactKey: Guid(8572b8d18825e42ac868f80a808a5bc5) Importer(2089858483,b0f066a214c2f5e87bad3c948f4d605d)
Start importing Assets/_Barking_Dog/_3D Scifi Base Vol 1/Prefabs/_Props/P_Bed_Simple_01.prefab using Guid(8572b8d18825e42ac868f80a808a5bc5) Importer(2089858483,b0f066a214c2f5e87bad3c948f4d605d) (ScriptedImporter) -> (artifact id: 'dbf18b0a2d4100a70a3b9555c536282c') in 0.0062712 seconds
Number of updated asset objects reloaded before import = 0Number of asset objects unloaded after import = 32

========================================================================
Received Import Request.
  Time since last request: 0.000029 seconds.
  path: Assets/_Barking_Dog/_3D Scifi Base Vol 1/Prefabs/_Props/P_Air_Grid_01.prefab
  artifactKey: Guid(6a531243fb4dd46cdb794c48e05fa30d) Importer(2089858483,b0f066a214c2f5e87bad3c948f4d605d)
Start importing Assets/_Barking_Dog/_3D Scifi Base Vol 1/Prefabs/_Props/P_Air_Grid_01.prefab using Guid(6a531243fb4dd46cdb794c48e05fa30d) Importer(2089858483,b0f066a214c2f5e87bad3c948f4d605d) (ScriptedImporter) -> (artifact id: '9fab91d3634c8e3c54d3e2810a3503bd') in 0.0059731 seconds
Number of updated asset objects reloaded before import = 0Number of asset objects unloaded after import = 15

========================================================================
Received Import Request.
  Time since last request: 0.000041 seconds.
  path: Assets/_Barking_Dog/_3D Scifi Base Vol 1/Prefabs/_Props/P_Can_Blue_01.prefab
  artifactKey: Guid(a2b8590e546814f4c8b542963477d374) Importer(2089858483,b0f066a214c2f5e87bad3c948f4d605d)
Start importing Assets/_Barking_Dog/_3D Scifi Base Vol 1/Prefabs/_Props/P_Can_Blue_01.prefab using Guid(a2b8590e546814f4c8b542963477d374) Importer(2089858483,b0f066a214c2f5e87bad3c948f4d605d) (ScriptedImporter) -> (artifact id: '60280af5b56daebbe24bb318ceb0bfef') in 0.0059397 seconds
Number of updated asset objects reloaded before import = 0Number of asset objects unloaded after import = 11

========================================================================
Received Import Request.
  Time since last request: 0.000056 seconds.
  path: Assets/_Barking_Dog/_3D Scifi Base Vol 1/Prefabs/_Build/P_Wall_Door_Small_01.prefab
  artifactKey: Guid(5537fa43de2d84f48bc791848f36ce90) Importer(2089858483,b0f066a214c2f5e87bad3c948f4d605d)
Start importing Assets/_Barking_Dog/_3D Scifi Base Vol 1/Prefabs/_Build/P_Wall_Door_Small_01.prefab using Guid(5537fa43de2d84f48bc791848f36ce90) Importer(2089858483,b0f066a214c2f5e87bad3c948f4d605d) (ScriptedImporter) -> (artifact id: '2af59dbec95e50d2bd98b2b6fb78ad7c') in 0.0092373 seconds
Number of updated asset objects reloaded before import = 0Number of asset objects unloaded after import = 48

========================================================================
Received Import Request.
  Time since last request: 0.000025 seconds.
  path: Assets/_Barking_Dog/_3D Scifi Base Vol 1/Prefabs/_Build/P_Roof_Cache_11.prefab
  artifactKey: Guid(79ece937b71a54f27b1c4c4ccb3d34f9) Importer(2089858483,b0f066a214c2f5e87bad3c948f4d605d)
Start importing Assets/_Barking_Dog/_3D Scifi Base Vol 1/Prefabs/_Build/P_Roof_Cache_11.prefab using Guid(79ece937b71a54f27b1c4c4ccb3d34f9) Importer(2089858483,b0f066a214c2f5e87bad3c948f4d605d) (ScriptedImporter) -> (artifact id: 'acc1bb1b5b377c7e0b9fab31059027fa') in 0.0050287 seconds
Number of updated asset objects reloaded before import = 0Number of asset objects unloaded after import = 9

========================================================================
Received Import Request.
  Time since last request: 0.000041 seconds.
  path: Assets/_Barking_Dog/_3D Scifi Base Vol 1/Prefabs/_Props/P_Bed_Double_01.prefab
  artifactKey: Guid(87beb341ff04e43e2a8d6905cf0c2b10) Importer(2089858483,b0f066a214c2f5e87bad3c948f4d605d)
Start importing Assets/_Barking_Dog/_3D Scifi Base Vol 1/Prefabs/_Props/P_Bed_Double_01.prefab using Guid(87beb341ff04e43e2a8d6905cf0c2b10) Importer(2089858483,b0f066a214c2f5e87bad3c948f4d605d) (ScriptedImporter) -> (artifact id: '393d4c3ef5bf480fccbd4946ae93be0b') in 0.0062004 seconds
Number of updated asset objects reloaded before import = 0Number of asset objects unloaded after import = 45

========================================================================
Received Import Request.
  Time since last request: 0.000040 seconds.
  path: Assets/_Barking_Dog/_3D Scifi Base Vol 1/Prefabs/_Build/P_Pipes_Insert_02.prefab
  artifactKey: Guid(28e299ad287cc4fab9a30ce5a9c12c45) Importer(2089858483,b0f066a214c2f5e87bad3c948f4d605d)
Start importing Assets/_Barking_Dog/_3D Scifi Base Vol 1/Prefabs/_Build/P_Pipes_Insert_02.prefab using Guid(28e299ad287cc4fab9a30ce5a9c12c45) Importer(2089858483,b0f066a214c2f5e87bad3c948f4d605d) (ScriptedImporter) -> (artifact id: '8092948e05a8371ac04046d89ee8b37d') in 0.0055189 seconds
Number of updated asset objects reloaded before import = 0Number of asset objects unloaded after import = 9

========================================================================
Received Import Request.
  Time since last request: 0.000054 seconds.
  path: Assets/_Barking_Dog/_3D Scifi Base Vol 1/Prefabs/_Build/P_Roof_Cache_13_B.prefab
  artifactKey: Guid(0a7850802722f48edb57ca78bb7923c1) Importer(2089858483,b0f066a214c2f5e87bad3c948f4d605d)
Start importing Assets/_Barking_Dog/_3D Scifi Base Vol 1/Prefabs/_Build/P_Roof_Cache_13_B.prefab using Guid(0a7850802722f48edb57ca78bb7923c1) Importer(2089858483,b0f066a214c2f5e87bad3c948f4d605d) (ScriptedImporter) -> (artifact id: '897a7e1878e23dae7d8576c0c324be8c') in 0.005191 seconds
Number of updated asset objects reloaded before import = 0Number of asset objects unloaded after import = 10

========================================================================
Received Import Request.
  Time since last request: 0.000055 seconds.
  path: Assets/_Barking_Dog/_3D Scifi Base Vol 1/Prefabs/_Props/P_Computer_Dbl_02.prefab
  artifactKey: Guid(79da999ee4e6849628b51dc644792d12) Importer(2089858483,b0f066a214c2f5e87bad3c948f4d605d)
Start importing Assets/_Barking_Dog/_3D Scifi Base Vol 1/Prefabs/_Props/P_Computer_Dbl_02.prefab using Guid(79da999ee4e6849628b51dc644792d12) Importer(2089858483,b0f066a214c2f5e87bad3c948f4d605d) (ScriptedImporter) -> (artifact id: 'b113a09c591a6e567b4ae50789e558b7') in 0.0068121 seconds
Number of updated asset objects reloaded before import = 0Number of asset objects unloaded after import = 69

========================================================================
Received Import Request.
  Time since last request: 0.000044 seconds.
  path: Assets/_Barking_Dog/_3D Scifi Base Vol 1/Prefabs/_Props/P_Computer_01.prefab
  artifactKey: Guid(b76cd7de082e441d5a857beb4515185c) Importer(2089858483,b0f066a214c2f5e87bad3c948f4d605d)
Start importing Assets/_Barking_Dog/_3D Scifi Base Vol 1/Prefabs/_Props/P_Computer_01.prefab using Guid(b76cd7de082e441d5a857beb4515185c) Importer(2089858483,b0f066a214c2f5e87bad3c948f4d605d) (ScriptedImporter) -> (artifact id: 'd8b03d192b4f3837625f51bb07021526') in 0.0065887 seconds
Number of updated asset objects reloaded before import = 0Number of asset objects unloaded after import = 26

========================================================================
Received Import Request.
  Time since last request: 0.000033 seconds.
  path: Assets/EffectExamples/Shared/Prefabs/ParticlesLight.prefab
  artifactKey: Guid(fa35d75604d172d48b7a6b62a07c7dbf) Importer(2089858483,b0f066a214c2f5e87bad3c948f4d605d)
Start importing Assets/EffectExamples/Shared/Prefabs/ParticlesLight.prefab using Guid(fa35d75604d172d48b7a6b62a07c7dbf) Importer(2089858483,b0f066a214c2f5e87bad3c948f4d605d) (ScriptedImporter) -> (artifact id: 'a4b948c64eae3b42891ea02e22b564e4') in 0.0063297 seconds
Number of updated asset objects reloaded before import = 0Number of asset objects unloaded after import = 5

========================================================================
Received Import Request.
  Time since last request: 0.000034 seconds.
  path: Assets/_Barking_Dog/_3D Scifi Base Vol 1/Prefabs/_Props/P_Computer_02.prefab
  artifactKey: Guid(0527208ba5fc749d0b96d426a6fd231b) Importer(2089858483,b0f066a214c2f5e87bad3c948f4d605d)
Start importing Assets/_Barking_Dog/_3D Scifi Base Vol 1/Prefabs/_Props/P_Computer_02.prefab using Guid(0527208ba5fc749d0b96d426a6fd231b) Importer(2089858483,b0f066a214c2f5e87bad3c948f4d605d) (ScriptedImporter) -> (artifact id: '4ada58eb7282513467f856f46ef06b2f') in 0.0066847 seconds
Number of updated asset objects reloaded before import = 0Number of asset objects unloaded after import = 26

========================================================================
Received Import Request.
  Time since last request: 0.000044 seconds.
  path: Assets/_Barking_Dog/_3D Scifi Base Vol 1/Prefabs/_Props/P_Computer_04.prefab
  artifactKey: Guid(0b6b90440584542369133afa21b89d9f) Importer(2089858483,b0f066a214c2f5e87bad3c948f4d605d)
Start importing Assets/_Barking_Dog/_3D Scifi Base Vol 1/Prefabs/_Props/P_Computer_04.prefab using Guid(0b6b90440584542369133afa21b89d9f) Importer(2089858483,b0f066a214c2f5e87bad3c948f4d605d) (ScriptedImporter) -> (artifact id: '216e589a2a6ba583cd121ea28d7c75d0') in 0.0082769 seconds
Number of updated asset objects reloaded before import = 0Number of asset objects unloaded after import = 43

========================================================================
Received Import Request.
  Time since last request: 0.000030 seconds.
  path: Assets/_Barking_Dog/_3D Scifi Base Vol 1/Prefabs/_Build/P_Fence_02.prefab
  artifactKey: Guid(d043079025b4b48199b439d78570cc7c) Importer(2089858483,b0f066a214c2f5e87bad3c948f4d605d)
Start importing Assets/_Barking_Dog/_3D Scifi Base Vol 1/Prefabs/_Build/P_Fence_02.prefab using Guid(d043079025b4b48199b439d78570cc7c) Importer(2089858483,b0f066a214c2f5e87bad3c948f4d605d) (ScriptedImporter) -> (artifact id: '887dff5af097b90a07e027fba6c21756') in 0.0053235 seconds
Number of updated asset objects reloaded before import = 0Number of asset objects unloaded after import = 9

========================================================================
Received Import Request.
  Time since last request: 0.000039 seconds.
  path: Assets/EffectExamples/WaterEffects/Prefabs/WaterDripEffect.prefab
  artifactKey: Guid(3e8bbc11ff0ac7f4eb91aa277bc85c30) Importer(2089858483,b0f066a214c2f5e87bad3c948f4d605d)
Start importing Assets/EffectExamples/WaterEffects/Prefabs/WaterDripEffect.prefab using Guid(3e8bbc11ff0ac7f4eb91aa277bc85c30) Importer(2089858483,b0f066a214c2f5e87bad3c948f4d605d) (ScriptedImporter) -> (artifact id: '8b2fc926d4ce8ffeab0f3d3cd34cd4db') in 0.0094802 seconds
Number of updated asset objects reloaded before import = 0Number of asset objects unloaded after import = 26

========================================================================
Received Import Request.
  Time since last request: 0.000051 seconds.
  path: Assets/_Barking_Dog/_3D Scifi Base Vol 1/Prefabs/_Legos/P_Small_Tower_Ring_02.prefab
  artifactKey: Guid(0f6e21efc36e743a7bcf80ae4b8789c0) Importer(2089858483,b0f066a214c2f5e87bad3c948f4d605d)
Start importing Assets/_Barking_Dog/_3D Scifi Base Vol 1/Prefabs/_Legos/P_Small_Tower_Ring_02.prefab using Guid(0f6e21efc36e743a7bcf80ae4b8789c0) Importer(2089858483,b0f066a214c2f5e87bad3c948f4d605d) (ScriptedImporter) -> (artifact id: 'a8c295cfd9c2f5d8204e98284cc481e1') in 0.0389142 seconds
Number of updated asset objects reloaded before import = 0Number of asset objects unloaded after import = 811

========================================================================
Received Import Request.
  Time since last request: 0.000058 seconds.
  path: Assets/_Barking_Dog/_3D Scifi Base Vol 1/Prefabs/_Props/P_Laser_Fence_04.prefab
  artifactKey: Guid(6b1fc04a1b9fd45649d0f1f26e47732d) Importer(2089858483,b0f066a214c2f5e87bad3c948f4d605d)
Start importing Assets/_Barking_Dog/_3D Scifi Base Vol 1/Prefabs/_Props/P_Laser_Fence_04.prefab using Guid(6b1fc04a1b9fd45649d0f1f26e47732d) Importer(2089858483,b0f066a214c2f5e87bad3c948f4d605d) (ScriptedImporter) -> (artifact id: '5b131577c92eff4de589860d42d438c2') in 0.0102243 seconds
Number of updated asset objects reloaded before import = 0Number of asset objects unloaded after import = 28

========================================================================
Received Import Request.
  Time since last request: 0.000037 seconds.
  path: Assets/3D Asserts/Sci Fi Gun Light/Prefabs/SciFiGunLight/SciFiGunLight_Blue.prefab
  artifactKey: Guid(371711cf542f6d84bafd6596c502935b) Importer(2089858483,b0f066a214c2f5e87bad3c948f4d605d)
Start importing Assets/3D Asserts/Sci Fi Gun Light/Prefabs/SciFiGunLight/SciFiGunLight_Blue.prefab using Guid(371711cf542f6d84bafd6596c502935b) Importer(2089858483,b0f066a214c2f5e87bad3c948f4d605d) (ScriptedImporter) -> (artifact id: 'c514b8d405dcf061d35e37357b027179') in 0.0094708 seconds
Number of updated asset objects reloaded before import = 0Number of asset objects unloaded after import = 8

========================================================================
Received Import Request.
  Time since last request: 0.000037 seconds.
  path: Assets/EffectExamples/WeaponEffects/Prefabs/BulletImpactSandEffect.prefab
  artifactKey: Guid(a475880e7da0e9548aa05cb7933752cd) Importer(2089858483,b0f066a214c2f5e87bad3c948f4d605d)
Start importing Assets/EffectExamples/WeaponEffects/Prefabs/BulletImpactSandEffect.prefab using Guid(a475880e7da0e9548aa05cb7933752cd) Importer(2089858483,b0f066a214c2f5e87bad3c948f4d605d) (ScriptedImporter) -> (artifact id: '8f851e2c6e8339c06f1fe64ca037a493') in 0.0431016 seconds
Number of updated asset objects reloaded before import = 0Number of asset objects unloaded after import = 11

========================================================================
Received Import Request.
  Time since last request: 0.000037 seconds.
  path: Assets/EffectExamples/WeaponEffects/Prefabs/RocketTrailEffect.prefab
  artifactKey: Guid(20c0f7e297297fc468f9740f6bb08cb1) Importer(2089858483,b0f066a214c2f5e87bad3c948f4d605d)
Start importing Assets/EffectExamples/WeaponEffects/Prefabs/RocketTrailEffect.prefab using Guid(20c0f7e297297fc468f9740f6bb08cb1) Importer(2089858483,b0f066a214c2f5e87bad3c948f4d605d) (ScriptedImporter) -> (artifact id: '561304dc986c45cd99ee2acdc522a902') in 0.0281943 seconds
Number of updated asset objects reloaded before import = 0Number of asset objects unloaded after import = 19

========================================================================
Received Import Request.
  Time since last request: 0.000056 seconds.
  path: Assets/_Barking_Dog/_3D Scifi Base Vol 1/Prefabs/_Legos/P_Plateform_Big_02.prefab
  artifactKey: Guid(7b54114cab7d448e38c75931ca7068da) Importer(2089858483,b0f066a214c2f5e87bad3c948f4d605d)
Start importing Assets/_Barking_Dog/_3D Scifi Base Vol 1/Prefabs/_Legos/P_Plateform_Big_02.prefab using Guid(7b54114cab7d448e38c75931ca7068da) Importer(2089858483,b0f066a214c2f5e87bad3c948f4d605d) (ScriptedImporter) -> (artifact id: 'ad5473694976c78a2bf91636cf5a77f7') in 0.0083194 seconds
Number of updated asset objects reloaded before import = 0Number of asset objects unloaded after import = 111

========================================================================
Received Import Request.
  Time since last request: 0.000058 seconds.
  path: Assets/_Barking_Dog/_3D Scifi Base Vol 1/Prefabs/_Build/P_Floor_Half_01.prefab
  artifactKey: Guid(28d100c8cf2394ab08a93bb44a5f19a1) Importer(2089858483,b0f066a214c2f5e87bad3c948f4d605d)
Start importing Assets/_Barking_Dog/_3D Scifi Base Vol 1/Prefabs/_Build/P_Floor_Half_01.prefab using Guid(28d100c8cf2394ab08a93bb44a5f19a1) Importer(2089858483,b0f066a214c2f5e87bad3c948f4d605d) (ScriptedImporter) -> (artifact id: 'e2816d35398511ccf6aa9946515ee5fb') in 0.0062195 seconds
Number of updated asset objects reloaded before import = 0Number of asset objects unloaded after import = 10

========================================================================
Received Import Request.
  Time since last request: 0.000048 seconds.
  path: Assets/_Barking_Dog/_3D Scifi Base Vol 1/Prefabs/_Props/P_Reactor_07.prefab
  artifactKey: Guid(78dd5fe0404c940ff8b5cbaafd95e125) Importer(2089858483,b0f066a214c2f5e87bad3c948f4d605d)
Start importing Assets/_Barking_Dog/_3D Scifi Base Vol 1/Prefabs/_Props/P_Reactor_07.prefab using Guid(78dd5fe0404c940ff8b5cbaafd95e125) Importer(2089858483,b0f066a214c2f5e87bad3c948f4d605d) (ScriptedImporter) -> (artifact id: 'fbdba5289e788384eb009534bac5cff7') in 0.0139607 seconds
Number of updated asset objects reloaded before import = 0Number of asset objects unloaded after import = 191

========================================================================
Received Import Request.
  Time since last request: 0.000044 seconds.
  path: Assets/_Barking_Dog/_3D Scifi Base Vol 1/Prefabs/_Build/P_Roof_Light_01.prefab
  artifactKey: Guid(64d268ef6ce3e4a3e9e2940441d8a76f) Importer(2089858483,b0f066a214c2f5e87bad3c948f4d605d)
Start importing Assets/_Barking_Dog/_3D Scifi Base Vol 1/Prefabs/_Build/P_Roof_Light_01.prefab using Guid(64d268ef6ce3e4a3e9e2940441d8a76f) Importer(2089858483,b0f066a214c2f5e87bad3c948f4d605d) (ScriptedImporter) -> (artifact id: 'cc1bac28b4dc4318f6840ec4618f541e') in 0.0046237 seconds
Number of updated asset objects reloaded before import = 0Number of asset objects unloaded after import = 9

========================================================================
Received Import Request.
  Time since last request: 0.000055 seconds.
  path: Assets/_Barking_Dog/_3D Scifi Base Vol 1/Prefabs/_Legos/P_Corridor_WallAngle_03.prefab
  artifactKey: Guid(a01f50de58a42401fb71a0d5807975a3) Importer(2089858483,b0f066a214c2f5e87bad3c948f4d605d)
Start importing Assets/_Barking_Dog/_3D Scifi Base Vol 1/Prefabs/_Legos/P_Corridor_WallAngle_03.prefab using Guid(a01f50de58a42401fb71a0d5807975a3) Importer(2089858483,b0f066a214c2f5e87bad3c948f4d605d) (ScriptedImporter) -> (artifact id: '7d863cf765d67ea5c14683728ec323e9') in 0.0087551 seconds
Number of updated asset objects reloaded before import = 0Number of asset objects unloaded after import = 179

========================================================================
Received Import Request.
  Time since last request: 0.000027 seconds.
  path: Assets/_Barking_Dog/_3D Scifi Base Vol 1/Prefabs/_Build/P_Floor_Small_01.prefab
  artifactKey: Guid(54ae45bc455ee40778396a777652f892) Importer(2089858483,b0f066a214c2f5e87bad3c948f4d605d)
Start importing Assets/_Barking_Dog/_3D Scifi Base Vol 1/Prefabs/_Build/P_Floor_Small_01.prefab using Guid(54ae45bc455ee40778396a777652f892) Importer(2089858483,b0f066a214c2f5e87bad3c948f4d605d) (ScriptedImporter) -> (artifact id: 'f8e21314770f5823df84b28364cf7a7a') in 0.0082151 seconds
Number of updated asset objects reloaded before import = 0Number of asset objects unloaded after import = 10

========================================================================
Received Import Request.
  Time since last request: 0.000031 seconds.
  path: Assets/EffectExamples/FireExplosionEffects/Prefabs/DrippingFlames.prefab
  artifactKey: Guid(ce4133109fd2cb7469faad8e7c4307a4) Importer(2089858483,b0f066a214c2f5e87bad3c948f4d605d)
Start importing Assets/EffectExamples/FireExplosionEffects/Prefabs/DrippingFlames.prefab using Guid(ce4133109fd2cb7469faad8e7c4307a4) Importer(2089858483,b0f066a214c2f5e87bad3c948f4d605d) (ScriptedImporter) -> (artifact id: 'c724174a018d09eaf3a9763ba2fde4a1') in 0.033186 seconds
Number of updated asset objects reloaded before import = 0Number of asset objects unloaded after import = 27

========================================================================
Received Import Request.
  Time since last request: 0.000050 seconds.
  path: Assets/_Barking_Dog/_3D Scifi Base Vol 1/Prefabs/_Build/P_Fence_04.prefab
  artifactKey: Guid(29fa0debf313f44ab916497b96a2f6f7) Importer(2089858483,b0f066a214c2f5e87bad3c948f4d605d)
Start importing Assets/_Barking_Dog/_3D Scifi Base Vol 1/Prefabs/_Build/P_Fence_04.prefab using Guid(29fa0debf313f44ab916497b96a2f6f7) Importer(2089858483,b0f066a214c2f5e87bad3c948f4d605d) (ScriptedImporter) -> (artifact id: '5d48291970dcd24eba72d9b107978e1e') in 0.0070973 seconds
Number of updated asset objects reloaded before import = 0Number of asset objects unloaded after import = 10

========================================================================
Received Import Request.
  Time since last request: 0.000043 seconds.
  path: Assets/_Barking_Dog/_3D Scifi Base Vol 1/Prefabs/_Build/P_Corridor_HallRing_01.prefab
  artifactKey: Guid(039288d098bed43aca32ff158978fff5) Importer(2089858483,b0f066a214c2f5e87bad3c948f4d605d)
Start importing Assets/_Barking_Dog/_3D Scifi Base Vol 1/Prefabs/_Build/P_Corridor_HallRing_01.prefab using Guid(039288d098bed43aca32ff158978fff5) Importer(2089858483,b0f066a214c2f5e87bad3c948f4d605d) (ScriptedImporter) -> (artifact id: 'ecc15e2542b7a7622cf8fd6bdb10ae5b') in 0.0087754 seconds
Number of updated asset objects reloaded before import = 0Number of asset objects unloaded after import = 24

========================================================================
Received Import Request.
  Time since last request: 0.000056 seconds.
  path: Assets/_Barking_Dog/_3D Scifi Base Vol 1/Prefabs/_Build/P_Wall_Angle_05.prefab
  artifactKey: Guid(2f0fd2aa7754d452cb167544fec4a75e) Importer(2089858483,b0f066a214c2f5e87bad3c948f4d605d)
Start importing Assets/_Barking_Dog/_3D Scifi Base Vol 1/Prefabs/_Build/P_Wall_Angle_05.prefab using Guid(2f0fd2aa7754d452cb167544fec4a75e) Importer(2089858483,b0f066a214c2f5e87bad3c948f4d605d) (ScriptedImporter) -> (artifact id: '4d9ba504d7ed1111ae7620276e31437d') in 0.0053384 seconds
Number of updated asset objects reloaded before import = 0Number of asset objects unloaded after import = 9

========================================================================
Received Import Request.
  Time since last request: 0.000044 seconds.
  path: Assets/_Barking_Dog/_3D Scifi Base Vol 1/Prefabs/_Props/P_Technical_Cab_02.prefab
  artifactKey: Guid(cbebd1df03d5a47ea8c55364e6b05366) Importer(2089858483,b0f066a214c2f5e87bad3c948f4d605d)
Start importing Assets/_Barking_Dog/_3D Scifi Base Vol 1/Prefabs/_Props/P_Technical_Cab_02.prefab using Guid(cbebd1df03d5a47ea8c55364e6b05366) Importer(2089858483,b0f066a214c2f5e87bad3c948f4d605d) (ScriptedImporter) -> (artifact id: '27e8ad33dd252d43e554433aaa0b5c5e') in 0.0060253 seconds
Number of updated asset objects reloaded before import = 0Number of asset objects unloaded after import = 10

========================================================================
Received Import Request.
  Time since last request: 0.000049 seconds.
  path: Assets/_Barking_Dog/_3D Scifi Base Vol 1/Prefabs/_Props/P_Table_Laptop_02.prefab
  artifactKey: Guid(3f0d6e61bad404329951d3393a32bcd6) Importer(2089858483,b0f066a214c2f5e87bad3c948f4d605d)
Start importing Assets/_Barking_Dog/_3D Scifi Base Vol 1/Prefabs/_Props/P_Table_Laptop_02.prefab using Guid(3f0d6e61bad404329951d3393a32bcd6) Importer(2089858483,b0f066a214c2f5e87bad3c948f4d605d) (ScriptedImporter) -> (artifact id: '0181dc756f444a868a306953c348de35') in 0.0070169 seconds
Number of updated asset objects reloaded before import = 0Number of asset objects unloaded after import = 56

========================================================================
Received Import Request.
  Time since last request: 0.000046 seconds.
  path: Assets/_Barking_Dog/_3D Scifi Base Vol 1/Prefabs/_Props/P_Wall_Console_01.prefab
  artifactKey: Guid(230f69ba8591849ec8333b2e9e2523dd) Importer(2089858483,b0f066a214c2f5e87bad3c948f4d605d)
Start importing Assets/_Barking_Dog/_3D Scifi Base Vol 1/Prefabs/_Props/P_Wall_Console_01.prefab using Guid(230f69ba8591849ec8333b2e9e2523dd) Importer(2089858483,b0f066a214c2f5e87bad3c948f4d605d) (ScriptedImporter) -> (artifact id: '2bf42ac6bf1261ce35d748135c01924d') in 0.0043678 seconds
Number of updated asset objects reloaded before import = 0Number of asset objects unloaded after import = 10

========================================================================
Received Import Request.
  Time since last request: 0.000044 seconds.
  path: Assets/_Barking_Dog/_3D Scifi Base Vol 1/Prefabs/_Props/P_Trashcan_01.prefab
  artifactKey: Guid(8a461b5778979490d9812b288c6f6347) Importer(2089858483,b0f066a214c2f5e87bad3c948f4d605d)
Start importing Assets/_Barking_Dog/_3D Scifi Base Vol 1/Prefabs/_Props/P_Trashcan_01.prefab using Guid(8a461b5778979490d9812b288c6f6347) Importer(2089858483,b0f066a214c2f5e87bad3c948f4d605d) (ScriptedImporter) -> (artifact id: 'f24baab7b295a83bfdc6f244b60b7caa') in 0.0052372 seconds
Number of updated asset objects reloaded before import = 0Number of asset objects unloaded after import = 10

========================================================================
Received Import Request.
  Time since last request: 0.000118 seconds.
  path: Assets/_Barking_Dog/_3D Scifi Base Vol 1/Prefabs/_Props/P_Wardrobe_Big_01.prefab
  artifactKey: Guid(4ba7c0dafe5f94f26ae5311c2f05149f) Importer(2089858483,b0f066a214c2f5e87bad3c948f4d605d)
Start importing Assets/_Barking_Dog/_3D Scifi Base Vol 1/Prefabs/_Props/P_Wardrobe_Big_01.prefab using Guid(4ba7c0dafe5f94f26ae5311c2f05149f) Importer(2089858483,b0f066a214c2f5e87bad3c948f4d605d) (ScriptedImporter) -> (artifact id: '06a6f1dc7879c5442d512b933069d494') in 0.0076405 seconds
Number of updated asset objects reloaded before import = 0Number of asset objects unloaded after import = 20

========================================================================
Received Import Request.
  Time since last request: 0.000034 seconds.
  path: Assets/_Barking_Dog/_3D Scifi Base Vol 1/Prefabs/_Props/P_Technical_Cab_01.prefab
  artifactKey: Guid(32743aa2cc12846d69fd506780aa1a45) Importer(2089858483,b0f066a214c2f5e87bad3c948f4d605d)
Start importing Assets/_Barking_Dog/_3D Scifi Base Vol 1/Prefabs/_Props/P_Technical_Cab_01.prefab using Guid(32743aa2cc12846d69fd506780aa1a45) Importer(2089858483,b0f066a214c2f5e87bad3c948f4d605d) (ScriptedImporter) -> (artifact id: 'cf53abc53569ac63271c4522908e1bfb') in 0.0082797 seconds
Number of updated asset objects reloaded before import = 0Number of asset objects unloaded after import = 10

========================================================================
Received Import Request.
  Time since last request: 0.000028 seconds.
  path: Assets/_Barking_Dog/_3D Scifi Base Vol 1/Prefabs/_Props/P_Computer_Dbl_01.prefab
  artifactKey: Guid(c39efed210dcb447fbfc80d610212532) Importer(2089858483,b0f066a214c2f5e87bad3c948f4d605d)
Start importing Assets/_Barking_Dog/_3D Scifi Base Vol 1/Prefabs/_Props/P_Computer_Dbl_01.prefab using Guid(c39efed210dcb447fbfc80d610212532) Importer(2089858483,b0f066a214c2f5e87bad3c948f4d605d) (ScriptedImporter) -> (artifact id: 'f254a2b35e74b19e1b2eb059dc6b17a5') in 0.0086637 seconds
Number of updated asset objects reloaded before import = 0Number of asset objects unloaded after import = 50

========================================================================
Received Import Request.
  Time since last request: 0.000039 seconds.
  path: Assets/EffectExamples/Shared/Prefabs/Metal.prefab
  artifactKey: Guid(560a71b792ff85a4ba8f839081f9a379) Importer(2089858483,b0f066a214c2f5e87bad3c948f4d605d)
Start importing Assets/EffectExamples/Shared/Prefabs/Metal.prefab using Guid(560a71b792ff85a4ba8f839081f9a379) Importer(2089858483,b0f066a214c2f5e87bad3c948f4d605d) (ScriptedImporter) -> (artifact id: 'b88e546e5ed95a9a891398c4d47419dd') in 0.0151751 seconds
Number of updated asset objects reloaded before import = 0Number of asset objects unloaded after import = 14

========================================================================
Received Import Request.
  Time since last request: 0.000061 seconds.
  path: Assets/3D Asserts/Lizard man/Medieval Series/Lizard Men/Weapons/Spear-Horde_1.prefab
  artifactKey: Guid(5a90faa8cc6e4754980f46a37848c31f) Importer(2089858483,b0f066a214c2f5e87bad3c948f4d605d)
Start importing Assets/3D Asserts/Lizard man/Medieval Series/Lizard Men/Weapons/Spear-Horde_1.prefab using Guid(5a90faa8cc6e4754980f46a37848c31f) Importer(2089858483,b0f066a214c2f5e87bad3c948f4d605d) (ScriptedImporter) -> (artifact id: '9f66046cb3730f7cffd89f60c5496467') in 0.0058532 seconds
Number of updated asset objects reloaded before import = 0Number of asset objects unloaded after import = 20

========================================================================
Received Import Request.
  Time since last request: 0.000041 seconds.
  path: Assets/3D Asserts/Lizard man/Medieval Series/Lizard Men/Characters/LizardMan_3_var.prefab
  artifactKey: Guid(814b5dc489590c844a6a544d6a28ffd2) Importer(2089858483,b0f066a214c2f5e87bad3c948f4d605d)
Start importing Assets/3D Asserts/Lizard man/Medieval Series/Lizard Men/Characters/LizardMan_3_var.prefab using Guid(814b5dc489590c844a6a544d6a28ffd2) Importer(2089858483,b0f066a214c2f5e87bad3c948f4d605d) (ScriptedImporter) -> (artifact id: 'e7a7a41b7baf93094af87113f6c51b67') in 0.0205039 seconds
Number of updated asset objects reloaded before import = 0Number of asset objects unloaded after import = 741

========================================================================
Received Import Request.
  Time since last request: 0.000028 seconds.
  path: Assets/3D Asserts/Lizard man/Medieval Series/Lizard Men/Characters/LizardMan_Female_1.prefab
  artifactKey: Guid(1e82916daea7b7c43a471a102ef70b3c) Importer(2089858483,b0f066a214c2f5e87bad3c948f4d605d)
Start importing Assets/3D Asserts/Lizard man/Medieval Series/Lizard Men/Characters/LizardMan_Female_1.prefab using Guid(1e82916daea7b7c43a471a102ef70b3c) Importer(2089858483,b0f066a214c2f5e87bad3c948f4d605d) (ScriptedImporter) -> (artifact id: 'e9edf6f760219cb3ab1364e806d1c1a0') in 0.0274272 seconds
Number of updated asset objects reloaded before import = 0Number of asset objects unloaded after import = 741

========================================================================
Received Import Request.
  Time since last request: 0.000034 seconds.
  path: Assets/3D Asserts/Lizard man/Medieval Series/Lizard Men/Characters/LizardMan_3.prefab
  artifactKey: Guid(f3f2345ca553e534c880dd00d950c6d7) Importer(2089858483,b0f066a214c2f5e87bad3c948f4d605d)
Start importing Assets/3D Asserts/Lizard man/Medieval Series/Lizard Men/Characters/LizardMan_3.prefab using Guid(f3f2345ca553e534c880dd00d950c6d7) Importer(2089858483,b0f066a214c2f5e87bad3c948f4d605d) (ScriptedImporter) -> (artifact id: '0797d3176484b84196767b86dc917e7a') in 0.023061 seconds
Number of updated asset objects reloaded before import = 0Number of asset objects unloaded after import = 741

========================================================================
Received Import Request.
  Time since last request: 0.000035 seconds.
  path: Assets/_Barking_Dog/_3D Scifi Base Vol 1/Prefabs/_Build/P_Arc_Ring_Light_01.prefab
  artifactKey: Guid(869c4346659ec4be7b3e0ef898bb467c) Importer(2089858483,b0f066a214c2f5e87bad3c948f4d605d)
Start importing Assets/_Barking_Dog/_3D Scifi Base Vol 1/Prefabs/_Build/P_Arc_Ring_Light_01.prefab using Guid(869c4346659ec4be7b3e0ef898bb467c) Importer(2089858483,b0f066a214c2f5e87bad3c948f4d605d) (ScriptedImporter) -> (artifact id: '24c3e27bf4bcff071ded90267910a976') in 0.0079073 seconds
Number of updated asset objects reloaded before import = 0Number of asset objects unloaded after import = 21

========================================================================
Received Import Request.
  Time since last request: 0.000040 seconds.
  path: Assets/3D Asserts/Lizard man/Polygonmaker - Shader/Source/GolemMesh Variant.prefab
  artifactKey: Guid(2f0a3a28c854d2140b1b3145c9f3182b) Importer(2089858483,b0f066a214c2f5e87bad3c948f4d605d)
Start importing Assets/3D Asserts/Lizard man/Polygonmaker - Shader/Source/GolemMesh Variant.prefab using Guid(2f0a3a28c854d2140b1b3145c9f3182b) Importer(2089858483,b0f066a214c2f5e87bad3c948f4d605d) (ScriptedImporter) -> (artifact id: 'eabafad98992c84c2cace298d40ce3fe') in 0.0100622 seconds
Number of updated asset objects reloaded before import = 0Number of asset objects unloaded after import = 14

========================================================================
Received Import Request.
  Time since last request: 0.000049 seconds.
  path: Assets/_Barking_Dog/_3D Scifi Base Vol 1/Prefabs/_Legos/P_Corridor_Door_01.prefab
  artifactKey: Guid(0ab482a302ed0449887885927759b70e) Importer(2089858483,b0f066a214c2f5e87bad3c948f4d605d)
Start importing Assets/_Barking_Dog/_3D Scifi Base Vol 1/Prefabs/_Legos/P_Corridor_Door_01.prefab using Guid(0ab482a302ed0449887885927759b70e) Importer(2089858483,b0f066a214c2f5e87bad3c948f4d605d) (ScriptedImporter) -> (artifact id: '71fbad837c7f2f206ccc603a4d06af9a') in 0.0237169 seconds
Number of updated asset objects reloaded before import = 0Number of asset objects unloaded after import = 332

========================================================================
Received Import Request.
  Time since last request: 0.000054 seconds.
  path: Assets/_Barking_Dog/_3D Scifi Base Vol 1/Prefabs/_Legos/P_Small_Dome_01.prefab
  artifactKey: Guid(bff83ac9399c84fd28bdf7bf99c213fd) Importer(2089858483,b0f066a214c2f5e87bad3c948f4d605d)
Start importing Assets/_Barking_Dog/_3D Scifi Base Vol 1/Prefabs/_Legos/P_Small_Dome_01.prefab using Guid(bff83ac9399c84fd28bdf7bf99c213fd) Importer(2089858483,b0f066a214c2f5e87bad3c948f4d605d) (ScriptedImporter) -> (artifact id: '53e845c46ff98b43cbf2ab552f5f6786') in 0.0064062 seconds
Number of updated asset objects reloaded before import = 0Number of asset objects unloaded after import = 29

========================================================================
Received Import Request.
  Time since last request: 0.000058 seconds.
  path: Assets/_Barking_Dog/_3D Scifi Base Vol 1/Prefabs/_Doors/Vertical_Doors_Kit.prefab
  artifactKey: Guid(1db0ddcd4a2704b31818e3cb2cb06af2) Importer(2089858483,b0f066a214c2f5e87bad3c948f4d605d)
Start importing Assets/_Barking_Dog/_3D Scifi Base Vol 1/Prefabs/_Doors/Vertical_Doors_Kit.prefab using Guid(1db0ddcd4a2704b31818e3cb2cb06af2) Importer(2089858483,b0f066a214c2f5e87bad3c948f4d605d) (ScriptedImporter) -> (artifact id: '54aa388729bad25f24188db765219867') in 0.0052742 seconds
Number of updated asset objects reloaded before import = 0Number of asset objects unloaded after import = 6

========================================================================
Received Import Request.
  Time since last request: 0.000051 seconds.
  path: Assets/_Barking_Dog/_3D Scifi Base Vol 1/Prefabs/_Props/P_Table_Big_01.prefab
  artifactKey: Guid(66503501027224404a1c6c5721886c1b) Importer(2089858483,b0f066a214c2f5e87bad3c948f4d605d)
Start importing Assets/_Barking_Dog/_3D Scifi Base Vol 1/Prefabs/_Props/P_Table_Big_01.prefab using Guid(66503501027224404a1c6c5721886c1b) Importer(2089858483,b0f066a214c2f5e87bad3c948f4d605d) (ScriptedImporter) -> (artifact id: 'fa5436411a861c90de9b43f04e6eefc1') in 0.0085459 seconds
Number of updated asset objects reloaded before import = 0Number of asset objects unloaded after import = 48

========================================================================
Received Import Request.
  Time since last request: 0.000038 seconds.
  path: Assets/_Barking_Dog/_3D Scifi Base Vol 1/Prefabs/_Props/P_Computer_Dbl_04.prefab
  artifactKey: Guid(c7d5702e210bf45cda462558ce486941) Importer(2089858483,b0f066a214c2f5e87bad3c948f4d605d)
Start importing Assets/_Barking_Dog/_3D Scifi Base Vol 1/Prefabs/_Props/P_Computer_Dbl_04.prefab using Guid(c7d5702e210bf45cda462558ce486941) Importer(2089858483,b0f066a214c2f5e87bad3c948f4d605d) (ScriptedImporter) -> (artifact id: '872e22b1ddfd46bc89f63b66166b68b8') in 0.012286 seconds
Number of updated asset objects reloaded before import = 0Number of asset objects unloaded after import = 135

========================================================================
Received Import Request.
  Time since last request: 0.000060 seconds.
  path: Assets/_Barking_Dog/_3D Scifi Base Vol 1/Prefabs/_Build/P_Glass_Tube_01.prefab
  artifactKey: Guid(38cdf75fade944265975cb392366e509) Importer(2089858483,b0f066a214c2f5e87bad3c948f4d605d)
Start importing Assets/_Barking_Dog/_3D Scifi Base Vol 1/Prefabs/_Build/P_Glass_Tube_01.prefab using Guid(38cdf75fade944265975cb392366e509) Importer(2089858483,b0f066a214c2f5e87bad3c948f4d605d) (ScriptedImporter) -> (artifact id: '0cd8cb591bfc0513b8d9a39cd189dd6c') in 0.0060946 seconds
Number of updated asset objects reloaded before import = 0Number of asset objects unloaded after import = 25

========================================================================
Received Import Request.
  Time since last request: 0.000045 seconds.
  path: Assets/_Barking_Dog/_3D Scifi Base Vol 1/Prefabs/_Props/P_Shield_Generator.prefab
  artifactKey: Guid(93540607394df456e94c3b5dec17a671) Importer(2089858483,b0f066a214c2f5e87bad3c948f4d605d)
Start importing Assets/_Barking_Dog/_3D Scifi Base Vol 1/Prefabs/_Props/P_Shield_Generator.prefab using Guid(93540607394df456e94c3b5dec17a671) Importer(2089858483,b0f066a214c2f5e87bad3c948f4d605d) (ScriptedImporter) -> (artifact id: '1ce7d8b055bbdd9f29392ba76e6935bc') in 0.0196549 seconds
Number of updated asset objects reloaded before import = 0Number of asset objects unloaded after import = 231

========================================================================
Received Import Request.
  Time since last request: 0.000056 seconds.
  path: Assets/_Barking_Dog/_3D Scifi Base Vol 1/Prefabs/_Props/P_Grid_Plateform_02.prefab
  artifactKey: Guid(5f910743330b84179b68f32978b49070) Importer(2089858483,b0f066a214c2f5e87bad3c948f4d605d)
Start importing Assets/_Barking_Dog/_3D Scifi Base Vol 1/Prefabs/_Props/P_Grid_Plateform_02.prefab using Guid(5f910743330b84179b68f32978b49070) Importer(2089858483,b0f066a214c2f5e87bad3c948f4d605d) (ScriptedImporter) -> (artifact id: 'c40e75ea0baff2abc9ea351766e829cf') in 0.0071046 seconds
Number of updated asset objects reloaded before import = 0Number of asset objects unloaded after import = 25

========================================================================
Received Import Request.
  Time since last request: 0.000040 seconds.
  path: Assets/_Barking_Dog/_3D Scifi Base Vol 1/Prefabs/_Doors/Horizontal_Doors_Kit.prefab
  artifactKey: Guid(493786f8822084ddf9dd64b47a40c45e) Importer(2089858483,b0f066a214c2f5e87bad3c948f4d605d)
Start importing Assets/_Barking_Dog/_3D Scifi Base Vol 1/Prefabs/_Doors/Horizontal_Doors_Kit.prefab using Guid(493786f8822084ddf9dd64b47a40c45e) Importer(2089858483,b0f066a214c2f5e87bad3c948f4d605d) (ScriptedImporter) -> (artifact id: 'fe01730c76e3ef620e171bdf6bbe5bbe') in 0.0091407 seconds
Number of updated asset objects reloaded before import = 0Number of asset objects unloaded after import = 6

========================================================================
Received Import Request.
  Time since last request: 0.000032 seconds.
  path: Assets/_Barking_Dog/_3D Scifi Base Vol 1/Prefabs/_Build/P_Roof_Cache_07_B.prefab
  artifactKey: Guid(f5cac5a384e264c1abb6f7226e9a171a) Importer(2089858483,b0f066a214c2f5e87bad3c948f4d605d)
Start importing Assets/_Barking_Dog/_3D Scifi Base Vol 1/Prefabs/_Build/P_Roof_Cache_07_B.prefab using Guid(f5cac5a384e264c1abb6f7226e9a171a) Importer(2089858483,b0f066a214c2f5e87bad3c948f4d605d) (ScriptedImporter) -> (artifact id: '8ef512acb782b204dc6b4f89e6b643ce') in 0.0097936 seconds
Number of updated asset objects reloaded before import = 0Number of asset objects unloaded after import = 9

========================================================================
Received Import Request.
  Time since last request: 0.000047 seconds.
  path: Assets/_Barking_Dog/_3D Scifi Base Vol 1/Prefabs/_Props/P_Laser_Fence_02.prefab
  artifactKey: Guid(4bf5e8621380045fc8d8de7691daa938) Importer(2089858483,b0f066a214c2f5e87bad3c948f4d605d)
Start importing Assets/_Barking_Dog/_3D Scifi Base Vol 1/Prefabs/_Props/P_Laser_Fence_02.prefab using Guid(4bf5e8621380045fc8d8de7691daa938) Importer(2089858483,b0f066a214c2f5e87bad3c948f4d605d) (ScriptedImporter) -> (artifact id: '3ab7e27a3065aca5b1e3d195a81ba784') in 0.0050656 seconds
Number of updated asset objects reloaded before import = 0Number of asset objects unloaded after import = 10

========================================================================
Received Import Request.
  Time since last request: 0.000118 seconds.
  path: Assets/3D Asserts/Lizard man/Medieval Series/Lizard Men/Weapons/Shield-Orc_1.prefab
  artifactKey: Guid(80dc1621506bbd14aab764fd64aee228) Importer(2089858483,b0f066a214c2f5e87bad3c948f4d605d)
Start importing Assets/3D Asserts/Lizard man/Medieval Series/Lizard Men/Weapons/Shield-Orc_1.prefab using Guid(80dc1621506bbd14aab764fd64aee228) Importer(2089858483,b0f066a214c2f5e87bad3c948f4d605d) (ScriptedImporter) -> (artifact id: '760ca42387114e68fcdd568feeffef98') in 0.0051725 seconds
Number of updated asset objects reloaded before import = 0Number of asset objects unloaded after import = 20

========================================================================
Received Import Request.
  Time since last request: 0.000039 seconds.
  path: Assets/_Barking_Dog/_3D Scifi Base Vol 1/Prefabs/_Build/P_Metal_Tube_01.prefab
  artifactKey: Guid(bfadd65d86c1e4539b1fb638a7abd1e4) Importer(2089858483,b0f066a214c2f5e87bad3c948f4d605d)
Start importing Assets/_Barking_Dog/_3D Scifi Base Vol 1/Prefabs/_Build/P_Metal_Tube_01.prefab using Guid(bfadd65d86c1e4539b1fb638a7abd1e4) Importer(2089858483,b0f066a214c2f5e87bad3c948f4d605d) (ScriptedImporter) -> (artifact id: 'd6afee0b3829bc5b53ccabdaa56993f0') in 0.0052768 seconds
Number of updated asset objects reloaded before import = 0Number of asset objects unloaded after import = 25

========================================================================
Received Import Request.
  Time since last request: 0.000031 seconds.
  path: Assets/_Barking_Dog/_3D Scifi Base Vol 1/Prefabs/_Build/P_Reactor_02.prefab
  artifactKey: Guid(062bd9f3b161f4ef9ac876ac8a5f0c21) Importer(2089858483,b0f066a214c2f5e87bad3c948f4d605d)
Start importing Assets/_Barking_Dog/_3D Scifi Base Vol 1/Prefabs/_Build/P_Reactor_02.prefab using Guid(062bd9f3b161f4ef9ac876ac8a5f0c21) Importer(2089858483,b0f066a214c2f5e87bad3c948f4d605d) (ScriptedImporter) -> (artifact id: 'dee80858518bf8a5c987bdce4b9d2453') in 0.0063005 seconds
Number of updated asset objects reloaded before import = 0Number of asset objects unloaded after import = 9

========================================================================
Received Import Request.
  Time since last request: 0.000033 seconds.
  path: Assets/_Barking_Dog/_3D Scifi Base Vol 1/Prefabs/_Build/P_Pipes_Insert_01.prefab
  artifactKey: Guid(3bb1d650f89824edb844c495fa0a02e8) Importer(2089858483,b0f066a214c2f5e87bad3c948f4d605d)
Start importing Assets/_Barking_Dog/_3D Scifi Base Vol 1/Prefabs/_Build/P_Pipes_Insert_01.prefab using Guid(3bb1d650f89824edb844c495fa0a02e8) Importer(2089858483,b0f066a214c2f5e87bad3c948f4d605d) (ScriptedImporter) -> (artifact id: 'b1e13193a2661581f0bd941d5911e3d6') in 0.0113817 seconds
Number of updated asset objects reloaded before import = 0Number of asset objects unloaded after import = 10

========================================================================
Received Import Request.
  Time since last request: 0.000032 seconds.
  path: Assets/3D Asserts/Sci Fi Gun Light/Prefabs/SciFiGunLight/SciFiGunLight_Yellow.prefab
  artifactKey: Guid(caf80fbf99570df45a028c3a3c6ff238) Importer(2089858483,b0f066a214c2f5e87bad3c948f4d605d)
Start importing Assets/3D Asserts/Sci Fi Gun Light/Prefabs/SciFiGunLight/SciFiGunLight_Yellow.prefab using Guid(caf80fbf99570df45a028c3a3c6ff238) Importer(2089858483,b0f066a214c2f5e87bad3c948f4d605d) (ScriptedImporter) -> (artifact id: '08512e5935987ddf8582b8c57721418d') in 0.0083406 seconds
Number of updated asset objects reloaded before import = 0Number of asset objects unloaded after import = 8

========================================================================
Received Import Request.
  Time since last request: 0.000048 seconds.
  path: Assets/_Barking_Dog/_3D Scifi Base Vol 1/Prefabs/_Build/P_Wall_Normal_04.prefab
  artifactKey: Guid(a5351b7b2491e4d75853bce3926e139b) Importer(2089858483,b0f066a214c2f5e87bad3c948f4d605d)
Start importing Assets/_Barking_Dog/_3D Scifi Base Vol 1/Prefabs/_Build/P_Wall_Normal_04.prefab using Guid(a5351b7b2491e4d75853bce3926e139b) Importer(2089858483,b0f066a214c2f5e87bad3c948f4d605d) (ScriptedImporter) -> (artifact id: 'a9e98e42ad837ebe037b51db61af0392') in 0.0076604 seconds
Number of updated asset objects reloaded before import = 0Number of asset objects unloaded after import = 13

========================================================================
Received Import Request.
  Time since last request: 0.000053 seconds.
  path: Assets/EffectExamples/FireExplosionEffects/Prefabs/WallFlames.prefab
  artifactKey: Guid(2c7e85f4b03483447a66947c83fb7468) Importer(2089858483,b0f066a214c2f5e87bad3c948f4d605d)
Start importing Assets/EffectExamples/FireExplosionEffects/Prefabs/WallFlames.prefab using Guid(2c7e85f4b03483447a66947c83fb7468) Importer(2089858483,b0f066a214c2f5e87bad3c948f4d605d) (ScriptedImporter) -> (artifact id: '894a9dd5f0eb820d2221938f6c3f9d31') in 0.0411918 seconds
Number of updated asset objects reloaded before import = 0Number of asset objects unloaded after import = 27

========================================================================
Received Import Request.
  Time since last request: 0.000030 seconds.
  path: Assets/_Barking_Dog/_3D Scifi Base Vol 1/Splat/Terrain.prefab
  artifactKey: Guid(e4b91be8a7da64561819351ab3884eb4) Importer(2089858483,b0f066a214c2f5e87bad3c948f4d605d)
Start importing Assets/_Barking_Dog/_3D Scifi Base Vol 1/Splat/Terrain.prefab using Guid(e4b91be8a7da64561819351ab3884eb4) Importer(2089858483,b0f066a214c2f5e87bad3c948f4d605d) (ScriptedImporter) -> (artifact id: 'bb7049db53a9304b34e17d2b502d81e9') in 0.1439301 seconds
Number of updated asset objects reloaded before import = 0Number of asset objects unloaded after import = 200

========================================================================
Received Import Request.
  Time since last request: 0.000049 seconds.
  path: Assets/_Barking_Dog/_3D Scifi Base Vol 1/Prefabs/_Build/P_Table_Angle_02.prefab
  artifactKey: Guid(a0e84f772b89f4629982cab1ff45f553) Importer(2089858483,b0f066a214c2f5e87bad3c948f4d605d)
Start importing Assets/_Barking_Dog/_3D Scifi Base Vol 1/Prefabs/_Build/P_Table_Angle_02.prefab using Guid(a0e84f772b89f4629982cab1ff45f553) Importer(2089858483,b0f066a214c2f5e87bad3c948f4d605d) (ScriptedImporter) -> (artifact id: '3de8f087bc1ded08bc9589b97f0f74b5') in 0.0056985 seconds
Number of updated asset objects reloaded before import = 0Number of asset objects unloaded after import = 10

========================================================================
Received Import Request.
  Time since last request: 0.000049 seconds.
  path: Assets/_Barking_Dog/_3D Scifi Base Vol 1/Prefabs/_Legos/P_Small_Tower_Room_05.prefab
  artifactKey: Guid(b0aff7ca205964699bd00e81d1cd9286) Importer(2089858483,b0f066a214c2f5e87bad3c948f4d605d)
Start importing Assets/_Barking_Dog/_3D Scifi Base Vol 1/Prefabs/_Legos/P_Small_Tower_Room_05.prefab using Guid(b0aff7ca205964699bd00e81d1cd9286) Importer(2089858483,b0f066a214c2f5e87bad3c948f4d605d) (ScriptedImporter) -> (artifact id: '2aaa83c7364343229146fec26996da7b') in 0.0276695 seconds
Number of updated asset objects reloaded before import = 0Number of asset objects unloaded after import = 791

========================================================================
Received Import Request.
  Time since last request: 0.000044 seconds.
  path: Assets/EffectExamples/Shared/Prefabs/Wood.prefab
  artifactKey: Guid(b6d38b5165f9b6e49a8402118b5237a1) Importer(2089858483,b0f066a214c2f5e87bad3c948f4d605d)
Start importing Assets/EffectExamples/Shared/Prefabs/Wood.prefab using Guid(b6d38b5165f9b6e49a8402118b5237a1) Importer(2089858483,b0f066a214c2f5e87bad3c948f4d605d) (ScriptedImporter) -> (artifact id: '788d4ccec313306234755963b854ee89') in 0.0106091 seconds
Number of updated asset objects reloaded before import = 0Number of asset objects unloaded after import = 14

========================================================================
Received Import Request.
  Time since last request: 0.000032 seconds.
  path: Assets/_Barking_Dog/_3D Scifi Base Vol 1/Prefabs/_Props/P_Computer_Rack_01.prefab
  artifactKey: Guid(fd5135fbf7fd84da1929d7c1c1572e5e) Importer(2089858483,b0f066a214c2f5e87bad3c948f4d605d)
Start importing Assets/_Barking_Dog/_3D Scifi Base Vol 1/Prefabs/_Props/P_Computer_Rack_01.prefab using Guid(fd5135fbf7fd84da1929d7c1c1572e5e) Importer(2089858483,b0f066a214c2f5e87bad3c948f4d605d) (ScriptedImporter) -> (artifact id: '053396af563731c219df9aeb0f04185f') in 0.0052241 seconds
Number of updated asset objects reloaded before import = 0Number of asset objects unloaded after import = 10

========================================================================
Received Import Request.
  Time since last request: 0.000030 seconds.
  path: Assets/_Barking_Dog/_3D Scifi Base Vol 1/Prefabs/_Legos/P_Plateform_Big_01.prefab
  artifactKey: Guid(011b6917c07494ac9b9a80e4dd451ea2) Importer(2089858483,b0f066a214c2f5e87bad3c948f4d605d)
Start importing Assets/_Barking_Dog/_3D Scifi Base Vol 1/Prefabs/_Legos/P_Plateform_Big_01.prefab using Guid(011b6917c07494ac9b9a80e4dd451ea2) Importer(2089858483,b0f066a214c2f5e87bad3c948f4d605d) (ScriptedImporter) -> (artifact id: 'e3e5008575f03bf2af1c9e46d81eca5b') in 0.0149107 seconds
Number of updated asset objects reloaded before import = 0Number of asset objects unloaded after import = 367

========================================================================
Received Import Request.
  Time since last request: 0.000057 seconds.
  path: Assets/3D Asserts/Lizard man/Medieval Series/Lizard Men/Scenes/Main.unity
  artifactKey: Guid(57ebda29ea30fb34780a45563152b006) Importer(2089858483,b0f066a214c2f5e87bad3c948f4d605d)
Start importing Assets/3D Asserts/Lizard man/Medieval Series/Lizard Men/Scenes/Main.unity using Guid(57ebda29ea30fb34780a45563152b006) Importer(2089858483,b0f066a214c2f5e87bad3c948f4d605d) (ScriptedImporter) -> (artifact id: '83b91ea49485ee2936bb94a418196b0d') in 0.0073407 seconds
Number of updated asset objects reloaded before import = 0Number of asset objects unloaded after import = 1

========================================================================
Received Import Request.
  Time since last request: 0.000039 seconds.
  path: Assets/EffectExamples/FireExplosionEffects/Prefabs/BigExplosionEffect.prefab
  artifactKey: Guid(acf39d9f4addf294d93fa56fa373961b) Importer(2089858483,b0f066a214c2f5e87bad3c948f4d605d)
Start importing Assets/EffectExamples/FireExplosionEffects/Prefabs/BigExplosionEffect.prefab using Guid(acf39d9f4addf294d93fa56fa373961b) Importer(2089858483,b0f066a214c2f5e87bad3c948f4d605d) (ScriptedImporter) -> (artifact id: '6501a134e803f12e511b1407bab9167f') in 0.0467873 seconds
Number of updated asset objects reloaded before import = 0Number of asset objects unloaded after import = 34

========================================================================
Received Import Request.
  Time since last request: 0.000040 seconds.
  path: Assets/_Barking_Dog/_3D Scifi Base Vol 1/Prefabs/_Props/P_Grid_Plateform_01.prefab
  artifactKey: Guid(a107d7970e52f494f844641cc5e2d994) Importer(2089858483,b0f066a214c2f5e87bad3c948f4d605d)
Start importing Assets/_Barking_Dog/_3D Scifi Base Vol 1/Prefabs/_Props/P_Grid_Plateform_01.prefab using Guid(a107d7970e52f494f844641cc5e2d994) Importer(2089858483,b0f066a214c2f5e87bad3c948f4d605d) (ScriptedImporter) -> (artifact id: 'c41036b08949e31ddf3d2b0910a46df6') in 0.0067499 seconds
Number of updated asset objects reloaded before import = 0Number of asset objects unloaded after import = 10

========================================================================
Received Import Request.
  Time since last request: 0.000054 seconds.
  path: Assets/3D Asserts/Lizard man/Medieval Series/Lizard Men/Weapons/Club-Horde_2.prefab
  artifactKey: Guid(284eeaf0d9d16c145ad823c6b2bc223e) Importer(2089858483,b0f066a214c2f5e87bad3c948f4d605d)
Start importing Assets/3D Asserts/Lizard man/Medieval Series/Lizard Men/Weapons/Club-Horde_2.prefab using Guid(284eeaf0d9d16c145ad823c6b2bc223e) Importer(2089858483,b0f066a214c2f5e87bad3c948f4d605d) (ScriptedImporter) -> (artifact id: '693a42254715ddd56d7189702b9ae22c') in 0.0064489 seconds
Number of updated asset objects reloaded before import = 0Number of asset objects unloaded after import = 20

========================================================================
Received Import Request.
  Time since last request: 0.000041 seconds.
  path: Assets/3D Asserts/Lizard man/Medieval Series/Lizard Men/Characters/LizardMan_4_var.prefab
  artifactKey: Guid(7ec4afed00c41324abe5e38415d03985) Importer(2089858483,b0f066a214c2f5e87bad3c948f4d605d)
Start importing Assets/3D Asserts/Lizard man/Medieval Series/Lizard Men/Characters/LizardMan_4_var.prefab using Guid(7ec4afed00c41324abe5e38415d03985) Importer(2089858483,b0f066a214c2f5e87bad3c948f4d605d) (ScriptedImporter) -> (artifact id: '06edb90ee34d5a698f3b37b0456f642e') in 0.0222914 seconds
Number of updated asset objects reloaded before import = 0Number of asset objects unloaded after import = 741

========================================================================
Received Import Request.
  Time since last request: 0.000028 seconds.
  path: Assets/3D Asserts/Sci Fi Gun Light/Prefabs/SciFiGunLight/SciFiGunLight_White.prefab
  artifactKey: Guid(a1db201987255e14ebc8e3c4476a247f) Importer(2089858483,b0f066a214c2f5e87bad3c948f4d605d)
Start importing Assets/3D Asserts/Sci Fi Gun Light/Prefabs/SciFiGunLight/SciFiGunLight_White.prefab using Guid(a1db201987255e14ebc8e3c4476a247f) Importer(2089858483,b0f066a214c2f5e87bad3c948f4d605d) (ScriptedImporter) -> (artifact id: '71274adcd821aded4fadd0ba7456e14f') in 0.0073326 seconds
Number of updated asset objects reloaded before import = 0Number of asset objects unloaded after import = 8

========================================================================
Received Import Request.
  Time since last request: 0.000028 seconds.
  path: Assets/_Barking_Dog/_3D Scifi Base Vol 1/Prefabs/_Props/P_Can_Red_01.prefab
  artifactKey: Guid(ae3885213e51a4622976003cb60fe5da) Importer(2089858483,b0f066a214c2f5e87bad3c948f4d605d)
Start importing Assets/_Barking_Dog/_3D Scifi Base Vol 1/Prefabs/_Props/P_Can_Red_01.prefab using Guid(ae3885213e51a4622976003cb60fe5da) Importer(2089858483,b0f066a214c2f5e87bad3c948f4d605d) (ScriptedImporter) -> (artifact id: '427460da5be94381715eb48d002c10c2') in 0.0048178 seconds
Number of updated asset objects reloaded before import = 0Number of asset objects unloaded after import = 11

========================================================================
Received Import Request.
  Time since last request: 0.000037 seconds.
  path: Assets/_Barking_Dog/_3D Scifi Base Vol 1/Prefabs/_Props/P_Computer_Dbl_03.prefab
  artifactKey: Guid(3aa199ebb69b94a8da1d93951953fd81) Importer(2089858483,b0f066a214c2f5e87bad3c948f4d605d)
Start importing Assets/_Barking_Dog/_3D Scifi Base Vol 1/Prefabs/_Props/P_Computer_Dbl_03.prefab using Guid(3aa199ebb69b94a8da1d93951953fd81) Importer(2089858483,b0f066a214c2f5e87bad3c948f4d605d) (ScriptedImporter) -> (artifact id: '8e1b1ca765b77d93de0a2964a10ac3b6') in 0.0098288 seconds
Number of updated asset objects reloaded before import = 0Number of asset objects unloaded after import = 85

========================================================================
Received Import Request.
  Time since last request: 0.000087 seconds.
  path: Assets/_Barking_Dog/_3D Scifi Base Vol 1/Prefabs/_Build/P_Corridor_Angle_01.prefab
  artifactKey: Guid(fbc166e293b7242db9965757861be098) Importer(2089858483,b0f066a214c2f5e87bad3c948f4d605d)
Start importing Assets/_Barking_Dog/_3D Scifi Base Vol 1/Prefabs/_Build/P_Corridor_Angle_01.prefab using Guid(fbc166e293b7242db9965757861be098) Importer(2089858483,b0f066a214c2f5e87bad3c948f4d605d) (ScriptedImporter) -> (artifact id: 'e0c2d604a58f323f75b04db4b057a213') in 0.0094619 seconds
Number of updated asset objects reloaded before import = 0Number of asset objects unloaded after import = 86

========================================================================
Received Import Request.
  Time since last request: 0.000036 seconds.
  path: Assets/_Barking_Dog/_3D Scifi Base Vol 1/Prefabs/_Props/P_Table_Laptop_01.prefab
  artifactKey: Guid(da3259ccad74245bc8111d7fa34eac7d) Importer(2089858483,b0f066a214c2f5e87bad3c948f4d605d)
Start importing Assets/_Barking_Dog/_3D Scifi Base Vol 1/Prefabs/_Props/P_Table_Laptop_01.prefab using Guid(da3259ccad74245bc8111d7fa34eac7d) Importer(2089858483,b0f066a214c2f5e87bad3c948f4d605d) (ScriptedImporter) -> (artifact id: 'd803482d5f7172fbe5786d2ced0bae48') in 0.0082137 seconds
Number of updated asset objects reloaded before import = 0Number of asset objects unloaded after import = 45

========================================================================
Received Import Request.
  Time since last request: 0.000064 seconds.
  path: Assets/3D Asserts/Lizard man/Medieval Series/Lizard Men/Weapons/Shield-Horde_1.prefab
  artifactKey: Guid(85f00968b97a6b44a9b7de4a665a421b) Importer(2089858483,b0f066a214c2f5e87bad3c948f4d605d)
Start importing Assets/3D Asserts/Lizard man/Medieval Series/Lizard Men/Weapons/Shield-Horde_1.prefab using Guid(85f00968b97a6b44a9b7de4a665a421b) Importer(2089858483,b0f066a214c2f5e87bad3c948f4d605d) (ScriptedImporter) -> (artifact id: '5445ca893cc690aa9047e5a6a8782844') in 0.0060904 seconds
Number of updated asset objects reloaded before import = 0Number of asset objects unloaded after import = 20

========================================================================
Received Import Request.
  Time since last request: 0.000038 seconds.
  path: Assets/_Barking_Dog/_3D Scifi Base Vol 1/Prefabs/_Build/P_Door_Bar_01.prefab
  artifactKey: Guid(002549d40c339403682b41627405e2fc) Importer(2089858483,b0f066a214c2f5e87bad3c948f4d605d)
Start importing Assets/_Barking_Dog/_3D Scifi Base Vol 1/Prefabs/_Build/P_Door_Bar_01.prefab using Guid(002549d40c339403682b41627405e2fc) Importer(2089858483,b0f066a214c2f5e87bad3c948f4d605d) (ScriptedImporter) -> (artifact id: '6fda32e728e7025a4ca6b37640b8e73a') in 0.0052788 seconds
Number of updated asset objects reloaded before import = 0Number of asset objects unloaded after import = 9

========================================================================
Received Import Request.
  Time since last request: 0.000058 seconds.
  path: Assets/3D Asserts/Lizard man/Medieval Series/Lizard Men/LizardMan_Base.prefab
  artifactKey: Guid(6813b42f76db6d1439723354128d85f9) Importer(2089858483,b0f066a214c2f5e87bad3c948f4d605d)
Start importing Assets/3D Asserts/Lizard man/Medieval Series/Lizard Men/LizardMan_Base.prefab using Guid(6813b42f76db6d1439723354128d85f9) Importer(2089858483,b0f066a214c2f5e87bad3c948f4d605d) (ScriptedImporter) -> (artifact id: 'c5f4faf1a19950cab293f71d18e198cd') in 0.025426 seconds
Number of updated asset objects reloaded before import = 0Number of asset objects unloaded after import = 498

========================================================================
Received Import Request.
  Time since last request: 0.000037 seconds.
  path: Assets/_Barking_Dog/_3D Scifi Base Vol 1/Prefabs/_Props/P_Chair_01.prefab
  artifactKey: Guid(dbcfa25f89c064396a712cd210d31e82) Importer(2089858483,b0f066a214c2f5e87bad3c948f4d605d)
Start importing Assets/_Barking_Dog/_3D Scifi Base Vol 1/Prefabs/_Props/P_Chair_01.prefab using Guid(dbcfa25f89c064396a712cd210d31e82) Importer(2089858483,b0f066a214c2f5e87bad3c948f4d605d) (ScriptedImporter) -> (artifact id: '16c1b7c97172c2c71cc5f33f49979ed4') in 0.0051909 seconds
Number of updated asset objects reloaded before import = 0Number of asset objects unloaded after import = 15

========================================================================
Received Import Request.
  Time since last request: 0.000028 seconds.
  path: Assets/_Barking_Dog/_3D Scifi Base Vol 1/Prefabs/_Props/P_Reactor_03.prefab
  artifactKey: Guid(c89dc320a761649c8a956f848d98dbdd) Importer(2089858483,b0f066a214c2f5e87bad3c948f4d605d)
Start importing Assets/_Barking_Dog/_3D Scifi Base Vol 1/Prefabs/_Props/P_Reactor_03.prefab using Guid(c89dc320a761649c8a956f848d98dbdd) Importer(2089858483,b0f066a214c2f5e87bad3c948f4d605d) (ScriptedImporter) -> (artifact id: '2c7a2b0b7e7cb27871525b50a78fb976') in 0.0102637 seconds
Number of updated asset objects reloaded before import = 0Number of asset objects unloaded after import = 83

========================================================================
Received Import Request.
  Time since last request: 0.000038 seconds.
  path: Assets/_Barking_Dog/_3D Scifi Base Vol 1/Prefabs/_Props/P_Solar_Panel_02.prefab
  artifactKey: Guid(b57afd488984347b4bf1df9db1ca5552) Importer(2089858483,b0f066a214c2f5e87bad3c948f4d605d)
Start importing Assets/_Barking_Dog/_3D Scifi Base Vol 1/Prefabs/_Props/P_Solar_Panel_02.prefab using Guid(b57afd488984347b4bf1df9db1ca5552) Importer(2089858483,b0f066a214c2f5e87bad3c948f4d605d) (ScriptedImporter) -> (artifact id: '59d4ed8ba55d328133763af741731b69') in 0.0076481 seconds
Number of updated asset objects reloaded before import = 0Number of asset objects unloaded after import = 29

========================================================================
Received Import Request.
  Time since last request: 0.000050 seconds.
  path: Assets/_Barking_Dog/_3D Scifi Base Vol 1/Prefabs/_Build/P_Roof_Cache_12.prefab
  artifactKey: Guid(37a0c66d9f3824a37b7b96085ef82a37) Importer(2089858483,b0f066a214c2f5e87bad3c948f4d605d)
Start importing Assets/_Barking_Dog/_3D Scifi Base Vol 1/Prefabs/_Build/P_Roof_Cache_12.prefab using Guid(37a0c66d9f3824a37b7b96085ef82a37) Importer(2089858483,b0f066a214c2f5e87bad3c948f4d605d) (ScriptedImporter) -> (artifact id: 'c1b0dd3bd7b14a46a367bfed90a3d811') in 0.0057702 seconds
Number of updated asset objects reloaded before import = 0Number of asset objects unloaded after import = 9

========================================================================
Received Import Request.
  Time since last request: 0.000054 seconds.
  path: Assets/_Barking_Dog/_3D Scifi Base Vol 1/Prefabs/_Props/P_Antenna_01.prefab
  artifactKey: Guid(786fd4c0182d74eae8671308a69d6cfa) Importer(2089858483,b0f066a214c2f5e87bad3c948f4d605d)
Start importing Assets/_Barking_Dog/_3D Scifi Base Vol 1/Prefabs/_Props/P_Antenna_01.prefab using Guid(786fd4c0182d74eae8671308a69d6cfa) Importer(2089858483,b0f066a214c2f5e87bad3c948f4d605d) (ScriptedImporter) -> (artifact id: 'ecebe25e03ae4b751cd7b50e38196391') in 0.0048267 seconds
Number of updated asset objects reloaded before import = 0Number of asset objects unloaded after import = 10

========================================================================
Received Import Request.
  Time since last request: 0.000042 seconds.
  path: Assets/_Barking_Dog/_3D Scifi Base Vol 1/Prefabs/_Props/P_Eole_01.prefab
  artifactKey: Guid(fdcb6720e4002417784e26c07d5854ea) Importer(2089858483,b0f066a214c2f5e87bad3c948f4d605d)
Start importing Assets/_Barking_Dog/_3D Scifi Base Vol 1/Prefabs/_Props/P_Eole_01.prefab using Guid(fdcb6720e4002417784e26c07d5854ea) Importer(2089858483,b0f066a214c2f5e87bad3c948f4d605d) (ScriptedImporter) -> (artifact id: '55631f66cbbaee072d67e7e5467587bb') in 0.0052184 seconds
Number of updated asset objects reloaded before import = 0Number of asset objects unloaded after import = 16

========================================================================
Received Import Request.
  Time since last request: 0.000037 seconds.
  path: Assets/EffectExamples/FireExplosionEffects/Prefabs/RibbonSmoke.prefab
  artifactKey: Guid(4d35711ba17dcd4409264568d9155360) Importer(2089858483,b0f066a214c2f5e87bad3c948f4d605d)
Start importing Assets/EffectExamples/FireExplosionEffects/Prefabs/RibbonSmoke.prefab using Guid(4d35711ba17dcd4409264568d9155360) Importer(2089858483,b0f066a214c2f5e87bad3c948f4d605d) (ScriptedImporter) -> (artifact id: 'adc02fff424656edb46d00d2389f7e22') in 0.0266532 seconds
Number of updated asset objects reloaded before import = 0Number of asset objects unloaded after import = 6

========================================================================
Received Import Request.
  Time since last request: 0.000027 seconds.
  path: Assets/_Barking_Dog/_3D Scifi Base Vol 1/Prefabs/_Build/P_Pipe_End_02.prefab
  artifactKey: Guid(6bef4bde4efe7466c85a0776bbf312f9) Importer(2089858483,b0f066a214c2f5e87bad3c948f4d605d)
Start importing Assets/_Barking_Dog/_3D Scifi Base Vol 1/Prefabs/_Build/P_Pipe_End_02.prefab using Guid(6bef4bde4efe7466c85a0776bbf312f9) Importer(2089858483,b0f066a214c2f5e87bad3c948f4d605d) (ScriptedImporter) -> (artifact id: 'a637929381a050d53e243b0714d305d7') in 0.0058396 seconds
Number of updated asset objects reloaded before import = 0Number of asset objects unloaded after import = 9

========================================================================
Received Import Request.
  Time since last request: 0.000050 seconds.
  path: Assets/EffectExamples/WeaponEffects/Prefabs/BulletImpactMetalEffect.prefab
  artifactKey: Guid(02a509a7fa70ed740ba4197e20c5d32d) Importer(2089858483,b0f066a214c2f5e87bad3c948f4d605d)
Start importing Assets/EffectExamples/WeaponEffects/Prefabs/BulletImpactMetalEffect.prefab using Guid(02a509a7fa70ed740ba4197e20c5d32d) Importer(2089858483,b0f066a214c2f5e87bad3c948f4d605d) (ScriptedImporter) -> (artifact id: 'cb81abfb571b3039cd392d7000108d9f') in 0.0269445 seconds
Number of updated asset objects reloaded before import = 0Number of asset objects unloaded after import = 15

========================================================================
Received Import Request.
  Time since last request: 0.000037 seconds.
  path: Assets/_Barking_Dog/_3D Scifi Base Vol 1/Prefabs/_Props/P_Laser_Fence_05.prefab
  artifactKey: Guid(3fe935ac1528a447eb3aff08371570d7) Importer(2089858483,b0f066a214c2f5e87bad3c948f4d605d)
Start importing Assets/_Barking_Dog/_3D Scifi Base Vol 1/Prefabs/_Props/P_Laser_Fence_05.prefab using Guid(3fe935ac1528a447eb3aff08371570d7) Importer(2089858483,b0f066a214c2f5e87bad3c948f4d605d) (ScriptedImporter) -> (artifact id: 'f39b9645738b013f5c647eb31db1f928') in 0.0065878 seconds
Number of updated asset objects reloaded before import = 0Number of asset objects unloaded after import = 27

========================================================================
Received Import Request.
  Time since last request: 0.000030 seconds.
  path: Assets/_Barking_Dog/_3D Scifi Base Vol 1/Prefabs/_Props/P_Reactor_06.prefab
  artifactKey: Guid(215f9a3af47774f828bbcad397c6f8cd) Importer(2089858483,b0f066a214c2f5e87bad3c948f4d605d)
Start importing Assets/_Barking_Dog/_3D Scifi Base Vol 1/Prefabs/_Props/P_Reactor_06.prefab using Guid(215f9a3af47774f828bbcad397c6f8cd) Importer(2089858483,b0f066a214c2f5e87bad3c948f4d605d) (ScriptedImporter) -> (artifact id: '9c7e2f45a0c545ff35dca1f4e70dc0bc') in 0.014001 seconds
Number of updated asset objects reloaded before import = 0Number of asset objects unloaded after import = 99

========================================================================
Received Import Request.
  Time since last request: 0.000047 seconds.
  path: Assets/3D Asserts/Lizard man/Medieval Series/Lizard Men/Characters/LizardMan_2.prefab
  artifactKey: Guid(eaf85e9e193a96d44b43f623d36cf7e9) Importer(2089858483,b0f066a214c2f5e87bad3c948f4d605d)
Start importing Assets/3D Asserts/Lizard man/Medieval Series/Lizard Men/Characters/LizardMan_2.prefab using Guid(eaf85e9e193a96d44b43f623d36cf7e9) Importer(2089858483,b0f066a214c2f5e87bad3c948f4d605d) (ScriptedImporter) -> (artifact id: 'b376a800f4a58794431aab226ba47a6f') in 0.0220954 seconds
Number of updated asset objects reloaded before import = 0Number of asset objects unloaded after import = 741

========================================================================
Received Import Request.
  Time since last request: 0.000043 seconds.
  path: Assets/_Barking_Dog/_3D Scifi Base Vol 1/Prefabs/_Build/P_Wall_Angle_04.prefab
  artifactKey: Guid(522268933eff04a9da87faa2fa244931) Importer(2089858483,b0f066a214c2f5e87bad3c948f4d605d)
Start importing Assets/_Barking_Dog/_3D Scifi Base Vol 1/Prefabs/_Build/P_Wall_Angle_04.prefab using Guid(522268933eff04a9da87faa2fa244931) Importer(2089858483,b0f066a214c2f5e87bad3c948f4d605d) (ScriptedImporter) -> (artifact id: 'dae8f0f9ea91501017ec63836dfdc6f6') in 0.0050669 seconds
Number of updated asset objects reloaded before import = 0Number of asset objects unloaded after import = 9

========================================================================
Received Import Request.
  Time since last request: 0.000049 seconds.
  path: Assets/_Barking_Dog/_3D Scifi Base Vol 1/Prefabs/_Props/P_Pillow_01.prefab
  artifactKey: Guid(81205f1e91f8a4f8bab126928d43e951) Importer(2089858483,b0f066a214c2f5e87bad3c948f4d605d)
Start importing Assets/_Barking_Dog/_3D Scifi Base Vol 1/Prefabs/_Props/P_Pillow_01.prefab using Guid(81205f1e91f8a4f8bab126928d43e951) Importer(2089858483,b0f066a214c2f5e87bad3c948f4d605d) (ScriptedImporter) -> (artifact id: 'abdfd65282750f78bf0b9c1c649ac4d7') in 0.0051689 seconds
Number of updated asset objects reloaded before import = 0Number of asset objects unloaded after import = 10

========================================================================
Received Import Request.
  Time since last request: 0.000042 seconds.
  path: Assets/_Barking_Dog/_3D Scifi Base Vol 1/Prefabs/_Build/P_Roof_Angle_01.prefab
  artifactKey: Guid(fd30fbef5a3ae48f6a67499cea71493c) Importer(2089858483,b0f066a214c2f5e87bad3c948f4d605d)
Start importing Assets/_Barking_Dog/_3D Scifi Base Vol 1/Prefabs/_Build/P_Roof_Angle_01.prefab using Guid(fd30fbef5a3ae48f6a67499cea71493c) Importer(2089858483,b0f066a214c2f5e87bad3c948f4d605d) (ScriptedImporter) -> (artifact id: 'd1ff70b10e0ffd8865963c1d281b1687') in 0.0084146 seconds
Number of updated asset objects reloaded before import = 0Number of asset objects unloaded after import = 10

========================================================================
Received Import Request.
  Time since last request: 0.000026 seconds.
  path: Assets/_Barking_Dog/_3D Scifi Base Vol 1/Prefabs/_Props/P_Computer_03.prefab
  artifactKey: Guid(257008f9214de4647bbc131825b77733) Importer(2089858483,b0f066a214c2f5e87bad3c948f4d605d)
Start importing Assets/_Barking_Dog/_3D Scifi Base Vol 1/Prefabs/_Props/P_Computer_03.prefab using Guid(257008f9214de4647bbc131825b77733) Importer(2089858483,b0f066a214c2f5e87bad3c948f4d605d) (ScriptedImporter) -> (artifact id: 'f7dd8740fb1986b0c01022f688c2ba91') in 0.0063866 seconds
Number of updated asset objects reloaded before import = 0Number of asset objects unloaded after import = 43

========================================================================
Received Import Request.
  Time since last request: 0.000032 seconds.
  path: Assets/_Barking_Dog/_3D Scifi Base Vol 1/Prefabs/_Props/P_Laser_Fence_03.prefab
  artifactKey: Guid(405e846282a234e17adfbf5b39c5a58f) Importer(2089858483,b0f066a214c2f5e87bad3c948f4d605d)
Start importing Assets/_Barking_Dog/_3D Scifi Base Vol 1/Prefabs/_Props/P_Laser_Fence_03.prefab using Guid(405e846282a234e17adfbf5b39c5a58f) Importer(2089858483,b0f066a214c2f5e87bad3c948f4d605d) (ScriptedImporter) -> (artifact id: 'a238776729c14cafdb07280604f2c8ad') in 0.0061398 seconds
Number of updated asset objects reloaded before import = 0Number of asset objects unloaded after import = 10

========================================================================
Received Import Request.
  Time since last request: 0.000028 seconds.
  path: Assets/_Barking_Dog/_3D Scifi Base Vol 1/Prefabs/_Props/P_Computer_Dbl_05.prefab
  artifactKey: Guid(04ed93b6c9c9a45c7ac31c553816e921) Importer(2089858483,b0f066a214c2f5e87bad3c948f4d605d)
Start importing Assets/_Barking_Dog/_3D Scifi Base Vol 1/Prefabs/_Props/P_Computer_Dbl_05.prefab using Guid(04ed93b6c9c9a45c7ac31c553816e921) Importer(2089858483,b0f066a214c2f5e87bad3c948f4d605d) (ScriptedImporter) -> (artifact id: '0d6fc9fc8a7d588d8c2e8a50c3a5f306') in 0.0123485 seconds
Number of updated asset objects reloaded before import = 0Number of asset objects unloaded after import = 235

========================================================================
Received Import Request.
  Time since last request: 0.000064 seconds.
  path: Assets/_Barking_Dog/_3D Scifi Base Vol 1/Prefabs/_Build/P_Roof_Angle_03_B.prefab
  artifactKey: Guid(c0b07f89348f6468bb72f8d7e467f761) Importer(2089858483,b0f066a214c2f5e87bad3c948f4d605d)
Start importing Assets/_Barking_Dog/_3D Scifi Base Vol 1/Prefabs/_Build/P_Roof_Angle_03_B.prefab using Guid(c0b07f89348f6468bb72f8d7e467f761) Importer(2089858483,b0f066a214c2f5e87bad3c948f4d605d) (ScriptedImporter) -> (artifact id: 'b8074d689bf7f01cadcd59535d446965') in 0.0064256 seconds
Number of updated asset objects reloaded before import = 0Number of asset objects unloaded after import = 10

========================================================================
Received Import Request.
  Time since last request: 0.000074 seconds.
  path: Assets/EffectExamples/FireExplosionEffects/Prefabs/TorchEffect.prefab
  artifactKey: Guid(3cdf614b79009ca49a2a5c117fb49c35) Importer(2089858483,b0f066a214c2f5e87bad3c948f4d605d)
Start importing Assets/EffectExamples/FireExplosionEffects/Prefabs/TorchEffect.prefab using Guid(3cdf614b79009ca49a2a5c117fb49c35) Importer(2089858483,b0f066a214c2f5e87bad3c948f4d605d) (ScriptedImporter) -> (artifact id: 'b5f9464a62c159c6223be7425fd4be53') in 0.0196466 seconds
Number of updated asset objects reloaded before import = 0Number of asset objects unloaded after import = 25

========================================================================
Received Import Request.
  Time since last request: 0.000038 seconds.
  path: Assets/_Barking_Dog/_3D Scifi Base Vol 1/Prefabs/_Build/P_Solar_Panel_01.prefab
  artifactKey: Guid(0120ee67dc8e34c548eb833379c8c1f4) Importer(2089858483,b0f066a214c2f5e87bad3c948f4d605d)
Start importing Assets/_Barking_Dog/_3D Scifi Base Vol 1/Prefabs/_Build/P_Solar_Panel_01.prefab using Guid(0120ee67dc8e34c548eb833379c8c1f4) Importer(2089858483,b0f066a214c2f5e87bad3c948f4d605d) (ScriptedImporter) -> (artifact id: '5ae2a9864dcf50e174828e65ca1f59c6') in 0.0056995 seconds
Number of updated asset objects reloaded before import = 0Number of asset objects unloaded after import = 10

========================================================================
Received Import Request.
  Time since last request: 0.000029 seconds.
  path: Assets/3D Asserts/Sci Fi Gun Light/Prefabs/SciFiGunLight/SciFiGunLight_Black.prefab
  artifactKey: Guid(d32892c82a841e34bb692140d685dcfc) Importer(2089858483,b0f066a214c2f5e87bad3c948f4d605d)
Start importing Assets/3D Asserts/Sci Fi Gun Light/Prefabs/SciFiGunLight/SciFiGunLight_Black.prefab using Guid(d32892c82a841e34bb692140d685dcfc) Importer(2089858483,b0f066a214c2f5e87bad3c948f4d605d) (ScriptedImporter) -> (artifact id: '2282a5ae5210000a7fc0b2ae05bce51f') in 0.0114373 seconds
Number of updated asset objects reloaded before import = 0Number of asset objects unloaded after import = 8

========================================================================
Received Import Request.
  Time since last request: 0.000146 seconds.
  path: Assets/3D Asserts/Sci Fi Gun Light/Scenes/SciFiGunLight_Preview_Scene.unity
  artifactKey: Guid(1f8aa587b96c591469c11fa74f73028a) Importer(2089858483,b0f066a214c2f5e87bad3c948f4d605d)
Start importing Assets/3D Asserts/Sci Fi Gun Light/Scenes/SciFiGunLight_Preview_Scene.unity using Guid(1f8aa587b96c591469c11fa74f73028a) Importer(2089858483,b0f066a214c2f5e87bad3c948f4d605d) (ScriptedImporter) -> (artifact id: '404d8f4e8703c1511da1d62fdfcbae88') in 0.00515 seconds
Number of updated asset objects reloaded before import = 0Number of asset objects unloaded after import = 1

========================================================================
Received Import Request.
  Time since last request: 0.000036 seconds.
  path: Assets/EffectExamples/FireExplosionEffects/Prefabs/SmallExplosionEffect.prefab
  artifactKey: Guid(ecdd96beb7f93494880c052dfccf9dc1) Importer(2089858483,b0f066a214c2f5e87bad3c948f4d605d)
Start importing Assets/EffectExamples/FireExplosionEffects/Prefabs/SmallExplosionEffect.prefab using Guid(ecdd96beb7f93494880c052dfccf9dc1) Importer(2089858483,b0f066a214c2f5e87bad3c948f4d605d) (ScriptedImporter) -> (artifact id: '0802037164615a44426e99a7f44131c9') in 0.0354184 seconds
Number of updated asset objects reloaded before import = 0Number of asset objects unloaded after import = 18

========================================================================
Received Import Request.
  Time since last request: 0.000045 seconds.
  path: Assets/_Barking_Dog/_3D Scifi Base Vol 1/Prefabs/_Build/P_Roof_Angle_05.prefab
  artifactKey: Guid(e917625e5ed05453fb6d212abdf3521d) Importer(2089858483,b0f066a214c2f5e87bad3c948f4d605d)
Start importing Assets/_Barking_Dog/_3D Scifi Base Vol 1/Prefabs/_Build/P_Roof_Angle_05.prefab using Guid(e917625e5ed05453fb6d212abdf3521d) Importer(2089858483,b0f066a214c2f5e87bad3c948f4d605d) (ScriptedImporter) -> (artifact id: '7de13e78de6cd66efbdb5358d3fc1a1b') in 0.0084304 seconds
Number of updated asset objects reloaded before import = 0Number of asset objects unloaded after import = 9

========================================================================
Received Import Request.
  Time since last request: 0.000034 seconds.
  path: Assets/_Barking_Dog/_3D Scifi Base Vol 1/Prefabs/_Build/P_Fence_01.prefab
  artifactKey: Guid(aa5129ccbc0fb49afb57f376724148f3) Importer(2089858483,b0f066a214c2f5e87bad3c948f4d605d)
Start importing Assets/_Barking_Dog/_3D Scifi Base Vol 1/Prefabs/_Build/P_Fence_01.prefab using Guid(aa5129ccbc0fb49afb57f376724148f3) Importer(2089858483,b0f066a214c2f5e87bad3c948f4d605d) (ScriptedImporter) -> (artifact id: 'e5fdeb4e5535e400ba19ac2b9cfed138') in 0.0093076 seconds
Number of updated asset objects reloaded before import = 0Number of asset objects unloaded after import = 10

========================================================================
Received Import Request.
  Time since last request: 0.000036 seconds.
  path: Assets/_Barking_Dog/_3D Scifi Base Vol 1/Prefabs/_Props/P_Electric_Pylon_01.prefab
  artifactKey: Guid(73aeb9e95435c4482b0b14c9dc4fd990) Importer(2089858483,b0f066a214c2f5e87bad3c948f4d605d)
Start importing Assets/_Barking_Dog/_3D Scifi Base Vol 1/Prefabs/_Props/P_Electric_Pylon_01.prefab using Guid(73aeb9e95435c4482b0b14c9dc4fd990) Importer(2089858483,b0f066a214c2f5e87bad3c948f4d605d) (ScriptedImporter) -> (artifact id: '6a9cf15c75432c35d3ce367c22feec52') in 0.01025 seconds
Number of updated asset objects reloaded before import = 0Number of asset objects unloaded after import = 29

========================================================================
Received Import Request.
  Time since last request: 0.000115 seconds.
  path: Assets/EffectExamples/Shared/Prefabs/Stone.prefab
  artifactKey: Guid(6b4eed762f985a04bbc740b9da12e38d) Importer(2089858483,b0f066a214c2f5e87bad3c948f4d605d)
Start importing Assets/EffectExamples/Shared/Prefabs/Stone.prefab using Guid(6b4eed762f985a04bbc740b9da12e38d) Importer(2089858483,b0f066a214c2f5e87bad3c948f4d605d) (ScriptedImporter) -> (artifact id: '795d11aef7a44c764e02414258d3a852') in 0.0105883 seconds
Number of updated asset objects reloaded before import = 0Number of asset objects unloaded after import = 14

========================================================================
Received Import Request.
  Time since last request: 0.000048 seconds.
  path: Assets/_Barking_Dog/_3D Scifi Base Vol 1/Prefabs/_Build/P_Lamp_Rotating_01.prefab
  artifactKey: Guid(a7396ddc20e074f8bb5ded6aeabb5c41) Importer(2089858483,b0f066a214c2f5e87bad3c948f4d605d)
Start importing Assets/_Barking_Dog/_3D Scifi Base Vol 1/Prefabs/_Build/P_Lamp_Rotating_01.prefab using Guid(a7396ddc20e074f8bb5ded6aeabb5c41) Importer(2089858483,b0f066a214c2f5e87bad3c948f4d605d) (ScriptedImporter) -> (artifact id: '715ccfa839979e127f204d9b5102bc0f') in 0.0072123 seconds
Number of updated asset objects reloaded before import = 0Number of asset objects unloaded after import = 18

========================================================================
Received Import Request.
  Time since last request: 0.000039 seconds.
  path: Assets/_Barking_Dog/_3D Scifi Base Vol 1/Prefabs/_Build/P_Roof_Normal_01_B.prefab
  artifactKey: Guid(aff8b9f967fd64371913e7346d3e17cf) Importer(2089858483,b0f066a214c2f5e87bad3c948f4d605d)
Start importing Assets/_Barking_Dog/_3D Scifi Base Vol 1/Prefabs/_Build/P_Roof_Normal_01_B.prefab using Guid(aff8b9f967fd64371913e7346d3e17cf) Importer(2089858483,b0f066a214c2f5e87bad3c948f4d605d) (ScriptedImporter) -> (artifact id: 'e6c4c24ad56e79b46d93588c35e41904') in 0.0059951 seconds
Number of updated asset objects reloaded before import = 0Number of asset objects unloaded after import = 24

========================================================================
Received Import Request.
  Time since last request: 0.000042 seconds.
  path: Assets/_Barking_Dog/_3D Scifi Base Vol 1/Prefabs/_Legos/P_Corridor_Small_07.prefab
  artifactKey: Guid(7dc4540c94faf41a09b41b78469293a8) Importer(2089858483,b0f066a214c2f5e87bad3c948f4d605d)
Start importing Assets/_Barking_Dog/_3D Scifi Base Vol 1/Prefabs/_Legos/P_Corridor_Small_07.prefab using Guid(7dc4540c94faf41a09b41b78469293a8) Importer(2089858483,b0f066a214c2f5e87bad3c948f4d605d) (ScriptedImporter) -> (artifact id: '323226e5160d5db03d4c0c31ba5dc9f6') in 0.0096898 seconds
Number of updated asset objects reloaded before import = 0Number of asset objects unloaded after import = 106

========================================================================
Received Import Request.
  Time since last request: 0.000039 seconds.
  path: Assets/_Barking_Dog/_3D Scifi Base Vol 1/Prefabs/_Build/P_Floor_Normal_01.prefab
  artifactKey: Guid(8077538ed99a542eaa2cdbfba7521b6f) Importer(2089858483,b0f066a214c2f5e87bad3c948f4d605d)
Start importing Assets/_Barking_Dog/_3D Scifi Base Vol 1/Prefabs/_Build/P_Floor_Normal_01.prefab using Guid(8077538ed99a542eaa2cdbfba7521b6f) Importer(2089858483,b0f066a214c2f5e87bad3c948f4d605d) (ScriptedImporter) -> (artifact id: 'ce7015dead71124b28acffd78a2c9078') in 0.0083861 seconds
Number of updated asset objects reloaded before import = 0Number of asset objects unloaded after import = 10

========================================================================
Received Import Request.
  Time since last request: 9.541219 seconds.
  path: Assets/EffectExamples/WeaponEffects/Prefabs/BulletImpactFleshSmallEffect.prefab
  artifactKey: Guid(83e55d3418297934fab882559d009285) Importer(815301076,1909f56bfc062723c751e8b465ee728b)
Start importing Assets/EffectExamples/WeaponEffects/Prefabs/BulletImpactFleshSmallEffect.prefab using Guid(83e55d3418297934fab882559d009285) Importer(815301076,1909f56bfc062723c751e8b465ee728b) (PreviewImporter) -> (artifact id: '4f2cdaa456ca64a98c897d061f11f610') in 6.2362951 seconds
Number of updated asset objects reloaded before import = 0Number of asset objects unloaded after import = 30

========================================================================
Received Import Request.
  Time since last request: 0.000075 seconds.
  path: Assets/EffectExamples/WeaponEffects/Prefabs/BulletImpactStoneEffect.prefab
  artifactKey: Guid(4edabb1c0dde62743b137378c7d22980) Importer(815301076,1909f56bfc062723c751e8b465ee728b)
Start importing Assets/EffectExamples/WeaponEffects/Prefabs/BulletImpactStoneEffect.prefab using Guid(4edabb1c0dde62743b137378c7d22980) Importer(815301076,1909f56bfc062723c751e8b465ee728b) (PreviewImporter) -> (artifact id: 'a8b08c9e8df9d1ca6db76de3785997b8') in 16.4576351 seconds
Number of updated asset objects reloaded before import = 0Number of asset objects unloaded after import = 24

========================================================================
Received Import Request.
  Time since last request: 0.000057 seconds.
  path: Assets/EffectExamples/Misc Effects/Prefabs/ElectricalSparksEffect.prefab
  artifactKey: Guid(96b2ec0239d11fa4b9792311efceb8ed) Importer(2089858483,b0f066a214c2f5e87bad3c948f4d605d)
Start importing Assets/EffectExamples/Misc Effects/Prefabs/ElectricalSparksEffect.prefab using Guid(96b2ec0239d11fa4b9792311efceb8ed) Importer(2089858483,b0f066a214c2f5e87bad3c948f4d605d) (ScriptedImporter) -> (artifact id: '587c15ce717afd5eda33212606c75e64') in 0.0435697 seconds
Number of updated asset objects reloaded before import = 0Number of asset objects unloaded after import = 11

========================================================================
Received Import Request.
  Time since last request: 0.000047 seconds.
  path: Assets/EffectExamples/WeaponEffects/Materials/BulletDecalMetal.mat
  artifactKey: Guid(094e76e620df5714eb3946120657e1f6) Importer(2089858483,b0f066a214c2f5e87bad3c948f4d605d)
Start importing Assets/EffectExamples/WeaponEffects/Materials/BulletDecalMetal.mat using Guid(094e76e620df5714eb3946120657e1f6) Importer(2089858483,b0f066a214c2f5e87bad3c948f4d605d) (ScriptedImporter) -> (artifact id: 'e96378c2505d36e2185955ed81f61f22') in 0.0073076 seconds
Number of updated asset objects reloaded before import = 0Number of asset objects unloaded after import = 3

========================================================================
Received Import Request.
  Time since last request: 0.000039 seconds.
  path: Assets/EffectExamples/WeaponEffects/Materials/Projectile.mat
  artifactKey: Guid(a24a209a6bd187d49929d1a6d40a92ec) Importer(2089858483,b0f066a214c2f5e87bad3c948f4d605d)
Start importing Assets/EffectExamples/WeaponEffects/Materials/Projectile.mat using Guid(a24a209a6bd187d49929d1a6d40a92ec) Importer(2089858483,b0f066a214c2f5e87bad3c948f4d605d) (ScriptedImporter) -> (artifact id: '7f0a53cd90e896b2340af085eb2e0014') in 0.0099429 seconds
Number of updated asset objects reloaded before import = 0Number of asset objects unloaded after import = 1

========================================================================
Received Import Request.
  Time since last request: 0.000068 seconds.
  path: Assets/EffectExamples/Blood/Materials/BloodSplashParticle.mat
  artifactKey: Guid(6f3ee23817d2bd74681209e519f72618) Importer(2089858483,b0f066a214c2f5e87bad3c948f4d605d)
Start importing Assets/EffectExamples/Blood/Materials/BloodSplashParticle.mat using Guid(6f3ee23817d2bd74681209e519f72618) Importer(2089858483,b0f066a214c2f5e87bad3c948f4d605d) (ScriptedImporter) -> (artifact id: '15a405a0a26f0d96ee1b7bffe1873bbe') in 0.0098104 seconds
Number of updated asset objects reloaded before import = 0Number of asset objects unloaded after import = 3

========================================================================
Received Import Request.
  Time since last request: 0.000062 seconds.
  path: Assets/EffectExamples/WeaponEffects/Materials/ShallCasing.mat
  artifactKey: Guid(713f8d12f5dbfb640b7a4874212c2c08) Importer(2089858483,b0f066a214c2f5e87bad3c948f4d605d)
Start importing Assets/EffectExamples/WeaponEffects/Materials/ShallCasing.mat using Guid(713f8d12f5dbfb640b7a4874212c2c08) Importer(2089858483,b0f066a214c2f5e87bad3c948f4d605d) (ScriptedImporter) -> (artifact id: 'ad0393f97f8159b59e7a3d6b20e1076c') in 0.0566708 seconds
Number of updated asset objects reloaded before import = 0Number of asset objects unloaded after import = 1

========================================================================
Received Import Request.
  Time since last request: 0.000029 seconds.
  path: Assets/EffectExamples/Blood/Materials/BloodStreamParticle.mat
  artifactKey: Guid(fb0a006be807eac48a87ffa79b3330a5) Importer(2089858483,b0f066a214c2f5e87bad3c948f4d605d)
Start importing Assets/EffectExamples/Blood/Materials/BloodStreamParticle.mat using Guid(fb0a006be807eac48a87ffa79b3330a5) Importer(2089858483,b0f066a214c2f5e87bad3c948f4d605d) (ScriptedImporter) -> (artifact id: '68e38875aa0cf1757d2f1cd8e3c25a74') in 0.0109303 seconds
Number of updated asset objects reloaded before import = 0Number of asset objects unloaded after import = 3

========================================================================
Received Import Request.
  Time since last request: 0.000043 seconds.
  path: Assets/EffectExamples/WeaponEffects/Materials/TinyStonesParticle.mat
  artifactKey: Guid(4ac7c4f70dacbc742a33d842cebc2157) Importer(2089858483,b0f066a214c2f5e87bad3c948f4d605d)
Start importing Assets/EffectExamples/WeaponEffects/Materials/TinyStonesParticle.mat using Guid(4ac7c4f70dacbc742a33d842cebc2157) Importer(2089858483,b0f066a214c2f5e87bad3c948f4d605d) (ScriptedImporter) -> (artifact id: 'f3117849c4e52960574c97412acefb75') in 0.0118157 seconds
Number of updated asset objects reloaded before import = 0Number of asset objects unloaded after import = 3

========================================================================
Received Import Request.
  Time since last request: 0.000063 seconds.
  path: Assets/EffectExamples/WeaponEffects/Materials/MuzzleFlashParticle.mat
  artifactKey: Guid(527027c8baf2f0540be3104a3ec38a99) Importer(815301076,1909f56bfc062723c751e8b465ee728b)
Start importing Assets/EffectExamples/WeaponEffects/Materials/MuzzleFlashParticle.mat using Guid(527027c8baf2f0540be3104a3ec38a99) Importer(815301076,1909f56bfc062723c751e8b465ee728b) (PreviewImporter) -> (artifact id: 'ac42a12e5e4141ed237af1172bdce116') in 0.0134532 seconds
Number of updated asset objects reloaded before import = 0Number of asset objects unloaded after import = 2

========================================================================
Received Import Request.
  Time since last request: 0.000050 seconds.
  path: Assets/EffectExamples/Shared/Materials/Background.mat
  artifactKey: Guid(0ae8aab4ae40e7741a636cf6e5136a55) Importer(2089858483,b0f066a214c2f5e87bad3c948f4d605d)
Start importing Assets/EffectExamples/Shared/Materials/Background.mat using Guid(0ae8aab4ae40e7741a636cf6e5136a55) Importer(2089858483,b0f066a214c2f5e87bad3c948f4d605d) (ScriptedImporter) -> (artifact id: 'be475e0df2b50132500843551743a30f') in 0.0072478 seconds
Number of updated asset objects reloaded before import = 0Number of asset objects unloaded after import = 2

========================================================================
Received Import Request.
  Time since last request: 0.000057 seconds.
  path: Assets/EffectExamples/WeaponEffects/Prefabs/BulletImpactWaterContainerExtinguisherEffect.prefab
  artifactKey: Guid(8c0568c457f38824d8649f26f2363927) Importer(815301076,1909f56bfc062723c751e8b465ee728b)
Start importing Assets/EffectExamples/WeaponEffects/Prefabs/BulletImpactWaterContainerExtinguisherEffect.prefab using Guid(8c0568c457f38824d8649f26f2363927) Importer(815301076,1909f56bfc062723c751e8b465ee728b) (PreviewImporter) -> (artifact id: '72d5b913e5bf72afbb6d6c3e9439b7a3') in 13.1148659 seconds
Number of updated asset objects reloaded before import = 0Number of asset objects unloaded after import = 23

========================================================================
Received Import Request.
  Time since last request: 0.000092 seconds.
  path: Assets/EffectExamples/WeaponEffects/Materials/BulletDecalWood.mat
  artifactKey: Guid(39babc0a61c17df41bca722640cfc289) Importer(2089858483,b0f066a214c2f5e87bad3c948f4d605d)
Start importing Assets/EffectExamples/WeaponEffects/Materials/BulletDecalWood.mat using Guid(39babc0a61c17df41bca722640cfc289) Importer(2089858483,b0f066a214c2f5e87bad3c948f4d605d) (ScriptedImporter) -> (artifact id: '315802de2b90dd7f181f61bea977c38e') in 0.0231005 seconds
Number of updated asset objects reloaded before import = 0Number of asset objects unloaded after import = 4

========================================================================
Received Import Request.
  Time since last request: 0.000112 seconds.
  path: Assets/EffectExamples/FireExplosionEffects/Materials/FlameRoundYellowParticle.mat
  artifactKey: Guid(d7f098ed9997e714193be5e86df013f4) Importer(2089858483,b0f066a214c2f5e87bad3c948f4d605d)
Start importing Assets/EffectExamples/FireExplosionEffects/Materials/FlameRoundYellowParticle.mat using Guid(d7f098ed9997e714193be5e86df013f4) Importer(2089858483,b0f066a214c2f5e87bad3c948f4d605d) (ScriptedImporter) -> (artifact id: '2ef5c3812cfd58c90f75895e8faeb43e') in 0.0499923 seconds
Number of updated asset objects reloaded before import = 0Number of asset objects unloaded after import = 2

========================================================================
Received Import Request.
  Time since last request: 0.000063 seconds.
  path: Assets/EffectExamples/WeaponEffects/Prefabs/BulletImpactWoodEffect.prefab
  artifactKey: Guid(beb3acff7ab73944fb8f470f24d74ed3) Importer(815301076,1909f56bfc062723c751e8b465ee728b)
Start importing Assets/EffectExamples/WeaponEffects/Prefabs/BulletImpactWoodEffect.prefab using Guid(beb3acff7ab73944fb8f470f24d74ed3) Importer(815301076,1909f56bfc062723c751e8b465ee728b) (PreviewImporter) -> (artifact id: 'a003c2ee0e02ba050befd76a31c1d151') in 9.4808432 seconds
Number of updated asset objects reloaded before import = 0Number of asset objects unloaded after import = 24

========================================================================
Received Import Request.
  Time since last request: 0.000080 seconds.
  path: Assets/EffectExamples/WeaponEffects/Materials/WaterStreamParticle.mat
  artifactKey: Guid(8ea6ed53aae46fe4e83d154e73aed27e) Importer(2089858483,b0f066a214c2f5e87bad3c948f4d605d)
Start importing Assets/EffectExamples/WeaponEffects/Materials/WaterStreamParticle.mat using Guid(8ea6ed53aae46fe4e83d154e73aed27e) Importer(2089858483,b0f066a214c2f5e87bad3c948f4d605d) (ScriptedImporter) -> (artifact id: 'd195c2d7989e1dca94fd3a86ac937bcf') in 0.0104795 seconds
Number of updated asset objects reloaded before import = 0Number of asset objects unloaded after import = 3

========================================================================
Received Import Request.
  Time since last request: 0.000057 seconds.
  path: Assets/EffectExamples/Shared/Materials/WoodSurface.mat
  artifactKey: Guid(ce4b77858ec6c0f469b07b034c21a85f) Importer(2089858483,b0f066a214c2f5e87bad3c948f4d605d)
Start importing Assets/EffectExamples/Shared/Materials/WoodSurface.mat using Guid(ce4b77858ec6c0f469b07b034c21a85f) Importer(2089858483,b0f066a214c2f5e87bad3c948f4d605d) (ScriptedImporter) -> (artifact id: '84b593dce2b4ccfdf6c85f0eecfa3dc0') in 0.0215045 seconds
Number of updated asset objects reloaded before import = 0Number of asset objects unloaded after import = 4

========================================================================
Received Import Request.
  Time since last request: 0.000043 seconds.
  path: Assets/EffectExamples/Shared/Models/Materials/ShooterFPSWeapon.mat
  artifactKey: Guid(89dbeb4ba5551ae409a3bd5812b741c1) Importer(2089858483,b0f066a214c2f5e87bad3c948f4d605d)
Start importing Assets/EffectExamples/Shared/Models/Materials/ShooterFPSWeapon.mat using Guid(89dbeb4ba5551ae409a3bd5812b741c1) Importer(2089858483,b0f066a214c2f5e87bad3c948f4d605d) (ScriptedImporter) -> (artifact id: '980506024831becd1288caf4fd4f6e8a') in 0.0083859 seconds
Number of updated asset objects reloaded before import = 0Number of asset objects unloaded after import = 1

========================================================================
Received Import Request.
  Time since last request: 0.000046 seconds.
  path: Assets/EffectExamples/Shared/Materials/DarkDefault.mat
  artifactKey: Guid(2062b6d0a7a2d4f46b4689198aedadd9) Importer(2089858483,b0f066a214c2f5e87bad3c948f4d605d)
Start importing Assets/EffectExamples/Shared/Materials/DarkDefault.mat using Guid(2062b6d0a7a2d4f46b4689198aedadd9) Importer(2089858483,b0f066a214c2f5e87bad3c948f4d605d) (ScriptedImporter) -> (artifact id: '3821152581ff3e0052c53e7850e04a81') in 0.0086717 seconds
Number of updated asset objects reloaded before import = 0Number of asset objects unloaded after import = 1

========================================================================
Received Prepare
Begin MonoManager ReloadAssembly
[Licensing::Client] Successfully resolved entitlement details
ADTM: Control thread waiting for realtime thread timed out, have to lock...
Symbol file LoadedFromMemory is not a mono symbol file
- Loaded All Assemblies, in  2.824 seconds
Refreshing native plugins compatible for Editor in 1.52 ms, found 3 plugins.
Assertion failed on expression: 'pred(*previous, *i)'
Assertion failed on expression: 'pred(*previous, *i)'
Assertion failed on expression: 'pred(*previous, *i)'
Assertion failed on expression: 'pred(*previous, *i)'
Assertion failed on expression: 'pred(*previous, *i)'
Assertion failed on expression: 'pred(*previous, *i)'
Assertion failed on expression: 'pred(*previous, *i)'
Assertion failed on expression: 'pred(*previous, *i)'
Assertion failed on expression: 'pred(*previous, *i)'
Assertion failed on expression: 'pred(*previous, *i)'
Native extension for Android target not found
Native extension for WindowsStandalone target not found
[Package Manager] Failed to launch server process. Reason: Unity was launched with the -noUpm command-line argument
[Package Manager] Unable to send message (not connected to server process).
[Package Manager] Cannot connect to Unity Package Manager local server
[Package Manager] Failed to launch server process. Reason: Unity was launched with the -noUpm command-line argument
[Package Manager] Unable to send message (not connected to server process).
[Package Manager] Cannot connect to Unity Package Manager local server
ScheduleIndexationOnStartup MainProcess:False IndexOnStartup:True
Mono: successfully reloaded assembly
- Finished resetting the current domain, in  1.315 seconds
Domain Reload Profiling: 4145ms
	BeginReloadAssembly (1424ms)
		ExecutionOrderSort (0ms)
		DisableScriptedObjects (42ms)
		BackupInstance (0ms)
		ReleaseScriptingObjects (0ms)
		CreateAndSetChildDomain (1126ms)
	RebuildCommonClasses (63ms)
	RebuildNativeTypeToScriptingClass (22ms)
	initialDomainReloadingComplete (53ms)
	LoadAllAssembliesAndSetupDomain (1266ms)
		LoadAssemblies (1065ms)
		RebuildTransferFunctionScriptingTraits (0ms)
		AnalyzeDomain (380ms)
			TypeCache.Refresh (25ms)
				TypeCache.ScanAssembly (1ms)
			BuildScriptInfoCaches (332ms)
			ResolveRequiredComponents (18ms)
	FinalizeReload (1316ms)
		ReleaseScriptCaches (0ms)
		RebuildScriptCaches (0ms)
		SetupLoadedEditorAssemblies (1018ms)
			LogAssemblyErrors (0ms)
			InitializePlatformSupportModulesInManaged (10ms)
			SetLoadedEditorAssemblies (8ms)
			BeforeProcessingInitializeOnLoad (240ms)
			ProcessInitializeOnLoadAttributes (619ms)
			ProcessInitializeOnLoadMethodAttributes (134ms)
			AfterProcessingInitializeOnLoad (7ms)
			EditorAssembliesLoaded (1ms)
		ExecutionOrderSort2 (0ms)
		AwakeInstancesAfterBackupRestoration (35ms)
Shader 'Polygonmaker/Basic-PBR (Cutout Single Side)': fallback shader '-1' not found
Shader 'Polygonmaker/Skin': fallback shader '-1' not found
Refreshing native plugins compatible for Editor in 1.81 ms, found 3 plugins.
Preloading 0 native plugins for Editor in 0.00 ms.
Unloading 58 Unused Serialized files (Serialized files now loaded: 0)
Unloading 6871 unused Assets / (11.3 MB). Loaded Objects now: 7851.
Memory consumption went from 195.5 MB to 184.1 MB.
Total: 27.597100 ms (FindLiveObjects: 1.310800 ms CreateObjectMapping: 1.871100 ms MarkObjects: 10.423600 ms  DeleteObjects: 13.989700 ms)

Prepare: number of updated asset objects reloaded= 0
========================================================================
Received Prepare
Begin MonoManager ReloadAssembly
[Licensing::Client] Successfully resolved entitlement details
ADTM: Control thread waiting for realtime thread timed out, have to lock...
Symbol file LoadedFromMemory is not a mono symbol file
- Loaded All Assemblies, in  2.194 seconds
Refreshing native plugins compatible for Editor in 2.01 ms, found 3 plugins.
Assertion failed on expression: 'pred(*previous, *i)'
Assertion failed on expression: 'pred(*previous, *i)'
Assertion failed on expression: 'pred(*previous, *i)'
Assertion failed on expression: 'pred(*previous, *i)'
Assertion failed on expression: 'pred(*previous, *i)'
Assertion failed on expression: 'pred(*previous, *i)'
Assertion failed on expression: 'pred(*previous, *i)'
Assertion failed on expression: 'pred(*previous, *i)'
Assertion failed on expression: 'pred(*previous, *i)'
Assertion failed on expression: 'pred(*previous, *i)'
Native extension for Android target not found
Native extension for WindowsStandalone target not found
[Package Manager] Failed to launch server process. Reason: Unity was launched with the -noUpm command-line argument
[Package Manager] Unable to send message (not connected to server process).
[Package Manager] Cannot connect to Unity Package Manager local server
[Package Manager] Failed to launch server process. Reason: Unity was launched with the -noUpm command-line argument
[Package Manager] Unable to send message (not connected to server process).
[Package Manager] Cannot connect to Unity Package Manager local server
ScheduleIndexationOnStartup MainProcess:False IndexOnStartup:True
Mono: successfully reloaded assembly
- Finished resetting the current domain, in  1.727 seconds
Domain Reload Profiling: 3932ms
	BeginReloadAssembly (1310ms)
		ExecutionOrderSort (0ms)
		DisableScriptedObjects (9ms)
		BackupInstance (0ms)
		ReleaseScriptingObjects (0ms)
		CreateAndSetChildDomain (1088ms)
	RebuildCommonClasses (48ms)
	RebuildNativeTypeToScriptingClass (19ms)
	initialDomainReloadingComplete (38ms)
	LoadAllAssembliesAndSetupDomain (788ms)
		LoadAssemblies (547ms)
		RebuildTransferFunctionScriptingTraits (0ms)
		AnalyzeDomain (372ms)
			TypeCache.Refresh (11ms)
				TypeCache.ScanAssembly (0ms)
			BuildScriptInfoCaches (331ms)
			ResolveRequiredComponents (23ms)
	FinalizeReload (1729ms)
		ReleaseScriptCaches (0ms)
		RebuildScriptCaches (0ms)
		SetupLoadedEditorAssemblies (1296ms)
			LogAssemblyErrors (0ms)
			InitializePlatformSupportModulesInManaged (17ms)
			SetLoadedEditorAssemblies (9ms)
			BeforeProcessingInitializeOnLoad (356ms)
			ProcessInitializeOnLoadAttributes (721ms)
			ProcessInitializeOnLoadMethodAttributes (185ms)
			AfterProcessingInitializeOnLoad (8ms)
			EditorAssembliesLoaded (1ms)
		ExecutionOrderSort2 (0ms)
		AwakeInstancesAfterBackupRestoration (49ms)
Shader 'Polygonmaker/Basic-PBR (Cutout Single Side)': fallback shader '-1' not found
Shader 'Polygonmaker/Skin': fallback shader '-1' not found
Refreshing native plugins compatible for Editor in 3.08 ms, found 3 plugins.
Preloading 0 native plugins for Editor in 0.00 ms.
Unloading 56 Unused Serialized files (Serialized files now loaded: 0)
Unloading 6862 unused Assets / (11.2 MB). Loaded Objects now: 7854.
Memory consumption went from 194.8 MB to 183.7 MB.
Total: 29.132200 ms (FindLiveObjects: 1.435100 ms CreateObjectMapping: 3.742800 ms MarkObjects: 10.882900 ms  DeleteObjects: 13.069800 ms)

Prepare: number of updated asset objects reloaded= 0
========================================================================
Received Prepare
Begin MonoManager ReloadAssembly
ADTM: Control thread waiting for realtime thread timed out, have to lock...
Symbol file LoadedFromMemory is not a mono symbol file
- Loaded All Assemblies, in  2.150 seconds
Refreshing native plugins compatible for Editor in 2.37 ms, found 3 plugins.
Assertion failed on expression: 'pred(*previous, *i)'
Assertion failed on expression: 'pred(*previous, *i)'
Assertion failed on expression: 'pred(*previous, *i)'
Assertion failed on expression: 'pred(*previous, *i)'
Assertion failed on expression: 'pred(*previous, *i)'
Assertion failed on expression: 'pred(*previous, *i)'
Assertion failed on expression: 'pred(*previous, *i)'
Assertion failed on expression: 'pred(*previous, *i)'
Assertion failed on expression: 'pred(*previous, *i)'
Assertion failed on expression: 'pred(*previous, *i)'
Native extension for Android target not found
Native extension for WindowsStandalone target not found
[Package Manager] Failed to launch server process. Reason: Unity was launched with the -noUpm command-line argument
[Package Manager] Unable to send message (not connected to server process).
[Package Manager] Cannot connect to Unity Package Manager local server
[Package Manager] Failed to launch server process. Reason: Unity was launched with the -noUpm command-line argument
[Package Manager] Unable to send message (not connected to server process).
[Package Manager] Cannot connect to Unity Package Manager local server
ScheduleIndexationOnStartup MainProcess:False IndexOnStartup:True
Mono: successfully reloaded assembly
- Finished resetting the current domain, in  1.665 seconds
Domain Reload Profiling: 3822ms
	BeginReloadAssembly (1301ms)
		ExecutionOrderSort (0ms)
		DisableScriptedObjects (12ms)
		BackupInstance (0ms)
		ReleaseScriptingObjects (0ms)
		CreateAndSetChildDomain (1061ms)
	RebuildCommonClasses (46ms)
	RebuildNativeTypeToScriptingClass (21ms)
	initialDomainReloadingComplete (33ms)
	LoadAllAssembliesAndSetupDomain (756ms)
		LoadAssemblies (564ms)
		RebuildTransferFunctionScriptingTraits (0ms)
		AnalyzeDomain (334ms)
			TypeCache.Refresh (11ms)
				TypeCache.ScanAssembly (0ms)
			BuildScriptInfoCaches (296ms)
			ResolveRequiredComponents (20ms)
	FinalizeReload (1666ms)
		ReleaseScriptCaches (0ms)
		RebuildScriptCaches (0ms)
		SetupLoadedEditorAssemblies (1268ms)
			LogAssemblyErrors (0ms)
			InitializePlatformSupportModulesInManaged (18ms)
			SetLoadedEditorAssemblies (8ms)
			BeforeProcessingInitializeOnLoad (335ms)
			ProcessInitializeOnLoadAttributes (713ms)
			ProcessInitializeOnLoadMethodAttributes (185ms)
			AfterProcessingInitializeOnLoad (7ms)
			EditorAssembliesLoaded (1ms)
		ExecutionOrderSort2 (0ms)
		AwakeInstancesAfterBackupRestoration (43ms)
Shader 'Polygonmaker/Basic-PBR (Cutout Single Side)': fallback shader '-1' not found
Shader 'Polygonmaker/Skin': fallback shader '-1' not found
Refreshing native plugins compatible for Editor in 2.07 ms, found 3 plugins.
Preloading 0 native plugins for Editor in 0.00 ms.
Unloading 56 Unused Serialized files (Serialized files now loaded: 0)
Unloading 6862 unused Assets / (11.4 MB). Loaded Objects now: 7857.
Memory consumption went from 194.9 MB to 183.5 MB.
Total: 34.101700 ms (FindLiveObjects: 3.189600 ms CreateObjectMapping: 2.672000 ms MarkObjects: 10.957400 ms  DeleteObjects: 17.280000 ms)

Prepare: number of updated asset objects reloaded= 0
========================================================================
Received Prepare
Begin MonoManager ReloadAssembly
[Licensing::Client] Successfully resolved entitlement details
ADTM: Control thread waiting for realtime thread timed out, have to lock...
Symbol file LoadedFromMemory is not a mono symbol file
- Loaded All Assemblies, in  2.205 seconds
Refreshing native plugins compatible for Editor in 1.42 ms, found 3 plugins.
Assertion failed on expression: 'pred(*previous, *i)'
Assertion failed on expression: 'pred(*previous, *i)'
Assertion failed on expression: 'pred(*previous, *i)'
Assertion failed on expression: 'pred(*previous, *i)'
Assertion failed on expression: 'pred(*previous, *i)'
Assertion failed on expression: 'pred(*previous, *i)'
Assertion failed on expression: 'pred(*previous, *i)'
Assertion failed on expression: 'pred(*previous, *i)'
Assertion failed on expression: 'pred(*previous, *i)'
Assertion failed on expression: 'pred(*previous, *i)'
Native extension for Android target not found
Native extension for WindowsStandalone target not found
[Package Manager] Failed to launch server process. Reason: Unity was launched with the -noUpm command-line argument
[Package Manager] Unable to send message (not connected to server process).
[Package Manager] Cannot connect to Unity Package Manager local server
[Package Manager] Failed to launch server process. Reason: Unity was launched with the -noUpm command-line argument
[Package Manager] Unable to send message (not connected to server process).
[Package Manager] Cannot connect to Unity Package Manager local server
ScheduleIndexationOnStartup MainProcess:False IndexOnStartup:True
Mono: successfully reloaded assembly
- Finished resetting the current domain, in  1.679 seconds
Domain Reload Profiling: 3891ms
	BeginReloadAssembly (1305ms)
		ExecutionOrderSort (0ms)
		DisableScriptedObjects (10ms)
		BackupInstance (0ms)
		ReleaseScriptingObjects (0ms)
		CreateAndSetChildDomain (1083ms)
	RebuildCommonClasses (51ms)
	RebuildNativeTypeToScriptingClass (21ms)
	initialDomainReloadingComplete (32ms)
	LoadAllAssembliesAndSetupDomain (803ms)
		LoadAssemblies (543ms)
		RebuildTransferFunctionScriptingTraits (0ms)
		AnalyzeDomain (388ms)
			TypeCache.Refresh (11ms)
				TypeCache.ScanAssembly (0ms)
			BuildScriptInfoCaches (346ms)
			ResolveRequiredComponents (24ms)
	FinalizeReload (1680ms)
		ReleaseScriptCaches (0ms)
		RebuildScriptCaches (0ms)
		SetupLoadedEditorAssemblies (1273ms)
			LogAssemblyErrors (0ms)
			InitializePlatformSupportModulesInManaged (17ms)
			SetLoadedEditorAssemblies (11ms)
			BeforeProcessingInitializeOnLoad (330ms)
			ProcessInitializeOnLoadAttributes (725ms)
			ProcessInitializeOnLoadMethodAttributes (181ms)
			AfterProcessingInitializeOnLoad (9ms)
			EditorAssembliesLoaded (1ms)
		ExecutionOrderSort2 (0ms)
		AwakeInstancesAfterBackupRestoration (45ms)
Shader 'Polygonmaker/Basic-PBR (Cutout Single Side)': fallback shader '-1' not found
Shader 'Polygonmaker/Skin': fallback shader '-1' not found
Refreshing native plugins compatible for Editor in 1.56 ms, found 3 plugins.
Preloading 0 native plugins for Editor in 0.00 ms.
Unloading 56 Unused Serialized files (Serialized files now loaded: 0)
Unloading 6862 unused Assets / (13.2 MB). Loaded Objects now: 7860.
Memory consumption went from 194.8 MB to 181.6 MB.
Total: 35.305700 ms (FindLiveObjects: 2.546400 ms CreateObjectMapping: 2.585900 ms MarkObjects: 13.833200 ms  DeleteObjects: 16.338500 ms)

Prepare: number of updated asset objects reloaded= 0
========================================================================
Received Prepare
Begin MonoManager ReloadAssembly
[Licensing::Client] Successfully resolved entitlement details
ADTM: Control thread waiting for realtime thread timed out, have to lock...
Symbol file LoadedFromMemory is not a mono symbol file
- Loaded All Assemblies, in  2.062 seconds
Refreshing native plugins compatible for Editor in 1.71 ms, found 3 plugins.
Assertion failed on expression: 'pred(*previous, *i)'
Assertion failed on expression: 'pred(*previous, *i)'
Assertion failed on expression: 'pred(*previous, *i)'
Assertion failed on expression: 'pred(*previous, *i)'
Assertion failed on expression: 'pred(*previous, *i)'
Assertion failed on expression: 'pred(*previous, *i)'
Assertion failed on expression: 'pred(*previous, *i)'
Assertion failed on expression: 'pred(*previous, *i)'
Assertion failed on expression: 'pred(*previous, *i)'
Assertion failed on expression: 'pred(*previous, *i)'
Native extension for Android target not found
Native extension for WindowsStandalone target not found
[Package Manager] Failed to launch server process. Reason: Unity was launched with the -noUpm command-line argument
[Package Manager] Unable to send message (not connected to server process).
[Package Manager] Cannot connect to Unity Package Manager local server
[Package Manager] Failed to launch server process. Reason: Unity was launched with the -noUpm command-line argument
[Package Manager] Unable to send message (not connected to server process).
[Package Manager] Cannot connect to Unity Package Manager local server
ScheduleIndexationOnStartup MainProcess:False IndexOnStartup:True
Mono: successfully reloaded assembly
- Finished resetting the current domain, in  1.022 seconds
Domain Reload Profiling: 3087ms
	BeginReloadAssembly (1309ms)
		ExecutionOrderSort (0ms)
		DisableScriptedObjects (8ms)
		BackupInstance (0ms)
		ReleaseScriptingObjects (0ms)
		CreateAndSetChildDomain (1083ms)
	RebuildCommonClasses (49ms)
	RebuildNativeTypeToScriptingClass (25ms)
	initialDomainReloadingComplete (36ms)
	LoadAllAssembliesAndSetupDomain (646ms)
		LoadAssemblies (497ms)
		RebuildTransferFunctionScriptingTraits (0ms)
		AnalyzeDomain (282ms)
			TypeCache.Refresh (18ms)
				TypeCache.ScanAssembly (1ms)
			BuildScriptInfoCaches (245ms)
			ResolveRequiredComponents (14ms)
	FinalizeReload (1022ms)
		ReleaseScriptCaches (0ms)
		RebuildScriptCaches (0ms)
		SetupLoadedEditorAssemblies (795ms)
			LogAssemblyErrors (0ms)
			InitializePlatformSupportModulesInManaged (11ms)
			SetLoadedEditorAssemblies (6ms)
			BeforeProcessingInitializeOnLoad (194ms)
			ProcessInitializeOnLoadAttributes (464ms)
			ProcessInitializeOnLoadMethodAttributes (116ms)
			AfterProcessingInitializeOnLoad (4ms)
			EditorAssembliesLoaded (1ms)
		ExecutionOrderSort2 (0ms)
		AwakeInstancesAfterBackupRestoration (23ms)
Shader 'Polygonmaker/Skin': fallback shader '-1' not found
Shader 'Polygonmaker/Basic-PBR (Cutout Single Side)': fallback shader '-1' not found
Refreshing native plugins compatible for Editor in 1.25 ms, found 3 plugins.
Preloading 0 native plugins for Editor in 0.00 ms.
Unloading 56 Unused Serialized files (Serialized files now loaded: 0)
Unloading 6862 unused Assets / (11.2 MB). Loaded Objects now: 7863.
Memory consumption went from 195.0 MB to 183.8 MB.
Total: 19.590200 ms (FindLiveObjects: 1.006200 ms CreateObjectMapping: 1.298400 ms MarkObjects: 5.681500 ms  DeleteObjects: 11.603400 ms)

Prepare: number of updated asset objects reloaded= 0
========================================================================
Received Prepare
Begin MonoManager ReloadAssembly
ADTM: Control thread waiting for realtime thread timed out, have to lock...
Symbol file LoadedFromMemory is not a mono symbol file
- Loaded All Assemblies, in  2.301 seconds
Refreshing native plugins compatible for Editor in 1.74 ms, found 3 plugins.
Assertion failed on expression: 'pred(*previous, *i)'
Assertion failed on expression: 'pred(*previous, *i)'
Assertion failed on expression: 'pred(*previous, *i)'
Assertion failed on expression: 'pred(*previous, *i)'
Assertion failed on expression: 'pred(*previous, *i)'
Assertion failed on expression: 'pred(*previous, *i)'
Assertion failed on expression: 'pred(*previous, *i)'
Assertion failed on expression: 'pred(*previous, *i)'
Assertion failed on expression: 'pred(*previous, *i)'
Assertion failed on expression: 'pred(*previous, *i)'
Native extension for Android target not found
Native extension for WindowsStandalone target not found
[Package Manager] Failed to launch server process. Reason: Unity was launched with the -noUpm command-line argument
[Package Manager] Unable to send message (not connected to server process).
[Package Manager] Cannot connect to Unity Package Manager local server
[Package Manager] Failed to launch server process. Reason: Unity was launched with the -noUpm command-line argument
[Package Manager] Unable to send message (not connected to server process).
[Package Manager] Cannot connect to Unity Package Manager local server
ScheduleIndexationOnStartup MainProcess:False IndexOnStartup:True
Mono: successfully reloaded assembly
- Finished resetting the current domain, in  1.684 seconds
Domain Reload Profiling: 3996ms
	BeginReloadAssembly (1287ms)
		ExecutionOrderSort (0ms)
		DisableScriptedObjects (9ms)
		BackupInstance (0ms)
		ReleaseScriptingObjects (0ms)
		CreateAndSetChildDomain (1070ms)
	RebuildCommonClasses (57ms)
	RebuildNativeTypeToScriptingClass (26ms)
	initialDomainReloadingComplete (32ms)
	LoadAllAssembliesAndSetupDomain (909ms)
		LoadAssemblies (523ms)
		RebuildTransferFunctionScriptingTraits (0ms)
		AnalyzeDomain (501ms)
			TypeCache.Refresh (19ms)
				TypeCache.ScanAssembly (0ms)
			BuildScriptInfoCaches (449ms)
			ResolveRequiredComponents (24ms)
	FinalizeReload (1685ms)
		ReleaseScriptCaches (0ms)
		RebuildScriptCaches (0ms)
		SetupLoadedEditorAssemblies (1282ms)
			LogAssemblyErrors (0ms)
			InitializePlatformSupportModulesInManaged (18ms)
			SetLoadedEditorAssemblies (9ms)
			BeforeProcessingInitializeOnLoad (337ms)
			ProcessInitializeOnLoadAttributes (709ms)
			ProcessInitializeOnLoadMethodAttributes (201ms)
			AfterProcessingInitializeOnLoad (7ms)
			EditorAssembliesLoaded (1ms)
		ExecutionOrderSort2 (0ms)
		AwakeInstancesAfterBackupRestoration (45ms)
Shader 'Polygonmaker/Basic-PBR (Cutout Single Side)': fallback shader '-1' not found
Shader 'Polygonmaker/Skin': fallback shader '-1' not found
Refreshing native plugins compatible for Editor in 2.00 ms, found 3 plugins.
Preloading 0 native plugins for Editor in 0.00 ms.
Unloading 56 Unused Serialized files (Serialized files now loaded: 0)
Unloading 6862 unused Assets / (10.9 MB). Loaded Objects now: 7866.
Memory consumption went from 195.0 MB to 184.1 MB.
Total: 29.705400 ms (FindLiveObjects: 2.471100 ms CreateObjectMapping: 3.440800 ms MarkObjects: 12.188200 ms  DeleteObjects: 11.603300 ms)

Prepare: number of updated asset objects reloaded= 0
========================================================================
Received Import Request.
  Time since last request: 938.808371 seconds.
  path: Assets/EffectExamples/WeaponEffects/Prefabs/MuzzleFlashEffect.prefab
  artifactKey: Guid(9defeac88977c0d448aa4541073ee9e4) Importer(815301076,1909f56bfc062723c751e8b465ee728b)
Start importing Assets/EffectExamples/WeaponEffects/Prefabs/MuzzleFlashEffect.prefab using Guid(9defeac88977c0d448aa4541073ee9e4) Importer(815301076,1909f56bfc062723c751e8b465ee728b) (PreviewImporter) -> (artifact id: '07452db6a3b526b1257787ffc6ee6736') in 0.7918868 seconds
Number of updated asset objects reloaded before import = 0Number of asset objects unloaded after import = 13

========================================================================
Received Import Request.
  Time since last request: 0.000034 seconds.
  path: Assets/EffectExamples/WeaponEffects/Prefabs/RocketTrailEffect.prefab
  artifactKey: Guid(20c0f7e297297fc468f9740f6bb08cb1) Importer(815301076,1909f56bfc062723c751e8b465ee728b)
Start importing Assets/EffectExamples/WeaponEffects/Prefabs/RocketTrailEffect.prefab using Guid(20c0f7e297297fc468f9740f6bb08cb1) Importer(815301076,1909f56bfc062723c751e8b465ee728b) (PreviewImporter) -> (artifact id: '5cc80dddc1d0db85c55398cd4a7d9ce9') in 0.3795231 seconds
Number of updated asset objects reloaded before import = 0Number of asset objects unloaded after import = 31

========================================================================
Received Prepare
Begin MonoManager ReloadAssembly
[Licensing::Client] Successfully resolved entitlement details
ADTM: Control thread waiting for realtime thread timed out, have to lock...
Symbol file LoadedFromMemory is not a mono symbol file
- Loaded All Assemblies, in  2.225 seconds
Refreshing native plugins compatible for Editor in 2.16 ms, found 3 plugins.
Assertion failed on expression: 'pred(*previous, *i)'
Assertion failed on expression: 'pred(*previous, *i)'
Assertion failed on expression: 'pred(*previous, *i)'
Assertion failed on expression: 'pred(*previous, *i)'
Assertion failed on expression: 'pred(*previous, *i)'
Assertion failed on expression: 'pred(*previous, *i)'
Assertion failed on expression: 'pred(*previous, *i)'
Assertion failed on expression: 'pred(*previous, *i)'
Assertion failed on expression: 'pred(*previous, *i)'
Assertion failed on expression: 'pred(*previous, *i)'
Native extension for Android target not found
Native extension for WindowsStandalone target not found
[Package Manager] Failed to launch server process. Reason: Unity was launched with the -noUpm command-line argument
[Package Manager] Unable to send message (not connected to server process).
[Package Manager] Cannot connect to Unity Package Manager local server
[Package Manager] Failed to launch server process. Reason: Unity was launched with the -noUpm command-line argument
[Package Manager] Unable to send message (not connected to server process).
[Package Manager] Cannot connect to Unity Package Manager local server
ScheduleIndexationOnStartup MainProcess:False IndexOnStartup:True
Mono: successfully reloaded assembly
- Finished resetting the current domain, in  1.825 seconds
Domain Reload Profiling: 4058ms
	BeginReloadAssembly (1352ms)
		ExecutionOrderSort (0ms)
		DisableScriptedObjects (35ms)
		BackupInstance (0ms)
		ReleaseScriptingObjects (0ms)
		CreateAndSetChildDomain (1095ms)
	RebuildCommonClasses (60ms)
	RebuildNativeTypeToScriptingClass (19ms)
	initialDomainReloadingComplete (39ms)
	LoadAllAssembliesAndSetupDomain (761ms)
		LoadAssemblies (558ms)
		RebuildTransferFunctionScriptingTraits (0ms)
		AnalyzeDomain (345ms)
			TypeCache.Refresh (11ms)
				TypeCache.ScanAssembly (0ms)
			BuildScriptInfoCaches (305ms)
			ResolveRequiredComponents (23ms)
	FinalizeReload (1826ms)
		ReleaseScriptCaches (0ms)
		RebuildScriptCaches (0ms)
		SetupLoadedEditorAssemblies (1360ms)
			LogAssemblyErrors (0ms)
			InitializePlatformSupportModulesInManaged (29ms)
			SetLoadedEditorAssemblies (13ms)
			BeforeProcessingInitializeOnLoad (372ms)
			ProcessInitializeOnLoadAttributes (751ms)
			ProcessInitializeOnLoadMethodAttributes (187ms)
			AfterProcessingInitializeOnLoad (6ms)
			EditorAssembliesLoaded (2ms)
		ExecutionOrderSort2 (0ms)
		AwakeInstancesAfterBackupRestoration (39ms)
Shader 'Polygonmaker/Basic-PBR (Cutout Single Side)': fallback shader '-1' not found
Shader 'Polygonmaker/Skin': fallback shader '-1' not found
Refreshing native plugins compatible for Editor in 2.20 ms, found 3 plugins.
Preloading 0 native plugins for Editor in 0.00 ms.
Unloading 56 Unused Serialized files (Serialized files now loaded: 0)
Unloading 6865 unused Assets / (10.6 MB). Loaded Objects now: 7889.
Memory consumption went from 195.2 MB to 184.6 MB.
Total: 31.734600 ms (FindLiveObjects: 2.038500 ms CreateObjectMapping: 3.024000 ms MarkObjects: 13.463600 ms  DeleteObjects: 13.207300 ms)

Prepare: number of updated asset objects reloaded= 0
========================================================================
Received Prepare
Begin MonoManager ReloadAssembly
[Licensing::Client] Successfully resolved entitlement details
ADTM: Control thread waiting for realtime thread timed out, have to lock...
Symbol file LoadedFromMemory is not a mono symbol file
- Loaded All Assemblies, in  2.106 seconds
Refreshing native plugins compatible for Editor in 1.19 ms, found 3 plugins.
Assertion failed on expression: 'pred(*previous, *i)'
Assertion failed on expression: 'pred(*previous, *i)'
Assertion failed on expression: 'pred(*previous, *i)'
Assertion failed on expression: 'pred(*previous, *i)'
Assertion failed on expression: 'pred(*previous, *i)'
Assertion failed on expression: 'pred(*previous, *i)'
Assertion failed on expression: 'pred(*previous, *i)'
Assertion failed on expression: 'pred(*previous, *i)'
Assertion failed on expression: 'pred(*previous, *i)'
Assertion failed on expression: 'pred(*previous, *i)'
Native extension for Android target not found
Native extension for WindowsStandalone target not found
[Package Manager] Failed to launch server process. Reason: Unity was launched with the -noUpm command-line argument
[Package Manager] Unable to send message (not connected to server process).
[Package Manager] Cannot connect to Unity Package Manager local server
[Package Manager] Failed to launch server process. Reason: Unity was launched with the -noUpm command-line argument
[Package Manager] Unable to send message (not connected to server process).
[Package Manager] Cannot connect to Unity Package Manager local server
ScheduleIndexationOnStartup MainProcess:False IndexOnStartup:True
Mono: successfully reloaded assembly
- Finished resetting the current domain, in  0.957 seconds
Domain Reload Profiling: 3065ms
	BeginReloadAssembly (1304ms)
		ExecutionOrderSort (0ms)
		DisableScriptedObjects (9ms)
		BackupInstance (0ms)
		ReleaseScriptingObjects (0ms)
		CreateAndSetChildDomain (1078ms)
	RebuildCommonClasses (54ms)
	RebuildNativeTypeToScriptingClass (19ms)
	initialDomainReloadingComplete (36ms)
	LoadAllAssembliesAndSetupDomain (695ms)
		LoadAssemblies (543ms)
		RebuildTransferFunctionScriptingTraits (0ms)
		AnalyzeDomain (288ms)
			TypeCache.Refresh (14ms)
				TypeCache.ScanAssembly (1ms)
			BuildScriptInfoCaches (254ms)
			ResolveRequiredComponents (15ms)
	FinalizeReload (957ms)
		ReleaseScriptCaches (0ms)
		RebuildScriptCaches (0ms)
		SetupLoadedEditorAssemblies (720ms)
			LogAssemblyErrors (0ms)
			InitializePlatformSupportModulesInManaged (10ms)
			SetLoadedEditorAssemblies (6ms)
			BeforeProcessingInitializeOnLoad (188ms)
			ProcessInitializeOnLoadAttributes (409ms)
			ProcessInitializeOnLoadMethodAttributes (102ms)
			AfterProcessingInitializeOnLoad (4ms)
			EditorAssembliesLoaded (0ms)
		ExecutionOrderSort2 (0ms)
		AwakeInstancesAfterBackupRestoration (32ms)
Shader 'Polygonmaker/Basic-PBR (Cutout Single Side)': fallback shader '-1' not found
Shader 'Polygonmaker/Skin': fallback shader '-1' not found
Refreshing native plugins compatible for Editor in 1.44 ms, found 3 plugins.
Preloading 0 native plugins for Editor in 0.00 ms.
Unloading 56 Unused Serialized files (Serialized files now loaded: 0)
Unloading 6862 unused Assets / (10.7 MB). Loaded Objects now: 7892.
Memory consumption went from 195.1 MB to 184.4 MB.
Total: 14.478100 ms (FindLiveObjects: 1.340100 ms CreateObjectMapping: 1.503200 ms MarkObjects: 5.890800 ms  DeleteObjects: 5.743000 ms)

Prepare: number of updated asset objects reloaded= 0
========================================================================
Received Import Request.
  Time since last request: 616.790053 seconds.
  path: Assets/EffectExamples/WeaponEffects/Materials/BulletDecalWood.mat
  artifactKey: Guid(39babc0a61c17df41bca722640cfc289) Importer(815301076,1909f56bfc062723c751e8b465ee728b)
Start importing Assets/EffectExamples/WeaponEffects/Materials/BulletDecalWood.mat using Guid(39babc0a61c17df41bca722640cfc289) Importer(815301076,1909f56bfc062723c751e8b465ee728b) (PreviewImporter) -> (artifact id: '1049ab008228e587973bffa9fdf00e5c') in 0.7811381 seconds
Number of updated asset objects reloaded before import = 0Number of asset objects unloaded after import = 4

========================================================================
Received Import Request.
  Time since last request: 0.000048 seconds.
  path: Assets/EffectExamples/WeaponEffects/Materials/ShallCasing.mat
  artifactKey: Guid(713f8d12f5dbfb640b7a4874212c2c08) Importer(815301076,1909f56bfc062723c751e8b465ee728b)
Start importing Assets/EffectExamples/WeaponEffects/Materials/ShallCasing.mat using Guid(713f8d12f5dbfb640b7a4874212c2c08) Importer(815301076,1909f56bfc062723c751e8b465ee728b) (PreviewImporter) -> (artifact id: '5064fa6e30186baf1c028072636024d3') in 6.731918 seconds
Number of updated asset objects reloaded before import = 0Number of asset objects unloaded after import = 1

========================================================================
Received Import Request.
  Time since last request: 0.000051 seconds.
  path: Assets/EffectExamples/WeaponEffects/Materials/TinyStonesParticle.mat
  artifactKey: Guid(4ac7c4f70dacbc742a33d842cebc2157) Importer(815301076,1909f56bfc062723c751e8b465ee728b)
Start importing Assets/EffectExamples/WeaponEffects/Materials/TinyStonesParticle.mat using Guid(4ac7c4f70dacbc742a33d842cebc2157) Importer(815301076,1909f56bfc062723c751e8b465ee728b) (PreviewImporter) -> (artifact id: '27a05c96550291f202a3a50496e89802') in 0.0126304 seconds
Number of updated asset objects reloaded before import = 0Number of asset objects unloaded after import = 3

========================================================================
Received Prepare
Begin MonoManager ReloadAssembly
[Licensing::Client] Successfully resolved entitlement details
ADTM: Control thread waiting for realtime thread timed out, have to lock...
Symbol file LoadedFromMemory is not a mono symbol file
- Loaded All Assemblies, in  2.325 seconds
Refreshing native plugins compatible for Editor in 1.21 ms, found 3 plugins.
Assertion failed on expression: 'pred(*previous, *i)'
Assertion failed on expression: 'pred(*previous, *i)'
Assertion failed on expression: 'pred(*previous, *i)'
Assertion failed on expression: 'pred(*previous, *i)'
Assertion failed on expression: 'pred(*previous, *i)'
Assertion failed on expression: 'pred(*previous, *i)'
Assertion failed on expression: 'pred(*previous, *i)'
Assertion failed on expression: 'pred(*previous, *i)'
Assertion failed on expression: 'pred(*previous, *i)'
Assertion failed on expression: 'pred(*previous, *i)'
Native extension for Android target not found
Native extension for WindowsStandalone target not found
[Package Manager] Failed to launch server process. Reason: Unity was launched with the -noUpm command-line argument
[Package Manager] Unable to send message (not connected to server process).
[Package Manager] Cannot connect to Unity Package Manager local server
[Package Manager] Failed to launch server process. Reason: Unity was launched with the -noUpm command-line argument
[Package Manager] Unable to send message (not connected to server process).
[Package Manager] Cannot connect to Unity Package Manager local server
ScheduleIndexationOnStartup MainProcess:False IndexOnStartup:True
Mono: successfully reloaded assembly
- Finished resetting the current domain, in  0.963 seconds
Domain Reload Profiling: 3291ms
	BeginReloadAssembly (1404ms)
		ExecutionOrderSort (0ms)
		DisableScriptedObjects (35ms)
		BackupInstance (0ms)
		ReleaseScriptingObjects (0ms)
		CreateAndSetChildDomain (1114ms)
	RebuildCommonClasses (54ms)
	RebuildNativeTypeToScriptingClass (19ms)
	initialDomainReloadingComplete (45ms)
	LoadAllAssembliesAndSetupDomain (806ms)
		LoadAssemblies (680ms)
		RebuildTransferFunctionScriptingTraits (0ms)
		AnalyzeDomain (281ms)
			TypeCache.Refresh (13ms)
				TypeCache.ScanAssembly (1ms)
			BuildScriptInfoCaches (249ms)
			ResolveRequiredComponents (15ms)
	FinalizeReload (963ms)
		ReleaseScriptCaches (0ms)
		RebuildScriptCaches (0ms)
		SetupLoadedEditorAssemblies (730ms)
			LogAssemblyErrors (0ms)
			InitializePlatformSupportModulesInManaged (11ms)
			SetLoadedEditorAssemblies (6ms)
			BeforeProcessingInitializeOnLoad (202ms)
			ProcessInitializeOnLoadAttributes (408ms)
			ProcessInitializeOnLoadMethodAttributes (99ms)
			AfterProcessingInitializeOnLoad (4ms)
			EditorAssembliesLoaded (0ms)
		ExecutionOrderSort2 (0ms)
		AwakeInstancesAfterBackupRestoration (25ms)
Shader 'Polygonmaker/Basic-PBR (Cutout Single Side)': fallback shader '-1' not found
Shader 'Polygonmaker/Skin': fallback shader '-1' not found
Refreshing native plugins compatible for Editor in 1.27 ms, found 3 plugins.
Preloading 0 native plugins for Editor in 0.00 ms.
Unloading 56 Unused Serialized files (Serialized files now loaded: 0)
Unloading 6863 unused Assets / (10.6 MB). Loaded Objects now: 7915.
Memory consumption went from 195.3 MB to 184.7 MB.
Total: 13.369400 ms (FindLiveObjects: 0.977900 ms CreateObjectMapping: 1.481000 ms MarkObjects: 5.477900 ms  DeleteObjects: 5.431800 ms)

Prepare: number of updated asset objects reloaded= 0
========================================================================
Received Prepare
Begin MonoManager ReloadAssembly
[Licensing::Client] Successfully resolved entitlement details
ADTM: Control thread waiting for realtime thread timed out, have to lock...
Symbol file LoadedFromMemory is not a mono symbol file
- Loaded All Assemblies, in  2.247 seconds
Refreshing native plugins compatible for Editor in 2.33 ms, found 3 plugins.
Assertion failed on expression: 'pred(*previous, *i)'
Assertion failed on expression: 'pred(*previous, *i)'
Assertion failed on expression: 'pred(*previous, *i)'
Assertion failed on expression: 'pred(*previous, *i)'
Assertion failed on expression: 'pred(*previous, *i)'
Assertion failed on expression: 'pred(*previous, *i)'
Assertion failed on expression: 'pred(*previous, *i)'
Assertion failed on expression: 'pred(*previous, *i)'
Assertion failed on expression: 'pred(*previous, *i)'
Assertion failed on expression: 'pred(*previous, *i)'
Native extension for Android target not found
Native extension for WindowsStandalone target not found
[Package Manager] Failed to launch server process. Reason: Unity was launched with the -noUpm command-line argument
[Package Manager] Unable to send message (not connected to server process).
[Package Manager] Cannot connect to Unity Package Manager local server
[Package Manager] Failed to launch server process. Reason: Unity was launched with the -noUpm command-line argument
[Package Manager] Unable to send message (not connected to server process).
[Package Manager] Cannot connect to Unity Package Manager local server
ScheduleIndexationOnStartup MainProcess:False IndexOnStartup:True
Mono: successfully reloaded assembly
- Finished resetting the current domain, in  1.618 seconds
Domain Reload Profiling: 3875ms
	BeginReloadAssembly (1271ms)
		ExecutionOrderSort (0ms)
		DisableScriptedObjects (9ms)
		BackupInstance (0ms)
		ReleaseScriptingObjects (0ms)
		CreateAndSetChildDomain (1062ms)
	RebuildCommonClasses (49ms)
	RebuildNativeTypeToScriptingClass (19ms)
	initialDomainReloadingComplete (37ms)
	LoadAllAssembliesAndSetupDomain (880ms)
		LoadAssemblies (543ms)
		RebuildTransferFunctionScriptingTraits (0ms)
		AnalyzeDomain (457ms)
			TypeCache.Refresh (12ms)
				TypeCache.ScanAssembly (0ms)
			BuildScriptInfoCaches (414ms)
			ResolveRequiredComponents (26ms)
	FinalizeReload (1619ms)
		ReleaseScriptCaches (0ms)
		RebuildScriptCaches (0ms)
		SetupLoadedEditorAssemblies (1215ms)
			LogAssemblyErrors (0ms)
			InitializePlatformSupportModulesInManaged (17ms)
			SetLoadedEditorAssemblies (8ms)
			BeforeProcessingInitializeOnLoad (302ms)
			ProcessInitializeOnLoadAttributes (701ms)
			ProcessInitializeOnLoadMethodAttributes (180ms)
			AfterProcessingInitializeOnLoad (8ms)
			EditorAssembliesLoaded (0ms)
		ExecutionOrderSort2 (0ms)
		AwakeInstancesAfterBackupRestoration (46ms)
Shader 'Polygonmaker/Basic-PBR (Cutout Single Side)': fallback shader '-1' not found
Shader 'Polygonmaker/Skin': fallback shader '-1' not found
Refreshing native plugins compatible for Editor in 2.13 ms, found 3 plugins.
Preloading 0 native plugins for Editor in 0.00 ms.
Unloading 56 Unused Serialized files (Serialized files now loaded: 0)
Unloading 6862 unused Assets / (10.8 MB). Loaded Objects now: 7918.
Memory consumption went from 195.2 MB to 184.4 MB.
Total: 31.235300 ms (FindLiveObjects: 2.186500 ms CreateObjectMapping: 2.916900 ms MarkObjects: 14.310300 ms  DeleteObjects: 11.820300 ms)

Prepare: number of updated asset objects reloaded= 0
========================================================================
Received Prepare
Begin MonoManager ReloadAssembly
[Licensing::Client] Successfully resolved entitlement details
ADTM: Control thread waiting for realtime thread timed out, have to lock...
Symbol file LoadedFromMemory is not a mono symbol file
- Loaded All Assemblies, in  2.154 seconds
Refreshing native plugins compatible for Editor in 2.17 ms, found 3 plugins.
Assertion failed on expression: 'pred(*previous, *i)'
Assertion failed on expression: 'pred(*previous, *i)'
Assertion failed on expression: 'pred(*previous, *i)'
Assertion failed on expression: 'pred(*previous, *i)'
Assertion failed on expression: 'pred(*previous, *i)'
Assertion failed on expression: 'pred(*previous, *i)'
Assertion failed on expression: 'pred(*previous, *i)'
Assertion failed on expression: 'pred(*previous, *i)'
Assertion failed on expression: 'pred(*previous, *i)'
Assertion failed on expression: 'pred(*previous, *i)'
Native extension for Android target not found
Native extension for WindowsStandalone target not found
[Package Manager] Failed to launch server process. Reason: Unity was launched with the -noUpm command-line argument
[Package Manager] Unable to send message (not connected to server process).
[Package Manager] Cannot connect to Unity Package Manager local server
[Package Manager] Failed to launch server process. Reason: Unity was launched with the -noUpm command-line argument
[Package Manager] Unable to send message (not connected to server process).
[Package Manager] Cannot connect to Unity Package Manager local server
ScheduleIndexationOnStartup MainProcess:False IndexOnStartup:True
Mono: successfully reloaded assembly
- Finished resetting the current domain, in  1.643 seconds
Domain Reload Profiling: 3806ms
	BeginReloadAssembly (1289ms)
		ExecutionOrderSort (0ms)
		DisableScriptedObjects (8ms)
		BackupInstance (0ms)
		ReleaseScriptingObjects (0ms)
		CreateAndSetChildDomain (1068ms)
	RebuildCommonClasses (52ms)
	RebuildNativeTypeToScriptingClass (19ms)
	initialDomainReloadingComplete (39ms)
	LoadAllAssembliesAndSetupDomain (762ms)
		LoadAssemblies (542ms)
		RebuildTransferFunctionScriptingTraits (0ms)
		AnalyzeDomain (351ms)
			TypeCache.Refresh (12ms)
				TypeCache.ScanAssembly (0ms)
			BuildScriptInfoCaches (306ms)
			ResolveRequiredComponents (24ms)
	FinalizeReload (1644ms)
		ReleaseScriptCaches (0ms)
		RebuildScriptCaches (0ms)
		SetupLoadedEditorAssemblies (1235ms)
			LogAssemblyErrors (0ms)
			InitializePlatformSupportModulesInManaged (18ms)
			SetLoadedEditorAssemblies (9ms)
			BeforeProcessingInitializeOnLoad (335ms)
			ProcessInitializeOnLoadAttributes (688ms)
			ProcessInitializeOnLoadMethodAttributes (176ms)
			AfterProcessingInitializeOnLoad (8ms)
			EditorAssembliesLoaded (1ms)
		ExecutionOrderSort2 (0ms)
		AwakeInstancesAfterBackupRestoration (45ms)
Shader 'Polygonmaker/Basic-PBR (Cutout Single Side)': fallback shader '-1' not found
Shader 'Polygonmaker/Skin': fallback shader '-1' not found
Refreshing native plugins compatible for Editor in 3.65 ms, found 3 plugins.
Preloading 0 native plugins for Editor in 0.00 ms.
Unloading 56 Unused Serialized files (Serialized files now loaded: 0)
Unloading 6862 unused Assets / (10.9 MB). Loaded Objects now: 7921.
Memory consumption went from 195.3 MB to 184.4 MB.
Total: 31.129700 ms (FindLiveObjects: 1.674400 ms CreateObjectMapping: 3.336500 ms MarkObjects: 10.374700 ms  DeleteObjects: 15.742400 ms)

Prepare: number of updated asset objects reloaded= 0
========================================================================
Received Prepare
Begin MonoManager ReloadAssembly
[Licensing::Client] Successfully resolved entitlement details
ADTM: Control thread waiting for realtime thread timed out, have to lock...
Symbol file LoadedFromMemory is not a mono symbol file
- Loaded All Assemblies, in  2.130 seconds
Refreshing native plugins compatible for Editor in 1.38 ms, found 3 plugins.
Assertion failed on expression: 'pred(*previous, *i)'
Assertion failed on expression: 'pred(*previous, *i)'
Assertion failed on expression: 'pred(*previous, *i)'
Assertion failed on expression: 'pred(*previous, *i)'
Assertion failed on expression: 'pred(*previous, *i)'
Assertion failed on expression: 'pred(*previous, *i)'
Assertion failed on expression: 'pred(*previous, *i)'
Assertion failed on expression: 'pred(*previous, *i)'
Assertion failed on expression: 'pred(*previous, *i)'
Assertion failed on expression: 'pred(*previous, *i)'
Native extension for Android target not found
Native extension for WindowsStandalone target not found
[Package Manager] Failed to launch server process. Reason: Unity was launched with the -noUpm command-line argument
[Package Manager] Unable to send message (not connected to server process).
[Package Manager] Cannot connect to Unity Package Manager local server
[Package Manager] Failed to launch server process. Reason: Unity was launched with the -noUpm command-line argument
[Package Manager] Unable to send message (not connected to server process).
[Package Manager] Cannot connect to Unity Package Manager local server
ScheduleIndexationOnStartup MainProcess:False IndexOnStartup:True
Mono: successfully reloaded assembly
- Finished resetting the current domain, in  0.952 seconds
Domain Reload Profiling: 3084ms
	BeginReloadAssembly (1288ms)
		ExecutionOrderSort (0ms)
		DisableScriptedObjects (9ms)
		BackupInstance (0ms)
		ReleaseScriptingObjects (0ms)
		CreateAndSetChildDomain (1069ms)
	RebuildCommonClasses (47ms)
	RebuildNativeTypeToScriptingClass (19ms)
	initialDomainReloadingComplete (33ms)
	LoadAllAssembliesAndSetupDomain (744ms)
		LoadAssemblies (553ms)
		RebuildTransferFunctionScriptingTraits (0ms)
		AnalyzeDomain (325ms)
			TypeCache.Refresh (17ms)
				TypeCache.ScanAssembly (1ms)
			BuildScriptInfoCaches (290ms)
			ResolveRequiredComponents (14ms)
	FinalizeReload (952ms)
		ReleaseScriptCaches (0ms)
		RebuildScriptCaches (0ms)
		SetupLoadedEditorAssemblies (720ms)
			LogAssemblyErrors (0ms)
			InitializePlatformSupportModulesInManaged (10ms)
			SetLoadedEditorAssemblies (4ms)
			BeforeProcessingInitializeOnLoad (200ms)
			ProcessInitializeOnLoadAttributes (397ms)
			ProcessInitializeOnLoadMethodAttributes (105ms)
			AfterProcessingInitializeOnLoad (4ms)
			EditorAssembliesLoaded (0ms)
		ExecutionOrderSort2 (0ms)
		AwakeInstancesAfterBackupRestoration (23ms)
Shader 'Polygonmaker/Basic-PBR (Cutout Single Side)': fallback shader '-1' not found
Shader 'Polygonmaker/Skin': fallback shader '-1' not found
Refreshing native plugins compatible for Editor in 1.75 ms, found 3 plugins.
Preloading 0 native plugins for Editor in 0.00 ms.
Unloading 56 Unused Serialized files (Serialized files now loaded: 0)
Unloading 6862 unused Assets / (12.2 MB). Loaded Objects now: 7924.
Memory consumption went from 195.3 MB to 183.1 MB.
Total: 19.714500 ms (FindLiveObjects: 1.189800 ms CreateObjectMapping: 1.918400 ms MarkObjects: 6.528800 ms  DeleteObjects: 10.076400 ms)

Prepare: number of updated asset objects reloaded= 0
========================================================================
Received Prepare
Begin MonoManager ReloadAssembly
ADTM: Control thread waiting for realtime thread timed out, have to lock...
Symbol file LoadedFromMemory is not a mono symbol file
- Loaded All Assemblies, in  2.093 seconds
Refreshing native plugins compatible for Editor in 1.99 ms, found 3 plugins.
Assertion failed on expression: 'pred(*previous, *i)'
Assertion failed on expression: 'pred(*previous, *i)'
Assertion failed on expression: 'pred(*previous, *i)'
Assertion failed on expression: 'pred(*previous, *i)'
Assertion failed on expression: 'pred(*previous, *i)'
Assertion failed on expression: 'pred(*previous, *i)'
Assertion failed on expression: 'pred(*previous, *i)'
Assertion failed on expression: 'pred(*previous, *i)'
Assertion failed on expression: 'pred(*previous, *i)'
Assertion failed on expression: 'pred(*previous, *i)'
Native extension for Android target not found
Native extension for WindowsStandalone target not found
[Package Manager] Failed to launch server process. Reason: Unity was launched with the -noUpm command-line argument
[Package Manager] Unable to send message (not connected to server process).
[Package Manager] Cannot connect to Unity Package Manager local server
[Package Manager] Failed to launch server process. Reason: Unity was launched with the -noUpm command-line argument
[Package Manager] Unable to send message (not connected to server process).
[Package Manager] Cannot connect to Unity Package Manager local server
ScheduleIndexationOnStartup MainProcess:False IndexOnStartup:True
Mono: successfully reloaded assembly
- Finished resetting the current domain, in  1.693 seconds
Domain Reload Profiling: 3791ms
	BeginReloadAssembly (1288ms)
		ExecutionOrderSort (0ms)
		DisableScriptedObjects (13ms)
		BackupInstance (0ms)
		ReleaseScriptingObjects (0ms)
		CreateAndSetChildDomain (1067ms)
	RebuildCommonClasses (51ms)
	RebuildNativeTypeToScriptingClass (20ms)
	initialDomainReloadingComplete (44ms)
	LoadAllAssembliesAndSetupDomain (693ms)
		LoadAssemblies (510ms)
		RebuildTransferFunctionScriptingTraits (0ms)
		AnalyzeDomain (312ms)
			TypeCache.Refresh (15ms)
				TypeCache.ScanAssembly (0ms)
			BuildScriptInfoCaches (278ms)
			ResolveRequiredComponents (14ms)
	FinalizeReload (1694ms)
		ReleaseScriptCaches (0ms)
		RebuildScriptCaches (0ms)
		SetupLoadedEditorAssemblies (1281ms)
			LogAssemblyErrors (0ms)
			InitializePlatformSupportModulesInManaged (19ms)
			SetLoadedEditorAssemblies (8ms)
			BeforeProcessingInitializeOnLoad (349ms)
			ProcessInitializeOnLoadAttributes (715ms)
			ProcessInitializeOnLoadMethodAttributes (182ms)
			AfterProcessingInitializeOnLoad (7ms)
			EditorAssembliesLoaded (1ms)
		ExecutionOrderSort2 (0ms)
		AwakeInstancesAfterBackupRestoration (40ms)
Shader 'Polygonmaker/Basic-PBR (Cutout Single Side)': fallback shader '-1' not found
Shader 'Polygonmaker/Skin': fallback shader '-1' not found
Refreshing native plugins compatible for Editor in 4.09 ms, found 3 plugins.
Preloading 0 native plugins for Editor in 0.00 ms.
Unloading 56 Unused Serialized files (Serialized files now loaded: 0)
Unloading 6862 unused Assets / (10.6 MB). Loaded Objects now: 7927.
Memory consumption went from 195.4 MB to 184.8 MB.
Total: 30.503700 ms (FindLiveObjects: 1.490100 ms CreateObjectMapping: 4.176400 ms MarkObjects: 11.851000 ms  DeleteObjects: 12.984700 ms)

Prepare: number of updated asset objects reloaded= 0
========================================================================
Received Prepare
Begin MonoManager ReloadAssembly
[Licensing::Client] Successfully resolved entitlement details
ADTM: Control thread waiting for realtime thread timed out, have to lock...
Symbol file LoadedFromMemory is not a mono symbol file
- Loaded All Assemblies, in  2.268 seconds
Refreshing native plugins compatible for Editor in 3.49 ms, found 3 plugins.
Assertion failed on expression: 'pred(*previous, *i)'
Assertion failed on expression: 'pred(*previous, *i)'
Assertion failed on expression: 'pred(*previous, *i)'
Assertion failed on expression: 'pred(*previous, *i)'
Assertion failed on expression: 'pred(*previous, *i)'
Assertion failed on expression: 'pred(*previous, *i)'
Assertion failed on expression: 'pred(*previous, *i)'
Assertion failed on expression: 'pred(*previous, *i)'
Assertion failed on expression: 'pred(*previous, *i)'
Assertion failed on expression: 'pred(*previous, *i)'
Native extension for Android target not found
Native extension for WindowsStandalone target not found
[Package Manager] Failed to launch server process. Reason: Unity was launched with the -noUpm command-line argument
[Package Manager] Unable to send message (not connected to server process).
[Package Manager] Cannot connect to Unity Package Manager local server
[Package Manager] Failed to launch server process. Reason: Unity was launched with the -noUpm command-line argument
[Package Manager] Unable to send message (not connected to server process).
[Package Manager] Cannot connect to Unity Package Manager local server
ScheduleIndexationOnStartup MainProcess:False IndexOnStartup:True
Mono: successfully reloaded assembly
- Finished resetting the current domain, in  1.717 seconds
Domain Reload Profiling: 3994ms
	BeginReloadAssembly (1294ms)
		ExecutionOrderSort (0ms)
		DisableScriptedObjects (11ms)
		BackupInstance (0ms)
		ReleaseScriptingObjects (0ms)
		CreateAndSetChildDomain (1062ms)
	RebuildCommonClasses (53ms)
	RebuildNativeTypeToScriptingClass (21ms)
	initialDomainReloadingComplete (35ms)
	LoadAllAssembliesAndSetupDomain (872ms)
		LoadAssemblies (545ms)
		RebuildTransferFunctionScriptingTraits (0ms)
		AnalyzeDomain (455ms)
			TypeCache.Refresh (8ms)
				TypeCache.ScanAssembly (0ms)
			BuildScriptInfoCaches (403ms)
			ResolveRequiredComponents (32ms)
	FinalizeReload (1719ms)
		ReleaseScriptCaches (0ms)
		RebuildScriptCaches (0ms)
		SetupLoadedEditorAssemblies (1284ms)
			LogAssemblyErrors (0ms)
			InitializePlatformSupportModulesInManaged (21ms)
			SetLoadedEditorAssemblies (7ms)
			BeforeProcessingInitializeOnLoad (318ms)
			ProcessInitializeOnLoadAttributes (748ms)
			ProcessInitializeOnLoadMethodAttributes (181ms)
			AfterProcessingInitializeOnLoad (8ms)
			EditorAssembliesLoaded (1ms)
		ExecutionOrderSort2 (0ms)
		AwakeInstancesAfterBackupRestoration (43ms)
Shader 'Polygonmaker/Skin': fallback shader '-1' not found
Shader 'Polygonmaker/Basic-PBR (Cutout Single Side)': fallback shader '-1' not found
Refreshing native plugins compatible for Editor in 1.56 ms, found 3 plugins.
Preloading 0 native plugins for Editor in 0.00 ms.
Unloading 56 Unused Serialized files (Serialized files now loaded: 0)
Unloading 6862 unused Assets / (10.8 MB). Loaded Objects now: 7930.
Memory consumption went from 195.4 MB to 184.6 MB.
Total: 27.342300 ms (FindLiveObjects: 1.969800 ms CreateObjectMapping: 3.432200 ms MarkObjects: 11.546600 ms  DeleteObjects: 10.392000 ms)

Prepare: number of updated asset objects reloaded= 0
========================================================================
Received Prepare
Begin MonoManager ReloadAssembly
[Licensing::Client] Successfully resolved entitlement details
ADTM: Control thread waiting for realtime thread timed out, have to lock...
Symbol file LoadedFromMemory is not a mono symbol file
- Loaded All Assemblies, in  2.133 seconds
Refreshing native plugins compatible for Editor in 1.26 ms, found 3 plugins.
Assertion failed on expression: 'pred(*previous, *i)'
Assertion failed on expression: 'pred(*previous, *i)'
Assertion failed on expression: 'pred(*previous, *i)'
Assertion failed on expression: 'pred(*previous, *i)'
Assertion failed on expression: 'pred(*previous, *i)'
Assertion failed on expression: 'pred(*previous, *i)'
Assertion failed on expression: 'pred(*previous, *i)'
Assertion failed on expression: 'pred(*previous, *i)'
Assertion failed on expression: 'pred(*previous, *i)'
Assertion failed on expression: 'pred(*previous, *i)'
Assertion failed on expression: 'pred(*previous, *i)'
Assertion failed on expression: 'pred(*previous, *i)'
Assertion failed on expression: 'pred(*previous, *i)'
Native extension for Android target not found
Native extension for WindowsStandalone target not found
[Package Manager] Failed to launch server process. Reason: Unity was launched with the -noUpm command-line argument
[Package Manager] Unable to send message (not connected to server process).
[Package Manager] Cannot connect to Unity Package Manager local server
[Package Manager] Failed to launch server process. Reason: Unity was launched with the -noUpm command-line argument
[Package Manager] Unable to send message (not connected to server process).
[Package Manager] Cannot connect to Unity Package Manager local server
ScheduleIndexationOnStartup MainProcess:False IndexOnStartup:True
Mono: successfully reloaded assembly
- Finished resetting the current domain, in  0.924 seconds
Domain Reload Profiling: 3061ms
	BeginReloadAssembly (1279ms)
		ExecutionOrderSort (0ms)
		DisableScriptedObjects (8ms)
		BackupInstance (0ms)
		ReleaseScriptingObjects (0ms)
		CreateAndSetChildDomain (1072ms)
	RebuildCommonClasses (45ms)
	RebuildNativeTypeToScriptingClass (22ms)
	initialDomainReloadingComplete (45ms)
	LoadAllAssembliesAndSetupDomain (745ms)
		LoadAssemblies (538ms)
		RebuildTransferFunctionScriptingTraits (0ms)
		AnalyzeDomain (328ms)
			TypeCache.Refresh (14ms)
				TypeCache.ScanAssembly (1ms)
			BuildScriptInfoCaches (285ms)
			ResolveRequiredComponents (22ms)
	FinalizeReload (924ms)
		ReleaseScriptCaches (0ms)
		RebuildScriptCaches (0ms)
		SetupLoadedEditorAssemblies (695ms)
			LogAssemblyErrors (0ms)
			InitializePlatformSupportModulesInManaged (10ms)
			SetLoadedEditorAssemblies (5ms)
			BeforeProcessingInitializeOnLoad (185ms)
			ProcessInitializeOnLoadAttributes (392ms)
			ProcessInitializeOnLoadMethodAttributes (95ms)
			AfterProcessingInitializeOnLoad (7ms)
			EditorAssembliesLoaded (0ms)
		ExecutionOrderSort2 (0ms)
		AwakeInstancesAfterBackupRestoration (24ms)
Shader 'Polygonmaker/Basic-PBR (Cutout Single Side)': fallback shader '-1' not found
Shader 'Polygonmaker/Skin': fallback shader '-1' not found
Refreshing native plugins compatible for Editor in 1.38 ms, found 3 plugins.
Preloading 0 native plugins for Editor in 0.00 ms.
Unloading 56 Unused Serialized files (Serialized files now loaded: 0)
Unloading 6863 unused Assets / (11.2 MB). Loaded Objects now: 7934.
Memory consumption went from 195.5 MB to 184.3 MB.
Total: 17.689100 ms (FindLiveObjects: 1.106200 ms CreateObjectMapping: 1.700900 ms MarkObjects: 6.809300 ms  DeleteObjects: 8.071600 ms)

Prepare: number of updated asset objects reloaded= 0
========================================================================
Received Import Request.
  Time since last request: 3200.801556 seconds.
  path: Assets/EffectExamples/Shared/Prefabs/ParticlesLight.prefab
  artifactKey: Guid(fa35d75604d172d48b7a6b62a07c7dbf) Importer(2089858483,b0f066a214c2f5e87bad3c948f4d605d)
Start importing Assets/EffectExamples/Shared/Prefabs/ParticlesLight.prefab using Guid(fa35d75604d172d48b7a6b62a07c7dbf) Importer(2089858483,b0f066a214c2f5e87bad3c948f4d605d) (ScriptedImporter) -> (artifact id: '1892121092cc97f020462657df7447b0') in 0.3340976 seconds
Number of updated asset objects reloaded before import = 0Number of asset objects unloaded after import = 6

========================================================================
Received Import Request.
  Time since last request: 0.000029 seconds.
  path: Assets/EffectExamples/WeaponEffects/Materials/MuzzleFlashParticle.mat
  artifactKey: Guid(527027c8baf2f0540be3104a3ec38a99) Importer(2089858483,b0f066a214c2f5e87bad3c948f4d605d)
Start importing Assets/EffectExamples/WeaponEffects/Materials/MuzzleFlashParticle.mat using Guid(527027c8baf2f0540be3104a3ec38a99) Importer(2089858483,b0f066a214c2f5e87bad3c948f4d605d) (ScriptedImporter) -> (artifact id: '9cd36d789aa2112083c13c43fa2d109d') in 0.0165239 seconds
Number of updated asset objects reloaded before import = 0Number of asset objects unloaded after import = 2

========================================================================
Received Import Request.
  Time since last request: 0.000032 seconds.
  path: Assets/EffectExamples/WeaponEffects/Materials/TinyStonesParticle.mat
  artifactKey: Guid(4ac7c4f70dacbc742a33d842cebc2157) Importer(2089858483,b0f066a214c2f5e87bad3c948f4d605d)
Start importing Assets/EffectExamples/WeaponEffects/Materials/TinyStonesParticle.mat using Guid(4ac7c4f70dacbc742a33d842cebc2157) Importer(2089858483,b0f066a214c2f5e87bad3c948f4d605d) (ScriptedImporter) -> (artifact id: '3f462692044bcc75b0d9eb9fd7077cd7') in 0.0227958 seconds
Number of updated asset objects reloaded before import = 0Number of asset objects unloaded after import = 3

========================================================================
Received Prepare
Begin MonoManager ReloadAssembly
[Licensing::Client] Successfully resolved entitlement details
ADTM: Control thread waiting for realtime thread timed out, have to lock...
Symbol file LoadedFromMemory is not a mono symbol file
- Loaded All Assemblies, in  2.158 seconds
Refreshing native plugins compatible for Editor in 1.96 ms, found 3 plugins.
Assertion failed on expression: 'pred(*previous, *i)'
Assertion failed on expression: 'pred(*previous, *i)'
Assertion failed on expression: 'pred(*previous, *i)'
Assertion failed on expression: 'pred(*previous, *i)'
Assertion failed on expression: 'pred(*previous, *i)'
Assertion failed on expression: 'pred(*previous, *i)'
Assertion failed on expression: 'pred(*previous, *i)'
Assertion failed on expression: 'pred(*previous, *i)'
Assertion failed on expression: 'pred(*previous, *i)'
Assertion failed on expression: 'pred(*previous, *i)'
Assertion failed on expression: 'pred(*previous, *i)'
Assertion failed on expression: 'pred(*previous, *i)'
Assertion failed on expression: 'pred(*previous, *i)'
Native extension for Android target not found
Native extension for WindowsStandalone target not found
[Package Manager] Failed to launch server process. Reason: Unity was launched with the -noUpm command-line argument
[Package Manager] Unable to send message (not connected to server process).
[Package Manager] Cannot connect to Unity Package Manager local server
[Package Manager] Failed to launch server process. Reason: Unity was launched with the -noUpm command-line argument
[Package Manager] Unable to send message (not connected to server process).
[Package Manager] Cannot connect to Unity Package Manager local server
ScheduleIndexationOnStartup MainProcess:False IndexOnStartup:True
Mono: successfully reloaded assembly
- Finished resetting the current domain, in  1.055 seconds
Domain Reload Profiling: 3217ms
	BeginReloadAssembly (1340ms)
		ExecutionOrderSort (0ms)
		DisableScriptedObjects (9ms)
		BackupInstance (0ms)
		ReleaseScriptingObjects (0ms)
		CreateAndSetChildDomain (1103ms)
	RebuildCommonClasses (51ms)
	RebuildNativeTypeToScriptingClass (23ms)
	initialDomainReloadingComplete (37ms)
	LoadAllAssembliesAndSetupDomain (710ms)
		LoadAssemblies (571ms)
		RebuildTransferFunctionScriptingTraits (0ms)
		AnalyzeDomain (291ms)
			TypeCache.Refresh (15ms)
				TypeCache.ScanAssembly (1ms)
			BuildScriptInfoCaches (254ms)
			ResolveRequiredComponents (16ms)
	FinalizeReload (1056ms)
		ReleaseScriptCaches (0ms)
		RebuildScriptCaches (0ms)
		SetupLoadedEditorAssemblies (807ms)
			LogAssemblyErrors (0ms)
			InitializePlatformSupportModulesInManaged (11ms)
			SetLoadedEditorAssemblies (5ms)
			BeforeProcessingInitializeOnLoad (209ms)
			ProcessInitializeOnLoadAttributes (456ms)
			ProcessInitializeOnLoadMethodAttributes (122ms)
			AfterProcessingInitializeOnLoad (4ms)
			EditorAssembliesLoaded (0ms)
		ExecutionOrderSort2 (0ms)
		AwakeInstancesAfterBackupRestoration (26ms)
Shader 'Polygonmaker/Basic-PBR (Cutout Single Side)': fallback shader '-1' not found
Shader 'Polygonmaker/Skin': fallback shader '-1' not found
Refreshing native plugins compatible for Editor in 2.33 ms, found 3 plugins.
Preloading 0 native plugins for Editor in 0.00 ms.
Unloading 56 Unused Serialized files (Serialized files now loaded: 0)
Unloading 6864 unused Assets / (10.7 MB). Loaded Objects now: 7937.
Memory consumption went from 195.5 MB to 184.8 MB.
Total: 22.402900 ms (FindLiveObjects: 1.261300 ms CreateObjectMapping: 2.252000 ms MarkObjects: 9.599500 ms  DeleteObjects: 9.288800 ms)

Prepare: number of updated asset objects reloaded= 0
========================================================================
Received Prepare
Begin MonoManager ReloadAssembly
ADTM: Control thread waiting for realtime thread timed out, have to lock...
Symbol file LoadedFromMemory is not a mono symbol file
- Loaded All Assemblies, in  2.341 seconds
Refreshing native plugins compatible for Editor in 2.56 ms, found 3 plugins.
Assertion failed on expression: 'pred(*previous, *i)'
Assertion failed on expression: 'pred(*previous, *i)'
Assertion failed on expression: 'pred(*previous, *i)'
Assertion failed on expression: 'pred(*previous, *i)'
Assertion failed on expression: 'pred(*previous, *i)'
Assertion failed on expression: 'pred(*previous, *i)'
Assertion failed on expression: 'pred(*previous, *i)'
Assertion failed on expression: 'pred(*previous, *i)'
Assertion failed on expression: 'pred(*previous, *i)'
Assertion failed on expression: 'pred(*previous, *i)'
Assertion failed on expression: 'pred(*previous, *i)'
Assertion failed on expression: 'pred(*previous, *i)'
Assertion failed on expression: 'pred(*previous, *i)'
Native extension for Android target not found
Native extension for WindowsStandalone target not found
[Package Manager] Failed to launch server process. Reason: Unity was launched with the -noUpm command-line argument
[Package Manager] Unable to send message (not connected to server process).
[Package Manager] Cannot connect to Unity Package Manager local server
[Package Manager] Failed to launch server process. Reason: Unity was launched with the -noUpm command-line argument
[Package Manager] Unable to send message (not connected to server process).
[Package Manager] Cannot connect to Unity Package Manager local server
ScheduleIndexationOnStartup MainProcess:False IndexOnStartup:True
Mono: successfully reloaded assembly
- Finished resetting the current domain, in  1.963 seconds
Domain Reload Profiling: 4309ms
	BeginReloadAssembly (1294ms)
		ExecutionOrderSort (0ms)
		DisableScriptedObjects (10ms)
		BackupInstance (0ms)
		ReleaseScriptingObjects (0ms)
		CreateAndSetChildDomain (1080ms)
	RebuildCommonClasses (60ms)
	RebuildNativeTypeToScriptingClass (20ms)
	initialDomainReloadingComplete (34ms)
	LoadAllAssembliesAndSetupDomain (937ms)
		LoadAssemblies (657ms)
		RebuildTransferFunctionScriptingTraits (0ms)
		AnalyzeDomain (411ms)
			TypeCache.Refresh (21ms)
				TypeCache.ScanAssembly (0ms)
			BuildScriptInfoCaches (369ms)
			ResolveRequiredComponents (17ms)
	FinalizeReload (1964ms)
		ReleaseScriptCaches (0ms)
		RebuildScriptCaches (0ms)
		SetupLoadedEditorAssemblies (1479ms)
			LogAssemblyErrors (0ms)
			InitializePlatformSupportModulesInManaged (23ms)
			SetLoadedEditorAssemblies (8ms)
			BeforeProcessingInitializeOnLoad (383ms)
			ProcessInitializeOnLoadAttributes (854ms)
			ProcessInitializeOnLoadMethodAttributes (200ms)
			AfterProcessingInitializeOnLoad (10ms)
			EditorAssembliesLoaded (1ms)
		ExecutionOrderSort2 (0ms)
		AwakeInstancesAfterBackupRestoration (55ms)
Shader 'Polygonmaker/Basic-PBR (Cutout Single Side)': fallback shader '-1' not found
Shader 'Polygonmaker/Skin': fallback shader '-1' not found
Refreshing native plugins compatible for Editor in 1.97 ms, found 3 plugins.
Preloading 0 native plugins for Editor in 0.00 ms.
Unloading 56 Unused Serialized files (Serialized files now loaded: 0)
Unloading 6863 unused Assets / (11.0 MB). Loaded Objects now: 7940.
Memory consumption went from 195.6 MB to 184.6 MB.
Total: 26.599700 ms (FindLiveObjects: 1.857400 ms CreateObjectMapping: 2.091600 ms MarkObjects: 10.525100 ms  DeleteObjects: 12.124000 ms)

Prepare: number of updated asset objects reloaded= 0
========================================================================
Received Prepare
Begin MonoManager ReloadAssembly
[Licensing::Client] Successfully resolved entitlement details
ADTM: Control thread waiting for realtime thread timed out, have to lock...
Symbol file LoadedFromMemory is not a mono symbol file
- Loaded All Assemblies, in  2.130 seconds
Refreshing native plugins compatible for Editor in 1.28 ms, found 3 plugins.
Assertion failed on expression: 'pred(*previous, *i)'
Assertion failed on expression: 'pred(*previous, *i)'
Assertion failed on expression: 'pred(*previous, *i)'
Assertion failed on expression: 'pred(*previous, *i)'
Assertion failed on expression: 'pred(*previous, *i)'
Assertion failed on expression: 'pred(*previous, *i)'
Assertion failed on expression: 'pred(*previous, *i)'
Assertion failed on expression: 'pred(*previous, *i)'
Assertion failed on expression: 'pred(*previous, *i)'
Assertion failed on expression: 'pred(*previous, *i)'
Assertion failed on expression: 'pred(*previous, *i)'
Assertion failed on expression: 'pred(*previous, *i)'
Assertion failed on expression: 'pred(*previous, *i)'
Native extension for Android target not found
Native extension for WindowsStandalone target not found
[Package Manager] Failed to launch server process. Reason: Unity was launched with the -noUpm command-line argument
[Package Manager] Unable to send message (not connected to server process).
[Package Manager] Cannot connect to Unity Package Manager local server
[Package Manager] Failed to launch server process. Reason: Unity was launched with the -noUpm command-line argument
[Package Manager] Unable to send message (not connected to server process).
[Package Manager] Cannot connect to Unity Package Manager local server
ScheduleIndexationOnStartup MainProcess:False IndexOnStartup:True
Mono: successfully reloaded assembly
- Finished resetting the current domain, in  1.664 seconds
Domain Reload Profiling: 3798ms
	BeginReloadAssembly (1280ms)
		ExecutionOrderSort (0ms)
		DisableScriptedObjects (9ms)
		BackupInstance (0ms)
		ReleaseScriptingObjects (0ms)
		CreateAndSetChildDomain (1059ms)
	RebuildCommonClasses (60ms)
	RebuildNativeTypeToScriptingClass (20ms)
	initialDomainReloadingComplete (38ms)
	LoadAllAssembliesAndSetupDomain (735ms)
		LoadAssemblies (538ms)
		RebuildTransferFunctionScriptingTraits (0ms)
		AnalyzeDomain (334ms)
			TypeCache.Refresh (11ms)
				TypeCache.ScanAssembly (0ms)
			BuildScriptInfoCaches (305ms)
			ResolveRequiredComponents (14ms)
	FinalizeReload (1665ms)
		ReleaseScriptCaches (0ms)
		RebuildScriptCaches (0ms)
		SetupLoadedEditorAssemblies (1239ms)
			LogAssemblyErrors (0ms)
			InitializePlatformSupportModulesInManaged (19ms)
			SetLoadedEditorAssemblies (8ms)
			BeforeProcessingInitializeOnLoad (299ms)
			ProcessInitializeOnLoadAttributes (731ms)
			ProcessInitializeOnLoadMethodAttributes (173ms)
			AfterProcessingInitializeOnLoad (6ms)
			EditorAssembliesLoaded (1ms)
		ExecutionOrderSort2 (1ms)
		AwakeInstancesAfterBackupRestoration (48ms)
Shader 'Polygonmaker/Basic-PBR (Cutout Single Side)': fallback shader '-1' not found
Shader 'Polygonmaker/Skin': fallback shader '-1' not found
Refreshing native plugins compatible for Editor in 2.14 ms, found 3 plugins.
Preloading 0 native plugins for Editor in 0.00 ms.
Unloading 56 Unused Serialized files (Serialized files now loaded: 0)
Unloading 6863 unused Assets / (10.6 MB). Loaded Objects now: 7943.
Memory consumption went from 195.6 MB to 185.0 MB.
Total: 28.692500 ms (FindLiveObjects: 1.959700 ms CreateObjectMapping: 4.227100 ms MarkObjects: 10.422500 ms  DeleteObjects: 12.081600 ms)

Prepare: number of updated asset objects reloaded= 0
========================================================================
Received Prepare
Begin MonoManager ReloadAssembly
[Licensing::Client] Successfully resolved entitlement details
ADTM: Control thread waiting for realtime thread timed out, have to lock...
Symbol file LoadedFromMemory is not a mono symbol file
- Loaded All Assemblies, in  2.138 seconds
Refreshing native plugins compatible for Editor in 1.46 ms, found 3 plugins.
Assertion failed on expression: 'pred(*previous, *i)'
Assertion failed on expression: 'pred(*previous, *i)'
Assertion failed on expression: 'pred(*previous, *i)'
Assertion failed on expression: 'pred(*previous, *i)'
Assertion failed on expression: 'pred(*previous, *i)'
Assertion failed on expression: 'pred(*previous, *i)'
Assertion failed on expression: 'pred(*previous, *i)'
Assertion failed on expression: 'pred(*previous, *i)'
Assertion failed on expression: 'pred(*previous, *i)'
Assertion failed on expression: 'pred(*previous, *i)'
Assertion failed on expression: 'pred(*previous, *i)'
Assertion failed on expression: 'pred(*previous, *i)'
Assertion failed on expression: 'pred(*previous, *i)'
Native extension for Android target not found
Native extension for WindowsStandalone target not found
[Package Manager] Failed to launch server process. Reason: Unity was launched with the -noUpm command-line argument
[Package Manager] Unable to send message (not connected to server process).
[Package Manager] Cannot connect to Unity Package Manager local server
[Package Manager] Failed to launch server process. Reason: Unity was launched with the -noUpm command-line argument
[Package Manager] Unable to send message (not connected to server process).
[Package Manager] Cannot connect to Unity Package Manager local server
ScheduleIndexationOnStartup MainProcess:False IndexOnStartup:True
Mono: successfully reloaded assembly
- Finished resetting the current domain, in  1.572 seconds
Domain Reload Profiling: 3717ms
	BeginReloadAssembly (1304ms)
		ExecutionOrderSort (0ms)
		DisableScriptedObjects (9ms)
		BackupInstance (0ms)
		ReleaseScriptingObjects (0ms)
		CreateAndSetChildDomain (1069ms)
	RebuildCommonClasses (55ms)
	RebuildNativeTypeToScriptingClass (23ms)
	initialDomainReloadingComplete (39ms)
	LoadAllAssembliesAndSetupDomain (722ms)
		LoadAssemblies (521ms)
		RebuildTransferFunctionScriptingTraits (0ms)
		AnalyzeDomain (339ms)
			TypeCache.Refresh (11ms)
				TypeCache.ScanAssembly (0ms)
			BuildScriptInfoCaches (302ms)
			ResolveRequiredComponents (20ms)
	FinalizeReload (1573ms)
		ReleaseScriptCaches (0ms)
		RebuildScriptCaches (0ms)
		SetupLoadedEditorAssemblies (1194ms)
			LogAssemblyErrors (0ms)
			InitializePlatformSupportModulesInManaged (16ms)
			SetLoadedEditorAssemblies (8ms)
			BeforeProcessingInitializeOnLoad (324ms)
			ProcessInitializeOnLoadAttributes (677ms)
			ProcessInitializeOnLoadMethodAttributes (159ms)
			AfterProcessingInitializeOnLoad (8ms)
			EditorAssembliesLoaded (1ms)
		ExecutionOrderSort2 (0ms)
		AwakeInstancesAfterBackupRestoration (45ms)
Shader 'Polygonmaker/Basic-PBR (Cutout Single Side)': fallback shader '-1' not found
Shader 'Polygonmaker/Skin': fallback shader '-1' not found
Refreshing native plugins compatible for Editor in 3.55 ms, found 3 plugins.
Preloading 0 native plugins for Editor in 0.00 ms.
Unloading 56 Unused Serialized files (Serialized files now loaded: 0)
Unloading 6863 unused Assets / (11.3 MB). Loaded Objects now: 7946.
Memory consumption went from 195.6 MB to 184.3 MB.
Total: 25.746300 ms (FindLiveObjects: 1.433000 ms CreateObjectMapping: 2.122100 ms MarkObjects: 7.723000 ms  DeleteObjects: 14.466900 ms)

Prepare: number of updated asset objects reloaded= 0
========================================================================
Received Prepare
Begin MonoManager ReloadAssembly
[Licensing::Client] Successfully resolved entitlement details
ADTM: Control thread waiting for realtime thread timed out, have to lock...
Symbol file LoadedFromMemory is not a mono symbol file
- Loaded All Assemblies, in  2.108 seconds
Refreshing native plugins compatible for Editor in 1.41 ms, found 3 plugins.
Assertion failed on expression: 'pred(*previous, *i)'
Assertion failed on expression: 'pred(*previous, *i)'
Assertion failed on expression: 'pred(*previous, *i)'
Assertion failed on expression: 'pred(*previous, *i)'
Assertion failed on expression: 'pred(*previous, *i)'
Assertion failed on expression: 'pred(*previous, *i)'
Assertion failed on expression: 'pred(*previous, *i)'
Assertion failed on expression: 'pred(*previous, *i)'
Assertion failed on expression: 'pred(*previous, *i)'
Assertion failed on expression: 'pred(*previous, *i)'
Assertion failed on expression: 'pred(*previous, *i)'
Assertion failed on expression: 'pred(*previous, *i)'
Assertion failed on expression: 'pred(*previous, *i)'
Native extension for Android target not found
Native extension for WindowsStandalone target not found
[Package Manager] Failed to launch server process. Reason: Unity was launched with the -noUpm command-line argument
[Package Manager] Unable to send message (not connected to server process).
[Package Manager] Cannot connect to Unity Package Manager local server
[Package Manager] Failed to launch server process. Reason: Unity was launched with the -noUpm command-line argument
[Package Manager] Unable to send message (not connected to server process).
[Package Manager] Cannot connect to Unity Package Manager local server
ScheduleIndexationOnStartup MainProcess:False IndexOnStartup:True
Mono: successfully reloaded assembly
- Finished resetting the current domain, in  1.076 seconds
Domain Reload Profiling: 3188ms
	BeginReloadAssembly (1298ms)
		ExecutionOrderSort (0ms)
		DisableScriptedObjects (9ms)
		BackupInstance (0ms)
		ReleaseScriptingObjects (0ms)
		CreateAndSetChildDomain (1088ms)
	RebuildCommonClasses (50ms)
	RebuildNativeTypeToScriptingClass (19ms)
	initialDomainReloadingComplete (39ms)
	LoadAllAssembliesAndSetupDomain (705ms)
		LoadAssemblies (521ms)
		RebuildTransferFunctionScriptingTraits (0ms)
		AnalyzeDomain (312ms)
			TypeCache.Refresh (22ms)
				TypeCache.ScanAssembly (1ms)
			BuildScriptInfoCaches (270ms)
			ResolveRequiredComponents (15ms)
	FinalizeReload (1076ms)
		ReleaseScriptCaches (0ms)
		RebuildScriptCaches (0ms)
		SetupLoadedEditorAssemblies (809ms)
			LogAssemblyErrors (0ms)
			InitializePlatformSupportModulesInManaged (15ms)
			SetLoadedEditorAssemblies (6ms)
			BeforeProcessingInitializeOnLoad (230ms)
			ProcessInitializeOnLoadAttributes (453ms)
			ProcessInitializeOnLoadMethodAttributes (100ms)
			AfterProcessingInitializeOnLoad (4ms)
			EditorAssembliesLoaded (0ms)
		ExecutionOrderSort2 (0ms)
		AwakeInstancesAfterBackupRestoration (24ms)
Shader 'Polygonmaker/Basic-PBR (Cutout Single Side)': fallback shader '-1' not found
Shader 'Polygonmaker/Skin': fallback shader '-1' not found
Refreshing native plugins compatible for Editor in 1.54 ms, found 3 plugins.
Preloading 0 native plugins for Editor in 0.00 ms.
Unloading 56 Unused Serialized files (Serialized files now loaded: 0)
Unloading 6863 unused Assets / (11.5 MB). Loaded Objects now: 7949.
Memory consumption went from 195.7 MB to 184.3 MB.
Total: 25.873000 ms (FindLiveObjects: 1.216600 ms CreateObjectMapping: 2.801200 ms MarkObjects: 8.256400 ms  DeleteObjects: 13.597500 ms)

Prepare: number of updated asset objects reloaded= 0
========================================================================
Received Prepare
Begin MonoManager ReloadAssembly
ADTM: Control thread waiting for realtime thread timed out, have to lock...
Symbol file LoadedFromMemory is not a mono symbol file
- Loaded All Assemblies, in  2.135 seconds
Refreshing native plugins compatible for Editor in 2.26 ms, found 3 plugins.
Assertion failed on expression: 'pred(*previous, *i)'
Assertion failed on expression: 'pred(*previous, *i)'
Assertion failed on expression: 'pred(*previous, *i)'
Assertion failed on expression: 'pred(*previous, *i)'
Assertion failed on expression: 'pred(*previous, *i)'
Assertion failed on expression: 'pred(*previous, *i)'
Assertion failed on expression: 'pred(*previous, *i)'
Assertion failed on expression: 'pred(*previous, *i)'
Assertion failed on expression: 'pred(*previous, *i)'
Assertion failed on expression: 'pred(*previous, *i)'
Assertion failed on expression: 'pred(*previous, *i)'
Assertion failed on expression: 'pred(*previous, *i)'
Assertion failed on expression: 'pred(*previous, *i)'
Native extension for Android target not found
Native extension for WindowsStandalone target not found
[Package Manager] Failed to launch server process. Reason: Unity was launched with the -noUpm command-line argument
[Package Manager] Unable to send message (not connected to server process).
[Package Manager] Cannot connect to Unity Package Manager local server
[Package Manager] Failed to launch server process. Reason: Unity was launched with the -noUpm command-line argument
[Package Manager] Unable to send message (not connected to server process).
[Package Manager] Cannot connect to Unity Package Manager local server
ScheduleIndexationOnStartup MainProcess:False IndexOnStartup:True
Mono: successfully reloaded assembly
- Finished resetting the current domain, in  1.661 seconds
Domain Reload Profiling: 3804ms
	BeginReloadAssembly (1289ms)
		ExecutionOrderSort (0ms)
		DisableScriptedObjects (9ms)
		BackupInstance (0ms)
		ReleaseScriptingObjects (0ms)
		CreateAndSetChildDomain (1073ms)
	RebuildCommonClasses (52ms)
	RebuildNativeTypeToScriptingClass (19ms)
	initialDomainReloadingComplete (32ms)
	LoadAllAssembliesAndSetupDomain (751ms)
		LoadAssemblies (517ms)
		RebuildTransferFunctionScriptingTraits (0ms)
		AnalyzeDomain (358ms)
			TypeCache.Refresh (11ms)
				TypeCache.ScanAssembly (0ms)
			BuildScriptInfoCaches (316ms)
			ResolveRequiredComponents (24ms)
	FinalizeReload (1662ms)
		ReleaseScriptCaches (0ms)
		RebuildScriptCaches (0ms)
		SetupLoadedEditorAssemblies (1254ms)
			LogAssemblyErrors (0ms)
			InitializePlatformSupportModulesInManaged (17ms)
			SetLoadedEditorAssemblies (9ms)
			BeforeProcessingInitializeOnLoad (326ms)
			ProcessInitializeOnLoadAttributes (707ms)
			ProcessInitializeOnLoadMethodAttributes (187ms)
			AfterProcessingInitializeOnLoad (5ms)
			EditorAssembliesLoaded (1ms)
		ExecutionOrderSort2 (0ms)
		AwakeInstancesAfterBackupRestoration (43ms)
Shader 'Polygonmaker/Basic-PBR (Cutout Single Side)': fallback shader '-1' not found
Shader 'Polygonmaker/Skin': fallback shader '-1' not found
Refreshing native plugins compatible for Editor in 2.00 ms, found 3 plugins.
Preloading 0 native plugins for Editor in 0.00 ms.
Unloading 56 Unused Serialized files (Serialized files now loaded: 0)
Unloading 6863 unused Assets / (10.2 MB). Loaded Objects now: 7952.
Memory consumption went from 195.8 MB to 185.5 MB.
Total: 29.395200 ms (FindLiveObjects: 1.920800 ms CreateObjectMapping: 4.062500 ms MarkObjects: 9.202200 ms  DeleteObjects: 14.208200 ms)

Prepare: number of updated asset objects reloaded= 0
========================================================================
Received Prepare
Begin MonoManager ReloadAssembly
[Licensing::Client] Successfully resolved entitlement details
ADTM: Control thread waiting for realtime thread timed out, have to lock...
Symbol file LoadedFromMemory is not a mono symbol file
- Loaded All Assemblies, in  2.166 seconds
Refreshing native plugins compatible for Editor in 4.65 ms, found 3 plugins.
Assertion failed on expression: 'pred(*previous, *i)'
Assertion failed on expression: 'pred(*previous, *i)'
Assertion failed on expression: 'pred(*previous, *i)'
Assertion failed on expression: 'pred(*previous, *i)'
Assertion failed on expression: 'pred(*previous, *i)'
Assertion failed on expression: 'pred(*previous, *i)'
Assertion failed on expression: 'pred(*previous, *i)'
Assertion failed on expression: 'pred(*previous, *i)'
Assertion failed on expression: 'pred(*previous, *i)'
Assertion failed on expression: 'pred(*previous, *i)'
Assertion failed on expression: 'pred(*previous, *i)'
Assertion failed on expression: 'pred(*previous, *i)'
Assertion failed on expression: 'pred(*previous, *i)'
Native extension for Android target not found
Native extension for WindowsStandalone target not found
[Package Manager] Failed to launch server process. Reason: Unity was launched with the -noUpm command-line argument
[Package Manager] Unable to send message (not connected to server process).
[Package Manager] Cannot connect to Unity Package Manager local server
[Package Manager] Failed to launch server process. Reason: Unity was launched with the -noUpm command-line argument
[Package Manager] Unable to send message (not connected to server process).
[Package Manager] Cannot connect to Unity Package Manager local server
ScheduleIndexationOnStartup MainProcess:False IndexOnStartup:True
Mono: successfully reloaded assembly
- Finished resetting the current domain, in  1.684 seconds
Domain Reload Profiling: 3853ms
	BeginReloadAssembly (1315ms)
		ExecutionOrderSort (0ms)
		DisableScriptedObjects (10ms)
		BackupInstance (0ms)
		ReleaseScriptingObjects (0ms)
		CreateAndSetChildDomain (1081ms)
	RebuildCommonClasses (58ms)
	RebuildNativeTypeToScriptingClass (19ms)
	initialDomainReloadingComplete (41ms)
	LoadAllAssembliesAndSetupDomain (736ms)
		LoadAssemblies (569ms)
		RebuildTransferFunctionScriptingTraits (0ms)
		AnalyzeDomain (312ms)
			TypeCache.Refresh (13ms)
				TypeCache.ScanAssembly (0ms)
			BuildScriptInfoCaches (281ms)
			ResolveRequiredComponents (14ms)
	FinalizeReload (1684ms)
		ReleaseScriptCaches (0ms)
		RebuildScriptCaches (0ms)
		SetupLoadedEditorAssemblies (1267ms)
			LogAssemblyErrors (0ms)
			InitializePlatformSupportModulesInManaged (17ms)
			SetLoadedEditorAssemblies (8ms)
			BeforeProcessingInitializeOnLoad (333ms)
			ProcessInitializeOnLoadAttributes (718ms)
			ProcessInitializeOnLoadMethodAttributes (184ms)
			AfterProcessingInitializeOnLoad (7ms)
			EditorAssembliesLoaded (0ms)
		ExecutionOrderSort2 (0ms)
		AwakeInstancesAfterBackupRestoration (48ms)
Shader 'Polygonmaker/Basic-PBR (Cutout Single Side)': fallback shader '-1' not found
Shader 'Polygonmaker/Skin': fallback shader '-1' not found
Refreshing native plugins compatible for Editor in 3.04 ms, found 3 plugins.
Preloading 0 native plugins for Editor in 0.00 ms.
Unloading 56 Unused Serialized files (Serialized files now loaded: 0)
Unloading 6863 unused Assets / (10.7 MB). Loaded Objects now: 7955.
Memory consumption went from 195.8 MB to 185.1 MB.
Total: 31.732800 ms (FindLiveObjects: 1.388800 ms CreateObjectMapping: 3.979700 ms MarkObjects: 13.120300 ms  DeleteObjects: 13.242100 ms)

Prepare: number of updated asset objects reloaded= 0
========================================================================
Received Prepare
Begin MonoManager ReloadAssembly
[Licensing::Client] Successfully resolved entitlement details
ADTM: Control thread waiting for realtime thread timed out, have to lock...
Symbol file LoadedFromMemory is not a mono symbol file
- Loaded All Assemblies, in  2.331 seconds
Refreshing native plugins compatible for Editor in 2.77 ms, found 3 plugins.
Assertion failed on expression: 'pred(*previous, *i)'
Assertion failed on expression: 'pred(*previous, *i)'
Assertion failed on expression: 'pred(*previous, *i)'
Assertion failed on expression: 'pred(*previous, *i)'
Assertion failed on expression: 'pred(*previous, *i)'
Assertion failed on expression: 'pred(*previous, *i)'
Assertion failed on expression: 'pred(*previous, *i)'
Assertion failed on expression: 'pred(*previous, *i)'
Assertion failed on expression: 'pred(*previous, *i)'
Assertion failed on expression: 'pred(*previous, *i)'
Assertion failed on expression: 'pred(*previous, *i)'
Assertion failed on expression: 'pred(*previous, *i)'
Assertion failed on expression: 'pred(*previous, *i)'
Native extension for Android target not found
Native extension for WindowsStandalone target not found
[Package Manager] Failed to launch server process. Reason: Unity was launched with the -noUpm command-line argument
[Package Manager] Unable to send message (not connected to server process).
[Package Manager] Cannot connect to Unity Package Manager local server
[Package Manager] Failed to launch server process. Reason: Unity was launched with the -noUpm command-line argument
[Package Manager] Unable to send message (not connected to server process).
[Package Manager] Cannot connect to Unity Package Manager local server
ScheduleIndexationOnStartup MainProcess:False IndexOnStartup:True
Mono: successfully reloaded assembly
- Finished resetting the current domain, in  1.832 seconds
Domain Reload Profiling: 4166ms
	BeginReloadAssembly (1400ms)
		ExecutionOrderSort (0ms)
		DisableScriptedObjects (10ms)
		BackupInstance (0ms)
		ReleaseScriptingObjects (0ms)
		CreateAndSetChildDomain (1080ms)
	RebuildCommonClasses (88ms)
	RebuildNativeTypeToScriptingClass (20ms)
	initialDomainReloadingComplete (46ms)
	LoadAllAssembliesAndSetupDomain (780ms)
		LoadAssemblies (579ms)
		RebuildTransferFunctionScriptingTraits (0ms)
		AnalyzeDomain (362ms)
			TypeCache.Refresh (15ms)
				TypeCache.ScanAssembly (0ms)
			BuildScriptInfoCaches (315ms)
			ResolveRequiredComponents (24ms)
	FinalizeReload (1833ms)
		ReleaseScriptCaches (0ms)
		RebuildScriptCaches (0ms)
		SetupLoadedEditorAssemblies (1385ms)
			LogAssemblyErrors (0ms)
			InitializePlatformSupportModulesInManaged (18ms)
			SetLoadedEditorAssemblies (9ms)
			BeforeProcessingInitializeOnLoad (401ms)
			ProcessInitializeOnLoadAttributes (743ms)
			ProcessInitializeOnLoadMethodAttributes (204ms)
			AfterProcessingInitializeOnLoad (8ms)
			EditorAssembliesLoaded (1ms)
		ExecutionOrderSort2 (0ms)
		AwakeInstancesAfterBackupRestoration (50ms)
Shader 'Polygonmaker/Basic-PBR (Cutout Single Side)': fallback shader '-1' not found
Shader 'Polygonmaker/Skin': fallback shader '-1' not found
Refreshing native plugins compatible for Editor in 2.17 ms, found 3 plugins.
Preloading 0 native plugins for Editor in 0.00 ms.
Unloading 56 Unused Serialized files (Serialized files now loaded: 0)
Unloading 6863 unused Assets / (11.2 MB). Loaded Objects now: 7958.
Memory consumption went from 195.9 MB to 184.7 MB.
Total: 31.426600 ms (FindLiveObjects: 2.814300 ms CreateObjectMapping: 3.108100 ms MarkObjects: 11.920500 ms  DeleteObjects: 13.582500 ms)

Prepare: number of updated asset objects reloaded= 0
========================================================================
Received Prepare
Begin MonoManager ReloadAssembly
[Licensing::Client] Successfully resolved entitlement details
ADTM: Control thread waiting for realtime thread timed out, have to lock...
Symbol file LoadedFromMemory is not a mono symbol file
- Loaded All Assemblies, in  2.726 seconds
Refreshing native plugins compatible for Editor in 2.71 ms, found 3 plugins.
Assertion failed on expression: 'pred(*previous, *i)'
Assertion failed on expression: 'pred(*previous, *i)'
Assertion failed on expression: 'pred(*previous, *i)'
Assertion failed on expression: 'pred(*previous, *i)'
Assertion failed on expression: 'pred(*previous, *i)'
Assertion failed on expression: 'pred(*previous, *i)'
Assertion failed on expression: 'pred(*previous, *i)'
Assertion failed on expression: 'pred(*previous, *i)'
Assertion failed on expression: 'pred(*previous, *i)'
Assertion failed on expression: 'pred(*previous, *i)'
Assertion failed on expression: 'pred(*previous, *i)'
Assertion failed on expression: 'pred(*previous, *i)'
Assertion failed on expression: 'pred(*previous, *i)'
Native extension for Android target not found
Native extension for WindowsStandalone target not found
[Package Manager] Failed to launch server process. Reason: Unity was launched with the -noUpm command-line argument
[Package Manager] Unable to send message (not connected to server process).
[Package Manager] Cannot connect to Unity Package Manager local server
[Package Manager] Failed to launch server process. Reason: Unity was launched with the -noUpm command-line argument
[Package Manager] Unable to send message (not connected to server process).
[Package Manager] Cannot connect to Unity Package Manager local server
ScheduleIndexationOnStartup MainProcess:False IndexOnStartup:True
Mono: successfully reloaded assembly
- Finished resetting the current domain, in  2.028 seconds
Domain Reload Profiling: 4764ms
	BeginReloadAssembly (1385ms)
		ExecutionOrderSort (0ms)
		DisableScriptedObjects (15ms)
		BackupInstance (0ms)
		ReleaseScriptingObjects (0ms)
		CreateAndSetChildDomain (1081ms)
	RebuildCommonClasses (61ms)
	RebuildNativeTypeToScriptingClass (24ms)
	initialDomainReloadingComplete (44ms)
	LoadAllAssembliesAndSetupDomain (1222ms)
		LoadAssemblies (755ms)
		RebuildTransferFunctionScriptingTraits (0ms)
		AnalyzeDomain (640ms)
			TypeCache.Refresh (18ms)
				TypeCache.ScanAssembly (0ms)
			BuildScriptInfoCaches (579ms)
			ResolveRequiredComponents (33ms)
	FinalizeReload (2029ms)
		ReleaseScriptCaches (0ms)
		RebuildScriptCaches (0ms)
		SetupLoadedEditorAssemblies (1552ms)
			LogAssemblyErrors (0ms)
			InitializePlatformSupportModulesInManaged (19ms)
			SetLoadedEditorAssemblies (10ms)
			BeforeProcessingInitializeOnLoad (397ms)
			ProcessInitializeOnLoadAttributes (902ms)
			ProcessInitializeOnLoadMethodAttributes (215ms)
			AfterProcessingInitializeOnLoad (9ms)
			EditorAssembliesLoaded (1ms)
		ExecutionOrderSort2 (0ms)
		AwakeInstancesAfterBackupRestoration (59ms)
Shader 'Polygonmaker/Skin': fallback shader '-1' not found
Shader 'Polygonmaker/Basic-PBR (Cutout Single Side)': fallback shader '-1' not found
Refreshing native plugins compatible for Editor in 4.49 ms, found 3 plugins.
Preloading 0 native plugins for Editor in 0.00 ms.
Unloading 56 Unused Serialized files (Serialized files now loaded: 0)
Unloading 6863 unused Assets / (10.7 MB). Loaded Objects now: 7961.
Memory consumption went from 195.9 MB to 185.2 MB.
Total: 40.391000 ms (FindLiveObjects: 1.437400 ms CreateObjectMapping: 5.676900 ms MarkObjects: 15.251600 ms  DeleteObjects: 18.022800 ms)

Prepare: number of updated asset objects reloaded= 0
