[Licensing::Module] Trying to connect to existing licensing client channel...
Built from '6000.3/staging' branch; Version is '6000.3.12f1 (fca03ac9b0d5) revision 16556090'; Using compiler version '194234433'; Build Type 'Release'
[Licensing::IpcConnector] Successfully connected to: "LicenseClient-User" at "2026-05-25T14:18:20.5925112Z"
OS: 'Windows 10  (10.0.19045) 64bit Core' Language: 'en' Physical Memory: 16339 MB
BatchMode: 1, IsHumanControllingUs: 0, StartBugReporterOnCrash: 0, Is64bit: 1
System  architecture: x64
Process architecture: x64
Date: 2026-05-25T14:18:20Z

COMMAND LINE ARGUMENTS:
D:\Unity\Unity Hub\Editor\6000.3.12f1\Editor\Unity.exe
-adb2
-batchMode
-noUpm
-name
AssetImportWorker1
-projectPath
D:/UNhub/VR game/TDM/TDM
-logFile
Logs/AssetImportWorker1.log
-srvPort
50891
-job-worker-count
3
-background-job-worker-count
8
-gc-helper-count
1
-name
AssetImport
Successfully changed project path to: D:/UNhub/VR game/TDM/TDM
D:/UNhub/VR game/TDM/TDM
[UnityMemory] Configuration Parameters - Can be set up in boot.config
    "memorysetup-temp-allocator-size-nav-mesh-worker=65536"
    "memorysetup-temp-allocator-size-audio-worker=65536"
    "memorysetup-temp-allocator-size-gfx=262144"
    "memorysetup-allocator-temp-initial-block-size-main=262144"
    "memorysetup-allocator-temp-initial-block-size-worker=262144"
    "memorysetup-temp-allocator-size-background-worker=32768"
    "memorysetup-temp-allocator-size-job-worker=262144"
    "memorysetup-temp-allocator-size-preload-manager=33554432"
    "memorysetup-temp-allocator-size-gi-baking-worker=262144"
    "memorysetup-temp-allocator-size-gi-baking-worker=262144"
    "memorysetup-temp-allocator-size-gi-baking-worker=262144"
    "memorysetup-temp-allocator-size-gi-baking-worker=262144"
    "memorysetup-temp-allocator-size-gi-baking-worker=262144"
    "memorysetup-bucket-allocator-granularity=16"
    "memorysetup-bucket-allocator-bucket-count=8"
    "memorysetup-bucket-allocator-block-size=33554432"
    "memorysetup-bucket-allocator-block-count=8"
    "memorysetup-main-allocator-block-size=16777216"
    "memorysetup-thread-allocator-block-size=16777216"
    "memorysetup-gfx-main-allocator-block-size=16777216"
    "memorysetup-gfx-thread-allocator-block-size=16777216"
    "memorysetup-cache-allocator-block-size=4194304"
    "memorysetup-typetree-allocator-block-size=2097152"
    "memorysetup-profiler-bucket-allocator-granularity=16"
    "memorysetup-profiler-bucket-allocator-bucket-count=8"
    "memorysetup-profiler-bucket-allocator-block-size=33554432"
    "memorysetup-profiler-bucket-allocator-block-count=8"
    "memorysetup-profiler-allocator-block-size=16777216"
    "memorysetup-profiler-editor-allocator-block-size=1048576"
    "memorysetup-temp-allocator-size-main=16777216"
    "memorysetup-job-temp-allocator-block-size=2097152"
    "memorysetup-job-temp-allocator-block-size-background=1048576"
    "memorysetup-job-temp-allocator-reduction-small-platforms=262144"
    "memorysetup-temp-allocator-size-cloud-worker=32768"
Player connection [2652]  Target information:

Player connection [2652]  * "[IP] 192.168.1.9 [Port] 0 [Flags] 2 [Guid] 2289315448 [EditorId] 2289315448 [Version] 1048832 [Id] WindowsEditor(7,DESKTOP-EQH4NV0) [Debug] 1 [PackageName] WindowsEditor [ProjectName] Editor" 

Player connection [2652] Host joined multi-casting on [225.0.0.222:54997]...
Player connection [2652] Host joined alternative multi-casting on [225.0.0.222:34997]...
JobSystem: Creating JobQueue using job-worker-count value 3
Input System module state changed to: Initialized.
[Physics::Module] Initialized fallback backend.
[Physics::Module] Id: 0xdecafbad
Library Redirect Path: Library/
[Physics::Module] Selected backend.
[Physics::Module] Name: PhysX
[Physics::Module] Id: 0xf2b8ea05
[Physics::Module] SDK Version: 4.1.2
[Physics::Module] Integration Version: 1.0.0
[Physics::Module] Threading Mode: Multi-Threaded
Refreshing native plugins compatible for Editor in 4.61 ms, found 3 plugins.
Preloading 0 native plugins for Editor in 0.00 ms.
Initialize engine version: 6000.3.12f1 (fca03ac9b0d5)
[Subsystems] Discovering subsystems at path D:/Unity/Unity Hub/Editor/6000.3.12f1/Editor/Data/Resources/UnitySubsystems
[Subsystems] Discovering subsystems at path D:/UNhub/VR game/TDM/TDM/Assets
GfxDevice: creating device client; kGfxThreadingModeNonThreaded
Direct3D:
    Version:  Direct3D 11.0 [level 11.1]
    Renderer: NVIDIA GeForce GTX 1070 (ID=0x1b81)
    Vendor:   NVIDIA
    VRAM:     8067 MB
    Driver:   32.0.15.8157
Initialize mono
Mono path[0] = 'D:/Unity/Unity Hub/Editor/6000.3.12f1/Editor/Data/Managed'
Mono path[1] = 'D:/Unity/Unity Hub/Editor/6000.3.12f1/Editor/Data/MonoBleedingEdge/lib/mono/unityjit-win32'
Mono config path = 'D:/Unity/Unity Hub/Editor/6000.3.12f1/Editor/Data/MonoBleedingEdge/etc'
Using monoOptions --debugger-agent=transport=dt_socket,embedding=1,server=y,suspend=n,address=127.0.0.1:56624
Begin MonoManager ReloadAssembly
Registering precompiled unity dll's ...
Register platform support module: D:/Unity/Unity Hub/Editor/6000.3.12f1/Editor/Data/PlaybackEngines/WindowsStandaloneSupport/UnityEditor.WindowsStandalone.Extensions.dll
[Licensing::Module] Licensing is not yet initialized.
[Licensing::Client] Error: HandshakeResponse reported an error:
	ResponseCode: 505
	ResponseStatus: Unsupported protocol version '1.18.1'.
[Licensing::Module] Error: Failed to handshake to channel: "LicenseClient-User"
[Licensing::IpcConnector] LicenseClient-User channel disconnected successfully.
[Licensing::IpcConnector] Successfully connected to: "LicenseClient-User-6000.3.12" at "2026-05-25T14:18:26.716875Z"
[Licensing::Client] Handshaking with LicensingClient:
  Version:                 1.18.1+9fbee8e
  Session Id:              0844a368641548b8ada348a1493ad1c5
  Correlation Id:          092e302a32404eaf1f6156c708589184
  External correlation Id: 8550101141701442725
  Machine Id:              B26MIHeHbUICW1unGgyxjxIIfOo=
[Licensing::Module] Successfully connected to LicensingClient on channel: "LicenseClient-User-6000.3.12" (connect: 0.00s, validation: 0.00s, handshake: 6.14s)
[Licensing::IpcConnector] Successfully connected to: "LicenseClient-User-6000.3.12-notifications" at "2026-05-25T14:18:32.8571966Z"
[Licensing::Module] Licensing Background thread has ended after 12.27s
[Licensing::Module] Licensing is initialized (took 9.92s).
[Licensing::Client] Successfully resolved entitlement details
[Licensing::Module] License group:
  Id: 18968316713825-UnityPersXXXX
  Product: Unity Personal
  Type: Assigned
  Expiration: Unlimited
Register platform support module: D:/Unity/Unity Hub/Editor/6000.3.12f1/Editor/Data/PlaybackEngines/AndroidPlayer/UnityEditor.Android.Extensions.dll
Registered in 9.932381 seconds.
- Loaded All Assemblies, in 10.637 seconds
Native extension for Android target not found
Native extension for WindowsStandalone target not found
Package Manager log level set to [2]
[Package Manager] Failed to launch server process. Reason: Unity was launched with the -noUpm command-line argument
[Package Manager] Unable to send message (not connected to server process).
[Package Manager] Cannot connect to Unity Package Manager local server
ScheduleIndexationOnStartup MainProcess:False IndexOnStartup:True
Mono: successfully reloaded assembly
- Finished resetting the current domain, in  1.040 seconds
Domain Reload Profiling: 11677ms
	BeginReloadAssembly (195ms)
		ExecutionOrderSort (0ms)
		DisableScriptedObjects (0ms)
		BackupInstance (0ms)
		ReleaseScriptingObjects (0ms)
		CreateAndSetChildDomain (1ms)
	RebuildCommonClasses (49ms)
	RebuildNativeTypeToScriptingClass (18ms)
	initialDomainReloadingComplete (9996ms)
	LoadAllAssembliesAndSetupDomain (377ms)
		LoadAssemblies (196ms)
		RebuildTransferFunctionScriptingTraits (0ms)
		AnalyzeDomain (371ms)
			TypeCache.Refresh (368ms)
				TypeCache.ScanAssembly (338ms)
			BuildScriptInfoCaches (0ms)
			ResolveRequiredComponents (1ms)
	FinalizeReload (1041ms)
		ReleaseScriptCaches (0ms)
		RebuildScriptCaches (0ms)
		SetupLoadedEditorAssemblies (941ms)
			LogAssemblyErrors (0ms)
			InitializePlatformSupportModulesInManaged (96ms)
			SetLoadedEditorAssemblies (5ms)
			BeforeProcessingInitializeOnLoad (150ms)
			ProcessInitializeOnLoadAttributes (317ms)
			ProcessInitializeOnLoadMethodAttributes (372ms)
			AfterProcessingInitializeOnLoad (0ms)
			EditorAssembliesLoaded (0ms)
		ExecutionOrderSort2 (0ms)
		AwakeInstancesAfterBackupRestoration (0ms)
========================================================================
Worker process is ready to serve import requests
Import Worker Mode flag is 0x00
Begin MonoManager ReloadAssembly
[Licensing::Client] Successfully resolved entitlement details
- Loaded All Assemblies, in  2.248 seconds
Refreshing native plugins compatible for Editor in 1.28 ms, found 3 plugins.
Native extension for Android target not found
Native extension for WindowsStandalone target not found
[Package Manager] Failed to launch server process. Reason: Unity was launched with the -noUpm command-line argument
[Package Manager] Unable to send message (not connected to server process).
[Package Manager] Cannot connect to Unity Package Manager local server
[Package Manager] Failed to launch server process. Reason: Unity was launched with the -noUpm command-line argument
[Package Manager] Unable to send message (not connected to server process).
[Package Manager] Cannot connect to Unity Package Manager local server
ScheduleIndexationOnStartup MainProcess:False IndexOnStartup:True
Mono: successfully reloaded assembly
- Finished resetting the current domain, in  1.568 seconds
Domain Reload Profiling: 3813ms
	BeginReloadAssembly (478ms)
		ExecutionOrderSort (0ms)
		DisableScriptedObjects (17ms)
		BackupInstance (0ms)
		ReleaseScriptingObjects (0ms)
		CreateAndSetChildDomain (86ms)
	RebuildCommonClasses (84ms)
	RebuildNativeTypeToScriptingClass (30ms)
	initialDomainReloadingComplete (79ms)
	LoadAllAssembliesAndSetupDomain (1573ms)
		LoadAssemblies (902ms)
		RebuildTransferFunctionScriptingTraits (0ms)
		AnalyzeDomain (926ms)
			TypeCache.Refresh (762ms)
				TypeCache.ScanAssembly (708ms)
			BuildScriptInfoCaches (135ms)
			ResolveRequiredComponents (21ms)
	FinalizeReload (1569ms)
		ReleaseScriptCaches (0ms)
		RebuildScriptCaches (0ms)
		SetupLoadedEditorAssemblies (1133ms)
			LogAssemblyErrors (0ms)
			InitializePlatformSupportModulesInManaged (17ms)
			SetLoadedEditorAssemblies (9ms)
			BeforeProcessingInitializeOnLoad (286ms)
			ProcessInitializeOnLoadAttributes (664ms)
			ProcessInitializeOnLoadMethodAttributes (152ms)
			AfterProcessingInitializeOnLoad (4ms)
			EditorAssembliesLoaded (0ms)
		ExecutionOrderSort2 (0ms)
		AwakeInstancesAfterBackupRestoration (13ms)
Launched and connected shader compiler UnityShaderCompiler.exe after 0.02 seconds
Refreshing native plugins compatible for Editor in 1.20 ms, found 3 plugins.
Preloading 0 native plugins for Editor in 0.00 ms.
Unloading 16 Unused Serialized files (Serialized files now loaded: 0)
Unloading 6187 unused Assets / (4.9 MB). Loaded Objects now: 6984.
Memory consumption went from 141.5 MB to 136.7 MB.
Total: 28.517100 ms (FindLiveObjects: 2.210700 ms CreateObjectMapping: 4.204400 ms MarkObjects: 13.707900 ms  DeleteObjects: 8.390400 ms)

========================================================================
Received Import Request.
  Time since last request: 2714.459210 seconds.
  path: Assets/InputSystem_Actions.inputactions
  artifactKey: Guid(052faaac586de48259a63d0c4782560b) Importer(815301076,1909f56bfc062723c751e8b465ee728b)
Start importing Assets/InputSystem_Actions.inputactions using Guid(052faaac586de48259a63d0c4782560b) Importer(815301076,1909f56bfc062723c751e8b465ee728b) (PreviewImporter) -> (artifact id: '01930f40487c8621e82f37946cdc2c76') in 0.0584158 seconds
Number of updated asset objects reloaded before import = 0Number of asset objects unloaded after import = 20

========================================================================
Received Import Request.
  Time since last request: 4.788513 seconds.
  path: Assets/Readme.asset
  artifactKey: Guid(8105016687592461f977c054a80ce2f2) Importer(2089858483,b0f066a214c2f5e87bad3c948f4d605d)
Start importing Assets/Readme.asset using Guid(8105016687592461f977c054a80ce2f2) Importer(2089858483,b0f066a214c2f5e87bad3c948f4d605d) (ScriptedImporter) -> (artifact id: 'f6907254734b9b8fdbd25b5d3636c4be') in 0.2760215 seconds
Number of updated asset objects reloaded before import = 0Number of asset objects unloaded after import = 2

========================================================================
Received Import Request.
  Time since last request: 0.000053 seconds.
  path: Assets/Settings/DefaultVolumeProfile.asset
  artifactKey: Guid(ab09877e2e707104187f6f83e2f62510) Importer(2089858483,b0f066a214c2f5e87bad3c948f4d605d)
Start importing Assets/Settings/DefaultVolumeProfile.asset using Guid(ab09877e2e707104187f6f83e2f62510) Importer(2089858483,b0f066a214c2f5e87bad3c948f4d605d) (ScriptedImporter) -> (artifact id: '6614c9aeb8ff8e82df01f0afb7f591c8') in 0.0131885 seconds
Number of updated asset objects reloaded before import = 0Number of asset objects unloaded after import = 0

========================================================================
Received Import Request.
  Time since last request: 0.000060 seconds.
  path: Assets/TutorialInfo/Layout.wlt
  artifactKey: Guid(eabc9546105bf4accac1fd62a63e88e6) Importer(2089858483,b0f066a214c2f5e87bad3c948f4d605d)
Start importing Assets/TutorialInfo/Layout.wlt using Guid(eabc9546105bf4accac1fd62a63e88e6) Importer(2089858483,b0f066a214c2f5e87bad3c948f4d605d) (ScriptedImporter) -> (artifact id: 'aec7fcd8dde9860badefc51b44bad828') in 0.0066153 seconds
Number of updated asset objects reloaded before import = 0Number of asset objects unloaded after import = 1

========================================================================
Received Import Request.
  Time since last request: 0.000051 seconds.
  path: Assets/Settings/PC_Renderer.asset
  artifactKey: Guid(f288ae1f4751b564a96ac7587541f7a2) Importer(2089858483,b0f066a214c2f5e87bad3c948f4d605d)
Start importing Assets/Settings/PC_Renderer.asset using Guid(f288ae1f4751b564a96ac7587541f7a2) Importer(2089858483,b0f066a214c2f5e87bad3c948f4d605d) (ScriptedImporter) -> (artifact id: '44510fa679de0cb037baeb88e856affe') in 0.1183393 seconds
Number of updated asset objects reloaded before import = 0Number of asset objects unloaded after import = 1

========================================================================
Received Import Request.
  Time since last request: 0.001010 seconds.
  path: Assets/Settings/UniversalRenderPipelineGlobalSettings.asset
  artifactKey: Guid(18dc0cd2c080841dea60987a38ce93fa) Importer(2089858483,b0f066a214c2f5e87bad3c948f4d605d)
Start importing Assets/Settings/UniversalRenderPipelineGlobalSettings.asset using Guid(18dc0cd2c080841dea60987a38ce93fa) Importer(2089858483,b0f066a214c2f5e87bad3c948f4d605d) (ScriptedImporter) -> (artifact id: 'ee6be730487d3889c8735eb9ceb25945') in 0.1654166 seconds
Number of updated asset objects reloaded before import = 0Number of asset objects unloaded after import = 0

========================================================================
Received Import Request.
  Time since last request: 0.000085 seconds.
  path: Assets/Scenes/SampleScene.unity
  artifactKey: Guid(99c9720ab356a0642a771bea13969a05) Importer(2089858483,b0f066a214c2f5e87bad3c948f4d605d)
Start importing Assets/Scenes/SampleScene.unity using Guid(99c9720ab356a0642a771bea13969a05) Importer(2089858483,b0f066a214c2f5e87bad3c948f4d605d) (ScriptedImporter) -> (artifact id: '69dc45b6050b0ee829cdc4885fc878a6') in 0.0063808 seconds
Number of updated asset objects reloaded before import = 0Number of asset objects unloaded after import = 1

========================================================================
Received Import Request.
  Time since last request: 0.000101 seconds.
  path: Assets/TutorialInfo/Icons/URP.png
  artifactKey: Guid(727a75301c3d24613a3ebcec4a24c2c8) Importer(2089858483,b0f066a214c2f5e87bad3c948f4d605d)
Start importing Assets/TutorialInfo/Icons/URP.png using Guid(727a75301c3d24613a3ebcec4a24c2c8) Importer(2089858483,b0f066a214c2f5e87bad3c948f4d605d) (ScriptedImporter) -> (artifact id: '4a59a8dc594718da40f1d09138728cab') in 0.0987408 seconds
Number of updated asset objects reloaded before import = 0Number of asset objects unloaded after import = 1

========================================================================
Received Import Request.
  Time since last request: 0.000042 seconds.
  path: Assets/Settings/PC_RPAsset.asset
  artifactKey: Guid(4b83569d67af61e458304325a23e5dfd) Importer(2089858483,b0f066a214c2f5e87bad3c948f4d605d)
Start importing Assets/Settings/PC_RPAsset.asset using Guid(4b83569d67af61e458304325a23e5dfd) Importer(2089858483,b0f066a214c2f5e87bad3c948f4d605d) (ScriptedImporter) -> (artifact id: 'ba3a8a9ddfb32a633f6e9af756a638ad') in 0.1143265 seconds
Number of updated asset objects reloaded before import = 0Number of asset objects unloaded after import = 1

========================================================================
Received Prepare
Begin MonoManager ReloadAssembly
[Licensing::Client] Successfully resolved entitlement details
- Loaded All Assemblies, in  5.349 seconds
Refreshing native plugins compatible for Editor in 24.29 ms, found 3 plugins.
Native extension for Android target not found
Native extension for WindowsStandalone target not found
[Package Manager] Failed to launch server process. Reason: Unity was launched with the -noUpm command-line argument
[Package Manager] Unable to send message (not connected to server process).
[Package Manager] Cannot connect to Unity Package Manager local server
[Package Manager] Failed to launch server process. Reason: Unity was launched with the -noUpm command-line argument
[Package Manager] Unable to send message (not connected to server process).
[Package Manager] Cannot connect to Unity Package Manager local server
ScheduleIndexationOnStartup MainProcess:False IndexOnStartup:True
Mono: successfully reloaded assembly
- Finished resetting the current domain, in  1.580 seconds
Domain Reload Profiling: 6932ms
	BeginReloadAssembly (2792ms)
		ExecutionOrderSort (0ms)
		DisableScriptedObjects (9ms)
		BackupInstance (0ms)
		ReleaseScriptingObjects (0ms)
		CreateAndSetChildDomain (90ms)
	RebuildCommonClasses (59ms)
	RebuildNativeTypeToScriptingClass (22ms)
	initialDomainReloadingComplete (38ms)
	LoadAllAssembliesAndSetupDomain (2441ms)
		LoadAssemblies (4620ms)
		RebuildTransferFunctionScriptingTraits (0ms)
		AnalyzeDomain (399ms)
			TypeCache.Refresh (25ms)
				TypeCache.ScanAssembly (0ms)
			BuildScriptInfoCaches (351ms)
			ResolveRequiredComponents (17ms)
	FinalizeReload (1581ms)
		ReleaseScriptCaches (0ms)
		RebuildScriptCaches (0ms)
		SetupLoadedEditorAssemblies (1100ms)
			LogAssemblyErrors (0ms)
			InitializePlatformSupportModulesInManaged (15ms)
			SetLoadedEditorAssemblies (9ms)
			BeforeProcessingInitializeOnLoad (273ms)
			ProcessInitializeOnLoadAttributes (680ms)
			ProcessInitializeOnLoadMethodAttributes (118ms)
			AfterProcessingInitializeOnLoad (5ms)
			EditorAssembliesLoaded (0ms)
		ExecutionOrderSort2 (0ms)
		AwakeInstancesAfterBackupRestoration (28ms)
Refreshing native plugins compatible for Editor in 1.33 ms, found 3 plugins.
Preloading 0 native plugins for Editor in 0.00 ms.
Unloading 17 Unused Serialized files (Serialized files now loaded: 0)
Unloading 6194 unused Assets / (4.6 MB). Loaded Objects now: 7011.
Memory consumption went from 147.8 MB to 143.1 MB.
Total: 25.952900 ms (FindLiveObjects: 1.915400 ms CreateObjectMapping: 2.500200 ms MarkObjects: 12.930700 ms  DeleteObjects: 8.604900 ms)

Prepare: number of updated asset objects reloaded= 0
========================================================================
Received Import Request.
  Time since last request: 339.586327 seconds.
  path: Assets/_Barking_Dog/_3D Scifi Base Vol 1/Camera Profile.asset
  artifactKey: Guid(162a45839e0ffaa418cf67c45c44d51d) Importer(815301076,1909f56bfc062723c751e8b465ee728b)
Start importing Assets/_Barking_Dog/_3D Scifi Base Vol 1/Camera Profile.asset using Guid(162a45839e0ffaa418cf67c45c44d51d) Importer(815301076,1909f56bfc062723c751e8b465ee728b) (PreviewImporter) -> (artifact id: 'f4fc881b2888e2d34207cd948b251711') in 0.014429 seconds
Number of updated asset objects reloaded before import = 0Number of asset objects unloaded after import = 1

========================================================================
Received Import Request.
  Time since last request: 0.000037 seconds.
  path: Assets/_Barking_Dog/_3D Scifi Base Vol 1/Prefabs
  artifactKey: Guid(17f5d147bfd7f4f4682695636acfd0c3) Importer(815301076,1909f56bfc062723c751e8b465ee728b)
Start importing Assets/_Barking_Dog/_3D Scifi Base Vol 1/Prefabs using Guid(17f5d147bfd7f4f4682695636acfd0c3) Importer(815301076,1909f56bfc062723c751e8b465ee728b) (PreviewImporter) -> (artifact id: 'fb6688eda413d3cdaa9fc10d4d901aa8') in 0.0011595 seconds
Number of updated asset objects reloaded before import = 0Number of asset objects unloaded after import = 0

========================================================================
Received Import Request.
  Time since last request: 0.000034 seconds.
  path: Assets/_Barking_Dog/_3D Scifi Base Vol 1/Prefabs/_Fx/ForceField_02.prefab
  artifactKey: Guid(17f7a533d53e64ac295c284229f35596) Importer(815301076,1909f56bfc062723c751e8b465ee728b)
Start importing Assets/_Barking_Dog/_3D Scifi Base Vol 1/Prefabs/_Fx/ForceField_02.prefab using Guid(17f7a533d53e64ac295c284229f35596) Importer(815301076,1909f56bfc062723c751e8b465ee728b) (PreviewImporter) -> (artifact id: 'aacbd0e3b51f507b9fb8359b26f0f873') in 1.3563745 seconds
Number of updated asset objects reloaded before import = 0Number of asset objects unloaded after import = 16

========================================================================
Received Import Request.
  Time since last request: 4.992086 seconds.
  path: Assets/_Barking_Dog/_3D Scifi Base Vol 1/Prefabs/_Props/P_Air_Grid_02.prefab
  artifactKey: Guid(b3836a917e87c4ce0ab16a8ea1d9cc50) Importer(815301076,1909f56bfc062723c751e8b465ee728b)
Start importing Assets/_Barking_Dog/_3D Scifi Base Vol 1/Prefabs/_Props/P_Air_Grid_02.prefab using Guid(b3836a917e87c4ce0ab16a8ea1d9cc50) Importer(815301076,1909f56bfc062723c751e8b465ee728b) (PreviewImporter) -> (artifact id: 'e8f2e3f6816ff8aceacd6d94ce76f4cf') in 1.3576225 seconds
Number of updated asset objects reloaded before import = 0Number of asset objects unloaded after import = 16

========================================================================
Received Import Request.
  Time since last request: 0.000061 seconds.
  path: Assets/_Barking_Dog/_3D Scifi Base Vol 1/Prefabs/_Props/P_Laser_Fence_01.prefab
  artifactKey: Guid(99882afdabca645a88855b837ae97f8d) Importer(815301076,1909f56bfc062723c751e8b465ee728b)
Start importing Assets/_Barking_Dog/_3D Scifi Base Vol 1/Prefabs/_Props/P_Laser_Fence_01.prefab using Guid(99882afdabca645a88855b837ae97f8d) Importer(815301076,1909f56bfc062723c751e8b465ee728b) (PreviewImporter) -> (artifact id: '0a71c5998062da259b0b26d2d7ec9369') in 0.6678886 seconds
Number of updated asset objects reloaded before import = 0Number of asset objects unloaded after import = 22

========================================================================
Received Import Request.
  Time since last request: 0.000089 seconds.
  path: Assets/_Barking_Dog/_3D Scifi Base Vol 1/Prefabs/_Props/P_Keyboard_01.prefab
  artifactKey: Guid(f90114997cb054a82898c9f61cf5570d) Importer(815301076,1909f56bfc062723c751e8b465ee728b)
Start importing Assets/_Barking_Dog/_3D Scifi Base Vol 1/Prefabs/_Props/P_Keyboard_01.prefab using Guid(f90114997cb054a82898c9f61cf5570d) Importer(815301076,1909f56bfc062723c751e8b465ee728b) (PreviewImporter) -> (artifact id: 'ac14d8ca457bfaf84248d77ba09243fd') in 1.1440278 seconds
Number of updated asset objects reloaded before import = 0Number of asset objects unloaded after import = 15

========================================================================
Received Import Request.
  Time since last request: 0.000053 seconds.
  path: Assets/_Barking_Dog/_3D Scifi Base Vol 1/Prefabs/_Props/P_Char_03.prefab
  artifactKey: Guid(9159071179cfa43b8b89dcc0bb70463f) Importer(815301076,1909f56bfc062723c751e8b465ee728b)
Start importing Assets/_Barking_Dog/_3D Scifi Base Vol 1/Prefabs/_Props/P_Char_03.prefab using Guid(9159071179cfa43b8b89dcc0bb70463f) Importer(815301076,1909f56bfc062723c751e8b465ee728b) (PreviewImporter) -> (artifact id: '19df73dd83e5692a328028ee90c19e60') in 0.1250001 seconds
Number of updated asset objects reloaded before import = 0Number of asset objects unloaded after import = 38

========================================================================
Received Import Request.
  Time since last request: 0.000062 seconds.
  path: Assets/_Barking_Dog/_3D Scifi Base Vol 1/Prefabs/_Props/P_Char_06.prefab
  artifactKey: Guid(e7988f5abbf6d443fb0e777d1ac996ac) Importer(815301076,1909f56bfc062723c751e8b465ee728b)
Start importing Assets/_Barking_Dog/_3D Scifi Base Vol 1/Prefabs/_Props/P_Char_06.prefab using Guid(e7988f5abbf6d443fb0e777d1ac996ac) Importer(815301076,1909f56bfc062723c751e8b465ee728b) (PreviewImporter) -> (artifact id: 'ef3beace2f3fe4a82a833f9f28713aaf') in 0.1022068 seconds
Number of updated asset objects reloaded before import = 0Number of asset objects unloaded after import = 50

========================================================================
Received Import Request.
  Time since last request: 0.000045 seconds.
  path: Assets/_Barking_Dog/_3D Scifi Base Vol 1/Prefabs/_Props/P_Scanner_01.prefab
  artifactKey: Guid(37ce61a6e917d4648a6fb58d2634eed1) Importer(815301076,1909f56bfc062723c751e8b465ee728b)
Start importing Assets/_Barking_Dog/_3D Scifi Base Vol 1/Prefabs/_Props/P_Scanner_01.prefab using Guid(37ce61a6e917d4648a6fb58d2634eed1) Importer(815301076,1909f56bfc062723c751e8b465ee728b) (PreviewImporter) -> (artifact id: 'dcde3ab1d440d5f7e1e194c6243de841') in 1.7881764 seconds
Number of updated asset objects reloaded before import = 0Number of asset objects unloaded after import = 50

========================================================================
Received Import Request.
  Time since last request: 0.000068 seconds.
  path: Assets/_Barking_Dog/_3D Scifi Base Vol 1/Prefabs/_Props/P_Grid_Plateform_01.prefab
  artifactKey: Guid(a107d7970e52f494f844641cc5e2d994) Importer(815301076,1909f56bfc062723c751e8b465ee728b)
Start importing Assets/_Barking_Dog/_3D Scifi Base Vol 1/Prefabs/_Props/P_Grid_Plateform_01.prefab using Guid(a107d7970e52f494f844641cc5e2d994) Importer(815301076,1909f56bfc062723c751e8b465ee728b) (PreviewImporter) -> (artifact id: '80060a18308a38c61441c608ab6a172b') in 0.2728771 seconds
Number of updated asset objects reloaded before import = 0Number of asset objects unloaded after import = 23

========================================================================
Received Import Request.
  Time since last request: 0.000090 seconds.
  path: Assets/_Barking_Dog/_3D Scifi Base Vol 1/Prefabs/_Props/P_Reactor_02.prefab
  artifactKey: Guid(10a0d0974d31f4badbe65bd49939c6c3) Importer(815301076,1909f56bfc062723c751e8b465ee728b)
Start importing Assets/_Barking_Dog/_3D Scifi Base Vol 1/Prefabs/_Props/P_Reactor_02.prefab using Guid(10a0d0974d31f4badbe65bd49939c6c3) Importer(815301076,1909f56bfc062723c751e8b465ee728b) (PreviewImporter) -> (artifact id: '32edffc399210a13cdeeb4a968a8d4cc') in 1.0704045 seconds
Number of updated asset objects reloaded before import = 0Number of asset objects unloaded after import = 263

========================================================================
Received Import Request.
  Time since last request: 0.000040 seconds.
  path: Assets/_Barking_Dog/_3D Scifi Base Vol 1/Prefabs/_Props/P_Computer_Dbl_01.prefab
  artifactKey: Guid(c39efed210dcb447fbfc80d610212532) Importer(815301076,1909f56bfc062723c751e8b465ee728b)
Start importing Assets/_Barking_Dog/_3D Scifi Base Vol 1/Prefabs/_Props/P_Computer_Dbl_01.prefab using Guid(c39efed210dcb447fbfc80d610212532) Importer(815301076,1909f56bfc062723c751e8b465ee728b) (PreviewImporter) -> (artifact id: '1df937d855f90afa36397a20b1603b46') in 0.2124933 seconds
Number of updated asset objects reloaded before import = 0Number of asset objects unloaded after import = 64

========================================================================
Received Import Request.
  Time since last request: 0.000054 seconds.
  path: Assets/_Barking_Dog/_3D Scifi Base Vol 1/Prefabs/_Props/P_Computer_Rack_02.prefab
  artifactKey: Guid(5b254512692a74fef89e260ffbe93484) Importer(815301076,1909f56bfc062723c751e8b465ee728b)
Start importing Assets/_Barking_Dog/_3D Scifi Base Vol 1/Prefabs/_Props/P_Computer_Rack_02.prefab using Guid(5b254512692a74fef89e260ffbe93484) Importer(815301076,1909f56bfc062723c751e8b465ee728b) (PreviewImporter) -> (artifact id: '5d5750eca6e79872cb0ce5466becb5d7') in 0.1187226 seconds
Number of updated asset objects reloaded before import = 0Number of asset objects unloaded after import = 16

========================================================================
Received Import Request.
  Time since last request: 0.000074 seconds.
  path: Assets/_Barking_Dog/_3D Scifi Base Vol 1/Prefabs/_Props/P_Laser_Fence_02.prefab
  artifactKey: Guid(4bf5e8621380045fc8d8de7691daa938) Importer(815301076,1909f56bfc062723c751e8b465ee728b)
Start importing Assets/_Barking_Dog/_3D Scifi Base Vol 1/Prefabs/_Props/P_Laser_Fence_02.prefab using Guid(4bf5e8621380045fc8d8de7691daa938) Importer(815301076,1909f56bfc062723c751e8b465ee728b) (PreviewImporter) -> (artifact id: 'a7d588fd5709d6ce8dce2fff951b4075') in 0.1943555 seconds
Number of updated asset objects reloaded before import = 0Number of asset objects unloaded after import = 22

========================================================================
Received Import Request.
  Time since last request: 0.000050 seconds.
  path: Assets/_Barking_Dog/_3D Scifi Base Vol 1/Prefabs/_Props/P_Laser_Fence_06.prefab
  artifactKey: Guid(19ccaadc457334542a80e5ff3172f1a9) Importer(815301076,1909f56bfc062723c751e8b465ee728b)
Start importing Assets/_Barking_Dog/_3D Scifi Base Vol 1/Prefabs/_Props/P_Laser_Fence_06.prefab using Guid(19ccaadc457334542a80e5ff3172f1a9) Importer(815301076,1909f56bfc062723c751e8b465ee728b) (PreviewImporter) -> (artifact id: 'b848cb141fc6ecceb0a7cfd579c0e5e2') in 0.1833827 seconds
Number of updated asset objects reloaded before import = 0Number of asset objects unloaded after import = 48

========================================================================
Received Import Request.
  Time since last request: 0.000145 seconds.
  path: Assets/_Barking_Dog/_3D Scifi Base Vol 1/Prefabs/_Props/P_Computer_01.prefab
  artifactKey: Guid(b76cd7de082e441d5a857beb4515185c) Importer(815301076,1909f56bfc062723c751e8b465ee728b)
Start importing Assets/_Barking_Dog/_3D Scifi Base Vol 1/Prefabs/_Props/P_Computer_01.prefab using Guid(b76cd7de082e441d5a857beb4515185c) Importer(815301076,1909f56bfc062723c751e8b465ee728b) (PreviewImporter) -> (artifact id: 'e552050fcacb2dd1b358ccfc894d3038') in 0.2239253 seconds
Number of updated asset objects reloaded before import = 0Number of asset objects unloaded after import = 40

========================================================================
Received Import Request.
  Time since last request: 0.000053 seconds.
  path: Assets/_Barking_Dog/_3D Scifi Base Vol 1/Prefabs/_Props/P_Computer_02.prefab
  artifactKey: Guid(0527208ba5fc749d0b96d426a6fd231b) Importer(815301076,1909f56bfc062723c751e8b465ee728b)
Start importing Assets/_Barking_Dog/_3D Scifi Base Vol 1/Prefabs/_Props/P_Computer_02.prefab using Guid(0527208ba5fc749d0b96d426a6fd231b) Importer(815301076,1909f56bfc062723c751e8b465ee728b) (PreviewImporter) -> (artifact id: 'eda92599d06141d64e4a78e77da2b540') in 0.185734 seconds
Number of updated asset objects reloaded before import = 0Number of asset objects unloaded after import = 40

========================================================================
Received Import Request.
  Time since last request: 0.000131 seconds.
  path: Assets/_Barking_Dog/_3D Scifi Base Vol 1/Prefabs/_Props/P_Computer_Rack_01.prefab
  artifactKey: Guid(fd5135fbf7fd84da1929d7c1c1572e5e) Importer(815301076,1909f56bfc062723c751e8b465ee728b)
Start importing Assets/_Barking_Dog/_3D Scifi Base Vol 1/Prefabs/_Props/P_Computer_Rack_01.prefab using Guid(fd5135fbf7fd84da1929d7c1c1572e5e) Importer(815301076,1909f56bfc062723c751e8b465ee728b) (PreviewImporter) -> (artifact id: '7fe0e71004a28c30b324e31d17113237') in 0.1282869 seconds
Number of updated asset objects reloaded before import = 0Number of asset objects unloaded after import = 16

========================================================================
Received Import Request.
  Time since last request: 0.000032 seconds.
  path: Assets/_Barking_Dog/_3D Scifi Base Vol 1/Prefabs/_Props/P_Basin_01.prefab
  artifactKey: Guid(9eed909f2b80043dab663dd1c10f6fea) Importer(815301076,1909f56bfc062723c751e8b465ee728b)
Start importing Assets/_Barking_Dog/_3D Scifi Base Vol 1/Prefabs/_Props/P_Basin_01.prefab using Guid(9eed909f2b80043dab663dd1c10f6fea) Importer(815301076,1909f56bfc062723c751e8b465ee728b) (PreviewImporter) -> (artifact id: 'bab5d4f315f3158d34c5a7e180c7be9f') in 0.3057665 seconds
Number of updated asset objects reloaded before import = 0Number of asset objects unloaded after import = 33

========================================================================
Received Import Request.
  Time since last request: 0.000037 seconds.
  path: Assets/_Barking_Dog/_3D Scifi Base Vol 1/Prefabs/_Props/P_Laser_Fence_07.prefab
  artifactKey: Guid(96e4d417ac8574751a06925182328af4) Importer(815301076,1909f56bfc062723c751e8b465ee728b)
Start importing Assets/_Barking_Dog/_3D Scifi Base Vol 1/Prefabs/_Props/P_Laser_Fence_07.prefab using Guid(96e4d417ac8574751a06925182328af4) Importer(815301076,1909f56bfc062723c751e8b465ee728b) (PreviewImporter) -> (artifact id: 'a90dc6dd585e3cfec7859f8d6ebc7019') in 0.1917495 seconds
Number of updated asset objects reloaded before import = 0Number of asset objects unloaded after import = 33

========================================================================
Received Import Request.
  Time since last request: 0.000052 seconds.
  path: Assets/_Barking_Dog/_3D Scifi Base Vol 1/Prefabs/_Props/P_Laser_Fence_03.prefab
  artifactKey: Guid(405e846282a234e17adfbf5b39c5a58f) Importer(815301076,1909f56bfc062723c751e8b465ee728b)
Start importing Assets/_Barking_Dog/_3D Scifi Base Vol 1/Prefabs/_Props/P_Laser_Fence_03.prefab using Guid(405e846282a234e17adfbf5b39c5a58f) Importer(815301076,1909f56bfc062723c751e8b465ee728b) (PreviewImporter) -> (artifact id: 'e2d9e117f0850e5b4aa9abafd6a39723') in 0.1766399 seconds
Number of updated asset objects reloaded before import = 0Number of asset objects unloaded after import = 22

========================================================================
Received Import Request.
  Time since last request: 0.000042 seconds.
  path: Assets/_Barking_Dog/_3D Scifi Base Vol 1/Prefabs/_Props/P_Computer_Dbl_03.prefab
  artifactKey: Guid(3aa199ebb69b94a8da1d93951953fd81) Importer(815301076,1909f56bfc062723c751e8b465ee728b)
Start importing Assets/_Barking_Dog/_3D Scifi Base Vol 1/Prefabs/_Props/P_Computer_Dbl_03.prefab using Guid(3aa199ebb69b94a8da1d93951953fd81) Importer(815301076,1909f56bfc062723c751e8b465ee728b) (PreviewImporter) -> (artifact id: '4df25afe73825fe7ea3818e1f534a40a') in 0.2814953 seconds
Number of updated asset objects reloaded before import = 0Number of asset objects unloaded after import = 105

========================================================================
Received Import Request.
  Time since last request: 0.000096 seconds.
  path: Assets/_Barking_Dog/_3D Scifi Base Vol 1/Prefabs/_Props/P_Char_05.prefab
  artifactKey: Guid(960d1c03ec6d44102ac6524b098e1eb8) Importer(815301076,1909f56bfc062723c751e8b465ee728b)
Start importing Assets/_Barking_Dog/_3D Scifi Base Vol 1/Prefabs/_Props/P_Char_05.prefab using Guid(960d1c03ec6d44102ac6524b098e1eb8) Importer(815301076,1909f56bfc062723c751e8b465ee728b) (PreviewImporter) -> (artifact id: 'b887f5ac68f18729e0e74b39ee83e349') in 0.2887584 seconds
Number of updated asset objects reloaded before import = 0Number of asset objects unloaded after import = 90

========================================================================
Received Import Request.
  Time since last request: 0.000037 seconds.
  path: Assets/_Barking_Dog/_3D Scifi Base Vol 1/Prefabs/_Props/P_Electric_Pylon_01.prefab
  artifactKey: Guid(73aeb9e95435c4482b0b14c9dc4fd990) Importer(815301076,1909f56bfc062723c751e8b465ee728b)
Start importing Assets/_Barking_Dog/_3D Scifi Base Vol 1/Prefabs/_Props/P_Electric_Pylon_01.prefab using Guid(73aeb9e95435c4482b0b14c9dc4fd990) Importer(815301076,1909f56bfc062723c751e8b465ee728b) (PreviewImporter) -> (artifact id: 'c270e7cc9331d8f2e067ea812443eddf') in 0.264169 seconds
Number of updated asset objects reloaded before import = 0Number of asset objects unloaded after import = 47

========================================================================
Received Import Request.
  Time since last request: 0.000075 seconds.
  path: Assets/_Barking_Dog/_3D Scifi Base Vol 1/Prefabs/_Props/P_Bed_Simple_01.prefab
  artifactKey: Guid(8572b8d18825e42ac868f80a808a5bc5) Importer(815301076,1909f56bfc062723c751e8b465ee728b)
Start importing Assets/_Barking_Dog/_3D Scifi Base Vol 1/Prefabs/_Props/P_Bed_Simple_01.prefab using Guid(8572b8d18825e42ac868f80a808a5bc5) Importer(815301076,1909f56bfc062723c751e8b465ee728b) (PreviewImporter) -> (artifact id: '4386b91632d457fbc08e821d3ab5292d') in 0.3256589 seconds
Number of updated asset objects reloaded before import = 0Number of asset objects unloaded after import = 50

========================================================================
Received Import Request.
  Time since last request: 0.000050 seconds.
  path: Assets/_Barking_Dog/_3D Scifi Base Vol 1/Prefabs/_Props/P_Char_01.prefab
  artifactKey: Guid(bd7ebf83bccfb4cbd942c996f40485f9) Importer(815301076,1909f56bfc062723c751e8b465ee728b)
Start importing Assets/_Barking_Dog/_3D Scifi Base Vol 1/Prefabs/_Props/P_Char_01.prefab using Guid(bd7ebf83bccfb4cbd942c996f40485f9) Importer(815301076,1909f56bfc062723c751e8b465ee728b) (PreviewImporter) -> (artifact id: 'cd58e47b808ff8e6e1a64437cdccd8e6') in 0.1114135 seconds
Number of updated asset objects reloaded before import = 0Number of asset objects unloaded after import = 27

========================================================================
Received Import Request.
  Time since last request: 0.000165 seconds.
  path: Assets/_Barking_Dog/_3D Scifi Base Vol 1/Prefabs/_Props/P_Char_04.prefab
  artifactKey: Guid(66f512b6ac13c4d5e8e8d8bb546fe702) Importer(815301076,1909f56bfc062723c751e8b465ee728b)
Start importing Assets/_Barking_Dog/_3D Scifi Base Vol 1/Prefabs/_Props/P_Char_04.prefab using Guid(66f512b6ac13c4d5e8e8d8bb546fe702) Importer(815301076,1909f56bfc062723c751e8b465ee728b) (PreviewImporter) -> (artifact id: '0ef191b9bce8a01ed7d873ba9303dd6b') in 0.0928599 seconds
Number of updated asset objects reloaded before import = 0Number of asset objects unloaded after import = 42

========================================================================
Received Import Request.
  Time since last request: 0.000081 seconds.
  path: Assets/_Barking_Dog/_3D Scifi Base Vol 1/Prefabs/_Props/P_Grid_Plateform_02.prefab
  artifactKey: Guid(5f910743330b84179b68f32978b49070) Importer(815301076,1909f56bfc062723c751e8b465ee728b)
Start importing Assets/_Barking_Dog/_3D Scifi Base Vol 1/Prefabs/_Props/P_Grid_Plateform_02.prefab using Guid(5f910743330b84179b68f32978b49070) Importer(815301076,1909f56bfc062723c751e8b465ee728b) (PreviewImporter) -> (artifact id: 'ef41c590de945de367dc7c2b6a4f73ed') in 0.2356222 seconds
Number of updated asset objects reloaded before import = 0Number of asset objects unloaded after import = 38

========================================================================
Received Import Request.
  Time since last request: 0.000044 seconds.
  path: Assets/_Barking_Dog/_3D Scifi Base Vol 1/Prefabs/_Props/P_Reactor_03.prefab
  artifactKey: Guid(c89dc320a761649c8a956f848d98dbdd) Importer(815301076,1909f56bfc062723c751e8b465ee728b)
Start importing Assets/_Barking_Dog/_3D Scifi Base Vol 1/Prefabs/_Props/P_Reactor_03.prefab using Guid(c89dc320a761649c8a956f848d98dbdd) Importer(815301076,1909f56bfc062723c751e8b465ee728b) (PreviewImporter) -> (artifact id: 'ac7fedda7df7baf4044966169b4d20ea') in 0.3490585 seconds
Number of updated asset objects reloaded before import = 0Number of asset objects unloaded after import = 107

========================================================================
Received Import Request.
  Time since last request: 0.000052 seconds.
  path: Assets/_Barking_Dog/_3D Scifi Base Vol 1/Prefabs/_Props/P_Laser_Fence_04.prefab
  artifactKey: Guid(6b1fc04a1b9fd45649d0f1f26e47732d) Importer(815301076,1909f56bfc062723c751e8b465ee728b)
Start importing Assets/_Barking_Dog/_3D Scifi Base Vol 1/Prefabs/_Props/P_Laser_Fence_04.prefab using Guid(6b1fc04a1b9fd45649d0f1f26e47732d) Importer(815301076,1909f56bfc062723c751e8b465ee728b) (PreviewImporter) -> (artifact id: '851601eedbae8f99a802274aa1b2b593') in 0.2167112 seconds
Number of updated asset objects reloaded before import = 0Number of asset objects unloaded after import = 41

========================================================================
Received Import Request.
  Time since last request: 0.000096 seconds.
  path: Assets/_Barking_Dog/_3D Scifi Base Vol 1/Prefabs/_Props/P_Bed_Double_01.prefab
  artifactKey: Guid(87beb341ff04e43e2a8d6905cf0c2b10) Importer(815301076,1909f56bfc062723c751e8b465ee728b)
Start importing Assets/_Barking_Dog/_3D Scifi Base Vol 1/Prefabs/_Props/P_Bed_Double_01.prefab using Guid(87beb341ff04e43e2a8d6905cf0c2b10) Importer(815301076,1909f56bfc062723c751e8b465ee728b) (PreviewImporter) -> (artifact id: 'b33897e52c4d560cfb593cc161d9f280') in 0.3406475 seconds
Number of updated asset objects reloaded before import = 0Number of asset objects unloaded after import = 63

========================================================================
Received Import Request.
  Time since last request: 0.000055 seconds.
  path: Assets/_Barking_Dog/_3D Scifi Base Vol 1/Prefabs/_Props/P_Basin_02.prefab
  artifactKey: Guid(b1b24758f8cb245fdb4c8f3448cd3234) Importer(815301076,1909f56bfc062723c751e8b465ee728b)
Start importing Assets/_Barking_Dog/_3D Scifi Base Vol 1/Prefabs/_Props/P_Basin_02.prefab using Guid(b1b24758f8cb245fdb4c8f3448cd3234) Importer(815301076,1909f56bfc062723c751e8b465ee728b) (PreviewImporter) -> (artifact id: '0e31f7ce5b93a9927bdb90037a708dff') in 0.2688751 seconds
Number of updated asset objects reloaded before import = 0Number of asset objects unloaded after import = 42

========================================================================
Received Import Request.
  Time since last request: 7.992247 seconds.
  path: Assets/!GET_MORE_ASSETS_FOR_FREE/DevFreedom.club -  UE and Unity developers community. Q&A, Assets, Tutorials.url
  artifactKey: Guid(3d547f18b0d7bdd42bbe6db7ac7c7746) Importer(2089858483,b0f066a214c2f5e87bad3c948f4d605d)
Start importing Assets/!GET_MORE_ASSETS_FOR_FREE/DevFreedom.club -  UE and Unity developers community. Q&A, Assets, Tutorials.url using Guid(3d547f18b0d7bdd42bbe6db7ac7c7746) Importer(2089858483,b0f066a214c2f5e87bad3c948f4d605d) (ScriptedImporter) -> (artifact id: 'c8b8d998751cbe2b411b7537f452f70c') in 0.0762992 seconds
Number of updated asset objects reloaded before import = 0Number of asset objects unloaded after import = 1

========================================================================
Received Import Request.
  Time since last request: 0.000056 seconds.
  path: Assets/_Barking_Dog/_3D Scifi Base Vol 1/Meshes/Computer_Rack_01.FBX
  artifactKey: Guid(1e16b10a5a6d64c6eb98db0e85d6bc32) Importer(2089858483,b0f066a214c2f5e87bad3c948f4d605d)
Start importing Assets/_Barking_Dog/_3D Scifi Base Vol 1/Meshes/Computer_Rack_01.FBX using Guid(1e16b10a5a6d64c6eb98db0e85d6bc32) Importer(2089858483,b0f066a214c2f5e87bad3c948f4d605d) (ScriptedImporter) -> (artifact id: '0cdea3ea257f7c9ef7bddaa187bdc7b8') in 0.1462735 seconds
Number of updated asset objects reloaded before import = 0Number of asset objects unloaded after import = 8

========================================================================
Received Import Request.
  Time since last request: 0.000042 seconds.
  path: Assets/_Barking_Dog/Common Scripts/Turn_Move.cs
  artifactKey: Guid(8aed4a39c429349ed9883c39d37d8fc3) Importer(2089858483,b0f066a214c2f5e87bad3c948f4d605d)
Start importing Assets/_Barking_Dog/Common Scripts/Turn_Move.cs using Guid(8aed4a39c429349ed9883c39d37d8fc3) Importer(2089858483,b0f066a214c2f5e87bad3c948f4d605d) (ScriptedImporter) -> (artifact id: '4c189b32d0618fb6e6152091028541fc') in 0.0061889 seconds
Number of updated asset objects reloaded before import = 0Number of asset objects unloaded after import = 0

========================================================================
Received Import Request.
  Time since last request: 0.000048 seconds.
  path: Assets/_Barking_Dog/_3D Scifi Base Vol 1/Meshes/Roof_Angle_05.FBX
  artifactKey: Guid(a4cd944f9f9f2427092e16a58358bffb) Importer(2089858483,b0f066a214c2f5e87bad3c948f4d605d)
Start importing Assets/_Barking_Dog/_3D Scifi Base Vol 1/Meshes/Roof_Angle_05.FBX using Guid(a4cd944f9f9f2427092e16a58358bffb) Importer(2089858483,b0f066a214c2f5e87bad3c948f4d605d) (ScriptedImporter) -> (artifact id: '949b25b6e7225c1d43251c73dcf9fa50') in 0.0126889 seconds
Number of updated asset objects reloaded before import = 0Number of asset objects unloaded after import = 8

========================================================================
Received Import Request.
  Time since last request: 0.000036 seconds.
  path: Assets/_Barking_Dog/_3D Scifi Base Vol 1/Meshes/Dome_Line_01.FBX
  artifactKey: Guid(e4b23b8fb9b6e4daf9e60d09758205fd) Importer(2089858483,b0f066a214c2f5e87bad3c948f4d605d)
Start importing Assets/_Barking_Dog/_3D Scifi Base Vol 1/Meshes/Dome_Line_01.FBX using Guid(e4b23b8fb9b6e4daf9e60d09758205fd) Importer(2089858483,b0f066a214c2f5e87bad3c948f4d605d) (ScriptedImporter) -> (artifact id: '947932eeebbaf1576a140b511a2cfa61') in 0.0135269 seconds
Number of updated asset objects reloaded before import = 0Number of asset objects unloaded after import = 10

========================================================================
Received Import Request.
  Time since last request: 0.000053 seconds.
  path: Assets/_Barking_Dog/_3D Scifi Base Vol 1/Meshes/Rock_03.FBX
  artifactKey: Guid(209f33ad99eab4e5a8f983ae7fe7b90f) Importer(2089858483,b0f066a214c2f5e87bad3c948f4d605d)
Start importing Assets/_Barking_Dog/_3D Scifi Base Vol 1/Meshes/Rock_03.FBX using Guid(209f33ad99eab4e5a8f983ae7fe7b90f) Importer(2089858483,b0f066a214c2f5e87bad3c948f4d605d) (ScriptedImporter) -> (artifact id: '4698c2002bcd4ccad97f0872c5d12176') in 0.0182873 seconds
Number of updated asset objects reloaded before import = 0Number of asset objects unloaded after import = 8

========================================================================
Received Import Request.
  Time since last request: 0.000071 seconds.
  path: Assets/_Barking_Dog/_3D Scifi Base Vol 1/Meshes/Laser_Fence_Ray.FBX
  artifactKey: Guid(06537c79465ce41e6a1c11f56f7dfc8a) Importer(2089858483,b0f066a214c2f5e87bad3c948f4d605d)
Start importing Assets/_Barking_Dog/_3D Scifi Base Vol 1/Meshes/Laser_Fence_Ray.FBX using Guid(06537c79465ce41e6a1c11f56f7dfc8a) Importer(2089858483,b0f066a214c2f5e87bad3c948f4d605d) (ScriptedImporter) -> (artifact id: 'd85047a4dbf463b15ca58080a8f04c76') in 0.0146125 seconds
Number of updated asset objects reloaded before import = 0Number of asset objects unloaded after import = 8

========================================================================
Received Import Request.
  Time since last request: 0.000038 seconds.
  path: Assets/_Barking_Dog/_3D Scifi Base Vol 1/Example_01/LightingData.asset
  artifactKey: Guid(370c96be2e1e24c28aac1e74c6e3bf40) Importer(2089858483,b0f066a214c2f5e87bad3c948f4d605d)
Start importing Assets/_Barking_Dog/_3D Scifi Base Vol 1/Example_01/LightingData.asset using Guid(370c96be2e1e24c28aac1e74c6e3bf40) Importer(2089858483,b0f066a214c2f5e87bad3c948f4d605d) (ScriptedImporter) -> (artifact id: '13b2098e83f58ec296c75d87c36e0d7a') in 0.0172327 seconds
Number of updated asset objects reloaded before import = 0Number of asset objects unloaded after import = 2

========================================================================
Received Import Request.
  Time since last request: 0.000044 seconds.
  path: Assets/_Barking_Dog/_3D Scifi Base Vol 1/Meshes/Pipes_Insert_03.FBX
  artifactKey: Guid(8e6dad687483247ccba39bb7d2b998c3) Importer(2089858483,b0f066a214c2f5e87bad3c948f4d605d)
Start importing Assets/_Barking_Dog/_3D Scifi Base Vol 1/Meshes/Pipes_Insert_03.FBX using Guid(8e6dad687483247ccba39bb7d2b998c3) Importer(2089858483,b0f066a214c2f5e87bad3c948f4d605d) (ScriptedImporter) -> (artifact id: 'fb51a3570942fb5d0a28a877ddcd875e') in 0.0160329 seconds
Number of updated asset objects reloaded before import = 0Number of asset objects unloaded after import = 8

========================================================================
Received Import Request.
  Time since last request: 0.000073 seconds.
  path: Assets/_Barking_Dog/_3D Scifi Base Vol 1/Meshes/Roof_Cache_02_B.FBX
  artifactKey: Guid(c70b95fcd69584c8ab0ad9836b08b3cc) Importer(2089858483,b0f066a214c2f5e87bad3c948f4d605d)
Start importing Assets/_Barking_Dog/_3D Scifi Base Vol 1/Meshes/Roof_Cache_02_B.FBX using Guid(c70b95fcd69584c8ab0ad9836b08b3cc) Importer(2089858483,b0f066a214c2f5e87bad3c948f4d605d) (ScriptedImporter) -> (artifact id: '1b837540172a692e78c31e05cc91c4e1') in 0.0135429 seconds
Number of updated asset objects reloaded before import = 0Number of asset objects unloaded after import = 8

========================================================================
Received Import Request.
  Time since last request: 0.000055 seconds.
  path: Assets/_Barking_Dog/_3D Scifi Base Vol 1/Meshes/Char_02.FBX
  artifactKey: Guid(b274809185ceb4b43b060f85a9b6c468) Importer(2089858483,b0f066a214c2f5e87bad3c948f4d605d)
Start importing Assets/_Barking_Dog/_3D Scifi Base Vol 1/Meshes/Char_02.FBX using Guid(b274809185ceb4b43b060f85a9b6c468) Importer(2089858483,b0f066a214c2f5e87bad3c948f4d605d) (ScriptedImporter) -> (artifact id: '1767001478057f96d96571fdbc4274c8') in 0.0152215 seconds
Number of updated asset objects reloaded before import = 0Number of asset objects unloaded after import = 8

========================================================================
Received Import Request.
  Time since last request: 0.000056 seconds.
  path: Assets/_Barking_Dog/_3D Scifi Base Vol 1/Meshes/Computer_02.FBX
  artifactKey: Guid(24a07c1157d4c41cdb1f8996f82d9717) Importer(2089858483,b0f066a214c2f5e87bad3c948f4d605d)
Start importing Assets/_Barking_Dog/_3D Scifi Base Vol 1/Meshes/Computer_02.FBX using Guid(24a07c1157d4c41cdb1f8996f82d9717) Importer(2089858483,b0f066a214c2f5e87bad3c948f4d605d) (ScriptedImporter) -> (artifact id: '2d47ec44a66d6e72a71b7c0a43ce3c15') in 0.0158754 seconds
Number of updated asset objects reloaded before import = 0Number of asset objects unloaded after import = 19

========================================================================
Received Import Request.
  Time since last request: 0.000031 seconds.
  path: Assets/_Barking_Dog/_3D Scifi Base Vol 1/Meshes/Eole_01.FBX
  artifactKey: Guid(461059aa18f724180a521ee1f1620368) Importer(2089858483,b0f066a214c2f5e87bad3c948f4d605d)
Start importing Assets/_Barking_Dog/_3D Scifi Base Vol 1/Meshes/Eole_01.FBX using Guid(461059aa18f724180a521ee1f1620368) Importer(2089858483,b0f066a214c2f5e87bad3c948f4d605d) (ScriptedImporter) -> (artifact id: 'bf1112f715fb5b7f02caa0b67e1f38f9') in 0.0136187 seconds
Number of updated asset objects reloaded before import = 0Number of asset objects unloaded after import = 14

========================================================================
Received Import Request.
  Time since last request: 0.000039 seconds.
  path: Assets/_Barking_Dog/_3D Scifi Base Vol 1/Meshes/Floor_Normal_02.FBX
  artifactKey: Guid(162eef0d2cc7f4e3c83bc700e7bd6d1c) Importer(2089858483,b0f066a214c2f5e87bad3c948f4d605d)
Start importing Assets/_Barking_Dog/_3D Scifi Base Vol 1/Meshes/Floor_Normal_02.FBX using Guid(162eef0d2cc7f4e3c83bc700e7bd6d1c) Importer(2089858483,b0f066a214c2f5e87bad3c948f4d605d) (ScriptedImporter) -> (artifact id: '7c9bd20965f23e1e5295ebe0cdfa264d') in 0.0141198 seconds
Number of updated asset objects reloaded before import = 0Number of asset objects unloaded after import = 9

========================================================================
Received Import Request.
  Time since last request: 0.000049 seconds.
  path: Assets/_Barking_Dog/_3D Scifi Base Vol 1/Meshes/Table_01.FBX
  artifactKey: Guid(a5b18b9d264954ae59fa357fd4c7167e) Importer(2089858483,b0f066a214c2f5e87bad3c948f4d605d)
Start importing Assets/_Barking_Dog/_3D Scifi Base Vol 1/Meshes/Table_01.FBX using Guid(a5b18b9d264954ae59fa357fd4c7167e) Importer(2089858483,b0f066a214c2f5e87bad3c948f4d605d) (ScriptedImporter) -> (artifact id: '1495a1e3e9856040056e4c56a3a514b1') in 0.0147353 seconds
Number of updated asset objects reloaded before import = 0Number of asset objects unloaded after import = 9

========================================================================
Received Import Request.
  Time since last request: 0.000036 seconds.
  path: Assets/_Barking_Dog/_3D Scifi Base Vol 1/Meshes/Table_Angle_02.FBX
  artifactKey: Guid(ed8543ec389034f7f967ebf509ba920d) Importer(2089858483,b0f066a214c2f5e87bad3c948f4d605d)
Start importing Assets/_Barking_Dog/_3D Scifi Base Vol 1/Meshes/Table_Angle_02.FBX using Guid(ed8543ec389034f7f967ebf509ba920d) Importer(2089858483,b0f066a214c2f5e87bad3c948f4d605d) (ScriptedImporter) -> (artifact id: '72cc61b954ae4385bd3439275f3e5d73') in 0.0131889 seconds
Number of updated asset objects reloaded before import = 0Number of asset objects unloaded after import = 9

========================================================================
Received Import Request.
  Time since last request: 0.000048 seconds.
  path: Assets/_Barking_Dog/_3D Scifi Base Vol 1/Meshes/Solar_Panel_01.FBX
  artifactKey: Guid(b840bfc58e463491bb2e96706747e7e1) Importer(2089858483,b0f066a214c2f5e87bad3c948f4d605d)
Start importing Assets/_Barking_Dog/_3D Scifi Base Vol 1/Meshes/Solar_Panel_01.FBX using Guid(b840bfc58e463491bb2e96706747e7e1) Importer(2089858483,b0f066a214c2f5e87bad3c948f4d605d) (ScriptedImporter) -> (artifact id: 'b0b73bbe6ad2142afbb5f6b4d90e1589') in 0.0166978 seconds
Number of updated asset objects reloaded before import = 0Number of asset objects unloaded after import = 8

========================================================================
Received Import Request.
  Time since last request: 0.000043 seconds.
  path: Assets/_Barking_Dog/_3D Scifi Base Vol 1/Meshes/Roof_Cache_07_B.FBX
  artifactKey: Guid(7b23c5ab115e146ba84e2f73459a8ab9) Importer(2089858483,b0f066a214c2f5e87bad3c948f4d605d)
Start importing Assets/_Barking_Dog/_3D Scifi Base Vol 1/Meshes/Roof_Cache_07_B.FBX using Guid(7b23c5ab115e146ba84e2f73459a8ab9) Importer(2089858483,b0f066a214c2f5e87bad3c948f4d605d) (ScriptedImporter) -> (artifact id: '27bb348d1c42ded3996a9c861be1aa17') in 0.0224132 seconds
Number of updated asset objects reloaded before import = 0Number of asset objects unloaded after import = 8

========================================================================
Received Import Request.
  Time since last request: 0.000044 seconds.
  path: Assets/_Barking_Dog/_3D Scifi Base Vol 1/Meshes/Bed_Simple_01.FBX
  artifactKey: Guid(e0fe6cf4f914346e0b75816315457cf6) Importer(2089858483,b0f066a214c2f5e87bad3c948f4d605d)
Start importing Assets/_Barking_Dog/_3D Scifi Base Vol 1/Meshes/Bed_Simple_01.FBX using Guid(e0fe6cf4f914346e0b75816315457cf6) Importer(2089858483,b0f066a214c2f5e87bad3c948f4d605d) (ScriptedImporter) -> (artifact id: '5847b27966736e24717ca39325fc2f6d') in 0.017364 seconds
Number of updated asset objects reloaded before import = 0Number of asset objects unloaded after import = 9

========================================================================
Received Import Request.
  Time since last request: 0.000068 seconds.
  path: Assets/_Barking_Dog/_3D Scifi Base Vol 1/Meshes/Roof_Cache_13_B.FBX
  artifactKey: Guid(f5153aebc55d048f4a9deb5bc432149b) Importer(2089858483,b0f066a214c2f5e87bad3c948f4d605d)
Start importing Assets/_Barking_Dog/_3D Scifi Base Vol 1/Meshes/Roof_Cache_13_B.FBX using Guid(f5153aebc55d048f4a9deb5bc432149b) Importer(2089858483,b0f066a214c2f5e87bad3c948f4d605d) (ScriptedImporter) -> (artifact id: '0b64d4ed7be308726c1c71b331ba15fe') in 0.0133614 seconds
Number of updated asset objects reloaded before import = 0Number of asset objects unloaded after import = 8

========================================================================
Received Import Request.
  Time since last request: 0.000047 seconds.
  path: Assets/_Barking_Dog/_3D Scifi Base Vol 1/Meshes/Fence_03.FBX
  artifactKey: Guid(85c89cc5a00d941e4a1724fb78c2f8ce) Importer(2089858483,b0f066a214c2f5e87bad3c948f4d605d)
Start importing Assets/_Barking_Dog/_3D Scifi Base Vol 1/Meshes/Fence_03.FBX using Guid(85c89cc5a00d941e4a1724fb78c2f8ce) Importer(2089858483,b0f066a214c2f5e87bad3c948f4d605d) (ScriptedImporter) -> (artifact id: '00e06fcacf2ebd8694a639298c415ad9') in 0.0137948 seconds
Number of updated asset objects reloaded before import = 0Number of asset objects unloaded after import = 8

========================================================================
Received Import Request.
  Time since last request: 0.000053 seconds.
  path: Assets/_Barking_Dog/_3D Scifi Base Vol 1/Meshes/Wall_Angle_04.FBX
  artifactKey: Guid(d86af4376fae24d4fb5ce86d7cfa97bd) Importer(2089858483,b0f066a214c2f5e87bad3c948f4d605d)
Start importing Assets/_Barking_Dog/_3D Scifi Base Vol 1/Meshes/Wall_Angle_04.FBX using Guid(d86af4376fae24d4fb5ce86d7cfa97bd) Importer(2089858483,b0f066a214c2f5e87bad3c948f4d605d) (ScriptedImporter) -> (artifact id: 'a3d002bd1f3c3b4785d9b19c93de267c') in 0.0168528 seconds
Number of updated asset objects reloaded before import = 0Number of asset objects unloaded after import = 9

========================================================================
Received Import Request.
  Time since last request: 0.000065 seconds.
  path: Assets/_Barking_Dog/_3D Scifi Base Vol 1/Meshes/Wall_Console_01.FBX
  artifactKey: Guid(386b65879587143aabd150090b41087c) Importer(2089858483,b0f066a214c2f5e87bad3c948f4d605d)
Start importing Assets/_Barking_Dog/_3D Scifi Base Vol 1/Meshes/Wall_Console_01.FBX using Guid(386b65879587143aabd150090b41087c) Importer(2089858483,b0f066a214c2f5e87bad3c948f4d605d) (ScriptedImporter) -> (artifact id: 'e00b45a4f176ea30c0fc951b608f6f71') in 0.0130489 seconds
Number of updated asset objects reloaded before import = 0Number of asset objects unloaded after import = 8

========================================================================
Received Import Request.
  Time since last request: 0.000041 seconds.
  path: Assets/_Barking_Dog/_3D Scifi Base Vol 1/Meshes/Wall_Angle_03.FBX
  artifactKey: Guid(f17f1970275b14676b91262abd56d4a3) Importer(2089858483,b0f066a214c2f5e87bad3c948f4d605d)
Start importing Assets/_Barking_Dog/_3D Scifi Base Vol 1/Meshes/Wall_Angle_03.FBX using Guid(f17f1970275b14676b91262abd56d4a3) Importer(2089858483,b0f066a214c2f5e87bad3c948f4d605d) (ScriptedImporter) -> (artifact id: '3d813cbb11376f92acabdb71c859b829') in 0.0125595 seconds
Number of updated asset objects reloaded before import = 0Number of asset objects unloaded after import = 9

========================================================================
Received Import Request.
  Time since last request: 0.000044 seconds.
  path: Assets/_Barking_Dog/_3D Scifi Base Vol 1/Meshes/Pipes_Insert_07.FBX
  artifactKey: Guid(a384d379c0dea4070bdc016766dfcbcb) Importer(2089858483,b0f066a214c2f5e87bad3c948f4d605d)
Start importing Assets/_Barking_Dog/_3D Scifi Base Vol 1/Meshes/Pipes_Insert_07.FBX using Guid(a384d379c0dea4070bdc016766dfcbcb) Importer(2089858483,b0f066a214c2f5e87bad3c948f4d605d) (ScriptedImporter) -> (artifact id: '23ba72a9d119de679fd8acd2af107071') in 0.0193971 seconds
Number of updated asset objects reloaded before import = 0Number of asset objects unloaded after import = 8

========================================================================
Received Import Request.
  Time since last request: 0.000049 seconds.
  path: Assets/_Barking_Dog/_3D Scifi Base Vol 1/Meshes/Laser_Fence_02.FBX
  artifactKey: Guid(77f90d04e6db44d0599ec2f55063cd37) Importer(2089858483,b0f066a214c2f5e87bad3c948f4d605d)
Start importing Assets/_Barking_Dog/_3D Scifi Base Vol 1/Meshes/Laser_Fence_02.FBX using Guid(77f90d04e6db44d0599ec2f55063cd37) Importer(2089858483,b0f066a214c2f5e87bad3c948f4d605d) (ScriptedImporter) -> (artifact id: 'c98d2cf12f3bcf491ccd7297c3017038') in 0.0169049 seconds
Number of updated asset objects reloaded before import = 0Number of asset objects unloaded after import = 9

========================================================================
Received Import Request.
  Time since last request: 0.000041 seconds.
  path: Assets/_Barking_Dog/_3D Scifi Base Vol 1/Meshes/Corridor_HallRing_01.FBX
  artifactKey: Guid(94aea3ef740bf40298ad0bf8f31cf61a) Importer(2089858483,b0f066a214c2f5e87bad3c948f4d605d)
Start importing Assets/_Barking_Dog/_3D Scifi Base Vol 1/Meshes/Corridor_HallRing_01.FBX using Guid(94aea3ef740bf40298ad0bf8f31cf61a) Importer(2089858483,b0f066a214c2f5e87bad3c948f4d605d) (ScriptedImporter) -> (artifact id: '95494e671d78a90380a7f8524579e1b5') in 0.0143687 seconds
Number of updated asset objects reloaded before import = 0Number of asset objects unloaded after import = 9

========================================================================
Received Import Request.
  Time since last request: 0.000059 seconds.
  path: Assets/_Barking_Dog/_3D Scifi Base Vol 1/Meshes/Pipe_End_03.FBX
  artifactKey: Guid(f3b56ed43c6534b1c81f98e00047f7f4) Importer(2089858483,b0f066a214c2f5e87bad3c948f4d605d)
Start importing Assets/_Barking_Dog/_3D Scifi Base Vol 1/Meshes/Pipe_End_03.FBX using Guid(f3b56ed43c6534b1c81f98e00047f7f4) Importer(2089858483,b0f066a214c2f5e87bad3c948f4d605d) (ScriptedImporter) -> (artifact id: '33cb76b7d9d831e3405a85dd055c9022') in 0.0138508 seconds
Number of updated asset objects reloaded before import = 0Number of asset objects unloaded after import = 9

========================================================================
Received Import Request.
  Time since last request: 0.000029 seconds.
  path: Assets/_Barking_Dog/_3D Scifi Base Vol 1/Meshes/Grid_Plateform_01.FBX
  artifactKey: Guid(32204719b094445edbac52de78599a02) Importer(2089858483,b0f066a214c2f5e87bad3c948f4d605d)
Start importing Assets/_Barking_Dog/_3D Scifi Base Vol 1/Meshes/Grid_Plateform_01.FBX using Guid(32204719b094445edbac52de78599a02) Importer(2089858483,b0f066a214c2f5e87bad3c948f4d605d) (ScriptedImporter) -> (artifact id: '955b739e01ff737a08bb6b3bef3b9efa') in 0.022076 seconds
Number of updated asset objects reloaded before import = 0Number of asset objects unloaded after import = 10

========================================================================
Received Import Request.
  Time since last request: 0.000045 seconds.
  path: Assets/_Barking_Dog/_3D Scifi Base Vol 1/Meshes/Wall_Heal_01.FBX
  artifactKey: Guid(b369538665dbf4bf581099f830001114) Importer(2089858483,b0f066a214c2f5e87bad3c948f4d605d)
Start importing Assets/_Barking_Dog/_3D Scifi Base Vol 1/Meshes/Wall_Heal_01.FBX using Guid(b369538665dbf4bf581099f830001114) Importer(2089858483,b0f066a214c2f5e87bad3c948f4d605d) (ScriptedImporter) -> (artifact id: 'da928a253a951e7d515eb55991a15fc6') in 0.0259356 seconds
Number of updated asset objects reloaded before import = 0Number of asset objects unloaded after import = 9

========================================================================
Received Import Request.
  Time since last request: 0.000053 seconds.
  path: Assets/_Barking_Dog/_3D Scifi Base Vol 1/Meshes/Wall_Normal_01.FBX
  artifactKey: Guid(7d0a93f36d958461389bb569c0bc06ec) Importer(2089858483,b0f066a214c2f5e87bad3c948f4d605d)
Start importing Assets/_Barking_Dog/_3D Scifi Base Vol 1/Meshes/Wall_Normal_01.FBX using Guid(7d0a93f36d958461389bb569c0bc06ec) Importer(2089858483,b0f066a214c2f5e87bad3c948f4d605d) (ScriptedImporter) -> (artifact id: '9733a2b814bda865b64b1c4236c3d33d') in 0.0126143 seconds
Number of updated asset objects reloaded before import = 0Number of asset objects unloaded after import = 10

========================================================================
Received Import Request.
  Time since last request: 0.000064 seconds.
  path: Assets/_Barking_Dog/_3D Scifi Base Vol 1/Meshes/Roof_Cache_09.FBX
  artifactKey: Guid(acc9eee6218a04b07a91139a0a4c3cfc) Importer(2089858483,b0f066a214c2f5e87bad3c948f4d605d)
Start importing Assets/_Barking_Dog/_3D Scifi Base Vol 1/Meshes/Roof_Cache_09.FBX using Guid(acc9eee6218a04b07a91139a0a4c3cfc) Importer(2089858483,b0f066a214c2f5e87bad3c948f4d605d) (ScriptedImporter) -> (artifact id: '0095d7ffa931147bb6db04da6292cbe4') in 0.0128464 seconds
Number of updated asset objects reloaded before import = 0Number of asset objects unloaded after import = 8

========================================================================
Received Import Request.
  Time since last request: 0.000029 seconds.
  path: Assets/_Barking_Dog/_3D Scifi Base Vol 1/Meshes/Technical_Cab_01.FBX
  artifactKey: Guid(602d351adffbb47ccb3502b8a5945389) Importer(2089858483,b0f066a214c2f5e87bad3c948f4d605d)
Start importing Assets/_Barking_Dog/_3D Scifi Base Vol 1/Meshes/Technical_Cab_01.FBX using Guid(602d351adffbb47ccb3502b8a5945389) Importer(2089858483,b0f066a214c2f5e87bad3c948f4d605d) (ScriptedImporter) -> (artifact id: '986eaae00116f5c39c4736e12caabd0e') in 0.0127594 seconds
Number of updated asset objects reloaded before import = 0Number of asset objects unloaded after import = 10

========================================================================
Received Import Request.
  Time since last request: 0.000046 seconds.
  path: Assets/_Barking_Dog/_3D Scifi Base Vol 1/Meshes/Wall_Half_01.FBX
  artifactKey: Guid(7a18954d6bde34eb5aa942b556e8b3cf) Importer(2089858483,b0f066a214c2f5e87bad3c948f4d605d)
Start importing Assets/_Barking_Dog/_3D Scifi Base Vol 1/Meshes/Wall_Half_01.FBX using Guid(7a18954d6bde34eb5aa942b556e8b3cf) Importer(2089858483,b0f066a214c2f5e87bad3c948f4d605d) (ScriptedImporter) -> (artifact id: 'd48e5f8a4b1f1873ffb822cc12131dc9') in 0.0194057 seconds
Number of updated asset objects reloaded before import = 0Number of asset objects unloaded after import = 10

========================================================================
Received Import Request.
  Time since last request: 0.000046 seconds.
  path: Assets/_Barking_Dog/_3D Scifi Base Vol 1/Meshes/Articulated_Support_01.FBX
  artifactKey: Guid(c955d0524a6d449be8459b6f27b56b6b) Importer(2089858483,b0f066a214c2f5e87bad3c948f4d605d)
Start importing Assets/_Barking_Dog/_3D Scifi Base Vol 1/Meshes/Articulated_Support_01.FBX using Guid(c955d0524a6d449be8459b6f27b56b6b) Importer(2089858483,b0f066a214c2f5e87bad3c948f4d605d) (ScriptedImporter) -> (artifact id: '1f192419b7be2bd3aa0fcc0b80f6b8f6') in 0.0131695 seconds
Number of updated asset objects reloaded before import = 0Number of asset objects unloaded after import = 19

========================================================================
Received Import Request.
  Time since last request: 0.000038 seconds.
  path: Assets/_Barking_Dog/_3D Scifi Base Vol 1/Meshes/Arc_RingHalf_01.FBX
  artifactKey: Guid(e6e0a9282de5343fc97226d5ce71bc8f) Importer(2089858483,b0f066a214c2f5e87bad3c948f4d605d)
Start importing Assets/_Barking_Dog/_3D Scifi Base Vol 1/Meshes/Arc_RingHalf_01.FBX using Guid(e6e0a9282de5343fc97226d5ce71bc8f) Importer(2089858483,b0f066a214c2f5e87bad3c948f4d605d) (ScriptedImporter) -> (artifact id: '3a2a00c6af961f79e7aff3e88dd4a4f9') in 0.0365752 seconds
Number of updated asset objects reloaded before import = 0Number of asset objects unloaded after import = 8

========================================================================
Received Import Request.
  Time since last request: 0.000039 seconds.
  path: Assets/_Barking_Dog/_3D Scifi Base Vol 1/Meshes/Wall_Normal_05.FBX
  artifactKey: Guid(720fa6cffb59f4010be156d92db937b4) Importer(2089858483,b0f066a214c2f5e87bad3c948f4d605d)
Start importing Assets/_Barking_Dog/_3D Scifi Base Vol 1/Meshes/Wall_Normal_05.FBX using Guid(720fa6cffb59f4010be156d92db937b4) Importer(2089858483,b0f066a214c2f5e87bad3c948f4d605d) (ScriptedImporter) -> (artifact id: 'f1fca8e7f433b3544a231f2e9d998cc2') in 0.0137075 seconds
Number of updated asset objects reloaded before import = 0Number of asset objects unloaded after import = 10

========================================================================
Received Import Request.
  Time since last request: 0.000048 seconds.
  path: Assets/_Barking_Dog/_3D Scifi Base Vol 1/Meshes/Radar_Big_01.FBX
  artifactKey: Guid(40426eb65447a471eb34564b33b53bf8) Importer(2089858483,b0f066a214c2f5e87bad3c948f4d605d)
Start importing Assets/_Barking_Dog/_3D Scifi Base Vol 1/Meshes/Radar_Big_01.FBX using Guid(40426eb65447a471eb34564b33b53bf8) Importer(2089858483,b0f066a214c2f5e87bad3c948f4d605d) (ScriptedImporter) -> (artifact id: '83a458877b37d126013f43b541413371') in 0.0194021 seconds
Number of updated asset objects reloaded before import = 0Number of asset objects unloaded after import = 13

========================================================================
Received Import Request.
  Time since last request: 0.000053 seconds.
  path: Assets/_Barking_Dog/_3D Scifi Base Vol 1/Meshes/Wall_Angle_06.FBX
  artifactKey: Guid(fc9dcd7a5d5bf4cf6977d0263aace266) Importer(2089858483,b0f066a214c2f5e87bad3c948f4d605d)
Start importing Assets/_Barking_Dog/_3D Scifi Base Vol 1/Meshes/Wall_Angle_06.FBX using Guid(fc9dcd7a5d5bf4cf6977d0263aace266) Importer(2089858483,b0f066a214c2f5e87bad3c948f4d605d) (ScriptedImporter) -> (artifact id: 'aa999ba1535ffcace50c65f4995a178d') in 0.0143294 seconds
Number of updated asset objects reloaded before import = 0Number of asset objects unloaded after import = 11

========================================================================
Received Import Request.
  Time since last request: 0.000037 seconds.
  path: Assets/_Barking_Dog/_3D Scifi Base Vol 1/Meshes/Floor_Normal_04.FBX
  artifactKey: Guid(a0154510783834c50bd9869a13a81cf0) Importer(2089858483,b0f066a214c2f5e87bad3c948f4d605d)
Start importing Assets/_Barking_Dog/_3D Scifi Base Vol 1/Meshes/Floor_Normal_04.FBX using Guid(a0154510783834c50bd9869a13a81cf0) Importer(2089858483,b0f066a214c2f5e87bad3c948f4d605d) (ScriptedImporter) -> (artifact id: 'cbc2634c802852bbceb88fcdd0ddeef1') in 0.0136524 seconds
Number of updated asset objects reloaded before import = 0Number of asset objects unloaded after import = 10

========================================================================
Received Import Request.
  Time since last request: 0.000032 seconds.
  path: Assets/_Barking_Dog/_3D Scifi Base Vol 1/Meshes/Plateforme_03.FBX
  artifactKey: Guid(1664be8a9274c4b358bba848d1bee075) Importer(2089858483,b0f066a214c2f5e87bad3c948f4d605d)
Start importing Assets/_Barking_Dog/_3D Scifi Base Vol 1/Meshes/Plateforme_03.FBX using Guid(1664be8a9274c4b358bba848d1bee075) Importer(2089858483,b0f066a214c2f5e87bad3c948f4d605d) (ScriptedImporter) -> (artifact id: '8ef4b993fca5112648b0cca7e5609c02') in 0.0123851 seconds
Number of updated asset objects reloaded before import = 0Number of asset objects unloaded after import = 11

========================================================================
Received Import Request.
  Time since last request: 0.000037 seconds.
  path: Assets/_Barking_Dog/_3D Scifi Base Vol 1/Meshes/Roof_Window_01.FBX
  artifactKey: Guid(3292cb705359447b2897451187ad8320) Importer(2089858483,b0f066a214c2f5e87bad3c948f4d605d)
Start importing Assets/_Barking_Dog/_3D Scifi Base Vol 1/Meshes/Roof_Window_01.FBX using Guid(3292cb705359447b2897451187ad8320) Importer(2089858483,b0f066a214c2f5e87bad3c948f4d605d) (ScriptedImporter) -> (artifact id: '89006f556dd715b4b7eee5aee04e76e9') in 0.0157992 seconds
Number of updated asset objects reloaded before import = 0Number of asset objects unloaded after import = 9

========================================================================
Received Import Request.
  Time since last request: 0.000070 seconds.
  path: Assets/_Barking_Dog/_3D Scifi Base Vol 1/Meshes/Roof_Angle_01.FBX
  artifactKey: Guid(0e56cf753a5ce4f9a98acf9a71b85b3a) Importer(2089858483,b0f066a214c2f5e87bad3c948f4d605d)
Start importing Assets/_Barking_Dog/_3D Scifi Base Vol 1/Meshes/Roof_Angle_01.FBX using Guid(0e56cf753a5ce4f9a98acf9a71b85b3a) Importer(2089858483,b0f066a214c2f5e87bad3c948f4d605d) (ScriptedImporter) -> (artifact id: 'c4c00e30fa753f624168d001fbe5c681') in 0.011752 seconds
Number of updated asset objects reloaded before import = 0Number of asset objects unloaded after import = 9

========================================================================
Received Import Request.
  Time since last request: 0.000046 seconds.
  path: Assets/_Barking_Dog/_3D Scifi Base Vol 1/Meshes/Pipe_End_01.FBX
  artifactKey: Guid(9684e1d8ae9fa4277ad749baab67365f) Importer(2089858483,b0f066a214c2f5e87bad3c948f4d605d)
Start importing Assets/_Barking_Dog/_3D Scifi Base Vol 1/Meshes/Pipe_End_01.FBX using Guid(9684e1d8ae9fa4277ad749baab67365f) Importer(2089858483,b0f066a214c2f5e87bad3c948f4d605d) (ScriptedImporter) -> (artifact id: '99252399c9364e8a744641c841a85a3d') in 0.0132822 seconds
Number of updated asset objects reloaded before import = 0Number of asset objects unloaded after import = 8

========================================================================
Received Import Request.
  Time since last request: 0.000035 seconds.
  path: Assets/_Barking_Dog/_3D Scifi Base Vol 1/Scripts/DoorVert.cs
  artifactKey: Guid(02aa1aee0b34d4ba8aa1c4a57fa0ed27) Importer(2089858483,b0f066a214c2f5e87bad3c948f4d605d)
Start importing Assets/_Barking_Dog/_3D Scifi Base Vol 1/Scripts/DoorVert.cs using Guid(02aa1aee0b34d4ba8aa1c4a57fa0ed27) Importer(2089858483,b0f066a214c2f5e87bad3c948f4d605d) (ScriptedImporter) -> (artifact id: 'b251685a271ea25e6959b3f19eca6bb1') in 0.0040633 seconds
Number of updated asset objects reloaded before import = 0Number of asset objects unloaded after import = 0

========================================================================
Received Import Request.
  Time since last request: 0.000029 seconds.
  path: Assets/_Barking_Dog/_3D Scifi Base Vol 1/Meshes/Rock_02.FBX
  artifactKey: Guid(f46f72fc04cd646f2b3d2015a47cacf4) Importer(2089858483,b0f066a214c2f5e87bad3c948f4d605d)
Start importing Assets/_Barking_Dog/_3D Scifi Base Vol 1/Meshes/Rock_02.FBX using Guid(f46f72fc04cd646f2b3d2015a47cacf4) Importer(2089858483,b0f066a214c2f5e87bad3c948f4d605d) (ScriptedImporter) -> (artifact id: '5fc93ef94258f5512a346728a0b93cde') in 0.0138033 seconds
Number of updated asset objects reloaded before import = 0Number of asset objects unloaded after import = 8

========================================================================
Received Import Request.
  Time since last request: 0.000035 seconds.
  path: Assets/_Barking_Dog/_3D Scifi Base Vol 1/Meshes/Air_Grid_02.FBX
  artifactKey: Guid(e4c47828e921e4714bce5b66b0532bb5) Importer(2089858483,b0f066a214c2f5e87bad3c948f4d605d)
Start importing Assets/_Barking_Dog/_3D Scifi Base Vol 1/Meshes/Air_Grid_02.FBX using Guid(e4c47828e921e4714bce5b66b0532bb5) Importer(2089858483,b0f066a214c2f5e87bad3c948f4d605d) (ScriptedImporter) -> (artifact id: 'acf740f5f722cd66ebf9e9e4314048fd') in 0.0154697 seconds
Number of updated asset objects reloaded before import = 0Number of asset objects unloaded after import = 8

========================================================================
Received Import Request.
  Time since last request: 0.000055 seconds.
  path: Assets/_Barking_Dog/_3D Scifi Base Vol 1/Meshes/Floor_Half_01.FBX
  artifactKey: Guid(8f0d2f143085c45e3a19999accef8d5c) Importer(2089858483,b0f066a214c2f5e87bad3c948f4d605d)
Start importing Assets/_Barking_Dog/_3D Scifi Base Vol 1/Meshes/Floor_Half_01.FBX using Guid(8f0d2f143085c45e3a19999accef8d5c) Importer(2089858483,b0f066a214c2f5e87bad3c948f4d605d) (ScriptedImporter) -> (artifact id: 'ea03c99fb4d3912885cc641c33cad0b7') in 0.011511 seconds
Number of updated asset objects reloaded before import = 0Number of asset objects unloaded after import = 9

========================================================================
Received Import Request.
  Time since last request: 0.000040 seconds.
  path: Assets/_Barking_Dog/_3D Scifi Base Vol 1/Meshes/Bench_01.FBX
  artifactKey: Guid(4091207e828134ba0bfbe74c700ec5b9) Importer(2089858483,b0f066a214c2f5e87bad3c948f4d605d)
Start importing Assets/_Barking_Dog/_3D Scifi Base Vol 1/Meshes/Bench_01.FBX using Guid(4091207e828134ba0bfbe74c700ec5b9) Importer(2089858483,b0f066a214c2f5e87bad3c948f4d605d) (ScriptedImporter) -> (artifact id: '7f2258e880e3d0350f0084737e3b1992') in 0.0126253 seconds
Number of updated asset objects reloaded before import = 0Number of asset objects unloaded after import = 9

========================================================================
Received Import Request.
  Time since last request: 0.000048 seconds.
  path: Assets/_Barking_Dog/_3D Scifi Base Vol 1/Meshes/Pillow_01.FBX
  artifactKey: Guid(4d1e2b73f78af4e018a288ae078abcb0) Importer(2089858483,b0f066a214c2f5e87bad3c948f4d605d)
Start importing Assets/_Barking_Dog/_3D Scifi Base Vol 1/Meshes/Pillow_01.FBX using Guid(4d1e2b73f78af4e018a288ae078abcb0) Importer(2089858483,b0f066a214c2f5e87bad3c948f4d605d) (ScriptedImporter) -> (artifact id: 'faae7e8e01d666f135cbddc5143de8de') in 0.0156903 seconds
Number of updated asset objects reloaded before import = 0Number of asset objects unloaded after import = 8

========================================================================
Received Import Request.
  Time since last request: 0.000057 seconds.
  path: Assets/_Barking_Dog/_3D Scifi Base Vol 1/Meshes/Roof_Normal_01.FBX
  artifactKey: Guid(c74ebb3cf43fe448b9b376f4f9c9bac8) Importer(2089858483,b0f066a214c2f5e87bad3c948f4d605d)
Start importing Assets/_Barking_Dog/_3D Scifi Base Vol 1/Meshes/Roof_Normal_01.FBX using Guid(c74ebb3cf43fe448b9b376f4f9c9bac8) Importer(2089858483,b0f066a214c2f5e87bad3c948f4d605d) (ScriptedImporter) -> (artifact id: '007a5429d4d2b015bda699f0c2167040') in 0.0173592 seconds
Number of updated asset objects reloaded before import = 0Number of asset objects unloaded after import = 8

========================================================================
Received Import Request.
  Time since last request: 0.000045 seconds.
  path: Assets/_Barking_Dog/_3D Scifi Base Vol 1/Sound/Machine.wav
  artifactKey: Guid(284c97ab4ab954a0d9c8de221d392040) Importer(2089858483,b0f066a214c2f5e87bad3c948f4d605d)
Start importing Assets/_Barking_Dog/_3D Scifi Base Vol 1/Sound/Machine.wav using Guid(284c97ab4ab954a0d9c8de221d392040) Importer(2089858483,b0f066a214c2f5e87bad3c948f4d605d) (ScriptedImporter) -> (artifact id: '5bc2b891000a7822e2623cfe06e246da') in 0.0476017 seconds
Number of updated asset objects reloaded before import = 0Number of asset objects unloaded after import = 1

========================================================================
Received Import Request.
  Time since last request: 0.000033 seconds.
  path: Assets/_Barking_Dog/_3D Scifi Base Vol 1/Sound/DoorPump.wav
  artifactKey: Guid(dc54991f0dba842cda2ec902cf69d83a) Importer(2089858483,b0f066a214c2f5e87bad3c948f4d605d)
Start importing Assets/_Barking_Dog/_3D Scifi Base Vol 1/Sound/DoorPump.wav using Guid(dc54991f0dba842cda2ec902cf69d83a) Importer(2089858483,b0f066a214c2f5e87bad3c948f4d605d) (ScriptedImporter) -> (artifact id: '530c9a4c958d90921239a638e528d58c') in 0.0260829 seconds
Number of updated asset objects reloaded before import = 0Number of asset objects unloaded after import = 1

========================================================================
Received Import Request.
  Time since last request: 0.000056 seconds.
  path: Assets/_Barking_Dog/_3D Scifi Base Vol 1/Scripts/ScrollTexture.cs
  artifactKey: Guid(9573cf9140ccd45e5b605ff9274393ce) Importer(2089858483,b0f066a214c2f5e87bad3c948f4d605d)
Start importing Assets/_Barking_Dog/_3D Scifi Base Vol 1/Scripts/ScrollTexture.cs using Guid(9573cf9140ccd45e5b605ff9274393ce) Importer(2089858483,b0f066a214c2f5e87bad3c948f4d605d) (ScriptedImporter) -> (artifact id: 'ed0f1ebbcf3b391ee3d79f23be3b9cc2') in 0.0049011 seconds
Number of updated asset objects reloaded before import = 0Number of asset objects unloaded after import = 0

========================================================================
Received Import Request.
  Time since last request: 0.000033 seconds.
  path: Assets/_Barking_Dog/_3D Scifi Base Vol 1/Meshes/Crate_Blue_Big_01.FBX
  artifactKey: Guid(0339c9fef4e4142e39ff489ed5620c4c) Importer(2089858483,b0f066a214c2f5e87bad3c948f4d605d)
Start importing Assets/_Barking_Dog/_3D Scifi Base Vol 1/Meshes/Crate_Blue_Big_01.FBX using Guid(0339c9fef4e4142e39ff489ed5620c4c) Importer(2089858483,b0f066a214c2f5e87bad3c948f4d605d) (ScriptedImporter) -> (artifact id: '39a6c8264cf70a240c0b742d48c4af83') in 0.014428 seconds
Number of updated asset objects reloaded before import = 0Number of asset objects unloaded after import = 13

========================================================================
Received Import Request.
  Time since last request: 0.000050 seconds.
  path: Assets/_Barking_Dog/_3D Scifi Base Vol 1/Meshes/Roof_Angle_04.FBX
  artifactKey: Guid(cc27f507e744f48bab797f6a72a8d140) Importer(2089858483,b0f066a214c2f5e87bad3c948f4d605d)
Start importing Assets/_Barking_Dog/_3D Scifi Base Vol 1/Meshes/Roof_Angle_04.FBX using Guid(cc27f507e744f48bab797f6a72a8d140) Importer(2089858483,b0f066a214c2f5e87bad3c948f4d605d) (ScriptedImporter) -> (artifact id: 'f5e09c27ff89b9f835968f7781a541e0') in 0.0111146 seconds
Number of updated asset objects reloaded before import = 0Number of asset objects unloaded after import = 8

========================================================================
Received Import Request.
  Time since last request: 0.000032 seconds.
  path: Assets/_Barking_Dog/_3D Scifi Base Vol 1/Meshes/Plateforme_02.FBX
  artifactKey: Guid(34357765291e648749ca4739f59c52f9) Importer(2089858483,b0f066a214c2f5e87bad3c948f4d605d)
Start importing Assets/_Barking_Dog/_3D Scifi Base Vol 1/Meshes/Plateforme_02.FBX using Guid(34357765291e648749ca4739f59c52f9) Importer(2089858483,b0f066a214c2f5e87bad3c948f4d605d) (ScriptedImporter) -> (artifact id: 'c2138a146e81b6df9d064d3cd9613806') in 0.0132513 seconds
Number of updated asset objects reloaded before import = 0Number of asset objects unloaded after import = 9

========================================================================
Received Import Request.
  Time since last request: 0.000028 seconds.
  path: Assets/_Barking_Dog/_3D Scifi Base Vol 1/Meshes/Wall_Window_02.FBX
  artifactKey: Guid(5be3977bfaed94dcdb086d8a1a655c18) Importer(2089858483,b0f066a214c2f5e87bad3c948f4d605d)
Start importing Assets/_Barking_Dog/_3D Scifi Base Vol 1/Meshes/Wall_Window_02.FBX using Guid(5be3977bfaed94dcdb086d8a1a655c18) Importer(2089858483,b0f066a214c2f5e87bad3c948f4d605d) (ScriptedImporter) -> (artifact id: '9df8cdc9974fe606d68dd329b5b2d2f7') in 0.0148381 seconds
Number of updated asset objects reloaded before import = 0Number of asset objects unloaded after import = 11

========================================================================
Received Import Request.
  Time since last request: 0.000031 seconds.
  path: Assets/_Barking_Dog/_3D Scifi Base Vol 1/Splat/Sand_01_Norm.png
  artifactKey: Guid(3f1efc81b93ef414f9c1e03a6e8a4134) Importer(2089858483,b0f066a214c2f5e87bad3c948f4d605d)
Start importing Assets/_Barking_Dog/_3D Scifi Base Vol 1/Splat/Sand_01_Norm.png using Guid(3f1efc81b93ef414f9c1e03a6e8a4134) Importer(2089858483,b0f066a214c2f5e87bad3c948f4d605d) (ScriptedImporter) -> (artifact id: 'a1e2decbabfedd9346584e816bd58069') in 0.0751831 seconds
Number of updated asset objects reloaded before import = 0Number of asset objects unloaded after import = 1

========================================================================
Received Import Request.
  Time since last request: 0.000059 seconds.
  path: Assets/_Barking_Dog/_3D Scifi Base Vol 1/Splat/Rock_01.png
  artifactKey: Guid(c27f398563b35744180f5d7a1589334c) Importer(2089858483,b0f066a214c2f5e87bad3c948f4d605d)
Start importing Assets/_Barking_Dog/_3D Scifi Base Vol 1/Splat/Rock_01.png using Guid(c27f398563b35744180f5d7a1589334c) Importer(2089858483,b0f066a214c2f5e87bad3c948f4d605d) (ScriptedImporter) -> (artifact id: '4e48e8e82372e6e47259d9d8249fed74') in 0.0112134 seconds
Number of updated asset objects reloaded before import = 0Number of asset objects unloaded after import = 1

========================================================================
Received Import Request.
  Time since last request: 0.000067 seconds.
  path: Assets/_Barking_Dog/_3D Scifi Base Vol 1/Meshes/Wall_Angle_01.FBX
  artifactKey: Guid(377dbeb2f62624778a343d390591627c) Importer(2089858483,b0f066a214c2f5e87bad3c948f4d605d)
Start importing Assets/_Barking_Dog/_3D Scifi Base Vol 1/Meshes/Wall_Angle_01.FBX using Guid(377dbeb2f62624778a343d390591627c) Importer(2089858483,b0f066a214c2f5e87bad3c948f4d605d) (ScriptedImporter) -> (artifact id: 'e72e7828e8fc39bfa451c7dba5ad02a8') in 0.0166568 seconds
Number of updated asset objects reloaded before import = 0Number of asset objects unloaded after import = 10

========================================================================
Received Import Request.
  Time since last request: 0.000044 seconds.
  path: Assets/_Barking_Dog/_3D Scifi Base Vol 1/Camera Profile.asset
  artifactKey: Guid(162a45839e0ffaa418cf67c45c44d51d) Importer(2089858483,b0f066a214c2f5e87bad3c948f4d605d)
Start importing Assets/_Barking_Dog/_3D Scifi Base Vol 1/Camera Profile.asset using Guid(162a45839e0ffaa418cf67c45c44d51d) Importer(2089858483,b0f066a214c2f5e87bad3c948f4d605d) (ScriptedImporter) -> (artifact id: 'ecdb8900431ba09e7eefb71bc078e99d') in 0.0042659 seconds
Number of updated asset objects reloaded before import = 0Number of asset objects unloaded after import = 1

========================================================================
Received Import Request.
  Time since last request: 0.000037 seconds.
  path: Assets/_Barking_Dog/_3D Scifi Base Vol 1/Meshes/Can_Blue_01.FBX
  artifactKey: Guid(95732c83204954786bf21a3191b013d1) Importer(2089858483,b0f066a214c2f5e87bad3c948f4d605d)
Start importing Assets/_Barking_Dog/_3D Scifi Base Vol 1/Meshes/Can_Blue_01.FBX using Guid(95732c83204954786bf21a3191b013d1) Importer(2089858483,b0f066a214c2f5e87bad3c948f4d605d) (ScriptedImporter) -> (artifact id: '638a08dca615699b94c5b22e0a622c36') in 0.0170874 seconds
Number of updated asset objects reloaded before import = 0Number of asset objects unloaded after import = 8

========================================================================
Received Import Request.
  Time since last request: 0.000029 seconds.
  path: Assets/_Barking_Dog/_3D Scifi Base Vol 1/Meshes/Floor_Small_01.FBX
  artifactKey: Guid(697a68547ad4d456cb3acab9f6353717) Importer(2089858483,b0f066a214c2f5e87bad3c948f4d605d)
Start importing Assets/_Barking_Dog/_3D Scifi Base Vol 1/Meshes/Floor_Small_01.FBX using Guid(697a68547ad4d456cb3acab9f6353717) Importer(2089858483,b0f066a214c2f5e87bad3c948f4d605d) (ScriptedImporter) -> (artifact id: '864ca2e2731b6df7f8c09b602b245476') in 0.014792 seconds
Number of updated asset objects reloaded before import = 0Number of asset objects unloaded after import = 8

========================================================================
Received Import Request.
  Time since last request: 0.000042 seconds.
  path: Assets/_Barking_Dog/_3D Scifi Base Vol 1/Meshes/Wall_Window_01.FBX
  artifactKey: Guid(dde41c38b0fcb47bba6f6630044590bd) Importer(2089858483,b0f066a214c2f5e87bad3c948f4d605d)
Start importing Assets/_Barking_Dog/_3D Scifi Base Vol 1/Meshes/Wall_Window_01.FBX using Guid(dde41c38b0fcb47bba6f6630044590bd) Importer(2089858483,b0f066a214c2f5e87bad3c948f4d605d) (ScriptedImporter) -> (artifact id: '0012f49ff544f39e932e5647b1cfc4ea') in 0.0177946 seconds
Number of updated asset objects reloaded before import = 0Number of asset objects unloaded after import = 11

========================================================================
Received Import Request.
  Time since last request: 0.000049 seconds.
  path: Assets/_Barking_Dog/_3D Scifi Base Vol 1/TerrainAutoUpgrade/layer_Rock_01Rock_01_Norm(8.000,8.000)(0.000,0.000)(0.000,0.000,0.000),0.530,0.393.terrainlayer
  artifactKey: Guid(c7ece9c614d19e64c8cdaf871965bcdd) Importer(2089858483,b0f066a214c2f5e87bad3c948f4d605d)
Start importing Assets/_Barking_Dog/_3D Scifi Base Vol 1/TerrainAutoUpgrade/layer_Rock_01Rock_01_Norm(8.000,8.000)(0.000,0.000)(0.000,0.000,0.000),0.530,0.393.terrainlayer using Guid(c7ece9c614d19e64c8cdaf871965bcdd) Importer(2089858483,b0f066a214c2f5e87bad3c948f4d605d) (ScriptedImporter) -> (artifact id: '4e5d1e11b7e7ed922fcdd3efeea46e7c') in 0.0653732 seconds
Number of updated asset objects reloaded before import = 0Number of asset objects unloaded after import = 3

========================================================================
Received Import Request.
  Time since last request: 0.000040 seconds.
  path: Assets/_Barking_Dog/_3D Scifi Base Vol 1/Splat/TerrainData.asset
  artifactKey: Guid(2f7c2fd4a801c724c89f934b7ce0165f) Importer(2089858483,b0f066a214c2f5e87bad3c948f4d605d)
Start importing Assets/_Barking_Dog/_3D Scifi Base Vol 1/Splat/TerrainData.asset using Guid(2f7c2fd4a801c724c89f934b7ce0165f) Importer(2089858483,b0f066a214c2f5e87bad3c948f4d605d) (ScriptedImporter) -> (artifact id: '5f2f033299f2dc1e855e775840d9fa2d') in 0.2369388 seconds
Number of updated asset objects reloaded before import = 0Number of asset objects unloaded after import = 194

========================================================================
Received Import Request.
  Time since last request: 0.000035 seconds.
  path: Assets/_Barking_Dog/_3D Scifi Base Vol 1/Meshes/Wall_Normal_03.FBX
  artifactKey: Guid(85699d585cffc45e790a2059218886e8) Importer(2089858483,b0f066a214c2f5e87bad3c948f4d605d)
Start importing Assets/_Barking_Dog/_3D Scifi Base Vol 1/Meshes/Wall_Normal_03.FBX using Guid(85699d585cffc45e790a2059218886e8) Importer(2089858483,b0f066a214c2f5e87bad3c948f4d605d) (ScriptedImporter) -> (artifact id: '48c2c4f64d1204d9a60fb0e4945b3ba1') in 0.017136 seconds
Number of updated asset objects reloaded before import = 0Number of asset objects unloaded after import = 10

========================================================================
Received Import Request.
  Time since last request: 0.000046 seconds.
  path: Assets/_Barking_Dog/_3D Scifi Base Vol 1/Meshes/Wall_Window_03.FBX
  artifactKey: Guid(28c52b0a49241464381f982975d3379c) Importer(2089858483,b0f066a214c2f5e87bad3c948f4d605d)
Start importing Assets/_Barking_Dog/_3D Scifi Base Vol 1/Meshes/Wall_Window_03.FBX using Guid(28c52b0a49241464381f982975d3379c) Importer(2089858483,b0f066a214c2f5e87bad3c948f4d605d) (ScriptedImporter) -> (artifact id: '033911e37f86c56790d24b03729bdf9b') in 0.0135042 seconds
Number of updated asset objects reloaded before import = 0Number of asset objects unloaded after import = 11

========================================================================
Received Import Request.
  Time since last request: 0.000039 seconds.
  path: Assets/_Barking_Dog/_3D Scifi Base Vol 1/Meshes/Lamp_Rotating_01.FBX
  artifactKey: Guid(463ca655bf1b54b7486a6e079a856ad1) Importer(2089858483,b0f066a214c2f5e87bad3c948f4d605d)
Start importing Assets/_Barking_Dog/_3D Scifi Base Vol 1/Meshes/Lamp_Rotating_01.FBX using Guid(463ca655bf1b54b7486a6e079a856ad1) Importer(2089858483,b0f066a214c2f5e87bad3c948f4d605d) (ScriptedImporter) -> (artifact id: '266a82fabc897a090e0d76c5027da7da') in 0.0272086 seconds
Number of updated asset objects reloaded before import = 0Number of asset objects unloaded after import = 9

========================================================================
Received Import Request.
  Time since last request: 0.000031 seconds.
  path: Assets/_Barking_Dog/_3D Scifi Base Vol 1/Meshes/Pipes_Insert_06.FBX
  artifactKey: Guid(7859fe9f062d74ef5afcd6ec9bf35d93) Importer(2089858483,b0f066a214c2f5e87bad3c948f4d605d)
Start importing Assets/_Barking_Dog/_3D Scifi Base Vol 1/Meshes/Pipes_Insert_06.FBX using Guid(7859fe9f062d74ef5afcd6ec9bf35d93) Importer(2089858483,b0f066a214c2f5e87bad3c948f4d605d) (ScriptedImporter) -> (artifact id: '28e8c6c800ad9f4ad20be721b9e38435') in 0.0163887 seconds
Number of updated asset objects reloaded before import = 0Number of asset objects unloaded after import = 8

========================================================================
Received Import Request.
  Time since last request: 0.000035 seconds.
  path: Assets/_Barking_Dog/_3D Scifi Base Vol 1/Meshes/Scanner_01.FBX
  artifactKey: Guid(63f3706f578414cb49ff25a8434d3f75) Importer(2089858483,b0f066a214c2f5e87bad3c948f4d605d)
Start importing Assets/_Barking_Dog/_3D Scifi Base Vol 1/Meshes/Scanner_01.FBX using Guid(63f3706f578414cb49ff25a8434d3f75) Importer(2089858483,b0f066a214c2f5e87bad3c948f4d605d) (ScriptedImporter) -> (artifact id: 'a848fa1c5fb0ca02a8d1456052bc309a') in 0.020544 seconds
Number of updated asset objects reloaded before import = 0Number of asset objects unloaded after import = 10

========================================================================
Received Import Request.
  Time since last request: 0.000042 seconds.
  path: Assets/_Barking_Dog/_3D Scifi Base Vol 1/Meshes/Ladder_01.FBX
  artifactKey: Guid(10cc89bf4aaf849e3bcc307762780a7f) Importer(2089858483,b0f066a214c2f5e87bad3c948f4d605d)
Start importing Assets/_Barking_Dog/_3D Scifi Base Vol 1/Meshes/Ladder_01.FBX using Guid(10cc89bf4aaf849e3bcc307762780a7f) Importer(2089858483,b0f066a214c2f5e87bad3c948f4d605d) (ScriptedImporter) -> (artifact id: '701dc5cf3cb41463b5e8f0638c75a17b') in 0.0145089 seconds
Number of updated asset objects reloaded before import = 0Number of asset objects unloaded after import = 8

========================================================================
Received Import Request.
  Time since last request: 0.000035 seconds.
  path: Assets/_Barking_Dog/_3D Scifi Base Vol 1/Splat/Grass_02.png
  artifactKey: Guid(f49bc021daa99c444a53f9bdd4f29a70) Importer(2089858483,b0f066a214c2f5e87bad3c948f4d605d)
Start importing Assets/_Barking_Dog/_3D Scifi Base Vol 1/Splat/Grass_02.png using Guid(f49bc021daa99c444a53f9bdd4f29a70) Importer(2089858483,b0f066a214c2f5e87bad3c948f4d605d) (ScriptedImporter) -> (artifact id: 'ff89b57552c4869f4925623d6e7b930d') in 0.0123177 seconds
Number of updated asset objects reloaded before import = 0Number of asset objects unloaded after import = 1

========================================================================
Received Import Request.
  Time since last request: 0.000035 seconds.
  path: Assets/_Barking_Dog/_3D Scifi Base Vol 1/Shader/ForceField.shader
  artifactKey: Guid(9e474fe5d1def4455b7d5a4ed28a54eb) Importer(2089858483,b0f066a214c2f5e87bad3c948f4d605d)
Start importing Assets/_Barking_Dog/_3D Scifi Base Vol 1/Shader/ForceField.shader using Guid(9e474fe5d1def4455b7d5a4ed28a54eb) Importer(2089858483,b0f066a214c2f5e87bad3c948f4d605d) (ScriptedImporter) -> (artifact id: '01d5e2776b9792b0268ce4631d3aff82') in 0.0120846 seconds
Number of updated asset objects reloaded before import = 0Number of asset objects unloaded after import = 1

========================================================================
Received Import Request.
  Time since last request: 0.000031 seconds.
  path: Assets/_Barking_Dog/_3D Scifi Base Vol 1/Textures/ForceField_02.mat
  artifactKey: Guid(16333a82eb73e4d9dbaf9ae7275e7980) Importer(2089858483,b0f066a214c2f5e87bad3c948f4d605d)
Start importing Assets/_Barking_Dog/_3D Scifi Base Vol 1/Textures/ForceField_02.mat using Guid(16333a82eb73e4d9dbaf9ae7275e7980) Importer(2089858483,b0f066a214c2f5e87bad3c948f4d605d) (ScriptedImporter) -> (artifact id: 'b0d1391660759f06038715245c1db041') in 0.0140395 seconds
Number of updated asset objects reloaded before import = 0Number of asset objects unloaded after import = 3

========================================================================
Received Import Request.
  Time since last request: 0.000047 seconds.
  path: Assets/_Barking_Dog/_3D Scifi Base Vol 1/Splat/Sand_01.png
  artifactKey: Guid(a64fc061a57bcf145876dc0762b30b67) Importer(2089858483,b0f066a214c2f5e87bad3c948f4d605d)
Start importing Assets/_Barking_Dog/_3D Scifi Base Vol 1/Splat/Sand_01.png using Guid(a64fc061a57bcf145876dc0762b30b67) Importer(2089858483,b0f066a214c2f5e87bad3c948f4d605d) (ScriptedImporter) -> (artifact id: '5b0f6cf4918058e6313373a6b8207fd0') in 0.0263913 seconds
Number of updated asset objects reloaded before import = 0Number of asset objects unloaded after import = 1

========================================================================
Received Import Request.
  Time since last request: 0.000030 seconds.
  path: Assets/_Barking_Dog/_3D Scifi Base Vol 1/TerrainAutoUpgrade/layer_Grass_02Grass_02_Norm(5.000,5.000)(0.000,0.000)(0.000,0.000,0.000),0.000,0.200.terrainlayer
  artifactKey: Guid(3e9be0bccca228a4c9547039db17a4f3) Importer(2089858483,b0f066a214c2f5e87bad3c948f4d605d)
Start importing Assets/_Barking_Dog/_3D Scifi Base Vol 1/TerrainAutoUpgrade/layer_Grass_02Grass_02_Norm(5.000,5.000)(0.000,0.000)(0.000,0.000,0.000),0.000,0.200.terrainlayer using Guid(3e9be0bccca228a4c9547039db17a4f3) Importer(2089858483,b0f066a214c2f5e87bad3c948f4d605d) (ScriptedImporter) -> (artifact id: '6fe90f09ad4d1118460aafae2f725a60') in 0.0073103 seconds
Number of updated asset objects reloaded before import = 0Number of asset objects unloaded after import = 3

========================================================================
Received Import Request.
  Time since last request: 0.000047 seconds.
  path: Assets/_Barking_Dog/_3D Scifi Base Vol 1/Meshes/Laser_Fence_01.FBX
  artifactKey: Guid(8763b72c5f0324604b0c819949ee24fd) Importer(2089858483,b0f066a214c2f5e87bad3c948f4d605d)
Start importing Assets/_Barking_Dog/_3D Scifi Base Vol 1/Meshes/Laser_Fence_01.FBX using Guid(8763b72c5f0324604b0c819949ee24fd) Importer(2089858483,b0f066a214c2f5e87bad3c948f4d605d) (ScriptedImporter) -> (artifact id: '5434014edb205d149eed7d831db95ee0') in 0.0165589 seconds
Number of updated asset objects reloaded before import = 0Number of asset objects unloaded after import = 9

========================================================================
Received Import Request.
  Time since last request: 0.000046 seconds.
  path: Assets/_Barking_Dog/_3D Scifi Base Vol 1/Meshes/Wall_Half_02.FBX
  artifactKey: Guid(3f9feced230cc4d69a08f5076b76cd54) Importer(2089858483,b0f066a214c2f5e87bad3c948f4d605d)
Start importing Assets/_Barking_Dog/_3D Scifi Base Vol 1/Meshes/Wall_Half_02.FBX using Guid(3f9feced230cc4d69a08f5076b76cd54) Importer(2089858483,b0f066a214c2f5e87bad3c948f4d605d) (ScriptedImporter) -> (artifact id: '7f0a207847b2a5fa1d44897c8a8c4d50') in 0.0199573 seconds
Number of updated asset objects reloaded before import = 0Number of asset objects unloaded after import = 8

========================================================================
Received Import Request.
  Time since last request: 0.000044 seconds.
  path: Assets/_Barking_Dog/_3D Scifi Base Vol 1/Meshes/Trashcan_01.FBX
  artifactKey: Guid(a0213a9b18ad449c0bfece12b4968801) Importer(2089858483,b0f066a214c2f5e87bad3c948f4d605d)
Start importing Assets/_Barking_Dog/_3D Scifi Base Vol 1/Meshes/Trashcan_01.FBX using Guid(a0213a9b18ad449c0bfece12b4968801) Importer(2089858483,b0f066a214c2f5e87bad3c948f4d605d) (ScriptedImporter) -> (artifact id: '8ec660aa197a12a66edf2c20278fd0c3') in 0.0114198 seconds
Number of updated asset objects reloaded before import = 0Number of asset objects unloaded after import = 8

========================================================================
Received Import Request.
  Time since last request: 0.000027 seconds.
  path: Assets/_Barking_Dog/_3D Scifi Base Vol 1/TerrainAutoUpgrade/layer_Sand_02Sand_02_Norm(10.000,10.000)(0.000,0.000)(0.000,0.000,0.000),0.000,0.200.terrainlayer
  artifactKey: Guid(e06bf7843751bf94992b44fd501f1230) Importer(2089858483,b0f066a214c2f5e87bad3c948f4d605d)
Start importing Assets/_Barking_Dog/_3D Scifi Base Vol 1/TerrainAutoUpgrade/layer_Sand_02Sand_02_Norm(10.000,10.000)(0.000,0.000)(0.000,0.000,0.000),0.000,0.200.terrainlayer using Guid(e06bf7843751bf94992b44fd501f1230) Importer(2089858483,b0f066a214c2f5e87bad3c948f4d605d) (ScriptedImporter) -> (artifact id: '448b846072cb408a4088abea5895af5b') in 0.0066368 seconds
Number of updated asset objects reloaded before import = 0Number of asset objects unloaded after import = 3

========================================================================
Received Import Request.
  Time since last request: 0.000044 seconds.
  path: Assets/_Barking_Dog/_3D Scifi Base Vol 1/Textures/Screen TV Sources.psd
  artifactKey: Guid(3589f786e3b3343c9b474952c3602fce) Importer(2089858483,b0f066a214c2f5e87bad3c948f4d605d)
Start importing Assets/_Barking_Dog/_3D Scifi Base Vol 1/Textures/Screen TV Sources.psd using Guid(3589f786e3b3343c9b474952c3602fce) Importer(2089858483,b0f066a214c2f5e87bad3c948f4d605d) (ScriptedImporter) -> (artifact id: '07c3c9e2e64b428a156c91a73925e9d7') in 0.0168181 seconds
Number of updated asset objects reloaded before import = 0Number of asset objects unloaded after import = 1

========================================================================
Received Import Request.
  Time since last request: 0.000025 seconds.
  path: Assets/_Barking_Dog/_3D Scifi Base Vol 1/Meshes/Wall_Normal_04.FBX
  artifactKey: Guid(b665ccadc31774dfb902fd6bc9df3aca) Importer(2089858483,b0f066a214c2f5e87bad3c948f4d605d)
Start importing Assets/_Barking_Dog/_3D Scifi Base Vol 1/Meshes/Wall_Normal_04.FBX using Guid(b665ccadc31774dfb902fd6bc9df3aca) Importer(2089858483,b0f066a214c2f5e87bad3c948f4d605d) (ScriptedImporter) -> (artifact id: '682a957b77fff6ea19a70b486009457f') in 0.0162937 seconds
Number of updated asset objects reloaded before import = 0Number of asset objects unloaded after import = 10

========================================================================
Received Import Request.
  Time since last request: 0.000031 seconds.
  path: Assets/_Barking_Dog/_3D Scifi Base Vol 1/Meshes/Roof_Angle_01_B.FBX
  artifactKey: Guid(e7681f8c8dc6447b4a0946d2a67d846a) Importer(2089858483,b0f066a214c2f5e87bad3c948f4d605d)
Start importing Assets/_Barking_Dog/_3D Scifi Base Vol 1/Meshes/Roof_Angle_01_B.FBX using Guid(e7681f8c8dc6447b4a0946d2a67d846a) Importer(2089858483,b0f066a214c2f5e87bad3c948f4d605d) (ScriptedImporter) -> (artifact id: 'eb7732ce26ce1c5cbdcf4a8e2064f1e3') in 0.0177782 seconds
Number of updated asset objects reloaded before import = 0Number of asset objects unloaded after import = 9

========================================================================
Received Import Request.
  Time since last request: 0.000067 seconds.
  path: Assets/_Barking_Dog/_3D Scifi Base Vol 1/Textures/Bubble_A.mat
  artifactKey: Guid(c5c9c4bc2a6a84497bdfecf2b74e24c8) Importer(2089858483,b0f066a214c2f5e87bad3c948f4d605d)
Start importing Assets/_Barking_Dog/_3D Scifi Base Vol 1/Textures/Bubble_A.mat using Guid(c5c9c4bc2a6a84497bdfecf2b74e24c8) Importer(2089858483,b0f066a214c2f5e87bad3c948f4d605d) (ScriptedImporter) -> (artifact id: 'ed7c2e80e3b88fe10b73fde6ef2eb48b') in 0.0055175 seconds
Number of updated asset objects reloaded before import = 0Number of asset objects unloaded after import = 2

========================================================================
Received Import Request.
  Time since last request: 0.000046 seconds.
  path: Assets/_Barking_Dog/_3D Scifi Base Vol 1/Textures/Intro.png
  artifactKey: Guid(7dfbf1342881b428a88b2b73408bf481) Importer(2089858483,b0f066a214c2f5e87bad3c948f4d605d)
Start importing Assets/_Barking_Dog/_3D Scifi Base Vol 1/Textures/Intro.png using Guid(7dfbf1342881b428a88b2b73408bf481) Importer(2089858483,b0f066a214c2f5e87bad3c948f4d605d) (ScriptedImporter) -> (artifact id: 'f174410192bb162eff4e77613186b9c6') in 0.0164028 seconds
Number of updated asset objects reloaded before import = 0Number of asset objects unloaded after import = 1

========================================================================
Received Import Request.
  Time since last request: 0.000032 seconds.
  path: Assets/_Barking_Dog/_3D Scifi Base Vol 1/Meshes/Corridor_HallRing_03.FBX
  artifactKey: Guid(bcf91a22905e145c39a063e9e35e0965) Importer(2089858483,b0f066a214c2f5e87bad3c948f4d605d)
Start importing Assets/_Barking_Dog/_3D Scifi Base Vol 1/Meshes/Corridor_HallRing_03.FBX using Guid(bcf91a22905e145c39a063e9e35e0965) Importer(2089858483,b0f066a214c2f5e87bad3c948f4d605d) (ScriptedImporter) -> (artifact id: '0c60f739de410310823d80ab7afe8c94') in 0.014183 seconds
Number of updated asset objects reloaded before import = 0Number of asset objects unloaded after import = 9

========================================================================
Received Import Request.
  Time since last request: 0.000031 seconds.
  path: Assets/_Barking_Dog/_3D Scifi Base Vol 1/Meshes/Computer_Angle_01.FBX
  artifactKey: Guid(1c8ac086d10f24007a9f1b849f0c40e3) Importer(2089858483,b0f066a214c2f5e87bad3c948f4d605d)
Start importing Assets/_Barking_Dog/_3D Scifi Base Vol 1/Meshes/Computer_Angle_01.FBX using Guid(1c8ac086d10f24007a9f1b849f0c40e3) Importer(2089858483,b0f066a214c2f5e87bad3c948f4d605d) (ScriptedImporter) -> (artifact id: '833f39dd1bdf6706b6d3cf29279884d0') in 0.0207678 seconds
Number of updated asset objects reloaded before import = 0Number of asset objects unloaded after import = 9

========================================================================
Received Import Request.
  Time since last request: 0.000035 seconds.
  path: Assets/_Barking_Dog/_3D Scifi Base Vol 1/Meshes/Roof_Cache_08.FBX
  artifactKey: Guid(a5fe18e86b99443a7b8191cb061bdc73) Importer(2089858483,b0f066a214c2f5e87bad3c948f4d605d)
Start importing Assets/_Barking_Dog/_3D Scifi Base Vol 1/Meshes/Roof_Cache_08.FBX using Guid(a5fe18e86b99443a7b8191cb061bdc73) Importer(2089858483,b0f066a214c2f5e87bad3c948f4d605d) (ScriptedImporter) -> (artifact id: 'e189035c78611b12af4b2ef652a1b116') in 0.0172804 seconds
Number of updated asset objects reloaded before import = 0Number of asset objects unloaded after import = 8

========================================================================
Received Import Request.
  Time since last request: 0.000046 seconds.
  path: Assets/_Barking_Dog/_3D Scifi Base Vol 1/Textures/Screen_03.mat
  artifactKey: Guid(6cb25da74286d48b8b7304baee790efd) Importer(2089858483,b0f066a214c2f5e87bad3c948f4d605d)
Start importing Assets/_Barking_Dog/_3D Scifi Base Vol 1/Textures/Screen_03.mat using Guid(6cb25da74286d48b8b7304baee790efd) Importer(2089858483,b0f066a214c2f5e87bad3c948f4d605d) (ScriptedImporter) -> (artifact id: '16788012e7c72f46a8613132f0658c25') in 0.0082532 seconds
Number of updated asset objects reloaded before import = 0Number of asset objects unloaded after import = 2

========================================================================
Received Import Request.
  Time since last request: 0.000056 seconds.
  path: Assets/_Barking_Dog/_3D Scifi Base Vol 1/Textures/Screen_04.png
  artifactKey: Guid(d562fd99c40fe4684b2c0898af80c704) Importer(2089858483,b0f066a214c2f5e87bad3c948f4d605d)
Start importing Assets/_Barking_Dog/_3D Scifi Base Vol 1/Textures/Screen_04.png using Guid(d562fd99c40fe4684b2c0898af80c704) Importer(2089858483,b0f066a214c2f5e87bad3c948f4d605d) (ScriptedImporter) -> (artifact id: '2e5e4c53ece9514e7d604dd120a4a2c4') in 0.0199546 seconds
Number of updated asset objects reloaded before import = 0Number of asset objects unloaded after import = 1

========================================================================
Received Import Request.
  Time since last request: 0.000045 seconds.
  path: Assets/_Barking_Dog/_3D Scifi Base Vol 1/Textures/Screen_03_Blend.mat
  artifactKey: Guid(0f52007b7d45849cfaa8392a2c32d5b1) Importer(2089858483,b0f066a214c2f5e87bad3c948f4d605d)
Start importing Assets/_Barking_Dog/_3D Scifi Base Vol 1/Textures/Screen_03_Blend.mat using Guid(0f52007b7d45849cfaa8392a2c32d5b1) Importer(2089858483,b0f066a214c2f5e87bad3c948f4d605d) (ScriptedImporter) -> (artifact id: '6c29c5f97b1a873f5fa58a82adfe5871') in 0.0063934 seconds
Number of updated asset objects reloaded before import = 0Number of asset objects unloaded after import = 2

========================================================================
Received Import Request.
  Time since last request: 0.000028 seconds.
  path: Assets/_Barking_Dog/_3D Scifi Base Vol 1/Textures/Screen_04.mat
  artifactKey: Guid(74a97ed4ace174514bb59c6e6fa8f89e) Importer(2089858483,b0f066a214c2f5e87bad3c948f4d605d)
Start importing Assets/_Barking_Dog/_3D Scifi Base Vol 1/Textures/Screen_04.mat using Guid(74a97ed4ace174514bb59c6e6fa8f89e) Importer(2089858483,b0f066a214c2f5e87bad3c948f4d605d) (ScriptedImporter) -> (artifact id: '0ae4df48bb7af45036862c965ab3f189') in 0.0069115 seconds
Number of updated asset objects reloaded before import = 0Number of asset objects unloaded after import = 2

========================================================================
Received Import Request.
  Time since last request: 0.000036 seconds.
  path: Assets/Scenes/SampleScene.unity
  artifactKey: Guid(99c9720ab356a0642a771bea13969a05) Importer(2089858483,e11c23a36db5f54750b8cd40eac0985b)
Start importing Assets/Scenes/SampleScene.unity using Guid(99c9720ab356a0642a771bea13969a05) Importer(2089858483,e11c23a36db5f54750b8cd40eac0985b) (ScriptedImporter)Opening scene 'Assets/Scenes/SampleScene.unity additively'
Loaded scene 'Assets/Scenes/SampleScene.unity'
	Deserialize:            5.669 ms
	Integration:            3.692 ms
	Integration of assets:  0.019 ms
	Thread Wait Time:       0.006 ms
	Total Operation Time:   9.386 ms
 -> (artifact id: 'fe8824e955029a5b899371a8ff7fc0c1') in 0.1049075 seconds
Number of updated asset objects reloaded before import = 0Number of asset objects unloaded after import = 1

========================================================================
Received Import Request.
  Time since last request: 0.000041 seconds.
  path: Assets/_Barking_Dog/_3D Scifi Base Vol 1/Meshes/Wall_Angle_05.FBX
  artifactKey: Guid(60bf6e348dae8417cb646cd5ee662a34) Importer(2089858483,b0f066a214c2f5e87bad3c948f4d605d)
Start importing Assets/_Barking_Dog/_3D Scifi Base Vol 1/Meshes/Wall_Angle_05.FBX using Guid(60bf6e348dae8417cb646cd5ee662a34) Importer(2089858483,b0f066a214c2f5e87bad3c948f4d605d) (ScriptedImporter) -> (artifact id: '2ed6e2d9b9b5ca33ee18dc02b2570378') in 0.0108467 seconds
Number of updated asset objects reloaded before import = 0Number of asset objects unloaded after import = 8

========================================================================
Received Import Request.
  Time since last request: 0.000030 seconds.
  path: Assets/_Barking_Dog/_3D Scifi Base Vol 1/Textures/Smoke.png
  artifactKey: Guid(fc99c246b186b41e4939ccf939541305) Importer(2089858483,b0f066a214c2f5e87bad3c948f4d605d)
Start importing Assets/_Barking_Dog/_3D Scifi Base Vol 1/Textures/Smoke.png using Guid(fc99c246b186b41e4939ccf939541305) Importer(2089858483,b0f066a214c2f5e87bad3c948f4d605d) (ScriptedImporter) -> (artifact id: '9c6fee627ae2703e13d5c50268f3c63d') in 0.0160731 seconds
Number of updated asset objects reloaded before import = 0Number of asset objects unloaded after import = 1

========================================================================
Received Import Request.
  Time since last request: 0.000029 seconds.
  path: Assets/_Barking_Dog/_3D Scifi Base Vol 1/Textures/Screen_04_Blend.mat
  artifactKey: Guid(5a046ba2baef44c1483f3be970fad5ba) Importer(2089858483,b0f066a214c2f5e87bad3c948f4d605d)
Start importing Assets/_Barking_Dog/_3D Scifi Base Vol 1/Textures/Screen_04_Blend.mat using Guid(5a046ba2baef44c1483f3be970fad5ba) Importer(2089858483,b0f066a214c2f5e87bad3c948f4d605d) (ScriptedImporter) -> (artifact id: 'eca0f1076e6162547382da6bd5dcda12') in 0.007065 seconds
Number of updated asset objects reloaded before import = 0Number of asset objects unloaded after import = 2

========================================================================
Received Import Request.
  Time since last request: 0.000041 seconds.
  path: Assets/_Barking_Dog/_3D Scifi Base Vol 1/Textures/Smoke.mat
  artifactKey: Guid(99e7cd036e4274b1591f5033e614c369) Importer(2089858483,b0f066a214c2f5e87bad3c948f4d605d)
Start importing Assets/_Barking_Dog/_3D Scifi Base Vol 1/Textures/Smoke.mat using Guid(99e7cd036e4274b1591f5033e614c369) Importer(2089858483,b0f066a214c2f5e87bad3c948f4d605d) (ScriptedImporter) -> (artifact id: 'f4715c789fa5ced5e42623a4c44636fe') in 0.0057823 seconds
Number of updated asset objects reloaded before import = 0Number of asset objects unloaded after import = 2

========================================================================
Received Import Request.
  Time since last request: 0.000037 seconds.
  path: Assets/_Barking_Dog/_3D Scifi Base Vol 1/Fx/Clouds.prefab
  artifactKey: Guid(1c7ea72e298504748b53f89e6140006e) Importer(2089858483,e11c23a36db5f54750b8cd40eac0985b)
Start importing Assets/_Barking_Dog/_3D Scifi Base Vol 1/Fx/Clouds.prefab using Guid(1c7ea72e298504748b53f89e6140006e) Importer(2089858483,e11c23a36db5f54750b8cd40eac0985b) (ScriptedImporter) -> (artifact id: 'fdaca53fdcfdccf2104b0c377f18debc') in 0.1042425 seconds
Number of updated asset objects reloaded before import = 0Number of asset objects unloaded after import = 8

========================================================================
Received Import Request.
  Time since last request: 0.000044 seconds.
  path: Assets/_Barking_Dog/_3D Scifi Base Vol 1/Meshes/Wall_Door_Small_01.FBX
  artifactKey: Guid(dffb923dd9b0f41e8b64ed2f135d0ffc) Importer(2089858483,b0f066a214c2f5e87bad3c948f4d605d)
Start importing Assets/_Barking_Dog/_3D Scifi Base Vol 1/Meshes/Wall_Door_Small_01.FBX using Guid(dffb923dd9b0f41e8b64ed2f135d0ffc) Importer(2089858483,b0f066a214c2f5e87bad3c948f4d605d) (ScriptedImporter) -> (artifact id: '14605be36cf2d80cd51e40bcb26ce421') in 0.0186015 seconds
Number of updated asset objects reloaded before import = 0Number of asset objects unloaded after import = 19

========================================================================
Received Import Request.
  Time since last request: 0.000039 seconds.
  path: Assets/_Barking_Dog/_3D Scifi Base Vol 1/Meshes/Floor_Normal_01.FBX
  artifactKey: Guid(d3be769db7fe44f7dbfe90edbc6dd573) Importer(2089858483,b0f066a214c2f5e87bad3c948f4d605d)
Start importing Assets/_Barking_Dog/_3D Scifi Base Vol 1/Meshes/Floor_Normal_01.FBX using Guid(d3be769db7fe44f7dbfe90edbc6dd573) Importer(2089858483,b0f066a214c2f5e87bad3c948f4d605d) (ScriptedImporter) -> (artifact id: '5453a105c7683c207d6ebe09855d22a0') in 0.0144122 seconds
Number of updated asset objects reloaded before import = 0Number of asset objects unloaded after import = 9

========================================================================
Received Import Request.
  Time since last request: 0.000066 seconds.
  path: Assets/_Barking_Dog/_3D Scifi Base Vol 1/Textures/Wall_Atlas_01_Metal_02.tif
  artifactKey: Guid(c9aad34050af442e1be8c66d993cf261) Importer(2089858483,b0f066a214c2f5e87bad3c948f4d605d)
Start importing Assets/_Barking_Dog/_3D Scifi Base Vol 1/Textures/Wall_Atlas_01_Metal_02.tif using Guid(c9aad34050af442e1be8c66d993cf261) Importer(2089858483,b0f066a214c2f5e87bad3c948f4d605d) (ScriptedImporter) -> (artifact id: '29732fe4a00cd913758437b7dce73851') in 0.0346075 seconds
Number of updated asset objects reloaded before import = 0Number of asset objects unloaded after import = 1

========================================================================
Received Import Request.
  Time since last request: 0.000048 seconds.
  path: Assets/_Barking_Dog/_3D Scifi Base Vol 1/Textures/Wall_Atlas_01_Ao.png
  artifactKey: Guid(7c28de6447a614ce18317c1e56543833) Importer(2089858483,b0f066a214c2f5e87bad3c948f4d605d)
Start importing Assets/_Barking_Dog/_3D Scifi Base Vol 1/Textures/Wall_Atlas_01_Ao.png using Guid(7c28de6447a614ce18317c1e56543833) Importer(2089858483,b0f066a214c2f5e87bad3c948f4d605d) (ScriptedImporter) -> (artifact id: '871c363c5a895e5b1a6c40acd39a453d') in 0.0210525 seconds
Number of updated asset objects reloaded before import = 0Number of asset objects unloaded after import = 1

========================================================================
Received Import Request.
  Time since last request: 0.000047 seconds.
  path: Assets/_Barking_Dog/_3D Scifi Base Vol 1/Textures/Wall_Atlas_01_Illum.png
  artifactKey: Guid(46bb27d443a6947b485dff4cc713a17a) Importer(2089858483,b0f066a214c2f5e87bad3c948f4d605d)
Start importing Assets/_Barking_Dog/_3D Scifi Base Vol 1/Textures/Wall_Atlas_01_Illum.png using Guid(46bb27d443a6947b485dff4cc713a17a) Importer(2089858483,b0f066a214c2f5e87bad3c948f4d605d) (ScriptedImporter) -> (artifact id: '0730b619bcff6e0027a74cfcdc10ee6a') in 0.0163361 seconds
Number of updated asset objects reloaded before import = 0Number of asset objects unloaded after import = 1

========================================================================
Received Import Request.
  Time since last request: 0.000039 seconds.
  path: Assets/_Barking_Dog/_3D Scifi Base Vol 1/Textures/Wall_Atlas_01_Dif.png
  artifactKey: Guid(e561a60e4f3a24f18b4f96562cc09198) Importer(2089858483,b0f066a214c2f5e87bad3c948f4d605d)
Start importing Assets/_Barking_Dog/_3D Scifi Base Vol 1/Textures/Wall_Atlas_01_Dif.png using Guid(e561a60e4f3a24f18b4f96562cc09198) Importer(2089858483,b0f066a214c2f5e87bad3c948f4d605d) (ScriptedImporter) -> (artifact id: '522fa75e7d008844ebb867495aa6b31a') in 0.1047123 seconds
Number of updated asset objects reloaded before import = 0Number of asset objects unloaded after import = 1

========================================================================
Received Import Request.
  Time since last request: 0.000036 seconds.
  path: Assets/_Barking_Dog/_3D Scifi Base Vol 1/Meshes/Roof_Angle_02_B.FBX
  artifactKey: Guid(daa25e35ab55648b88fe8cb44ee10ba3) Importer(2089858483,b0f066a214c2f5e87bad3c948f4d605d)
Start importing Assets/_Barking_Dog/_3D Scifi Base Vol 1/Meshes/Roof_Angle_02_B.FBX using Guid(daa25e35ab55648b88fe8cb44ee10ba3) Importer(2089858483,b0f066a214c2f5e87bad3c948f4d605d) (ScriptedImporter) -> (artifact id: '54223e7196b36522d693e98e31be699e') in 0.0174209 seconds
Number of updated asset objects reloaded before import = 0Number of asset objects unloaded after import = 8

========================================================================
Received Import Request.
  Time since last request: 0.000047 seconds.
  path: Assets/_Barking_Dog/_3D Scifi Base Vol 1/Splat/Sand_02_Norm.png
  artifactKey: Guid(b2efe22fb24f24e1bbfd83101ea0dbcb) Importer(2089858483,b0f066a214c2f5e87bad3c948f4d605d)
Start importing Assets/_Barking_Dog/_3D Scifi Base Vol 1/Splat/Sand_02_Norm.png using Guid(b2efe22fb24f24e1bbfd83101ea0dbcb) Importer(2089858483,b0f066a214c2f5e87bad3c948f4d605d) (ScriptedImporter) -> (artifact id: '31a11b05d3cbe7a82bc7185a2f789eba') in 0.0104118 seconds
Number of updated asset objects reloaded before import = 0Number of asset objects unloaded after import = 1

========================================================================
Received Import Request.
  Time since last request: 0.000034 seconds.
  path: Assets/_Barking_Dog/_3D Scifi Base Vol 1/Splat/Grass_02_Norm.png
  artifactKey: Guid(ff9c37cf0b00b41ec81f5b0c1386a696) Importer(2089858483,b0f066a214c2f5e87bad3c948f4d605d)
Start importing Assets/_Barking_Dog/_3D Scifi Base Vol 1/Splat/Grass_02_Norm.png using Guid(ff9c37cf0b00b41ec81f5b0c1386a696) Importer(2089858483,b0f066a214c2f5e87bad3c948f4d605d) (ScriptedImporter) -> (artifact id: '6fed2cb5f1fd827dd2d2e9b0ee78a85c') in 0.0119744 seconds
Number of updated asset objects reloaded before import = 0Number of asset objects unloaded after import = 1

========================================================================
Received Import Request.
  Time since last request: 0.000031 seconds.
  path: Assets/_Barking_Dog/_3D Scifi Base Vol 1/Textures/Screen_01_Blend.mat
  artifactKey: Guid(30a29e5b09f9d479ea0f7a1eeac3f257) Importer(2089858483,b0f066a214c2f5e87bad3c948f4d605d)
Start importing Assets/_Barking_Dog/_3D Scifi Base Vol 1/Textures/Screen_01_Blend.mat using Guid(30a29e5b09f9d479ea0f7a1eeac3f257) Importer(2089858483,b0f066a214c2f5e87bad3c948f4d605d) (ScriptedImporter) -> (artifact id: '7566ba8f94e28487f20a63f8eb3f3b75') in 0.0061127 seconds
Number of updated asset objects reloaded before import = 0Number of asset objects unloaded after import = 2

========================================================================
Received Import Request.
  Time since last request: 0.000034 seconds.
  path: Assets/_Barking_Dog/_3D Scifi Base Vol 1/Meshes/Dome_Roof_01.FBX
  artifactKey: Guid(410a5c00aa13b410eae593254628593c) Importer(2089858483,b0f066a214c2f5e87bad3c948f4d605d)
Start importing Assets/_Barking_Dog/_3D Scifi Base Vol 1/Meshes/Dome_Roof_01.FBX using Guid(410a5c00aa13b410eae593254628593c) Importer(2089858483,b0f066a214c2f5e87bad3c948f4d605d) (ScriptedImporter) -> (artifact id: '955e9ec02369d1837e927c6ad0905e2a') in 0.015176 seconds
Number of updated asset objects reloaded before import = 0Number of asset objects unloaded after import = 9

========================================================================
Received Import Request.
  Time since last request: 0.000048 seconds.
  path: Assets/_Barking_Dog/_3D Scifi Base Vol 1/Textures/Wall_Atlas_02_Dif_02.png
  artifactKey: Guid(b79064fa13d654663833fbbbb9ed20eb) Importer(2089858483,b0f066a214c2f5e87bad3c948f4d605d)
Start importing Assets/_Barking_Dog/_3D Scifi Base Vol 1/Textures/Wall_Atlas_02_Dif_02.png using Guid(b79064fa13d654663833fbbbb9ed20eb) Importer(2089858483,b0f066a214c2f5e87bad3c948f4d605d) (ScriptedImporter) -> (artifact id: '4a956a204213a05f6e177be51c96dbb6') in 0.0345158 seconds
Number of updated asset objects reloaded before import = 0Number of asset objects unloaded after import = 1

========================================================================
Received Import Request.
  Time since last request: 0.000040 seconds.
  path: Assets/_Barking_Dog/Common Scripts/MouseLook.cs
  artifactKey: Guid(f01bd4c86abb8314b810e35708a25532) Importer(2089858483,b0f066a214c2f5e87bad3c948f4d605d)
Start importing Assets/_Barking_Dog/Common Scripts/MouseLook.cs using Guid(f01bd4c86abb8314b810e35708a25532) Importer(2089858483,b0f066a214c2f5e87bad3c948f4d605d) (ScriptedImporter) -> (artifact id: '687f900996b0e655aa9d4ddebe9ac131') in 0.0046195 seconds
Number of updated asset objects reloaded before import = 0Number of asset objects unloaded after import = 0

========================================================================
Received Import Request.
  Time since last request: 0.000043 seconds.
  path: Assets/_Barking_Dog/_3D Scifi Base Vol 1/Meshes/Reactor_02.FBX
  artifactKey: Guid(2d7999f1c7dcc4e28a23741e53a53249) Importer(2089858483,b0f066a214c2f5e87bad3c948f4d605d)
Start importing Assets/_Barking_Dog/_3D Scifi Base Vol 1/Meshes/Reactor_02.FBX using Guid(2d7999f1c7dcc4e28a23741e53a53249) Importer(2089858483,b0f066a214c2f5e87bad3c948f4d605d) (ScriptedImporter) -> (artifact id: 'f319baa816c43741ffde5163dbc5d87f') in 0.0142699 seconds
Number of updated asset objects reloaded before import = 0Number of asset objects unloaded after import = 10

========================================================================
Received Import Request.
  Time since last request: 0.000042 seconds.
  path: Assets/_Barking_Dog/_3D Scifi Base Vol 1/Scripts/DoorHori.cs
  artifactKey: Guid(d94a21dd9acac4f8a9aa77608ddafdbf) Importer(2089858483,b0f066a214c2f5e87bad3c948f4d605d)
Start importing Assets/_Barking_Dog/_3D Scifi Base Vol 1/Scripts/DoorHori.cs using Guid(d94a21dd9acac4f8a9aa77608ddafdbf) Importer(2089858483,b0f066a214c2f5e87bad3c948f4d605d) (ScriptedImporter) -> (artifact id: '6955c227bc8b61edb7d25e24d3f8a05a') in 0.0043287 seconds
Number of updated asset objects reloaded before import = 0Number of asset objects unloaded after import = 0

========================================================================
Received Import Request.
  Time since last request: 0.000027 seconds.
  path: Assets/_Barking_Dog/_3D Scifi Base Vol 1/Textures/Wall_Atlas_03_Dif_02.png
  artifactKey: Guid(a77100fd8fba04a5a9b1d15b49205eb4) Importer(2089858483,b0f066a214c2f5e87bad3c948f4d605d)
Start importing Assets/_Barking_Dog/_3D Scifi Base Vol 1/Textures/Wall_Atlas_03_Dif_02.png using Guid(a77100fd8fba04a5a9b1d15b49205eb4) Importer(2089858483,b0f066a214c2f5e87bad3c948f4d605d) (ScriptedImporter) -> (artifact id: '56e78dc36f351de3c11cf5bf566c4b2c') in 0.0181888 seconds
Number of updated asset objects reloaded before import = 0Number of asset objects unloaded after import = 1

========================================================================
Received Import Request.
  Time since last request: 0.000033 seconds.
  path: Assets/_Barking_Dog/_3D Scifi Base Vol 1/Textures/Wall_Atlas_02_Norm_02.png
  artifactKey: Guid(6b0cb067c758848d1b8d7d70bc8b0510) Importer(2089858483,b0f066a214c2f5e87bad3c948f4d605d)
Start importing Assets/_Barking_Dog/_3D Scifi Base Vol 1/Textures/Wall_Atlas_02_Norm_02.png using Guid(6b0cb067c758848d1b8d7d70bc8b0510) Importer(2089858483,b0f066a214c2f5e87bad3c948f4d605d) (ScriptedImporter) -> (artifact id: 'a6e5670cde07d5d4345820f49e370bff') in 0.0351092 seconds
Number of updated asset objects reloaded before import = 0Number of asset objects unloaded after import = 1

========================================================================
Received Import Request.
  Time since last request: 0.000051 seconds.
  path: Assets/_Barking_Dog/_3D Scifi Base Vol 1/Textures/Wall_Atlas_03_Dif.png
  artifactKey: Guid(7595de1fb48414c11b8d0236505a4d33) Importer(2089858483,b0f066a214c2f5e87bad3c948f4d605d)
Start importing Assets/_Barking_Dog/_3D Scifi Base Vol 1/Textures/Wall_Atlas_03_Dif.png using Guid(7595de1fb48414c11b8d0236505a4d33) Importer(2089858483,b0f066a214c2f5e87bad3c948f4d605d) (ScriptedImporter) -> (artifact id: '50cdf3655204ba4bfbb8bcc45f845388') in 0.1226945 seconds
Number of updated asset objects reloaded before import = 0Number of asset objects unloaded after import = 1

========================================================================
Received Import Request.
  Time since last request: 0.000043 seconds.
  path: Assets/_Barking_Dog/_3D Scifi Base Vol 1/Meshes/Laptop_01.FBX
  artifactKey: Guid(15bf9d4d1ae3046f4af92b07a042dfe3) Importer(2089858483,b0f066a214c2f5e87bad3c948f4d605d)
Start importing Assets/_Barking_Dog/_3D Scifi Base Vol 1/Meshes/Laptop_01.FBX using Guid(15bf9d4d1ae3046f4af92b07a042dfe3) Importer(2089858483,b0f066a214c2f5e87bad3c948f4d605d) (ScriptedImporter) -> (artifact id: 'fafc6325ce8eb8c1eabe1ae972949099') in 0.012233 seconds
Number of updated asset objects reloaded before import = 0Number of asset objects unloaded after import = 18

========================================================================
Received Import Request.
  Time since last request: 0.000036 seconds.
  path: Assets/_Barking_Dog/_3D Scifi Base Vol 1/Textures/Skybox.mat
  artifactKey: Guid(a5a21c41e34774817b7a7fdf0d676534) Importer(2089858483,b0f066a214c2f5e87bad3c948f4d605d)
Start importing Assets/_Barking_Dog/_3D Scifi Base Vol 1/Textures/Skybox.mat using Guid(a5a21c41e34774817b7a7fdf0d676534) Importer(2089858483,b0f066a214c2f5e87bad3c948f4d605d) (ScriptedImporter) -> (artifact id: '94a70f7b2e1264028bfc9fbb20e3a8d0') in 0.0082002 seconds
Number of updated asset objects reloaded before import = 0Number of asset objects unloaded after import = 1

========================================================================
Received Import Request.
  Time since last request: 0.000072 seconds.
  path: Assets/_Barking_Dog/_3D Scifi Base Vol 1/Textures/Wall_Atlas_03_Norm_02.png
  artifactKey: Guid(bf946393576be407f9cb860565bc3476) Importer(2089858483,b0f066a214c2f5e87bad3c948f4d605d)
Start importing Assets/_Barking_Dog/_3D Scifi Base Vol 1/Textures/Wall_Atlas_03_Norm_02.png using Guid(bf946393576be407f9cb860565bc3476) Importer(2089858483,b0f066a214c2f5e87bad3c948f4d605d) (ScriptedImporter) -> (artifact id: '84ab5d8d0731f565d69458fc07130f83') in 0.0377791 seconds
Number of updated asset objects reloaded before import = 0Number of asset objects unloaded after import = 1

========================================================================
Received Import Request.
  Time since last request: 0.000033 seconds.
  path: Assets/_Barking_Dog/_3D Scifi Base Vol 1/Textures/Wall_Atlas_03_Norm.png
  artifactKey: Guid(a00e8066480c04b1cbbd633c7adafcb6) Importer(2089858483,b0f066a214c2f5e87bad3c948f4d605d)
Start importing Assets/_Barking_Dog/_3D Scifi Base Vol 1/Textures/Wall_Atlas_03_Norm.png using Guid(a00e8066480c04b1cbbd633c7adafcb6) Importer(2089858483,b0f066a214c2f5e87bad3c948f4d605d) (ScriptedImporter) -> (artifact id: '04319711063e07f8796acfb1e0adfb33') in 0.1909705 seconds
Number of updated asset objects reloaded before import = 0Number of asset objects unloaded after import = 1

========================================================================
Received Import Request.
  Time since last request: 0.000029 seconds.
  path: Assets/_Barking_Dog/_3D Scifi Base Vol 1/Meshes/Bed_Double_01.FBX
  artifactKey: Guid(34ce8fd5441f745ed9354472698208a2) Importer(2089858483,b0f066a214c2f5e87bad3c948f4d605d)
Start importing Assets/_Barking_Dog/_3D Scifi Base Vol 1/Meshes/Bed_Double_01.FBX using Guid(34ce8fd5441f745ed9354472698208a2) Importer(2089858483,b0f066a214c2f5e87bad3c948f4d605d) (ScriptedImporter) -> (artifact id: '69bee5775f2edbb8c6f3ce754ba63549') in 0.0142602 seconds
Number of updated asset objects reloaded before import = 0Number of asset objects unloaded after import = 9

========================================================================
Received Import Request.
  Time since last request: 0.000050 seconds.
  path: Assets/_Barking_Dog/_3D Scifi Base Vol 1/Meshes/Wall_TV_01.FBX
  artifactKey: Guid(9449de6b4f69541da942966c2538df95) Importer(2089858483,b0f066a214c2f5e87bad3c948f4d605d)
Start importing Assets/_Barking_Dog/_3D Scifi Base Vol 1/Meshes/Wall_TV_01.FBX using Guid(9449de6b4f69541da942966c2538df95) Importer(2089858483,b0f066a214c2f5e87bad3c948f4d605d) (ScriptedImporter) -> (artifact id: '3f95b0bac3a5531fd4919eda624349dc') in 0.0168089 seconds
Number of updated asset objects reloaded before import = 0Number of asset objects unloaded after import = 14

========================================================================
Received Import Request.
  Time since last request: 0.000047 seconds.
  path: Assets/_Barking_Dog/_3D Scifi Base Vol 1/Meshes/Roof_Cache_04_B.FBX
  artifactKey: Guid(2a9f9d51daa0148109cd122d5b047757) Importer(2089858483,b0f066a214c2f5e87bad3c948f4d605d)
Start importing Assets/_Barking_Dog/_3D Scifi Base Vol 1/Meshes/Roof_Cache_04_B.FBX using Guid(2a9f9d51daa0148109cd122d5b047757) Importer(2089858483,b0f066a214c2f5e87bad3c948f4d605d) (ScriptedImporter) -> (artifact id: '0464813ec2a99d81c1b64858df3b5d31') in 0.0110498 seconds
Number of updated asset objects reloaded before import = 0Number of asset objects unloaded after import = 8

========================================================================
Received Import Request.
  Time since last request: 0.000030 seconds.
  path: Assets/_Barking_Dog/_3D Scifi Base Vol 1/Textures/Wall_Atlas_04_Illum.png
  artifactKey: Guid(0989d8b38d8d34317908d0041a61a809) Importer(2089858483,b0f066a214c2f5e87bad3c948f4d605d)
Start importing Assets/_Barking_Dog/_3D Scifi Base Vol 1/Textures/Wall_Atlas_04_Illum.png using Guid(0989d8b38d8d34317908d0041a61a809) Importer(2089858483,b0f066a214c2f5e87bad3c948f4d605d) (ScriptedImporter) -> (artifact id: 'cd1a1c5424a6a5bde7ab090e4671df53') in 0.0190262 seconds
Number of updated asset objects reloaded before import = 0Number of asset objects unloaded after import = 1

========================================================================
Received Import Request.
  Time since last request: 0.000032 seconds.
  path: Assets/_Barking_Dog/_3D Scifi Base Vol 1/Textures/Wall_Atlas_04_Metal.tif
  artifactKey: Guid(bfb6d67acc6084c8a89a9de758773a96) Importer(2089858483,b0f066a214c2f5e87bad3c948f4d605d)
Start importing Assets/_Barking_Dog/_3D Scifi Base Vol 1/Textures/Wall_Atlas_04_Metal.tif using Guid(bfb6d67acc6084c8a89a9de758773a96) Importer(2089858483,b0f066a214c2f5e87bad3c948f4d605d) (ScriptedImporter) -> (artifact id: '82c7661449f066a9a3bddb3d07373d97') in 0.1948584 seconds
Number of updated asset objects reloaded before import = 0Number of asset objects unloaded after import = 1

========================================================================
Received Import Request.
  Time since last request: 0.000074 seconds.
  path: Assets/_Barking_Dog/_3D Scifi Base Vol 1/Textures/Wall_Atlas_04_Dif.png
  artifactKey: Guid(6a74a879f24be4b608096b1e2a97fb80) Importer(2089858483,b0f066a214c2f5e87bad3c948f4d605d)
Start importing Assets/_Barking_Dog/_3D Scifi Base Vol 1/Textures/Wall_Atlas_04_Dif.png using Guid(6a74a879f24be4b608096b1e2a97fb80) Importer(2089858483,b0f066a214c2f5e87bad3c948f4d605d) (ScriptedImporter) -> (artifact id: '291f3ec8a96324bcdc9447b2651731f3') in 0.097572 seconds
Number of updated asset objects reloaded before import = 0Number of asset objects unloaded after import = 1

========================================================================
Received Import Request.
  Time since last request: 0.000032 seconds.
  path: Assets/_Barking_Dog/_3D Scifi Base Vol 1/Meshes/Reactor_01.FBX
  artifactKey: Guid(ae0c31c8370b34f8ea6bb9e856384c0c) Importer(2089858483,b0f066a214c2f5e87bad3c948f4d605d)
Start importing Assets/_Barking_Dog/_3D Scifi Base Vol 1/Meshes/Reactor_01.FBX using Guid(ae0c31c8370b34f8ea6bb9e856384c0c) Importer(2089858483,b0f066a214c2f5e87bad3c948f4d605d) (ScriptedImporter) -> (artifact id: '5230f6aa0cfa914b2592fb05ca0ac6b2') in 0.0274736 seconds
Number of updated asset objects reloaded before import = 0Number of asset objects unloaded after import = 12

========================================================================
Received Import Request.
  Time since last request: 0.000040 seconds.
  path: Assets/_Barking_Dog/_3D Scifi Base Vol 1/Scripts/VertDoorManager.cs
  artifactKey: Guid(0313db33eb46842468a1b74193ee34b8) Importer(2089858483,b0f066a214c2f5e87bad3c948f4d605d)
Start importing Assets/_Barking_Dog/_3D Scifi Base Vol 1/Scripts/VertDoorManager.cs using Guid(0313db33eb46842468a1b74193ee34b8) Importer(2089858483,b0f066a214c2f5e87bad3c948f4d605d) (ScriptedImporter) -> (artifact id: 'ca6fa014fb11c450f2baf56b5136f3a9') in 0.0046685 seconds
Number of updated asset objects reloaded before import = 0Number of asset objects unloaded after import = 0

========================================================================
Received Import Request.
  Time since last request: 0.000048 seconds.
  path: Assets/_Barking_Dog/_3D Scifi Base Vol 1/Textures/Sparc_04.png
  artifactKey: Guid(02eae3ae00c314db0b55cea4c93b19e6) Importer(2089858483,b0f066a214c2f5e87bad3c948f4d605d)
Start importing Assets/_Barking_Dog/_3D Scifi Base Vol 1/Textures/Sparc_04.png using Guid(02eae3ae00c314db0b55cea4c93b19e6) Importer(2089858483,b0f066a214c2f5e87bad3c948f4d605d) (ScriptedImporter) -> (artifact id: 'cbfe3097944fe44ed2f105d370f4991a') in 0.0113467 seconds
Number of updated asset objects reloaded before import = 0Number of asset objects unloaded after import = 1

========================================================================
Received Import Request.
  Time since last request: 0.000047 seconds.
  path: Assets/_Barking_Dog/_3D Scifi Base Vol 1/Meshes/Roof_Cache_05.FBX
  artifactKey: Guid(007071fecbdb94399bb112deb21e3d46) Importer(2089858483,b0f066a214c2f5e87bad3c948f4d605d)
Start importing Assets/_Barking_Dog/_3D Scifi Base Vol 1/Meshes/Roof_Cache_05.FBX using Guid(007071fecbdb94399bb112deb21e3d46) Importer(2089858483,b0f066a214c2f5e87bad3c948f4d605d) (ScriptedImporter) -> (artifact id: '72a065442ad6952e27262b21f0703007') in 0.0201199 seconds
Number of updated asset objects reloaded before import = 0Number of asset objects unloaded after import = 8

========================================================================
Received Import Request.
  Time since last request: 0.000034 seconds.
  path: Assets/_Barking_Dog/_3D Scifi Base Vol 1/Meshes/Chair_01.FBX
  artifactKey: Guid(a358b055dafe74156be6e642960da48a) Importer(2089858483,b0f066a214c2f5e87bad3c948f4d605d)
Start importing Assets/_Barking_Dog/_3D Scifi Base Vol 1/Meshes/Chair_01.FBX using Guid(a358b055dafe74156be6e642960da48a) Importer(2089858483,b0f066a214c2f5e87bad3c948f4d605d) (ScriptedImporter) -> (artifact id: '358ca366759c38b860adaa054b4d4635') in 0.0141512 seconds
Number of updated asset objects reloaded before import = 0Number of asset objects unloaded after import = 14

========================================================================
Received Import Request.
  Time since last request: 0.000034 seconds.
  path: Assets/_Barking_Dog/_3D Scifi Base Vol 1/Meshes/Monitor_01.FBX
  artifactKey: Guid(49a4b8c77fa8a46b6920544b32b50fec) Importer(2089858483,b0f066a214c2f5e87bad3c948f4d605d)
Start importing Assets/_Barking_Dog/_3D Scifi Base Vol 1/Meshes/Monitor_01.FBX using Guid(49a4b8c77fa8a46b6920544b32b50fec) Importer(2089858483,b0f066a214c2f5e87bad3c948f4d605d) (ScriptedImporter) -> (artifact id: '47c8b6408f73600d8d399545f473846a') in 0.0146054 seconds
Number of updated asset objects reloaded before import = 0Number of asset objects unloaded after import = 28

========================================================================
Received Import Request.
  Time since last request: 0.000046 seconds.
  path: Assets/_Barking_Dog/_3D Scifi Base Vol 1/Meshes/Metal_Tube_01.FBX
  artifactKey: Guid(a7463d4884ff041a08a776e2c1694dd0) Importer(2089858483,b0f066a214c2f5e87bad3c948f4d605d)
Start importing Assets/_Barking_Dog/_3D Scifi Base Vol 1/Meshes/Metal_Tube_01.FBX using Guid(a7463d4884ff041a08a776e2c1694dd0) Importer(2089858483,b0f066a214c2f5e87bad3c948f4d605d) (ScriptedImporter) -> (artifact id: '54027956bbe2415eb4a8ca4dd3a021d0') in 0.0129025 seconds
Number of updated asset objects reloaded before import = 0Number of asset objects unloaded after import = 9

========================================================================
Received Import Request.
  Time since last request: 0.000032 seconds.
  path: Assets/_Barking_Dog/_3D Scifi Base Vol 1/Textures/Wall_Atlas_05_Dif.png
  artifactKey: Guid(6074e2bd9dbbe42f3b17053388997ce1) Importer(2089858483,b0f066a214c2f5e87bad3c948f4d605d)
Start importing Assets/_Barking_Dog/_3D Scifi Base Vol 1/Textures/Wall_Atlas_05_Dif.png using Guid(6074e2bd9dbbe42f3b17053388997ce1) Importer(2089858483,b0f066a214c2f5e87bad3c948f4d605d) (ScriptedImporter) -> (artifact id: '7e737e2915de0788d675c37c0db3c0c9') in 0.113429 seconds
Number of updated asset objects reloaded before import = 0Number of asset objects unloaded after import = 1

========================================================================
Received Import Request.
  Time since last request: 0.000030 seconds.
  path: Assets/_Barking_Dog/_3D Scifi Base Vol 1/Textures/Wall_Atlas_05_Ao.png
  artifactKey: Guid(b6764907fe96c40b6a69e505b3f0a0ae) Importer(2089858483,b0f066a214c2f5e87bad3c948f4d605d)
Start importing Assets/_Barking_Dog/_3D Scifi Base Vol 1/Textures/Wall_Atlas_05_Ao.png using Guid(b6764907fe96c40b6a69e505b3f0a0ae) Importer(2089858483,b0f066a214c2f5e87bad3c948f4d605d) (ScriptedImporter) -> (artifact id: '5c0226525090eeb8ee13fd46f8ba57ae') in 0.0174963 seconds
Number of updated asset objects reloaded before import = 0Number of asset objects unloaded after import = 1

========================================================================
Received Import Request.
  Time since last request: 0.000062 seconds.
  path: Assets/_Barking_Dog/_3D Scifi Base Vol 1/Textures/Wall_Atlas_05_Illum.png
  artifactKey: Guid(80c3968b117d54160925e9d8e5ff03dc) Importer(2089858483,b0f066a214c2f5e87bad3c948f4d605d)
Start importing Assets/_Barking_Dog/_3D Scifi Base Vol 1/Textures/Wall_Atlas_05_Illum.png using Guid(80c3968b117d54160925e9d8e5ff03dc) Importer(2089858483,b0f066a214c2f5e87bad3c948f4d605d) (ScriptedImporter) -> (artifact id: '4948bcf6084f5344973217637635c7ee') in 0.021179 seconds
Number of updated asset objects reloaded before import = 0Number of asset objects unloaded after import = 1

========================================================================
Received Import Request.
  Time since last request: 0.000033 seconds.
  path: Assets/_Barking_Dog/_3D Scifi Base Vol 1/Textures/Wall_Atlas_05_Norm.png
  artifactKey: Guid(ef5190f5407324d2cb4fc69b1cc0e815) Importer(2089858483,b0f066a214c2f5e87bad3c948f4d605d)
Start importing Assets/_Barking_Dog/_3D Scifi Base Vol 1/Textures/Wall_Atlas_05_Norm.png using Guid(ef5190f5407324d2cb4fc69b1cc0e815) Importer(2089858483,b0f066a214c2f5e87bad3c948f4d605d) (ScriptedImporter) -> (artifact id: '40692c7921f2f2050b639f9d24f88af5') in 0.1877684 seconds
Number of updated asset objects reloaded before import = 0Number of asset objects unloaded after import = 1

========================================================================
Received Import Request.
  Time since last request: 0.000045 seconds.
  path: Assets/_Barking_Dog/_3D Scifi Base Vol 1/Meshes/Wall_Normal_02.FBX
  artifactKey: Guid(c1950122ae6af41ac9dcd4d2aa9dee00) Importer(2089858483,b0f066a214c2f5e87bad3c948f4d605d)
Start importing Assets/_Barking_Dog/_3D Scifi Base Vol 1/Meshes/Wall_Normal_02.FBX using Guid(c1950122ae6af41ac9dcd4d2aa9dee00) Importer(2089858483,b0f066a214c2f5e87bad3c948f4d605d) (ScriptedImporter) -> (artifact id: 'cca6094dfe4c5e1387ff042dfbc3a6e7') in 0.0129582 seconds
Number of updated asset objects reloaded before import = 0Number of asset objects unloaded after import = 10

========================================================================
Received Import Request.
  Time since last request: 0.000039 seconds.
  path: Assets/_Barking_Dog/_3D Scifi Base Vol 1/Textures/Wall_Atlas_03_Metal.tif
  artifactKey: Guid(24888ab17a254425a9132fb248f093ba) Importer(2089858483,b0f066a214c2f5e87bad3c948f4d605d)
Start importing Assets/_Barking_Dog/_3D Scifi Base Vol 1/Textures/Wall_Atlas_03_Metal.tif using Guid(24888ab17a254425a9132fb248f093ba) Importer(2089858483,b0f066a214c2f5e87bad3c948f4d605d) (ScriptedImporter) -> (artifact id: '3c2b4e8005391954cae0ebff4e866c91') in 0.1923644 seconds
Number of updated asset objects reloaded before import = 0Number of asset objects unloaded after import = 1

========================================================================
Received Import Request.
  Time since last request: 0.000032 seconds.
  path: Assets/_Barking_Dog/_3D Scifi Base Vol 1/Scripts/OTween.cs
  artifactKey: Guid(740a9d4b1c6f54229a2cd7d5f3879bd6) Importer(2089858483,b0f066a214c2f5e87bad3c948f4d605d)
Start importing Assets/_Barking_Dog/_3D Scifi Base Vol 1/Scripts/OTween.cs using Guid(740a9d4b1c6f54229a2cd7d5f3879bd6) Importer(2089858483,b0f066a214c2f5e87bad3c948f4d605d) (ScriptedImporter) -> (artifact id: '06af99a9b0d70adccfd5cd0808c5c011') in 0.0045627 seconds
Number of updated asset objects reloaded before import = 0Number of asset objects unloaded after import = 0

========================================================================
Received Import Request.
  Time since last request: 0.000056 seconds.
  path: Assets/_Barking_Dog/_3D Scifi Base Vol 1/Textures/Wall_Atlas_01_Dif_02.png
  artifactKey: Guid(4eacdec8b5c094240abc0f26cec8e2f5) Importer(2089858483,b0f066a214c2f5e87bad3c948f4d605d)
Start importing Assets/_Barking_Dog/_3D Scifi Base Vol 1/Textures/Wall_Atlas_01_Dif_02.png using Guid(4eacdec8b5c094240abc0f26cec8e2f5) Importer(2089858483,b0f066a214c2f5e87bad3c948f4d605d) (ScriptedImporter) -> (artifact id: '1e2ade992cf55d82828a837efa269156') in 0.0163525 seconds
Number of updated asset objects reloaded before import = 0Number of asset objects unloaded after import = 1

========================================================================
Received Import Request.
  Time since last request: 0.000035 seconds.
  path: Assets/_Barking_Dog/_3D Scifi Base Vol 1/Textures/Wall_Atlas_06_Metal_02.tif
  artifactKey: Guid(4996bb5d1b17a4dedaa5ed5df39b0bf0) Importer(2089858483,b0f066a214c2f5e87bad3c948f4d605d)
Start importing Assets/_Barking_Dog/_3D Scifi Base Vol 1/Textures/Wall_Atlas_06_Metal_02.tif using Guid(4996bb5d1b17a4dedaa5ed5df39b0bf0) Importer(2089858483,b0f066a214c2f5e87bad3c948f4d605d) (ScriptedImporter) -> (artifact id: '85bc54e20e1f1955643dd6308c9f9b9b') in 0.0391239 seconds
Number of updated asset objects reloaded before import = 0Number of asset objects unloaded after import = 1

========================================================================
Received Import Request.
  Time since last request: 0.000057 seconds.
  path: Assets/_Barking_Dog/_3D Scifi Base Vol 1/Meshes/Pipes_Insert_01.FBX
  artifactKey: Guid(ce5b25822988c4de6a2e993175ab3e64) Importer(2089858483,b0f066a214c2f5e87bad3c948f4d605d)
Start importing Assets/_Barking_Dog/_3D Scifi Base Vol 1/Meshes/Pipes_Insert_01.FBX using Guid(ce5b25822988c4de6a2e993175ab3e64) Importer(2089858483,b0f066a214c2f5e87bad3c948f4d605d) (ScriptedImporter) -> (artifact id: '86c44f7f83a4222e792aecd73b39d098') in 0.0158903 seconds
Number of updated asset objects reloaded before import = 0Number of asset objects unloaded after import = 8

========================================================================
Received Import Request.
  Time since last request: 0.000031 seconds.
  path: Assets/_Barking_Dog/_3D Scifi Base Vol 1/Textures/Wall_Atlas_01_Norm_02.png
  artifactKey: Guid(a7868c86844444054af9ef496a30b99b) Importer(2089858483,b0f066a214c2f5e87bad3c948f4d605d)
Start importing Assets/_Barking_Dog/_3D Scifi Base Vol 1/Textures/Wall_Atlas_01_Norm_02.png using Guid(a7868c86844444054af9ef496a30b99b) Importer(2089858483,b0f066a214c2f5e87bad3c948f4d605d) (ScriptedImporter) -> (artifact id: '86c126fd80bf654460cd21a2efe3fd04') in 0.0395114 seconds
Number of updated asset objects reloaded before import = 0Number of asset objects unloaded after import = 1

========================================================================
Received Import Request.
  Time since last request: 0.000041 seconds.
  path: Assets/_Barking_Dog/_3D Scifi Base Vol 1/Meshes/Wall_Door_Small_02.FBX
  artifactKey: Guid(b469b0bb9e6314c91ab401004cadcfbd) Importer(2089858483,b0f066a214c2f5e87bad3c948f4d605d)
Start importing Assets/_Barking_Dog/_3D Scifi Base Vol 1/Meshes/Wall_Door_Small_02.FBX using Guid(b469b0bb9e6314c91ab401004cadcfbd) Importer(2089858483,b0f066a214c2f5e87bad3c948f4d605d) (ScriptedImporter) -> (artifact id: '407e50482aa0145f189ee6fab32d5e0c') in 0.0176317 seconds
Number of updated asset objects reloaded before import = 0Number of asset objects unloaded after import = 20

========================================================================
Received Import Request.
  Time since last request: 0.000037 seconds.
  path: Assets/_Barking_Dog/_3D Scifi Base Vol 1/Meshes/Fence_04.FBX
  artifactKey: Guid(f3b1ddedb2e094ebea95deee14a014c1) Importer(2089858483,b0f066a214c2f5e87bad3c948f4d605d)
Start importing Assets/_Barking_Dog/_3D Scifi Base Vol 1/Meshes/Fence_04.FBX using Guid(f3b1ddedb2e094ebea95deee14a014c1) Importer(2089858483,b0f066a214c2f5e87bad3c948f4d605d) (ScriptedImporter) -> (artifact id: 'e1827952d3afff9eaa5c0f22f375bfe7') in 0.012067 seconds
Number of updated asset objects reloaded before import = 0Number of asset objects unloaded after import = 8

========================================================================
Received Import Request.
  Time since last request: 0.000030 seconds.
  path: Assets/_Barking_Dog/_3D Scifi Base Vol 1/Meshes/Floor_Angle_01.FBX
  artifactKey: Guid(3beb63906591448f0b92fb02c9c0ca5a) Importer(2089858483,b0f066a214c2f5e87bad3c948f4d605d)
Start importing Assets/_Barking_Dog/_3D Scifi Base Vol 1/Meshes/Floor_Angle_01.FBX using Guid(3beb63906591448f0b92fb02c9c0ca5a) Importer(2089858483,b0f066a214c2f5e87bad3c948f4d605d) (ScriptedImporter) -> (artifact id: 'f4677be32f182643a4f242a0a160707e') in 0.0137228 seconds
Number of updated asset objects reloaded before import = 0Number of asset objects unloaded after import = 8

========================================================================
Received Import Request.
  Time since last request: 0.000080 seconds.
  path: Assets/_Barking_Dog/_3D Scifi Base Vol 1/Textures/Wall_Atlas_04_Norm.png
  artifactKey: Guid(e3f90849ad8214e808e56a0a1bbecace) Importer(2089858483,b0f066a214c2f5e87bad3c948f4d605d)
Start importing Assets/_Barking_Dog/_3D Scifi Base Vol 1/Textures/Wall_Atlas_04_Norm.png using Guid(e3f90849ad8214e808e56a0a1bbecace) Importer(2089858483,b0f066a214c2f5e87bad3c948f4d605d) (ScriptedImporter) -> (artifact id: 'ccae94f3befeb39bc329baeca57ebaa0') in 0.2519325 seconds
Number of updated asset objects reloaded before import = 0Number of asset objects unloaded after import = 1

========================================================================
Received Import Request.
  Time since last request: 0.000049 seconds.
  path: Assets/_Barking_Dog/_3D Scifi Base Vol 1/Textures/Wall_Atlas_07_Illum.png
  artifactKey: Guid(2fa2f247eb16049f48417217e1f0cead) Importer(2089858483,b0f066a214c2f5e87bad3c948f4d605d)
Start importing Assets/_Barking_Dog/_3D Scifi Base Vol 1/Textures/Wall_Atlas_07_Illum.png using Guid(2fa2f247eb16049f48417217e1f0cead) Importer(2089858483,b0f066a214c2f5e87bad3c948f4d605d) (ScriptedImporter) -> (artifact id: '8551ef49f5b37299d6510fcfd5a3a60b') in 0.0220462 seconds
Number of updated asset objects reloaded before import = 0Number of asset objects unloaded after import = 1

========================================================================
Received Import Request.
  Time since last request: 0.000028 seconds.
  path: Assets/_Barking_Dog/_3D Scifi Base Vol 1/Textures/Wall_Atlas_07_Dif_02.png
  artifactKey: Guid(315dd082dbcbc4597814280b804246b3) Importer(2089858483,b0f066a214c2f5e87bad3c948f4d605d)
Start importing Assets/_Barking_Dog/_3D Scifi Base Vol 1/Textures/Wall_Atlas_07_Dif_02.png using Guid(315dd082dbcbc4597814280b804246b3) Importer(2089858483,b0f066a214c2f5e87bad3c948f4d605d) (ScriptedImporter) -> (artifact id: 'a4b051c60e45c0b09b69a622ac2611e5') in 0.0203034 seconds
Number of updated asset objects reloaded before import = 0Number of asset objects unloaded after import = 1

========================================================================
Received Import Request.
  Time since last request: 0.000030 seconds.
  path: Assets/_Barking_Dog/_3D Scifi Base Vol 1/Meshes/Computer_Rack_02.FBX
  artifactKey: Guid(7b2e70c13b8414a0b85b1743d9a4f9cd) Importer(2089858483,b0f066a214c2f5e87bad3c948f4d605d)
Start importing Assets/_Barking_Dog/_3D Scifi Base Vol 1/Meshes/Computer_Rack_02.FBX using Guid(7b2e70c13b8414a0b85b1743d9a4f9cd) Importer(2089858483,b0f066a214c2f5e87bad3c948f4d605d) (ScriptedImporter) -> (artifact id: 'b5586aa92cc492f7147c0bf7bce83efc') in 0.0136536 seconds
Number of updated asset objects reloaded before import = 0Number of asset objects unloaded after import = 8

========================================================================
Received Import Request.
  Time since last request: 0.000065 seconds.
  path: Assets/_Barking_Dog/_3D Scifi Base Vol 1/Textures/Wall_Atlas_07_Norm.png
  artifactKey: Guid(740aebbe780594443879cd56e5a5796d) Importer(2089858483,b0f066a214c2f5e87bad3c948f4d605d)
Start importing Assets/_Barking_Dog/_3D Scifi Base Vol 1/Textures/Wall_Atlas_07_Norm.png using Guid(740aebbe780594443879cd56e5a5796d) Importer(2089858483,b0f066a214c2f5e87bad3c948f4d605d) (ScriptedImporter) -> (artifact id: 'f6eea9296f1d108e3e494c04737d0e9e') in 0.1862901 seconds
Number of updated asset objects reloaded before import = 0Number of asset objects unloaded after import = 1

========================================================================
Received Import Request.
  Time since last request: 0.000039 seconds.
  path: Assets/_Barking_Dog/_3D Scifi Base Vol 1/Textures/Wall_Atlas_08_Ao.png
  artifactKey: Guid(64bf301f148ff4ed494ceffa65862829) Importer(2089858483,b0f066a214c2f5e87bad3c948f4d605d)
Start importing Assets/_Barking_Dog/_3D Scifi Base Vol 1/Textures/Wall_Atlas_08_Ao.png using Guid(64bf301f148ff4ed494ceffa65862829) Importer(2089858483,b0f066a214c2f5e87bad3c948f4d605d) (ScriptedImporter) -> (artifact id: '392486356c62460f412d5bedf7cdc8e3') in 0.0193983 seconds
Number of updated asset objects reloaded before import = 0Number of asset objects unloaded after import = 1

========================================================================
Received Import Request.
  Time since last request: 0.000039 seconds.
  path: Assets/_Barking_Dog/_3D Scifi Base Vol 1/Meshes/Floor_Normal_03.FBX
  artifactKey: Guid(5e71470f7601049d088715a54224548e) Importer(2089858483,b0f066a214c2f5e87bad3c948f4d605d)
Start importing Assets/_Barking_Dog/_3D Scifi Base Vol 1/Meshes/Floor_Normal_03.FBX using Guid(5e71470f7601049d088715a54224548e) Importer(2089858483,b0f066a214c2f5e87bad3c948f4d605d) (ScriptedImporter) -> (artifact id: '4a98d023298394d70b330860ff1a7d62') in 0.0215991 seconds
Number of updated asset objects reloaded before import = 0Number of asset objects unloaded after import = 9

========================================================================
Received Import Request.
  Time since last request: 0.000026 seconds.
  path: Assets/_Barking_Dog/_3D Scifi Base Vol 1/Splat/Rock_01_Ao.png
  artifactKey: Guid(d24cd659ce0df425cb29e86e75f7ef77) Importer(2089858483,b0f066a214c2f5e87bad3c948f4d605d)
Start importing Assets/_Barking_Dog/_3D Scifi Base Vol 1/Splat/Rock_01_Ao.png using Guid(d24cd659ce0df425cb29e86e75f7ef77) Importer(2089858483,b0f066a214c2f5e87bad3c948f4d605d) (ScriptedImporter) -> (artifact id: '4320e8cb57fbc230f590bffc304d5ad5') in 0.0247886 seconds
Number of updated asset objects reloaded before import = 0Number of asset objects unloaded after import = 1

========================================================================
Received Import Request.
  Time since last request: 0.000032 seconds.
  path: Assets/_Barking_Dog/_3D Scifi Base Vol 1/Textures/Wall_Atlas_02_Ao.png
  artifactKey: Guid(bbd9684a8be8c43e19a7433d58d87b7f) Importer(2089858483,b0f066a214c2f5e87bad3c948f4d605d)
Start importing Assets/_Barking_Dog/_3D Scifi Base Vol 1/Textures/Wall_Atlas_02_Ao.png using Guid(bbd9684a8be8c43e19a7433d58d87b7f) Importer(2089858483,b0f066a214c2f5e87bad3c948f4d605d) (ScriptedImporter) -> (artifact id: '0abfb3917d00c2256956762e1f7c7c7c') in 0.0235377 seconds
Number of updated asset objects reloaded before import = 0Number of asset objects unloaded after import = 1

========================================================================
Received Import Request.
  Time since last request: 0.000043 seconds.
  path: Assets/_Barking_Dog/_3D Scifi Base Vol 1/Textures/Wall_Atlas_08_Illum.png
  artifactKey: Guid(a0fb0628ea4d242edb57185783dd4c4f) Importer(2089858483,b0f066a214c2f5e87bad3c948f4d605d)
Start importing Assets/_Barking_Dog/_3D Scifi Base Vol 1/Textures/Wall_Atlas_08_Illum.png using Guid(a0fb0628ea4d242edb57185783dd4c4f) Importer(2089858483,b0f066a214c2f5e87bad3c948f4d605d) (ScriptedImporter) -> (artifact id: 'b02b555e67d0f8f9bee40a1057eeee96') in 0.0180579 seconds
Number of updated asset objects reloaded before import = 0Number of asset objects unloaded after import = 1

========================================================================
Received Import Request.
  Time since last request: 0.000034 seconds.
  path: Assets/_Barking_Dog/_3D Scifi Base Vol 1/Textures/Wall_Atlas_08_Dif_02.png
  artifactKey: Guid(cd8f40e27a82f4670bbcca2cdbac5f37) Importer(2089858483,b0f066a214c2f5e87bad3c948f4d605d)
Start importing Assets/_Barking_Dog/_3D Scifi Base Vol 1/Textures/Wall_Atlas_08_Dif_02.png using Guid(cd8f40e27a82f4670bbcca2cdbac5f37) Importer(2089858483,b0f066a214c2f5e87bad3c948f4d605d) (ScriptedImporter) -> (artifact id: '4701889f3e129d88f2f0598c2d1ce1bf') in 0.0178905 seconds
Number of updated asset objects reloaded before import = 0Number of asset objects unloaded after import = 1

========================================================================
Received Import Request.
  Time since last request: 0.000025 seconds.
  path: Assets/_Barking_Dog/_3D Scifi Base Vol 1/Meshes/Roof_Normal_01_B.FBX
  artifactKey: Guid(6e0e1ef067f234ec6bad3fb4c3187176) Importer(2089858483,b0f066a214c2f5e87bad3c948f4d605d)
Start importing Assets/_Barking_Dog/_3D Scifi Base Vol 1/Meshes/Roof_Normal_01_B.FBX using Guid(6e0e1ef067f234ec6bad3fb4c3187176) Importer(2089858483,b0f066a214c2f5e87bad3c948f4d605d) (ScriptedImporter) -> (artifact id: 'd354e30602b760fb080ab87033599c4b') in 0.0121649 seconds
Number of updated asset objects reloaded before import = 0Number of asset objects unloaded after import = 8

========================================================================
Received Import Request.
  Time since last request: 0.000036 seconds.
  path: Assets/_Barking_Dog/_3D Scifi Base Vol 1/Splat/Sand_02.png
  artifactKey: Guid(b12ed5227b35eae4e98b8abfcad54f00) Importer(2089858483,b0f066a214c2f5e87bad3c948f4d605d)
Start importing Assets/_Barking_Dog/_3D Scifi Base Vol 1/Splat/Sand_02.png using Guid(b12ed5227b35eae4e98b8abfcad54f00) Importer(2089858483,b0f066a214c2f5e87bad3c948f4d605d) (ScriptedImporter) -> (artifact id: '69795905afbd634a433447ce86f9574f') in 0.0123543 seconds
Number of updated asset objects reloaded before import = 0Number of asset objects unloaded after import = 1

========================================================================
Received Import Request.
  Time since last request: 0.000061 seconds.
  path: Assets/_Barking_Dog/_3D Scifi Base Vol 1/Meshes/Ring_Light_01.FBX
  artifactKey: Guid(8c274ba9a101349aea8a938822d247d1) Importer(2089858483,b0f066a214c2f5e87bad3c948f4d605d)
Start importing Assets/_Barking_Dog/_3D Scifi Base Vol 1/Meshes/Ring_Light_01.FBX using Guid(8c274ba9a101349aea8a938822d247d1) Importer(2089858483,b0f066a214c2f5e87bad3c948f4d605d) (ScriptedImporter) -> (artifact id: 'ea81db964355f7bc80ab492e9c0fd5ec') in 0.0131843 seconds
Number of updated asset objects reloaded before import = 0Number of asset objects unloaded after import = 11

========================================================================
Received Import Request.
  Time since last request: 0.000051 seconds.
  path: Assets/_Barking_Dog/_3D Scifi Base Vol 1/Textures/Wall_Atlas_03_Illum.png
  artifactKey: Guid(c3201c4f3faf54b66887f7a888e0f3fa) Importer(2089858483,b0f066a214c2f5e87bad3c948f4d605d)
Start importing Assets/_Barking_Dog/_3D Scifi Base Vol 1/Textures/Wall_Atlas_03_Illum.png using Guid(c3201c4f3faf54b66887f7a888e0f3fa) Importer(2089858483,b0f066a214c2f5e87bad3c948f4d605d) (ScriptedImporter) -> (artifact id: '89230ccb80a26baa1bb18b5b44c23f33') in 0.0188047 seconds
Number of updated asset objects reloaded before import = 0Number of asset objects unloaded after import = 1

========================================================================
Received Import Request.
  Time since last request: 0.000026 seconds.
  path: Assets/_Barking_Dog/_3D Scifi Base Vol 1/Textures/Wall_Atlas_01_Norm.png
  artifactKey: Guid(91f8ed51312dd458eaa19e27b6e15c8d) Importer(2089858483,b0f066a214c2f5e87bad3c948f4d605d)
Start importing Assets/_Barking_Dog/_3D Scifi Base Vol 1/Textures/Wall_Atlas_01_Norm.png using Guid(91f8ed51312dd458eaa19e27b6e15c8d) Importer(2089858483,b0f066a214c2f5e87bad3c948f4d605d) (ScriptedImporter) -> (artifact id: '4c97fdfb2a4c953e31d360c2a8bebf4f') in 0.1993338 seconds
Number of updated asset objects reloaded before import = 0Number of asset objects unloaded after import = 1

========================================================================
Received Import Request.
  Time since last request: 0.000038 seconds.
  path: Assets/_Barking_Dog/_3D Scifi Base Vol 1/Meshes/Materials/Light_Blue.mat
  artifactKey: Guid(a4f3d0120bb764b00b154daab5b869a8) Importer(2089858483,b0f066a214c2f5e87bad3c948f4d605d)
Start importing Assets/_Barking_Dog/_3D Scifi Base Vol 1/Meshes/Materials/Light_Blue.mat using Guid(a4f3d0120bb764b00b154daab5b869a8) Importer(2089858483,b0f066a214c2f5e87bad3c948f4d605d) (ScriptedImporter) -> (artifact id: 'ac9dc3305f97ecabd4a5530e6bd96189') in 0.0065976 seconds
Number of updated asset objects reloaded before import = 0Number of asset objects unloaded after import = 1

========================================================================
Received Import Request.
  Time since last request: 0.000040 seconds.
  path: Assets/_Barking_Dog/_3D Scifi Base Vol 1/Textures/WaterBump.png
  artifactKey: Guid(db3b54edad747ea45843d50add794fcf) Importer(2089858483,b0f066a214c2f5e87bad3c948f4d605d)
Start importing Assets/_Barking_Dog/_3D Scifi Base Vol 1/Textures/WaterBump.png using Guid(db3b54edad747ea45843d50add794fcf) Importer(2089858483,b0f066a214c2f5e87bad3c948f4d605d) (ScriptedImporter) -> (artifact id: '3ddb625b7a5d1c6eb9654313cace8547') in 0.0211793 seconds
Number of updated asset objects reloaded before import = 0Number of asset objects unloaded after import = 1

========================================================================
Received Import Request.
  Time since last request: 0.000049 seconds.
  path: Assets/_Barking_Dog/_3D Scifi Base Vol 1/Meshes/Force_Field_01.FBX
  artifactKey: Guid(37ae2492592e9403998fe14d64a065af) Importer(2089858483,b0f066a214c2f5e87bad3c948f4d605d)
Start importing Assets/_Barking_Dog/_3D Scifi Base Vol 1/Meshes/Force_Field_01.FBX using Guid(37ae2492592e9403998fe14d64a065af) Importer(2089858483,b0f066a214c2f5e87bad3c948f4d605d) (ScriptedImporter) -> (artifact id: '10f69aa0cca737847de8e09f6886b497') in 0.0132791 seconds
Number of updated asset objects reloaded before import = 0Number of asset objects unloaded after import = 8

========================================================================
Received Import Request.
  Time since last request: 0.000054 seconds.
  path: Assets/_Barking_Dog/_3D Scifi Base Vol 1/Textures/Wall_Atlas_08_Dif.png
  artifactKey: Guid(5a4100a7aad684429ad3cfd0a99d2302) Importer(2089858483,b0f066a214c2f5e87bad3c948f4d605d)
Start importing Assets/_Barking_Dog/_3D Scifi Base Vol 1/Textures/Wall_Atlas_08_Dif.png using Guid(5a4100a7aad684429ad3cfd0a99d2302) Importer(2089858483,b0f066a214c2f5e87bad3c948f4d605d) (ScriptedImporter) -> (artifact id: '98274205eea6d414f20e2bee8435ceff') in 0.0921755 seconds
Number of updated asset objects reloaded before import = 0Number of asset objects unloaded after import = 1

========================================================================
Received Import Request.
  Time since last request: 0.000040 seconds.
  path: Assets/_Barking_Dog/_3D Scifi Base Vol 1/Meshes/Materials/Rocks_Dif.mat
  artifactKey: Guid(0baf9f617c5b3469c896365d92861c3c) Importer(2089858483,b0f066a214c2f5e87bad3c948f4d605d)
Start importing Assets/_Barking_Dog/_3D Scifi Base Vol 1/Meshes/Materials/Rocks_Dif.mat using Guid(0baf9f617c5b3469c896365d92861c3c) Importer(2089858483,b0f066a214c2f5e87bad3c948f4d605d) (ScriptedImporter) -> (artifact id: 'f8c1c31251a14f69de3d250a376a128c') in 0.0289058 seconds
Number of updated asset objects reloaded before import = 0Number of asset objects unloaded after import = 4

========================================================================
Received Import Request.
  Time since last request: 0.000045 seconds.
  path: Assets/_Barking_Dog/_3D Scifi Base Vol 1/Meshes/Materials/Wall_Atlas_01_Dif.mat
  artifactKey: Guid(bdfae30a12356452fa899b3ea77907b3) Importer(2089858483,b0f066a214c2f5e87bad3c948f4d605d)
Start importing Assets/_Barking_Dog/_3D Scifi Base Vol 1/Meshes/Materials/Wall_Atlas_01_Dif.mat using Guid(bdfae30a12356452fa899b3ea77907b3) Importer(2089858483,b0f066a214c2f5e87bad3c948f4d605d) (ScriptedImporter) -> (artifact id: '11d4255bed587a7d5c7bc4285cd2e9d4') in 0.095373 seconds
Number of updated asset objects reloaded before import = 0Number of asset objects unloaded after import = 6

========================================================================
Received Import Request.
  Time since last request: 0.000053 seconds.
  path: Assets/_Barking_Dog/_3D Scifi Base Vol 1/Textures/Wall_Atlas_08_Metal_02.tif
  artifactKey: Guid(1a478ae3692494fbd9e87601a42782ac) Importer(2089858483,b0f066a214c2f5e87bad3c948f4d605d)
Start importing Assets/_Barking_Dog/_3D Scifi Base Vol 1/Textures/Wall_Atlas_08_Metal_02.tif using Guid(1a478ae3692494fbd9e87601a42782ac) Importer(2089858483,b0f066a214c2f5e87bad3c948f4d605d) (ScriptedImporter) -> (artifact id: 'f99ee4be43d466559a4cd10ddb38fccd') in 0.0386962 seconds
Number of updated asset objects reloaded before import = 0Number of asset objects unloaded after import = 1

========================================================================
Received Import Request.
  Time since last request: 0.000031 seconds.
  path: Assets/_Barking_Dog/_3D Scifi Base Vol 1/Textures/Wall_Atlas_08_Norm_02.png
  artifactKey: Guid(8a4cf87b3a81047a7b1fc23d2e1c27cd) Importer(2089858483,b0f066a214c2f5e87bad3c948f4d605d)
Start importing Assets/_Barking_Dog/_3D Scifi Base Vol 1/Textures/Wall_Atlas_08_Norm_02.png using Guid(8a4cf87b3a81047a7b1fc23d2e1c27cd) Importer(2089858483,b0f066a214c2f5e87bad3c948f4d605d) (ScriptedImporter) -> (artifact id: '4bd432d7af68a82b22808591ccecea62') in 0.0366451 seconds
Number of updated asset objects reloaded before import = 0Number of asset objects unloaded after import = 1

========================================================================
Received Import Request.
  Time since last request: 0.000043 seconds.
  path: Assets/_Barking_Dog/_3D Scifi Base Vol 1/Meshes/Materials/Wall_Atlas_02_Dif_Alpha.mat
  artifactKey: Guid(33cac922f8a0948a7a33ed1b88809899) Importer(2089858483,b0f066a214c2f5e87bad3c948f4d605d)
Start importing Assets/_Barking_Dog/_3D Scifi Base Vol 1/Meshes/Materials/Wall_Atlas_02_Dif_Alpha.mat using Guid(33cac922f8a0948a7a33ed1b88809899) Importer(2089858483,b0f066a214c2f5e87bad3c948f4d605d) (ScriptedImporter) -> (artifact id: '68d65ea9e46b06df09e4978ef38482dc') in 0.1200086 seconds
Number of updated asset objects reloaded before import = 0Number of asset objects unloaded after import = 6

========================================================================
Received Import Request.
  Time since last request: 0.000036 seconds.
  path: Assets/_Barking_Dog/_3D Scifi Base Vol 1/Meshes/Materials/Wall_Atlas_03_Dif.mat
  artifactKey: Guid(4d3a0ed857f42449fb323471aea8e610) Importer(2089858483,b0f066a214c2f5e87bad3c948f4d605d)
Start importing Assets/_Barking_Dog/_3D Scifi Base Vol 1/Meshes/Materials/Wall_Atlas_03_Dif.mat using Guid(4d3a0ed857f42449fb323471aea8e610) Importer(2089858483,b0f066a214c2f5e87bad3c948f4d605d) (ScriptedImporter) -> (artifact id: '006472ee87f9b3af6ac8e782e36799bf') in 0.0889792 seconds
Number of updated asset objects reloaded before import = 0Number of asset objects unloaded after import = 6

========================================================================
Received Import Request.
  Time since last request: 0.000037 seconds.
  path: Assets/_Barking_Dog/_3D Scifi Base Vol 1/Meshes/Materials/Wall_Atlas_02_Dif.mat
  artifactKey: Guid(1ac847cb5cf114b8da3ff584b17377c0) Importer(2089858483,b0f066a214c2f5e87bad3c948f4d605d)
Start importing Assets/_Barking_Dog/_3D Scifi Base Vol 1/Meshes/Materials/Wall_Atlas_02_Dif.mat using Guid(1ac847cb5cf114b8da3ff584b17377c0) Importer(2089858483,b0f066a214c2f5e87bad3c948f4d605d) (ScriptedImporter) -> (artifact id: 'cf2d621bfda81a93cc4120a160262eab') in 0.1306014 seconds
Number of updated asset objects reloaded before import = 0Number of asset objects unloaded after import = 6

========================================================================
Received Import Request.
  Time since last request: 0.000054 seconds.
  path: Assets/_Barking_Dog/_3D Scifi Base Vol 1/Meshes/Materials/Wall_Atlas_06_Dif.mat
  artifactKey: Guid(14048f322290c4011b3c46546da90f66) Importer(2089858483,b0f066a214c2f5e87bad3c948f4d605d)
Start importing Assets/_Barking_Dog/_3D Scifi Base Vol 1/Meshes/Materials/Wall_Atlas_06_Dif.mat using Guid(14048f322290c4011b3c46546da90f66) Importer(2089858483,b0f066a214c2f5e87bad3c948f4d605d) (ScriptedImporter) -> (artifact id: 'e78b912d7380042fa253c42f4f8c9a18') in 0.1103114 seconds
Number of updated asset objects reloaded before import = 0Number of asset objects unloaded after import = 6

========================================================================
Received Import Request.
  Time since last request: 0.000056 seconds.
  path: Assets/_Barking_Dog/_3D Scifi Base Vol 1/Meshes/Materials/Wall_Atlas_04_Dif.mat
  artifactKey: Guid(7120ab67262e24480bbf596cf72c0c66) Importer(2089858483,b0f066a214c2f5e87bad3c948f4d605d)
Start importing Assets/_Barking_Dog/_3D Scifi Base Vol 1/Meshes/Materials/Wall_Atlas_04_Dif.mat using Guid(7120ab67262e24480bbf596cf72c0c66) Importer(2089858483,b0f066a214c2f5e87bad3c948f4d605d) (ScriptedImporter) -> (artifact id: '0f1caf2a97008795411202d3b4071b5a') in 0.0899292 seconds
Number of updated asset objects reloaded before import = 0Number of asset objects unloaded after import = 6

========================================================================
Received Import Request.
  Time since last request: 0.000054 seconds.
  path: Assets/_Barking_Dog/_3D Scifi Base Vol 1/Textures/Ring02.mat
  artifactKey: Guid(4d919afc6c51449878fa61011ecde745) Importer(2089858483,b0f066a214c2f5e87bad3c948f4d605d)
Start importing Assets/_Barking_Dog/_3D Scifi Base Vol 1/Textures/Ring02.mat using Guid(4d919afc6c51449878fa61011ecde745) Importer(2089858483,b0f066a214c2f5e87bad3c948f4d605d) (ScriptedImporter) -> (artifact id: '63523c09f38b1e6e7acfc0b2afac7261') in 0.0083943 seconds
Number of updated asset objects reloaded before import = 0Number of asset objects unloaded after import = 2

========================================================================
Received Import Request.
  Time since last request: 0.000077 seconds.
  path: Assets/_Barking_Dog/_3D Scifi Base Vol 1/Textures/Planet_01.mat
  artifactKey: Guid(64b1892604afd4ca8891b4939cbbc48f) Importer(2089858483,b0f066a214c2f5e87bad3c948f4d605d)
Start importing Assets/_Barking_Dog/_3D Scifi Base Vol 1/Textures/Planet_01.mat using Guid(64b1892604afd4ca8891b4939cbbc48f) Importer(2089858483,b0f066a214c2f5e87bad3c948f4d605d) (ScriptedImporter) -> (artifact id: 'b0d3ec8e6c6d2c18e6e45e23d0f1f8c8') in 0.0276846 seconds
Number of updated asset objects reloaded before import = 0Number of asset objects unloaded after import = 2

========================================================================
Received Import Request.
  Time since last request: 0.000040 seconds.
  path: Assets/_Barking_Dog/_3D Scifi Base Vol 1/Prefabs/_Build/P_Arc_Ring_Light_01.prefab
  artifactKey: Guid(869c4346659ec4be7b3e0ef898bb467c) Importer(2089858483,e11c23a36db5f54750b8cd40eac0985b)
Start importing Assets/_Barking_Dog/_3D Scifi Base Vol 1/Prefabs/_Build/P_Arc_Ring_Light_01.prefab using Guid(869c4346659ec4be7b3e0ef898bb467c) Importer(2089858483,e11c23a36db5f54750b8cd40eac0985b) (ScriptedImporter) -> (artifact id: '60f0dda320ddba81f5245807ebad5056') in 0.0420499 seconds
Number of updated asset objects reloaded before import = 0Number of asset objects unloaded after import = 22

========================================================================
Received Import Request.
  Time since last request: 0.000054 seconds.
  path: Assets/_Barking_Dog/_3D Scifi Base Vol 1/Prefabs/_Build/P_Articulated_Support_01.prefab
  artifactKey: Guid(165f7f4059f494d238e2e468529c3806) Importer(2089858483,e11c23a36db5f54750b8cd40eac0985b)
Start importing Assets/_Barking_Dog/_3D Scifi Base Vol 1/Prefabs/_Build/P_Articulated_Support_01.prefab using Guid(165f7f4059f494d238e2e468529c3806) Importer(2089858483,e11c23a36db5f54750b8cd40eac0985b) (ScriptedImporter) -> (artifact id: '0a3ba1a93cdfb8cd417a2509435d5ca4') in 0.0403623 seconds
Number of updated asset objects reloaded before import = 0Number of asset objects unloaded after import = 24

========================================================================
Received Import Request.
  Time since last request: 0.000038 seconds.
  path: Assets/_Barking_Dog/_3D Scifi Base Vol 1/Textures/Wall_Atlas_07_Dif.png
  artifactKey: Guid(f1ad2f9dc3d4642d58fe19feee252256) Importer(2089858483,b0f066a214c2f5e87bad3c948f4d605d)
Start importing Assets/_Barking_Dog/_3D Scifi Base Vol 1/Textures/Wall_Atlas_07_Dif.png using Guid(f1ad2f9dc3d4642d58fe19feee252256) Importer(2089858483,b0f066a214c2f5e87bad3c948f4d605d) (ScriptedImporter) -> (artifact id: '72f01a2ee7454565b78552bdd02931bf') in 0.1208784 seconds
Number of updated asset objects reloaded before import = 0Number of asset objects unloaded after import = 1

========================================================================
Received Import Request.
  Time since last request: 0.000038 seconds.
  path: Assets/_Barking_Dog/_3D Scifi Base Vol 1/Textures/Wall_Atlas_06_Norm_02.png
  artifactKey: Guid(61418d3db0f5d44a3b664af1c4b07863) Importer(2089858483,b0f066a214c2f5e87bad3c948f4d605d)
Start importing Assets/_Barking_Dog/_3D Scifi Base Vol 1/Textures/Wall_Atlas_06_Norm_02.png using Guid(61418d3db0f5d44a3b664af1c4b07863) Importer(2089858483,b0f066a214c2f5e87bad3c948f4d605d) (ScriptedImporter) -> (artifact id: '9620e6f53234b640706423321750e2d0') in 0.041418 seconds
Number of updated asset objects reloaded before import = 0Number of asset objects unloaded after import = 1

========================================================================
Received Import Request.
  Time since last request: 0.000032 seconds.
  path: Assets/_Barking_Dog/_3D Scifi Base Vol 1/Prefabs/_Build/P_Circular_Plateform_02.prefab
  artifactKey: Guid(4c3472220ea174b31833b81ce6d7bb4d) Importer(2089858483,e11c23a36db5f54750b8cd40eac0985b)
Start importing Assets/_Barking_Dog/_3D Scifi Base Vol 1/Prefabs/_Build/P_Circular_Plateform_02.prefab using Guid(4c3472220ea174b31833b81ce6d7bb4d) Importer(2089858483,e11c23a36db5f54750b8cd40eac0985b) (ScriptedImporter) -> (artifact id: 'f2ca74c568e7fc30d78aaf790ff72120') in 0.0601805 seconds
Number of updated asset objects reloaded before import = 0Number of asset objects unloaded after import = 82

========================================================================
Received Import Request.
  Time since last request: 0.000034 seconds.
  path: Assets/_Barking_Dog/_3D Scifi Base Vol 1/Prefabs/_Build/P_Circular_Plateform_01.prefab
  artifactKey: Guid(c25fa8c9932504ef389111f08026961c) Importer(2089858483,e11c23a36db5f54750b8cd40eac0985b)
Start importing Assets/_Barking_Dog/_3D Scifi Base Vol 1/Prefabs/_Build/P_Circular_Plateform_01.prefab using Guid(c25fa8c9932504ef389111f08026961c) Importer(2089858483,e11c23a36db5f54750b8cd40eac0985b) (ScriptedImporter) -> (artifact id: '098eb67fa640a3fdb4978b3a2c7638a4') in 0.0543467 seconds
Number of updated asset objects reloaded before import = 0Number of asset objects unloaded after import = 56

========================================================================
Received Import Request.
  Time since last request: 0.000064 seconds.
  path: Assets/_Barking_Dog/_3D Scifi Base Vol 1/Prefabs/_Build/P_Big_Support_02.prefab
  artifactKey: Guid(86c2bca869ba84766848201d3969fae2) Importer(2089858483,e11c23a36db5f54750b8cd40eac0985b)
Start importing Assets/_Barking_Dog/_3D Scifi Base Vol 1/Prefabs/_Build/P_Big_Support_02.prefab using Guid(86c2bca869ba84766848201d3969fae2) Importer(2089858483,e11c23a36db5f54750b8cd40eac0985b) (ScriptedImporter) -> (artifact id: 'dffcf76291d8dcecfb03324eb21325d1') in 0.0966392 seconds
Number of updated asset objects reloaded before import = 0Number of asset objects unloaded after import = 119

========================================================================
Received Import Request.
  Time since last request: 0.000028 seconds.
  path: Assets/_Barking_Dog/_3D Scifi Base Vol 1/Meshes/Materials/Glass.mat
  artifactKey: Guid(b08c8fcabaa454468be5524624d1e3ca) Importer(2089858483,b0f066a214c2f5e87bad3c948f4d605d)
Start importing Assets/_Barking_Dog/_3D Scifi Base Vol 1/Meshes/Materials/Glass.mat using Guid(b08c8fcabaa454468be5524624d1e3ca) Importer(2089858483,b0f066a214c2f5e87bad3c948f4d605d) (ScriptedImporter) -> (artifact id: '7b19e720aff20e7d4af036fae6a05f4d') in 0.0052605 seconds
Number of updated asset objects reloaded before import = 0Number of asset objects unloaded after import = 1

========================================================================
Received Import Request.
  Time since last request: 0.000044 seconds.
  path: Assets/_Barking_Dog/_3D Scifi Base Vol 1/Textures/Wall_Atlas_06_Ao.png
  artifactKey: Guid(b19b3ec52610b4a32ae93ba63edfdd9d) Importer(2089858483,b0f066a214c2f5e87bad3c948f4d605d)
Start importing Assets/_Barking_Dog/_3D Scifi Base Vol 1/Textures/Wall_Atlas_06_Ao.png using Guid(b19b3ec52610b4a32ae93ba63edfdd9d) Importer(2089858483,b0f066a214c2f5e87bad3c948f4d605d) (ScriptedImporter) -> (artifact id: '1a05496fe73e6250f34be745b1592655') in 0.0196972 seconds
Number of updated asset objects reloaded before import = 0Number of asset objects unloaded after import = 1

========================================================================
Received Import Request.
  Time since last request: 0.000059 seconds.
  path: Assets/_Barking_Dog/_3D Scifi Base Vol 1/Prefabs/_Build/P_Corridor_Angle_02.prefab
  artifactKey: Guid(4010e022b949447bb99361cc427c8d13) Importer(2089858483,e11c23a36db5f54750b8cd40eac0985b)
Start importing Assets/_Barking_Dog/_3D Scifi Base Vol 1/Prefabs/_Build/P_Corridor_Angle_02.prefab using Guid(4010e022b949447bb99361cc427c8d13) Importer(2089858483,e11c23a36db5f54750b8cd40eac0985b) (ScriptedImporter) -> (artifact id: '28241cebe6886f6eaecd77dfbeca863e') in 0.0602284 seconds
Number of updated asset objects reloaded before import = 0Number of asset objects unloaded after import = 90

========================================================================
Received Import Request.
  Time since last request: 0.000037 seconds.
  path: Assets/_Barking_Dog/_3D Scifi Base Vol 1/Prefabs/_Build/P_Corridor_HallRing_01.prefab
  artifactKey: Guid(039288d098bed43aca32ff158978fff5) Importer(2089858483,e11c23a36db5f54750b8cd40eac0985b)
Start importing Assets/_Barking_Dog/_3D Scifi Base Vol 1/Prefabs/_Build/P_Corridor_HallRing_01.prefab using Guid(039288d098bed43aca32ff158978fff5) Importer(2089858483,e11c23a36db5f54750b8cd40eac0985b) (ScriptedImporter) -> (artifact id: '73b337b418c2dc0bd820a3d8986a299c') in 0.0221567 seconds
Number of updated asset objects reloaded before import = 0Number of asset objects unloaded after import = 26

========================================================================
Received Import Request.
  Time since last request: 0.000038 seconds.
  path: Assets/_Barking_Dog/_3D Scifi Base Vol 1/Prefabs/_Build/P_Computer_Angle_01.prefab
  artifactKey: Guid(2041073040bb34a6991350311f72e6fe) Importer(2089858483,e11c23a36db5f54750b8cd40eac0985b)
Start importing Assets/_Barking_Dog/_3D Scifi Base Vol 1/Prefabs/_Build/P_Computer_Angle_01.prefab using Guid(2041073040bb34a6991350311f72e6fe) Importer(2089858483,e11c23a36db5f54750b8cd40eac0985b) (ScriptedImporter) -> (artifact id: '6c5f6d9c9affdf9ad720ca965a8e8a17') in 0.018648 seconds
Number of updated asset objects reloaded before import = 0Number of asset objects unloaded after import = 12

========================================================================
Received Import Request.
  Time since last request: 0.000053 seconds.
  path: Assets/_Barking_Dog/_3D Scifi Base Vol 1/Meshes/Materials/Light_Red.mat
  artifactKey: Guid(05b4ef2168fbd4a6ead159582ca23125) Importer(2089858483,b0f066a214c2f5e87bad3c948f4d605d)
Start importing Assets/_Barking_Dog/_3D Scifi Base Vol 1/Meshes/Materials/Light_Red.mat using Guid(05b4ef2168fbd4a6ead159582ca23125) Importer(2089858483,b0f066a214c2f5e87bad3c948f4d605d) (ScriptedImporter) -> (artifact id: '94fe22dce52a07974bb608983a89c090') in 0.0051524 seconds
Number of updated asset objects reloaded before import = 0Number of asset objects unloaded after import = 1

========================================================================
Received Import Request.
  Time since last request: 0.000026 seconds.
  path: Assets/_Barking_Dog/_3D Scifi Base Vol 1/Textures/Intro.mat
  artifactKey: Guid(597f4b45f67f64b16926d805e6ecf5f8) Importer(2089858483,b0f066a214c2f5e87bad3c948f4d605d)
Start importing Assets/_Barking_Dog/_3D Scifi Base Vol 1/Textures/Intro.mat using Guid(597f4b45f67f64b16926d805e6ecf5f8) Importer(2089858483,b0f066a214c2f5e87bad3c948f4d605d) (ScriptedImporter) -> (artifact id: '7af3cf59887d3418e12a05634e6021c7') in 0.0132727 seconds
Number of updated asset objects reloaded before import = 0Number of asset objects unloaded after import = 2

========================================================================
Received Import Request.
  Time since last request: 0.000034 seconds.
  path: Assets/_Barking_Dog/_3D Scifi Base Vol 1/Textures/ForceField_01.png
  artifactKey: Guid(880451996ac944144a9594550d10d6cf) Importer(2089858483,b0f066a214c2f5e87bad3c948f4d605d)
Start importing Assets/_Barking_Dog/_3D Scifi Base Vol 1/Textures/ForceField_01.png using Guid(880451996ac944144a9594550d10d6cf) Importer(2089858483,b0f066a214c2f5e87bad3c948f4d605d) (ScriptedImporter) -> (artifact id: '0e0e1b4348c047a01c6ab0fdb179082d') in 0.0113428 seconds
Number of updated asset objects reloaded before import = 0Number of asset objects unloaded after import = 1

========================================================================
Received Import Request.
  Time since last request: 0.000028 seconds.
  path: Assets/_Barking_Dog/_3D Scifi Base Vol 1/Prefabs/_Build/P_Corridor_HallRing_03.prefab
  artifactKey: Guid(bf50cd96e73384306bcfba8b85946aa2) Importer(2089858483,e11c23a36db5f54750b8cd40eac0985b)
Start importing Assets/_Barking_Dog/_3D Scifi Base Vol 1/Prefabs/_Build/P_Corridor_HallRing_03.prefab using Guid(bf50cd96e73384306bcfba8b85946aa2) Importer(2089858483,e11c23a36db5f54750b8cd40eac0985b) (ScriptedImporter) -> (artifact id: '133166a590abe40b1b8a0a1b90d69d7f') in 0.0348087 seconds
Number of updated asset objects reloaded before import = 0Number of asset objects unloaded after import = 26

========================================================================
Received Import Request.
  Time since last request: 0.000043 seconds.
  path: Assets/_Barking_Dog/_3D Scifi Base Vol 1/Textures/Wall_Atlas_06_Illum.png
  artifactKey: Guid(7984d8381c9b640899aa8cc95cf761e2) Importer(2089858483,b0f066a214c2f5e87bad3c948f4d605d)
Start importing Assets/_Barking_Dog/_3D Scifi Base Vol 1/Textures/Wall_Atlas_06_Illum.png using Guid(7984d8381c9b640899aa8cc95cf761e2) Importer(2089858483,b0f066a214c2f5e87bad3c948f4d605d) (ScriptedImporter) -> (artifact id: '171d543973247d39d6a83723b57ffd55') in 0.0367315 seconds
Number of updated asset objects reloaded before import = 0Number of asset objects unloaded after import = 1

========================================================================
Received Import Request.
  Time since last request: 0.000040 seconds.
  path: Assets/_Barking_Dog/_3D Scifi Base Vol 1/Textures/Screen_02_Blend.mat
  artifactKey: Guid(589c661d952674adfb7c62b3e5eda8eb) Importer(2089858483,b0f066a214c2f5e87bad3c948f4d605d)
Start importing Assets/_Barking_Dog/_3D Scifi Base Vol 1/Textures/Screen_02_Blend.mat using Guid(589c661d952674adfb7c62b3e5eda8eb) Importer(2089858483,b0f066a214c2f5e87bad3c948f4d605d) (ScriptedImporter) -> (artifact id: '7a126f71c39693356a7bf053a7846c57') in 0.0306436 seconds
Number of updated asset objects reloaded before import = 0Number of asset objects unloaded after import = 2

========================================================================
Received Import Request.
  Time since last request: 0.000038 seconds.
  path: Assets/_Barking_Dog/_3D Scifi Base Vol 1/Textures/Wall_Atlas_07_Norm_02.png
  artifactKey: Guid(c60588a49b4c949d8ac0b5a317fca483) Importer(2089858483,b0f066a214c2f5e87bad3c948f4d605d)
Start importing Assets/_Barking_Dog/_3D Scifi Base Vol 1/Textures/Wall_Atlas_07_Norm_02.png using Guid(c60588a49b4c949d8ac0b5a317fca483) Importer(2089858483,b0f066a214c2f5e87bad3c948f4d605d) (ScriptedImporter) -> (artifact id: 'ab407ce216b179e534a9c7ab9586373d') in 0.0343533 seconds
Number of updated asset objects reloaded before import = 0Number of asset objects unloaded after import = 1

========================================================================
Received Import Request.
  Time since last request: 0.000039 seconds.
  path: Assets/_Barking_Dog/_3D Scifi Base Vol 1/Textures/Wall_Atlas_06_Norm.png
  artifactKey: Guid(6100598b9ce994e3792eeb0b75e9784c) Importer(2089858483,b0f066a214c2f5e87bad3c948f4d605d)
Start importing Assets/_Barking_Dog/_3D Scifi Base Vol 1/Textures/Wall_Atlas_06_Norm.png using Guid(6100598b9ce994e3792eeb0b75e9784c) Importer(2089858483,b0f066a214c2f5e87bad3c948f4d605d) (ScriptedImporter) -> (artifact id: '2f5a54cb5101923f4674d733114cc3d3') in 0.1874356 seconds
Number of updated asset objects reloaded before import = 0Number of asset objects unloaded after import = 1

========================================================================
Received Import Request.
  Time since last request: 0.000033 seconds.
  path: Assets/_Barking_Dog/_3D Scifi Base Vol 1/Prefabs/_Build/P_Floor_Half_01.prefab
  artifactKey: Guid(28d100c8cf2394ab08a93bb44a5f19a1) Importer(2089858483,e11c23a36db5f54750b8cd40eac0985b)
Start importing Assets/_Barking_Dog/_3D Scifi Base Vol 1/Prefabs/_Build/P_Floor_Half_01.prefab using Guid(28d100c8cf2394ab08a93bb44a5f19a1) Importer(2089858483,e11c23a36db5f54750b8cd40eac0985b) (ScriptedImporter) -> (artifact id: '255e1c8a11ded3ebb74ada986eb43a69') in 0.0199223 seconds
Number of updated asset objects reloaded before import = 0Number of asset objects unloaded after import = 12

========================================================================
Received Import Request.
  Time since last request: 0.000046 seconds.
  path: Assets/_Barking_Dog/_3D Scifi Base Vol 1/Prefabs/_Build/P_Fence_04.prefab
  artifactKey: Guid(29fa0debf313f44ab916497b96a2f6f7) Importer(2089858483,e11c23a36db5f54750b8cd40eac0985b)
Start importing Assets/_Barking_Dog/_3D Scifi Base Vol 1/Prefabs/_Build/P_Fence_04.prefab using Guid(29fa0debf313f44ab916497b96a2f6f7) Importer(2089858483,e11c23a36db5f54750b8cd40eac0985b) (ScriptedImporter) -> (artifact id: '1912b8f9f55f33ad2637ea0126184ed6') in 0.010463 seconds
Number of updated asset objects reloaded before import = 0Number of asset objects unloaded after import = 11

========================================================================
Received Import Request.
  Time since last request: 0.000048 seconds.
  path: Assets/_Barking_Dog/_3D Scifi Base Vol 1/Textures/Wall_Atlas_02_Illum.png
  artifactKey: Guid(f78a950db2df44ebf99280f0358fa78e) Importer(2089858483,b0f066a214c2f5e87bad3c948f4d605d)
Start importing Assets/_Barking_Dog/_3D Scifi Base Vol 1/Textures/Wall_Atlas_02_Illum.png using Guid(f78a950db2df44ebf99280f0358fa78e) Importer(2089858483,b0f066a214c2f5e87bad3c948f4d605d) (ScriptedImporter) -> (artifact id: 'faaeb0bdb8e13cc165d1de67cd761157') in 0.0373253 seconds
Number of updated asset objects reloaded before import = 0Number of asset objects unloaded after import = 1

========================================================================
Received Import Request.
  Time since last request: 0.000026 seconds.
  path: Assets/_Barking_Dog/_3D Scifi Base Vol 1/Textures/Wall_Atlas_07_Metal.tif
  artifactKey: Guid(5a2bc66a898f24f53ad931f313f01771) Importer(2089858483,b0f066a214c2f5e87bad3c948f4d605d)
Start importing Assets/_Barking_Dog/_3D Scifi Base Vol 1/Textures/Wall_Atlas_07_Metal.tif using Guid(5a2bc66a898f24f53ad931f313f01771) Importer(2089858483,b0f066a214c2f5e87bad3c948f4d605d) (ScriptedImporter) -> (artifact id: '71d1391f52873549050c90153910550c') in 0.2153531 seconds
Number of updated asset objects reloaded before import = 0Number of asset objects unloaded after import = 1

========================================================================
Received Import Request.
  Time since last request: 0.000035 seconds.
  path: Assets/_Barking_Dog/_3D Scifi Base Vol 1/Prefabs/_Build/P_Floor_Normal_01.prefab
  artifactKey: Guid(8077538ed99a542eaa2cdbfba7521b6f) Importer(2089858483,e11c23a36db5f54750b8cd40eac0985b)
Start importing Assets/_Barking_Dog/_3D Scifi Base Vol 1/Prefabs/_Build/P_Floor_Normal_01.prefab using Guid(8077538ed99a542eaa2cdbfba7521b6f) Importer(2089858483,e11c23a36db5f54750b8cd40eac0985b) (ScriptedImporter) -> (artifact id: 'f0178b03bdf2631929d4f7a64bcc1466') in 0.0230412 seconds
Number of updated asset objects reloaded before import = 0Number of asset objects unloaded after import = 12

========================================================================
Received Import Request.
  Time since last request: 0.000055 seconds.
  path: Assets/_Barking_Dog/_3D Scifi Base Vol 1/Prefabs/_Build/P_Floor_Normal_04.prefab
  artifactKey: Guid(0bdccf3db4569414bb2edd3ad3ffd78e) Importer(2089858483,e11c23a36db5f54750b8cd40eac0985b)
Start importing Assets/_Barking_Dog/_3D Scifi Base Vol 1/Prefabs/_Build/P_Floor_Normal_04.prefab using Guid(0bdccf3db4569414bb2edd3ad3ffd78e) Importer(2089858483,e11c23a36db5f54750b8cd40eac0985b) (ScriptedImporter) -> (artifact id: '99ab62341015e0d61b8d2453a4b139b5') in 0.0563277 seconds
Number of updated asset objects reloaded before import = 0Number of asset objects unloaded after import = 23

========================================================================
Received Import Request.
  Time since last request: 0.000041 seconds.
  path: Assets/_Barking_Dog/_3D Scifi Base Vol 1/Prefabs/_Build/P_Floor_Normal_03.prefab
  artifactKey: Guid(b194ca08f797744a0b42469230a549ed) Importer(2089858483,e11c23a36db5f54750b8cd40eac0985b)
Start importing Assets/_Barking_Dog/_3D Scifi Base Vol 1/Prefabs/_Build/P_Floor_Normal_03.prefab using Guid(b194ca08f797744a0b42469230a549ed) Importer(2089858483,e11c23a36db5f54750b8cd40eac0985b) (ScriptedImporter) -> (artifact id: 'd69c2c633891212be0e0da46900f6bcb') in 0.0235946 seconds
Number of updated asset objects reloaded before import = 0Number of asset objects unloaded after import = 23

========================================================================
Received Import Request.
  Time since last request: 0.000036 seconds.
  path: Assets/_Barking_Dog/_3D Scifi Base Vol 1/Prefabs/_Build/P_Fence_02.prefab
  artifactKey: Guid(d043079025b4b48199b439d78570cc7c) Importer(2089858483,e11c23a36db5f54750b8cd40eac0985b)
Start importing Assets/_Barking_Dog/_3D Scifi Base Vol 1/Prefabs/_Build/P_Fence_02.prefab using Guid(d043079025b4b48199b439d78570cc7c) Importer(2089858483,e11c23a36db5f54750b8cd40eac0985b) (ScriptedImporter) -> (artifact id: '7c1810a98af8c8c682a4043e73fe683c') in 0.026116 seconds
Number of updated asset objects reloaded before import = 0Number of asset objects unloaded after import = 10

========================================================================
Received Import Request.
  Time since last request: 0.000044 seconds.
  path: Assets/_Barking_Dog/_3D Scifi Base Vol 1/Textures/Planet_01.png
  artifactKey: Guid(750f460d3eb4843e7a625acbf2da3877) Importer(2089858483,b0f066a214c2f5e87bad3c948f4d605d)
Start importing Assets/_Barking_Dog/_3D Scifi Base Vol 1/Textures/Planet_01.png using Guid(750f460d3eb4843e7a625acbf2da3877) Importer(2089858483,b0f066a214c2f5e87bad3c948f4d605d) (ScriptedImporter) -> (artifact id: 'd62e8c8bda09b16316abe80341dfbb1c') in 0.0134082 seconds
Number of updated asset objects reloaded before import = 0Number of asset objects unloaded after import = 1

========================================================================
Received Import Request.
  Time since last request: 0.000062 seconds.
  path: Assets/_Barking_Dog/_3D Scifi Base Vol 1/Prefabs/_Build/P_Floor_Small_01.prefab
  artifactKey: Guid(54ae45bc455ee40778396a777652f892) Importer(2089858483,e11c23a36db5f54750b8cd40eac0985b)
Start importing Assets/_Barking_Dog/_3D Scifi Base Vol 1/Prefabs/_Build/P_Floor_Small_01.prefab using Guid(54ae45bc455ee40778396a777652f892) Importer(2089858483,e11c23a36db5f54750b8cd40eac0985b) (ScriptedImporter) -> (artifact id: '1025bab8564e4fad0dee14459b71c18c') in 0.0215927 seconds
Number of updated asset objects reloaded before import = 0Number of asset objects unloaded after import = 11

========================================================================
Received Import Request.
  Time since last request: 0.000063 seconds.
  path: Assets/_Barking_Dog/_3D Scifi Base Vol 1/Prefabs/_Build/P_Glass_Tube_03.prefab
  artifactKey: Guid(73fe4169100e9481cb41ca1c6c2aa837) Importer(2089858483,e11c23a36db5f54750b8cd40eac0985b)
Start importing Assets/_Barking_Dog/_3D Scifi Base Vol 1/Prefabs/_Build/P_Glass_Tube_03.prefab using Guid(73fe4169100e9481cb41ca1c6c2aa837) Importer(2089858483,e11c23a36db5f54750b8cd40eac0985b) (ScriptedImporter) -> (artifact id: '1737e1fd7878662562a59280c0f57a05') in 0.0632823 seconds
Number of updated asset objects reloaded before import = 0Number of asset objects unloaded after import = 67

========================================================================
Received Import Request.
  Time since last request: 0.000029 seconds.
  path: Assets/_Barking_Dog/_3D Scifi Base Vol 1/Prefabs/_Build/P_Glass_Tube_04.prefab
  artifactKey: Guid(54f956518a1214bd2b0a1ed524fe72ae) Importer(2089858483,e11c23a36db5f54750b8cd40eac0985b)
Start importing Assets/_Barking_Dog/_3D Scifi Base Vol 1/Prefabs/_Build/P_Glass_Tube_04.prefab using Guid(54f956518a1214bd2b0a1ed524fe72ae) Importer(2089858483,e11c23a36db5f54750b8cd40eac0985b) (ScriptedImporter) -> (artifact id: '75b3db7268f87bc53165ac145ef5746d') in 0.0991026 seconds
Number of updated asset objects reloaded before import = 0Number of asset objects unloaded after import = 131

========================================================================
Received Import Request.
  Time since last request: 0.000043 seconds.
  path: Assets/_Barking_Dog/_3D Scifi Base Vol 1/Prefabs/_Build/P_Glass_Tube_02.prefab
  artifactKey: Guid(d97bb7cea5b1b4c27af4c872b1a68bcc) Importer(2089858483,e11c23a36db5f54750b8cd40eac0985b)
Start importing Assets/_Barking_Dog/_3D Scifi Base Vol 1/Prefabs/_Build/P_Glass_Tube_02.prefab using Guid(d97bb7cea5b1b4c27af4c872b1a68bcc) Importer(2089858483,e11c23a36db5f54750b8cd40eac0985b) (ScriptedImporter) -> (artifact id: '757a60c8b735b9ab215d5c4964f41069') in 0.0535217 seconds
Number of updated asset objects reloaded before import = 0Number of asset objects unloaded after import = 51

========================================================================
Received Import Request.
  Time since last request: 0.000051 seconds.
  path: Assets/_Barking_Dog/_3D Scifi Base Vol 1/Prefabs/_Build/P_Metal_Tube_02.prefab
  artifactKey: Guid(fff4609093e0c463a8304f09f3604785) Importer(2089858483,e11c23a36db5f54750b8cd40eac0985b)
Start importing Assets/_Barking_Dog/_3D Scifi Base Vol 1/Prefabs/_Build/P_Metal_Tube_02.prefab using Guid(fff4609093e0c463a8304f09f3604785) Importer(2089858483,e11c23a36db5f54750b8cd40eac0985b) (ScriptedImporter) -> (artifact id: 'c0aa08eb788f689cfa4e20997a9851f0') in 0.0535865 seconds
Number of updated asset objects reloaded before import = 0Number of asset objects unloaded after import = 51

========================================================================
Received Import Request.
  Time since last request: 0.000065 seconds.
  path: Assets/_Barking_Dog/_3D Scifi Base Vol 1/Prefabs/_Build/P_Lamp_Rotating_01.prefab
  artifactKey: Guid(a7396ddc20e074f8bb5ded6aeabb5c41) Importer(2089858483,e11c23a36db5f54750b8cd40eac0985b)
Start importing Assets/_Barking_Dog/_3D Scifi Base Vol 1/Prefabs/_Build/P_Lamp_Rotating_01.prefab using Guid(a7396ddc20e074f8bb5ded6aeabb5c41) Importer(2089858483,e11c23a36db5f54750b8cd40eac0985b) (ScriptedImporter) -> (artifact id: '6cde5c385613f3096d775df38a0a6a40') in 0.0257131 seconds
Number of updated asset objects reloaded before import = 0Number of asset objects unloaded after import = 20

========================================================================
Received Import Request.
  Time since last request: 0.000053 seconds.
  path: Assets/_Barking_Dog/_3D Scifi Base Vol 1/Prefabs/_Build/P_Metal_Tube_01.prefab
  artifactKey: Guid(bfadd65d86c1e4539b1fb638a7abd1e4) Importer(2089858483,e11c23a36db5f54750b8cd40eac0985b)
Start importing Assets/_Barking_Dog/_3D Scifi Base Vol 1/Prefabs/_Build/P_Metal_Tube_01.prefab using Guid(bfadd65d86c1e4539b1fb638a7abd1e4) Importer(2089858483,e11c23a36db5f54750b8cd40eac0985b) (ScriptedImporter) -> (artifact id: '0007511028b20ce0bcf22d4d3fd49a9f') in 0.0221338 seconds
Number of updated asset objects reloaded before import = 0Number of asset objects unloaded after import = 27

========================================================================
Received Import Request.
  Time since last request: 0.000050 seconds.
  path: Assets/_Barking_Dog/_3D Scifi Base Vol 1/Prefabs/_Build/P_Ladder_01.prefab
  artifactKey: Guid(d81406cdfcaef40e8b663f452c0fda15) Importer(2089858483,e11c23a36db5f54750b8cd40eac0985b)
Start importing Assets/_Barking_Dog/_3D Scifi Base Vol 1/Prefabs/_Build/P_Ladder_01.prefab using Guid(d81406cdfcaef40e8b663f452c0fda15) Importer(2089858483,e11c23a36db5f54750b8cd40eac0985b) (ScriptedImporter) -> (artifact id: 'ab400cbdccde20a9b7091fb06808fc9e') in 0.010698 seconds
Number of updated asset objects reloaded before import = 0Number of asset objects unloaded after import = 11

========================================================================
Received Import Request.
  Time since last request: 0.000047 seconds.
  path: Assets/_Barking_Dog/_3D Scifi Base Vol 1/Textures/Wall_Atlas_03_Ao.png
  artifactKey: Guid(aeb85b6727ec84c9789634b61236c546) Importer(2089858483,b0f066a214c2f5e87bad3c948f4d605d)
Start importing Assets/_Barking_Dog/_3D Scifi Base Vol 1/Textures/Wall_Atlas_03_Ao.png using Guid(aeb85b6727ec84c9789634b61236c546) Importer(2089858483,b0f066a214c2f5e87bad3c948f4d605d) (ScriptedImporter) -> (artifact id: '3d87a14caf0ca2ad9fe8408cc9bb28a8') in 0.016836 seconds
Number of updated asset objects reloaded before import = 0Number of asset objects unloaded after import = 1

========================================================================
Received Import Request.
  Time since last request: 0.000032 seconds.
  path: Assets/_Barking_Dog/_3D Scifi Base Vol 1/Prefabs/_Build/P_Dome_Line_01.prefab
  artifactKey: Guid(57d7e879c41b746bdbca75a531931d4f) Importer(2089858483,e11c23a36db5f54750b8cd40eac0985b)
Start importing Assets/_Barking_Dog/_3D Scifi Base Vol 1/Prefabs/_Build/P_Dome_Line_01.prefab using Guid(57d7e879c41b746bdbca75a531931d4f) Importer(2089858483,e11c23a36db5f54750b8cd40eac0985b) (ScriptedImporter) -> (artifact id: 'fdf3de42188cca9fcf8791c66a9baa6e') in 0.0123115 seconds
Number of updated asset objects reloaded before import = 0Number of asset objects unloaded after import = 12

========================================================================
Received Import Request.
  Time since last request: 0.000037 seconds.
  path: Assets/_Barking_Dog/_3D Scifi Base Vol 1/Prefabs/_Build/P_Pipes_Insert_02.prefab
  artifactKey: Guid(28e299ad287cc4fab9a30ce5a9c12c45) Importer(2089858483,e11c23a36db5f54750b8cd40eac0985b)
Start importing Assets/_Barking_Dog/_3D Scifi Base Vol 1/Prefabs/_Build/P_Pipes_Insert_02.prefab using Guid(28e299ad287cc4fab9a30ce5a9c12c45) Importer(2089858483,e11c23a36db5f54750b8cd40eac0985b) (ScriptedImporter) -> (artifact id: '429e9989ea16b6d932a56ef3ec9b19d2') in 0.0097627 seconds
Number of updated asset objects reloaded before import = 0Number of asset objects unloaded after import = 10

========================================================================
Received Import Request.
  Time since last request: 0.000049 seconds.
  path: Assets/_Barking_Dog/_3D Scifi Base Vol 1/Prefabs/_Build/P_Pipes_Insert_01.prefab
  artifactKey: Guid(3bb1d650f89824edb844c495fa0a02e8) Importer(2089858483,e11c23a36db5f54750b8cd40eac0985b)
Start importing Assets/_Barking_Dog/_3D Scifi Base Vol 1/Prefabs/_Build/P_Pipes_Insert_01.prefab using Guid(3bb1d650f89824edb844c495fa0a02e8) Importer(2089858483,e11c23a36db5f54750b8cd40eac0985b) (ScriptedImporter) -> (artifact id: '43428aba2bcbb538a5ff2c076be8e63f') in 0.0126812 seconds
Number of updated asset objects reloaded before import = 0Number of asset objects unloaded after import = 11

========================================================================
Received Import Request.
  Time since last request: 0.000034 seconds.
  path: Assets/_Barking_Dog/_3D Scifi Base Vol 1/Prefabs/_Build/P_Pipes_Insert_04.prefab
  artifactKey: Guid(ddba4a6ca866c4b689e77262cba914a9) Importer(2089858483,e11c23a36db5f54750b8cd40eac0985b)
Start importing Assets/_Barking_Dog/_3D Scifi Base Vol 1/Prefabs/_Build/P_Pipes_Insert_04.prefab using Guid(ddba4a6ca866c4b689e77262cba914a9) Importer(2089858483,e11c23a36db5f54750b8cd40eac0985b) (ScriptedImporter) -> (artifact id: '01199b23b0c30242ebc23f377d31c806') in 0.0113296 seconds
Number of updated asset objects reloaded before import = 0Number of asset objects unloaded after import = 11

========================================================================
Received Import Request.
  Time since last request: 0.000041 seconds.
  path: Assets/_Barking_Dog/_3D Scifi Base Vol 1/Textures/Screen_03.png
  artifactKey: Guid(15f355a62a7e145efa4edbe8c96e5612) Importer(2089858483,b0f066a214c2f5e87bad3c948f4d605d)
Start importing Assets/_Barking_Dog/_3D Scifi Base Vol 1/Textures/Screen_03.png using Guid(15f355a62a7e145efa4edbe8c96e5612) Importer(2089858483,b0f066a214c2f5e87bad3c948f4d605d) (ScriptedImporter) -> (artifact id: '1d6ca175e688bf1b91dae4b54e504bdb') in 0.0130383 seconds
Number of updated asset objects reloaded before import = 0Number of asset objects unloaded after import = 1

========================================================================
Received Import Request.
  Time since last request: 0.000043 seconds.
  path: Assets/_Barking_Dog/_3D Scifi Base Vol 1/Textures/Wall_Atlas_02_Metal.tif
  artifactKey: Guid(8521f523b578b40b6b6affa940a66893) Importer(2089858483,b0f066a214c2f5e87bad3c948f4d605d)
Start importing Assets/_Barking_Dog/_3D Scifi Base Vol 1/Textures/Wall_Atlas_02_Metal.tif using Guid(8521f523b578b40b6b6affa940a66893) Importer(2089858483,b0f066a214c2f5e87bad3c948f4d605d) (ScriptedImporter) -> (artifact id: '386cd9ca7e1ce80f47c71e6ec66cd97f') in 0.230971 seconds
Number of updated asset objects reloaded before import = 0Number of asset objects unloaded after import = 1

========================================================================
Received Import Request.
  Time since last request: 0.000044 seconds.
  path: Assets/_Barking_Dog/_3D Scifi Base Vol 1/Prefabs/_Build/P_Pipe_End_02.prefab
  artifactKey: Guid(6bef4bde4efe7466c85a0776bbf312f9) Importer(2089858483,e11c23a36db5f54750b8cd40eac0985b)
Start importing Assets/_Barking_Dog/_3D Scifi Base Vol 1/Prefabs/_Build/P_Pipe_End_02.prefab using Guid(6bef4bde4efe7466c85a0776bbf312f9) Importer(2089858483,e11c23a36db5f54750b8cd40eac0985b) (ScriptedImporter) -> (artifact id: '5825c0f575f1382588ecf187c42af313') in 0.0134988 seconds
Number of updated asset objects reloaded before import = 0Number of asset objects unloaded after import = 10

========================================================================
Received Import Request.
  Time since last request: 0.000054 seconds.
  path: Assets/_Barking_Dog/_3D Scifi Base Vol 1/Prefabs/_Build/P_Pipes_Insert_07.prefab
  artifactKey: Guid(f4547f6da4a7c4949ba05cddc5423399) Importer(2089858483,e11c23a36db5f54750b8cd40eac0985b)
Start importing Assets/_Barking_Dog/_3D Scifi Base Vol 1/Prefabs/_Build/P_Pipes_Insert_07.prefab using Guid(f4547f6da4a7c4949ba05cddc5423399) Importer(2089858483,e11c23a36db5f54750b8cd40eac0985b) (ScriptedImporter) -> (artifact id: '8383e9e39df5c8f5c0dad97452e2e71b') in 0.0129887 seconds
Number of updated asset objects reloaded before import = 0Number of asset objects unloaded after import = 10

========================================================================
Received Import Request.
  Time since last request: 0.000039 seconds.
  path: Assets/_Barking_Dog/_3D Scifi Base Vol 1/Prefabs/_Build/P_Pipe_End_03.prefab
  artifactKey: Guid(1fcf7b7a6f6ee4154bf8062154fa6a57) Importer(2089858483,e11c23a36db5f54750b8cd40eac0985b)
Start importing Assets/_Barking_Dog/_3D Scifi Base Vol 1/Prefabs/_Build/P_Pipe_End_03.prefab using Guid(1fcf7b7a6f6ee4154bf8062154fa6a57) Importer(2089858483,e11c23a36db5f54750b8cd40eac0985b) (ScriptedImporter) -> (artifact id: '8b9c3a4a62de3cee9332549059c38854') in 0.0131835 seconds
Number of updated asset objects reloaded before import = 0Number of asset objects unloaded after import = 11

========================================================================
Received Import Request.
  Time since last request: 0.000044 seconds.
  path: Assets/_Barking_Dog/_3D Scifi Base Vol 1/Prefabs/_Build/P_Big_Support_01.prefab
  artifactKey: Guid(8e845c63c944f44b29886fca137a1b4c) Importer(2089858483,e11c23a36db5f54750b8cd40eac0985b)
Start importing Assets/_Barking_Dog/_3D Scifi Base Vol 1/Prefabs/_Build/P_Big_Support_01.prefab using Guid(8e845c63c944f44b29886fca137a1b4c) Importer(2089858483,e11c23a36db5f54750b8cd40eac0985b) (ScriptedImporter) -> (artifact id: '7af814904f0b18e43c5f71017ae6f109') in 0.0466413 seconds
Number of updated asset objects reloaded before import = 0Number of asset objects unloaded after import = 55

========================================================================
Received Import Request.
  Time since last request: 0.000062 seconds.
  path: Assets/_Barking_Dog/_3D Scifi Base Vol 1/Meshes/Materials/Light_Yellow.mat
  artifactKey: Guid(f3c43bc207f8d483d8539ca0cd66426c) Importer(2089858483,b0f066a214c2f5e87bad3c948f4d605d)
Start importing Assets/_Barking_Dog/_3D Scifi Base Vol 1/Meshes/Materials/Light_Yellow.mat using Guid(f3c43bc207f8d483d8539ca0cd66426c) Importer(2089858483,b0f066a214c2f5e87bad3c948f4d605d) (ScriptedImporter) -> (artifact id: '8db412057a5c2a2f184f787f779a6ba3') in 0.0051471 seconds
Number of updated asset objects reloaded before import = 0Number of asset objects unloaded after import = 1

========================================================================
Received Import Request.
  Time since last request: 0.000041 seconds.
  path: Assets/_Barking_Dog/_3D Scifi Base Vol 1/Prefabs/_Build/P_Rock_03.prefab
  artifactKey: Guid(2f1a793c01d3242fc81b1c8c1924e213) Importer(2089858483,e11c23a36db5f54750b8cd40eac0985b)
Start importing Assets/_Barking_Dog/_3D Scifi Base Vol 1/Prefabs/_Build/P_Rock_03.prefab using Guid(2f1a793c01d3242fc81b1c8c1924e213) Importer(2089858483,e11c23a36db5f54750b8cd40eac0985b) (ScriptedImporter) -> (artifact id: 'd3308a6aba167a030ff4a80fb953f9db') in 0.0101974 seconds
Number of updated asset objects reloaded before import = 0Number of asset objects unloaded after import = 11

========================================================================
Received Import Request.
  Time since last request: 0.000058 seconds.
  path: Assets/_Barking_Dog/_3D Scifi Base Vol 1/Textures/ForceField_02.png
  artifactKey: Guid(9b69f733e3f4b4c52bd97572359abbb2) Importer(2089858483,b0f066a214c2f5e87bad3c948f4d605d)
Start importing Assets/_Barking_Dog/_3D Scifi Base Vol 1/Textures/ForceField_02.png using Guid(9b69f733e3f4b4c52bd97572359abbb2) Importer(2089858483,b0f066a214c2f5e87bad3c948f4d605d) (ScriptedImporter) -> (artifact id: '918b4e4d7fab5f13a0f3fc9883a4a510') in 0.0140875 seconds
Number of updated asset objects reloaded before import = 0Number of asset objects unloaded after import = 1

========================================================================
Received Import Request.
  Time since last request: 0.000041 seconds.
  path: Assets/_Barking_Dog/_3D Scifi Base Vol 1/Meshes/Materials/ForceField_02.mat
  artifactKey: Guid(5906240c7cec64ae38bc6aa8bfcb6bd5) Importer(2089858483,b0f066a214c2f5e87bad3c948f4d605d)
Start importing Assets/_Barking_Dog/_3D Scifi Base Vol 1/Meshes/Materials/ForceField_02.mat using Guid(5906240c7cec64ae38bc6aa8bfcb6bd5) Importer(2089858483,b0f066a214c2f5e87bad3c948f4d605d) (ScriptedImporter) -> (artifact id: 'bedeed62fdb410039d35c8c4bbff4420') in 0.0223097 seconds
Number of updated asset objects reloaded before import = 0Number of asset objects unloaded after import = 2

========================================================================
Received Import Request.
  Time since last request: 0.000060 seconds.
  path: Assets/_Barking_Dog/_3D Scifi Base Vol 1/Textures/Wall_Atlas_06_Metal.tif
  artifactKey: Guid(da570d0c368a4417c84e293ed188f158) Importer(2089858483,b0f066a214c2f5e87bad3c948f4d605d)
Start importing Assets/_Barking_Dog/_3D Scifi Base Vol 1/Textures/Wall_Atlas_06_Metal.tif using Guid(da570d0c368a4417c84e293ed188f158) Importer(2089858483,b0f066a214c2f5e87bad3c948f4d605d) (ScriptedImporter) -> (artifact id: '72fbd30487999c2b5c875a2b43952cfc') in 0.2625155 seconds
Number of updated asset objects reloaded before import = 0Number of asset objects unloaded after import = 1

========================================================================
Received Import Request.
  Time since last request: 0.000043 seconds.
  path: Assets/_Barking_Dog/_3D Scifi Base Vol 1/Prefabs/_Build/P_Roof_Angle_04.prefab
  artifactKey: Guid(b415359564fa84b4c9d999c30745b652) Importer(2089858483,e11c23a36db5f54750b8cd40eac0985b)
Start importing Assets/_Barking_Dog/_3D Scifi Base Vol 1/Prefabs/_Build/P_Roof_Angle_04.prefab using Guid(b415359564fa84b4c9d999c30745b652) Importer(2089858483,e11c23a36db5f54750b8cd40eac0985b) (ScriptedImporter) -> (artifact id: '26a705c1aa5480114c450e7913694a86') in 0.0362759 seconds
Number of updated asset objects reloaded before import = 0Number of asset objects unloaded after import = 10

========================================================================
Received Import Request.
  Time since last request: 0.000053 seconds.
  path: Assets/_Barking_Dog/_3D Scifi Base Vol 1/Prefabs/_Build/P_Roof_Cache_03.prefab
  artifactKey: Guid(7072e031897e848bcb3bc9961627d001) Importer(2089858483,e11c23a36db5f54750b8cd40eac0985b)
Start importing Assets/_Barking_Dog/_3D Scifi Base Vol 1/Prefabs/_Build/P_Roof_Cache_03.prefab using Guid(7072e031897e848bcb3bc9961627d001) Importer(2089858483,e11c23a36db5f54750b8cd40eac0985b) (ScriptedImporter) -> (artifact id: 'eab73391993368610c1e145232db1219') in 0.0462761 seconds
Number of updated asset objects reloaded before import = 0Number of asset objects unloaded after import = 10

========================================================================
Received Import Request.
  Time since last request: 0.000048 seconds.
  path: Assets/_Barking_Dog/_3D Scifi Base Vol 1/Prefabs/_Build/P_Roof_Angle_01.prefab
  artifactKey: Guid(fd30fbef5a3ae48f6a67499cea71493c) Importer(2089858483,e11c23a36db5f54750b8cd40eac0985b)
Start importing Assets/_Barking_Dog/_3D Scifi Base Vol 1/Prefabs/_Build/P_Roof_Angle_01.prefab using Guid(fd30fbef5a3ae48f6a67499cea71493c) Importer(2089858483,e11c23a36db5f54750b8cd40eac0985b) (ScriptedImporter) -> (artifact id: 'bfd9fc3f375300a96e4357c6b8f36362') in 0.0198771 seconds
Number of updated asset objects reloaded before import = 0Number of asset objects unloaded after import = 12

========================================================================
Received Import Request.
  Time since last request: 0.000064 seconds.
  path: Assets/_Barking_Dog/_3D Scifi Base Vol 1/Textures/Wall_Atlas_02_Metal_02.tif
  artifactKey: Guid(58f9e59e5cc844c89abfada51b56e402) Importer(2089858483,b0f066a214c2f5e87bad3c948f4d605d)
Start importing Assets/_Barking_Dog/_3D Scifi Base Vol 1/Textures/Wall_Atlas_02_Metal_02.tif using Guid(58f9e59e5cc844c89abfada51b56e402) Importer(2089858483,b0f066a214c2f5e87bad3c948f4d605d) (ScriptedImporter) -> (artifact id: 'ee8851974ea2c03d557626cdbaefcedf') in 0.0360825 seconds
Number of updated asset objects reloaded before import = 0Number of asset objects unloaded after import = 1

========================================================================
Received Import Request.
  Time since last request: 0.000032 seconds.
  path: Assets/_Barking_Dog/_3D Scifi Base Vol 1/Meshes/Can_Red_01.FBX
  artifactKey: Guid(b2b9a592c01094fccaf5432822f0addb) Importer(2089858483,b0f066a214c2f5e87bad3c948f4d605d)
Start importing Assets/_Barking_Dog/_3D Scifi Base Vol 1/Meshes/Can_Red_01.FBX using Guid(b2b9a592c01094fccaf5432822f0addb) Importer(2089858483,b0f066a214c2f5e87bad3c948f4d605d) (ScriptedImporter) -> (artifact id: 'c3ce25c0c19dcc75718922dfdd67857e') in 0.0131522 seconds
Number of updated asset objects reloaded before import = 0Number of asset objects unloaded after import = 8

========================================================================
Received Import Request.
  Time since last request: 0.000034 seconds.
  path: Assets/_Barking_Dog/_3D Scifi Base Vol 1/Meshes/Laser_Fence_03.FBX
  artifactKey: Guid(a5643339798f34480872476d7ad3c3d8) Importer(2089858483,b0f066a214c2f5e87bad3c948f4d605d)
Start importing Assets/_Barking_Dog/_3D Scifi Base Vol 1/Meshes/Laser_Fence_03.FBX using Guid(a5643339798f34480872476d7ad3c3d8) Importer(2089858483,b0f066a214c2f5e87bad3c948f4d605d) (ScriptedImporter) -> (artifact id: '687aff5003764d3bfaa8efd9b217a5f3') in 0.0158966 seconds
Number of updated asset objects reloaded before import = 0Number of asset objects unloaded after import = 9

========================================================================
Received Import Request.
  Time since last request: 0.000034 seconds.
  path: Assets/_Barking_Dog/_3D Scifi Base Vol 1/Prefabs/_Build/P_Roof_Normal_01.prefab
  artifactKey: Guid(2ac3d04ba8247444e88883541d2f1234) Importer(2089858483,e11c23a36db5f54750b8cd40eac0985b)
Start importing Assets/_Barking_Dog/_3D Scifi Base Vol 1/Prefabs/_Build/P_Roof_Normal_01.prefab using Guid(2ac3d04ba8247444e88883541d2f1234) Importer(2089858483,e11c23a36db5f54750b8cd40eac0985b) (ScriptedImporter) -> (artifact id: '90a1d1af22f973a699994ded08b56106') in 0.0302666 seconds
Number of updated asset objects reloaded before import = 0Number of asset objects unloaded after import = 25

========================================================================
Received Import Request.
  Time since last request: 0.000046 seconds.
  path: Assets/_Barking_Dog/_3D Scifi Base Vol 1/Prefabs/_Build/P_Roof_Cache_11.prefab
  artifactKey: Guid(79ece937b71a54f27b1c4c4ccb3d34f9) Importer(2089858483,e11c23a36db5f54750b8cd40eac0985b)
Start importing Assets/_Barking_Dog/_3D Scifi Base Vol 1/Prefabs/_Build/P_Roof_Cache_11.prefab using Guid(79ece937b71a54f27b1c4c4ccb3d34f9) Importer(2089858483,e11c23a36db5f54750b8cd40eac0985b) (ScriptedImporter) -> (artifact id: '2a7bf089ee6fb438c58164521d6c09cc') in 0.0089429 seconds
Number of updated asset objects reloaded before import = 0Number of asset objects unloaded after import = 10

========================================================================
Received Import Request.
  Time since last request: 0.000056 seconds.
  path: Assets/_Barking_Dog/_3D Scifi Base Vol 1/Prefabs/_Build/P_Roof_Cache_13_B.prefab
  artifactKey: Guid(0a7850802722f48edb57ca78bb7923c1) Importer(2089858483,e11c23a36db5f54750b8cd40eac0985b)
Start importing Assets/_Barking_Dog/_3D Scifi Base Vol 1/Prefabs/_Build/P_Roof_Cache_13_B.prefab using Guid(0a7850802722f48edb57ca78bb7923c1) Importer(2089858483,e11c23a36db5f54750b8cd40eac0985b) (ScriptedImporter) -> (artifact id: '335bc4172d80fa8a8ce2faf3c15b575f') in 0.0132369 seconds
Number of updated asset objects reloaded before import = 0Number of asset objects unloaded after import = 11

========================================================================
Received Import Request.
  Time since last request: 0.000032 seconds.
  path: Assets/_Barking_Dog/_3D Scifi Base Vol 1/Prefabs/_Build/P_Roof_Cache_09.prefab
  artifactKey: Guid(d526f8f618e404a608f6d7a21fb761df) Importer(2089858483,e11c23a36db5f54750b8cd40eac0985b)
Start importing Assets/_Barking_Dog/_3D Scifi Base Vol 1/Prefabs/_Build/P_Roof_Cache_09.prefab using Guid(d526f8f618e404a608f6d7a21fb761df) Importer(2089858483,e11c23a36db5f54750b8cd40eac0985b) (ScriptedImporter) -> (artifact id: '155185bb644a8c035fe5b3f1aa1900ef') in 0.0194408 seconds
Number of updated asset objects reloaded before import = 0Number of asset objects unloaded after import = 10

========================================================================
Received Import Request.
  Time since last request: 0.000034 seconds.
  path: Assets/_Barking_Dog/_3D Scifi Base Vol 1/Prefabs/_Build/P_Roof_Normal_01_B.prefab
  artifactKey: Guid(aff8b9f967fd64371913e7346d3e17cf) Importer(2089858483,e11c23a36db5f54750b8cd40eac0985b)
Start importing Assets/_Barking_Dog/_3D Scifi Base Vol 1/Prefabs/_Build/P_Roof_Normal_01_B.prefab using Guid(aff8b9f967fd64371913e7346d3e17cf) Importer(2089858483,e11c23a36db5f54750b8cd40eac0985b) (ScriptedImporter) -> (artifact id: '4183fac04e73ef7509fd9991187f6e31') in 0.0226136 seconds
Number of updated asset objects reloaded before import = 0Number of asset objects unloaded after import = 25

========================================================================
Received Import Request.
  Time since last request: 0.000068 seconds.
  path: Assets/_Barking_Dog/_3D Scifi Base Vol 1/Prefabs/_Build/P_Dome_Roof_01.prefab
  artifactKey: Guid(23ec0c2ff2c3e46a4ba3482710a40d5d) Importer(2089858483,e11c23a36db5f54750b8cd40eac0985b)
Start importing Assets/_Barking_Dog/_3D Scifi Base Vol 1/Prefabs/_Build/P_Dome_Roof_01.prefab using Guid(23ec0c2ff2c3e46a4ba3482710a40d5d) Importer(2089858483,e11c23a36db5f54750b8cd40eac0985b) (ScriptedImporter) -> (artifact id: 'bd886771e225895d91bfac99452bdce6') in 0.0132114 seconds
Number of updated asset objects reloaded before import = 0Number of asset objects unloaded after import = 11

========================================================================
Received Import Request.
  Time since last request: 0.000054 seconds.
  path: Assets/_Barking_Dog/_3D Scifi Base Vol 1/Prefabs/_Build/P_Wall_Door_Small_01.prefab
  artifactKey: Guid(5537fa43de2d84f48bc791848f36ce90) Importer(2089858483,e11c23a36db5f54750b8cd40eac0985b)
Start importing Assets/_Barking_Dog/_3D Scifi Base Vol 1/Prefabs/_Build/P_Wall_Door_Small_01.prefab using Guid(5537fa43de2d84f48bc791848f36ce90) Importer(2089858483,e11c23a36db5f54750b8cd40eac0985b) (ScriptedImporter) -> (artifact id: '76b511a718975c21914b1042f2ea8822') in 0.0736222 seconds
Number of updated asset objects reloaded before import = 0Number of asset objects unloaded after import = 52

========================================================================
Received Import Request.
  Time since last request: 0.000043 seconds.
  path: Assets/_Barking_Dog/_3D Scifi Base Vol 1/Prefabs/_Build/P_Wall_Angle_02.prefab
  artifactKey: Guid(5c6905cdf4e724ff2855c063304c6871) Importer(2089858483,e11c23a36db5f54750b8cd40eac0985b)
Start importing Assets/_Barking_Dog/_3D Scifi Base Vol 1/Prefabs/_Build/P_Wall_Angle_02.prefab using Guid(5c6905cdf4e724ff2855c063304c6871) Importer(2089858483,e11c23a36db5f54750b8cd40eac0985b) (ScriptedImporter) -> (artifact id: '8fc42819edd66143a10204e84b355211') in 0.0527521 seconds
Number of updated asset objects reloaded before import = 0Number of asset objects unloaded after import = 73

========================================================================
Received Import Request.
  Time since last request: 0.000051 seconds.
  path: Assets/_Barking_Dog/_3D Scifi Base Vol 1/Prefabs/_Build/P_Wall_Grid_01.prefab
  artifactKey: Guid(3ffbd774c20744941aebddb930990572) Importer(2089858483,e11c23a36db5f54750b8cd40eac0985b)
Start importing Assets/_Barking_Dog/_3D Scifi Base Vol 1/Prefabs/_Build/P_Wall_Grid_01.prefab using Guid(3ffbd774c20744941aebddb930990572) Importer(2089858483,e11c23a36db5f54750b8cd40eac0985b) (ScriptedImporter) -> (artifact id: 'f939dc4faeae5af39dfd86f908a0aef3') in 0.0110271 seconds
Number of updated asset objects reloaded before import = 0Number of asset objects unloaded after import = 12

========================================================================
Received Import Request.
  Time since last request: 0.000050 seconds.
  path: Assets/_Barking_Dog/_3D Scifi Base Vol 1/Prefabs/_Build/P_Roof_Window_02.prefab
  artifactKey: Guid(331ad835d3c7c46f89e4a3727c2c7a01) Importer(2089858483,e11c23a36db5f54750b8cd40eac0985b)
Start importing Assets/_Barking_Dog/_3D Scifi Base Vol 1/Prefabs/_Build/P_Roof_Window_02.prefab using Guid(331ad835d3c7c46f89e4a3727c2c7a01) Importer(2089858483,e11c23a36db5f54750b8cd40eac0985b) (ScriptedImporter) -> (artifact id: '6270fcde48eb3fc7a07a2a66f2fb5dcc') in 0.0111726 seconds
Number of updated asset objects reloaded before import = 0Number of asset objects unloaded after import = 13

========================================================================
Received Import Request.
  Time since last request: 0.000033 seconds.
  path: Assets/_Barking_Dog/_3D Scifi Base Vol 1/Prefabs/_Build/P_Wall_Angle_05.prefab
  artifactKey: Guid(2f0fd2aa7754d452cb167544fec4a75e) Importer(2089858483,e11c23a36db5f54750b8cd40eac0985b)
Start importing Assets/_Barking_Dog/_3D Scifi Base Vol 1/Prefabs/_Build/P_Wall_Angle_05.prefab using Guid(2f0fd2aa7754d452cb167544fec4a75e) Importer(2089858483,e11c23a36db5f54750b8cd40eac0985b) (ScriptedImporter) -> (artifact id: '75c46a5d2614d2b751ea9cc5215acd18') in 0.0435891 seconds
Number of updated asset objects reloaded before import = 0Number of asset objects unloaded after import = 10

========================================================================
Received Import Request.
  Time since last request: 0.000034 seconds.
  path: Assets/_Barking_Dog/_3D Scifi Base Vol 1/Meshes/Roof_Cache_03.FBX
  artifactKey: Guid(6efee4126541642b6a29b47fb0e411f8) Importer(2089858483,b0f066a214c2f5e87bad3c948f4d605d)
Start importing Assets/_Barking_Dog/_3D Scifi Base Vol 1/Meshes/Roof_Cache_03.FBX using Guid(6efee4126541642b6a29b47fb0e411f8) Importer(2089858483,b0f066a214c2f5e87bad3c948f4d605d) (ScriptedImporter) -> (artifact id: '620028f441534cebb2ca09c71d025363') in 0.0152989 seconds
Number of updated asset objects reloaded before import = 0Number of asset objects unloaded after import = 8

========================================================================
Received Import Request.
  Time since last request: 0.000046 seconds.
  path: Assets/_Barking_Dog/_3D Scifi Base Vol 1/Prefabs/_Build/P_Wall_Window_02.prefab
  artifactKey: Guid(1a596edae8d134646a04e83c2c438251) Importer(2089858483,e11c23a36db5f54750b8cd40eac0985b)
Start importing Assets/_Barking_Dog/_3D Scifi Base Vol 1/Prefabs/_Build/P_Wall_Window_02.prefab using Guid(1a596edae8d134646a04e83c2c438251) Importer(2089858483,e11c23a36db5f54750b8cd40eac0985b) (ScriptedImporter) -> (artifact id: '17d614f21a3f509fb30f7252653b92bb') in 0.03403 seconds
Number of updated asset objects reloaded before import = 0Number of asset objects unloaded after import = 31

========================================================================
Received Import Request.
  Time since last request: 0.000035 seconds.
  path: Assets/_Barking_Dog/_3D Scifi Base Vol 1/Prefabs/_Build/P_Wall_Window_03.prefab
  artifactKey: Guid(480402c20d8a545dd9b099cb85dd9bea) Importer(2089858483,e11c23a36db5f54750b8cd40eac0985b)
Start importing Assets/_Barking_Dog/_3D Scifi Base Vol 1/Prefabs/_Build/P_Wall_Window_03.prefab using Guid(480402c20d8a545dd9b099cb85dd9bea) Importer(2089858483,e11c23a36db5f54750b8cd40eac0985b) (ScriptedImporter) -> (artifact id: '59583efb4cd0d963e7fb937fe10186ab') in 0.0212265 seconds
Number of updated asset objects reloaded before import = 0Number of asset objects unloaded after import = 25

========================================================================
Received Import Request.
  Time since last request: 0.000053 seconds.
  path: Assets/_Barking_Dog/_3D Scifi Base Vol 1/Prefabs/_Build/P_Wall_Normal_05.prefab
  artifactKey: Guid(b33a60849182f462c8653fded5850884) Importer(2089858483,e11c23a36db5f54750b8cd40eac0985b)
Start importing Assets/_Barking_Dog/_3D Scifi Base Vol 1/Prefabs/_Build/P_Wall_Normal_05.prefab using Guid(b33a60849182f462c8653fded5850884) Importer(2089858483,e11c23a36db5f54750b8cd40eac0985b) (ScriptedImporter) -> (artifact id: '366dcecc9383b6d8fed1bb2a8c7b5653') in 0.0166121 seconds
Number of updated asset objects reloaded before import = 0Number of asset objects unloaded after import = 19

========================================================================
Received Import Request.
  Time since last request: 0.000057 seconds.
  path: Assets/_Barking_Dog/_3D Scifi Base Vol 1/Prefabs/_Build/P_Wall_Normal_03.prefab
  artifactKey: Guid(a8efbe29732a24afd8f05a97682594de) Importer(2089858483,e11c23a36db5f54750b8cd40eac0985b)
Start importing Assets/_Barking_Dog/_3D Scifi Base Vol 1/Prefabs/_Build/P_Wall_Normal_03.prefab using Guid(a8efbe29732a24afd8f05a97682594de) Importer(2089858483,e11c23a36db5f54750b8cd40eac0985b) (ScriptedImporter) -> (artifact id: 'afa52d37519ade8e148c46ca31a7e23d') in 0.0252685 seconds
Number of updated asset objects reloaded before import = 0Number of asset objects unloaded after import = 30

========================================================================
Received Import Request.
  Time since last request: 0.000043 seconds.
  path: Assets/_Barking_Dog/_3D Scifi Base Vol 1/Meshes/Roof_Cache_10.FBX
  artifactKey: Guid(2022c8c7b5de54500b79e9a98d382147) Importer(2089858483,b0f066a214c2f5e87bad3c948f4d605d)
Start importing Assets/_Barking_Dog/_3D Scifi Base Vol 1/Meshes/Roof_Cache_10.FBX using Guid(2022c8c7b5de54500b79e9a98d382147) Importer(2089858483,b0f066a214c2f5e87bad3c948f4d605d) (ScriptedImporter) -> (artifact id: '12edc386b41f5bc621623e4703c0ae79') in 0.0122539 seconds
Number of updated asset objects reloaded before import = 0Number of asset objects unloaded after import = 8

========================================================================
Received Import Request.
  Time since last request: 0.000041 seconds.
  path: Assets/_Barking_Dog/_3D Scifi Base Vol 1/Textures/Wall_Atlas_04_Norm_02.png
  artifactKey: Guid(1996eaf55498b432db56bed7738880a6) Importer(2089858483,b0f066a214c2f5e87bad3c948f4d605d)
Start importing Assets/_Barking_Dog/_3D Scifi Base Vol 1/Textures/Wall_Atlas_04_Norm_02.png using Guid(1996eaf55498b432db56bed7738880a6) Importer(2089858483,b0f066a214c2f5e87bad3c948f4d605d) (ScriptedImporter) -> (artifact id: 'f28a567782421ea2a67722ca359e34cd') in 0.0343608 seconds
Number of updated asset objects reloaded before import = 0Number of asset objects unloaded after import = 1

========================================================================
Received Import Request.
  Time since last request: 0.000056 seconds.
  path: Assets/_Barking_Dog/_3D Scifi Base Vol 1/Prefabs/_Legos/P_Corridor_End_03.prefab
  artifactKey: Guid(d0c3078a38e804f07bcb9ccab0cbd724) Importer(2089858483,e11c23a36db5f54750b8cd40eac0985b)
Start importing Assets/_Barking_Dog/_3D Scifi Base Vol 1/Prefabs/_Legos/P_Corridor_End_03.prefab using Guid(d0c3078a38e804f07bcb9ccab0cbd724) Importer(2089858483,e11c23a36db5f54750b8cd40eac0985b) (ScriptedImporter) -> (artifact id: '128a24f29127732a86fd709e1ada0765') in 0.1854084 seconds
Number of updated asset objects reloaded before import = 0Number of asset objects unloaded after import = 242

========================================================================
Received Import Request.
  Time since last request: 0.000049 seconds.
  path: Assets/_Barking_Dog/_3D Scifi Base Vol 1/Prefabs/_Fx/ForceField_02.prefab
  artifactKey: Guid(17f7a533d53e64ac295c284229f35596) Importer(2089858483,e11c23a36db5f54750b8cd40eac0985b)
Start importing Assets/_Barking_Dog/_3D Scifi Base Vol 1/Prefabs/_Fx/ForceField_02.prefab using Guid(17f7a533d53e64ac295c284229f35596) Importer(2089858483,e11c23a36db5f54750b8cd40eac0985b) (ScriptedImporter) -> (artifact id: '11972c80f4cb4e571df5588a6ef7b7a2') in 0.020108 seconds
Number of updated asset objects reloaded before import = 0Number of asset objects unloaded after import = 15

========================================================================
Received Import Request.
  Time since last request: 0.000057 seconds.
  path: Assets/_Barking_Dog/_3D Scifi Base Vol 1/Prefabs/_Legos/P_Corridor_Small_01.prefab
  artifactKey: Guid(be83d275bdbf14b3792eeaadc802242b) Importer(2089858483,e11c23a36db5f54750b8cd40eac0985b)
Start importing Assets/_Barking_Dog/_3D Scifi Base Vol 1/Prefabs/_Legos/P_Corridor_Small_01.prefab using Guid(be83d275bdbf14b3792eeaadc802242b) Importer(2089858483,e11c23a36db5f54750b8cd40eac0985b) (ScriptedImporter) -> (artifact id: '45a6494bb96c7bd63b9fede5c6ada125') in 0.1304337 seconds
Number of updated asset objects reloaded before import = 0Number of asset objects unloaded after import = 126

========================================================================
Received Import Request.
  Time since last request: 0.000034 seconds.
  path: Assets/_Barking_Dog/_3D Scifi Base Vol 1/Prefabs/_Legos/P_Corridor_Small_02.prefab
  artifactKey: Guid(eab4b9425e36c4a9b866f2d45934b140) Importer(2089858483,e11c23a36db5f54750b8cd40eac0985b)
Start importing Assets/_Barking_Dog/_3D Scifi Base Vol 1/Prefabs/_Legos/P_Corridor_Small_02.prefab using Guid(eab4b9425e36c4a9b866f2d45934b140) Importer(2089858483,e11c23a36db5f54750b8cd40eac0985b) (ScriptedImporter) -> (artifact id: '6f83c7b6b3571a132daf961b073ddae1') in 0.0712992 seconds
Number of updated asset objects reloaded before import = 0Number of asset objects unloaded after import = 122

========================================================================
Received Import Request.
  Time since last request: 0.000041 seconds.
  path: Assets/_Barking_Dog/_3D Scifi Base Vol 1/Prefabs/_Legos/P_Corridor_Small_04.prefab
  artifactKey: Guid(5c69609b582f8433cbb6fc9fe10b12d6) Importer(2089858483,e11c23a36db5f54750b8cd40eac0985b)
Start importing Assets/_Barking_Dog/_3D Scifi Base Vol 1/Prefabs/_Legos/P_Corridor_Small_04.prefab using Guid(5c69609b582f8433cbb6fc9fe10b12d6) Importer(2089858483,e11c23a36db5f54750b8cd40eac0985b) (ScriptedImporter) -> (artifact id: '361d4aa7bbdc7a050a54dd9855403b05') in 0.0974441 seconds
Number of updated asset objects reloaded before import = 0Number of asset objects unloaded after import = 117

========================================================================
Received Import Request.
  Time since last request: 0.000058 seconds.
  path: Assets/_Barking_Dog/_3D Scifi Base Vol 1/Prefabs/_Legos/P_Corridor_End_01.prefab
  artifactKey: Guid(e95dfbd9d58894f17a04256281e63e20) Importer(2089858483,e11c23a36db5f54750b8cd40eac0985b)
Start importing Assets/_Barking_Dog/_3D Scifi Base Vol 1/Prefabs/_Legos/P_Corridor_End_01.prefab using Guid(e95dfbd9d58894f17a04256281e63e20) Importer(2089858483,e11c23a36db5f54750b8cd40eac0985b) (ScriptedImporter) -> (artifact id: '9f0c0b81c9b97a97dc1e008fa3adad26') in 0.1740119 seconds
Number of updated asset objects reloaded before import = 0Number of asset objects unloaded after import = 234

========================================================================
Received Import Request.
  Time since last request: 0.000041 seconds.
  path: Assets/_Barking_Dog/_3D Scifi Base Vol 1/Prefabs/_Legos/P_Corridor_WallAngle_02.prefab
  artifactKey: Guid(f8e391eab8e4d4b20b2eed1cdf640145) Importer(2089858483,e11c23a36db5f54750b8cd40eac0985b)
Start importing Assets/_Barking_Dog/_3D Scifi Base Vol 1/Prefabs/_Legos/P_Corridor_WallAngle_02.prefab using Guid(f8e391eab8e4d4b20b2eed1cdf640145) Importer(2089858483,e11c23a36db5f54750b8cd40eac0985b) (ScriptedImporter) -> (artifact id: 'b0eee1dc011c8c51ff0cc5ea7a77c675') in 0.2657135 seconds
Number of updated asset objects reloaded before import = 0Number of asset objects unloaded after import = 387

========================================================================
Received Import Request.
  Time since last request: 0.000075 seconds.
  path: Assets/_Barking_Dog/_3D Scifi Base Vol 1/Prefabs/_Legos/P_Corridor_Small_07.prefab
  artifactKey: Guid(7dc4540c94faf41a09b41b78469293a8) Importer(2089858483,e11c23a36db5f54750b8cd40eac0985b)
Start importing Assets/_Barking_Dog/_3D Scifi Base Vol 1/Prefabs/_Legos/P_Corridor_Small_07.prefab using Guid(7dc4540c94faf41a09b41b78469293a8) Importer(2089858483,e11c23a36db5f54750b8cd40eac0985b) (ScriptedImporter) -> (artifact id: 'fdec45b2638c300592a72b5efc0687a7') in 0.1249755 seconds
Number of updated asset objects reloaded before import = 0Number of asset objects unloaded after import = 111

========================================================================
Received Import Request.
  Time since last request: 0.000041 seconds.
  path: Assets/_Barking_Dog/_3D Scifi Base Vol 1/Prefabs/_Legos/P_Corridor_WallAngle_04.prefab
  artifactKey: Guid(79412966e24bf442eb4a06e319437099) Importer(2089858483,e11c23a36db5f54750b8cd40eac0985b)
Start importing Assets/_Barking_Dog/_3D Scifi Base Vol 1/Prefabs/_Legos/P_Corridor_WallAngle_04.prefab using Guid(79412966e24bf442eb4a06e319437099) Importer(2089858483,e11c23a36db5f54750b8cd40eac0985b) (ScriptedImporter) -> (artifact id: '38da372dd4c8b0c1e1762e4de9a247f9') in 0.1221385 seconds
Number of updated asset objects reloaded before import = 0Number of asset objects unloaded after import = 185

========================================================================
Received Import Request.
  Time since last request: 0.000046 seconds.
  path: Assets/_Barking_Dog/_3D Scifi Base Vol 1/Prefabs/_Legos/P_Plateform_Big_03.prefab
  artifactKey: Guid(e74edb83bfd88497197fdadeaee46597) Importer(2089858483,e11c23a36db5f54750b8cd40eac0985b)
Start importing Assets/_Barking_Dog/_3D Scifi Base Vol 1/Prefabs/_Legos/P_Plateform_Big_03.prefab using Guid(e74edb83bfd88497197fdadeaee46597) Importer(2089858483,e11c23a36db5f54750b8cd40eac0985b) (ScriptedImporter) -> (artifact id: 'c87b3d2764c0a1da7b54a197f2f8bc34') in 0.1386896 seconds
Number of updated asset objects reloaded before import = 0Number of asset objects unloaded after import = 126

========================================================================
Received Import Request.
  Time since last request: 0.000059 seconds.
  path: Assets/_Barking_Dog/_3D Scifi Base Vol 1/Prefabs/_Doors/Vertical_Doors_Kit.prefab
  artifactKey: Guid(1db0ddcd4a2704b31818e3cb2cb06af2) Importer(2089858483,e11c23a36db5f54750b8cd40eac0985b)
Start importing Assets/_Barking_Dog/_3D Scifi Base Vol 1/Prefabs/_Doors/Vertical_Doors_Kit.prefab using Guid(1db0ddcd4a2704b31818e3cb2cb06af2) Importer(2089858483,e11c23a36db5f54750b8cd40eac0985b) (ScriptedImporter) -> (artifact id: '3af2d1616ab81dd7e2695e02e6e2bab5') in 0.0120133 seconds
Number of updated asset objects reloaded before import = 0Number of asset objects unloaded after import = 6

========================================================================
Received Import Request.
  Time since last request: 0.000033 seconds.
  path: Assets/_Barking_Dog/_3D Scifi Base Vol 1/Prefabs/_Legos/P_Plateform_Big_04.prefab
  artifactKey: Guid(f62dadb546fe64e2dbfbca9b9b09f3ea) Importer(2089858483,e11c23a36db5f54750b8cd40eac0985b)
Start importing Assets/_Barking_Dog/_3D Scifi Base Vol 1/Prefabs/_Legos/P_Plateform_Big_04.prefab using Guid(f62dadb546fe64e2dbfbca9b9b09f3ea) Importer(2089858483,e11c23a36db5f54750b8cd40eac0985b) (ScriptedImporter) -> (artifact id: 'd9622ffa5449a3984b7ee1bf20838176') in 0.6254863 seconds
Number of updated asset objects reloaded before import = 0Number of asset objects unloaded after import = 731

========================================================================
Received Import Request.
  Time since last request: 0.000049 seconds.
  path: Assets/_Barking_Dog/_3D Scifi Base Vol 1/Prefabs/_Legos/P_Small_Base_03.prefab
  artifactKey: Guid(c00fc66f35cbb469bb3c82a2093654fe) Importer(2089858483,e11c23a36db5f54750b8cd40eac0985b)
Start importing Assets/_Barking_Dog/_3D Scifi Base Vol 1/Prefabs/_Legos/P_Small_Base_03.prefab using Guid(c00fc66f35cbb469bb3c82a2093654fe) Importer(2089858483,e11c23a36db5f54750b8cd40eac0985b) (ScriptedImporter) -> (artifact id: 'd7696ef2aec81b534fd901ac6dc3e3e7') in 1.0059445 seconds
Number of updated asset objects reloaded before import = 0Number of asset objects unloaded after import = 1438

========================================================================
Received Import Request.
  Time since last request: 0.000040 seconds.
  path: Assets/_Barking_Dog/_3D Scifi Base Vol 1/Prefabs/_Legos/P_Small_Pod_02.prefab
  artifactKey: Guid(e12f616ec278c4027aa722c07e075861) Importer(2089858483,e11c23a36db5f54750b8cd40eac0985b)
Start importing Assets/_Barking_Dog/_3D Scifi Base Vol 1/Prefabs/_Legos/P_Small_Pod_02.prefab using Guid(e12f616ec278c4027aa722c07e075861) Importer(2089858483,e11c23a36db5f54750b8cd40eac0985b) (ScriptedImporter) -> (artifact id: 'b04456a84c6f67eccb97030c9a83ce11') in 0.258036 seconds
Number of updated asset objects reloaded before import = 0Number of asset objects unloaded after import = 418

========================================================================
Received Import Request.
  Time since last request: 0.000048 seconds.
  path: Assets/_Barking_Dog/_3D Scifi Base Vol 1/Prefabs/_Legos/P_Small_Dome_01.prefab
  artifactKey: Guid(bff83ac9399c84fd28bdf7bf99c213fd) Importer(2089858483,e11c23a36db5f54750b8cd40eac0985b)
Start importing Assets/_Barking_Dog/_3D Scifi Base Vol 1/Prefabs/_Legos/P_Small_Dome_01.prefab using Guid(bff83ac9399c84fd28bdf7bf99c213fd) Importer(2089858483,e11c23a36db5f54750b8cd40eac0985b) (ScriptedImporter) -> (artifact id: '9fe0be2d737118565bcd118d4db1204e') in 0.019679 seconds
Number of updated asset objects reloaded before import = 0Number of asset objects unloaded after import = 32

========================================================================
Received Import Request.
  Time since last request: 0.000047 seconds.
  path: Assets/_Barking_Dog/_3D Scifi Base Vol 1/Prefabs/_Legos/P_Small_Pod_03.prefab
  artifactKey: Guid(a8f1221ced29643c49a9a750582ae452) Importer(2089858483,e11c23a36db5f54750b8cd40eac0985b)
Start importing Assets/_Barking_Dog/_3D Scifi Base Vol 1/Prefabs/_Legos/P_Small_Pod_03.prefab using Guid(a8f1221ced29643c49a9a750582ae452) Importer(2089858483,e11c23a36db5f54750b8cd40eac0985b) (ScriptedImporter) -> (artifact id: 'be7515f1afd7cb394c90643a9fc8e505') in 0.3631732 seconds
Number of updated asset objects reloaded before import = 0Number of asset objects unloaded after import = 559

========================================================================
Received Import Request.
  Time since last request: 0.000056 seconds.
  path: Assets/_Barking_Dog/_3D Scifi Base Vol 1/Prefabs/_Legos/P_Small_Tower_Ring_01.prefab
  artifactKey: Guid(be7ea5c3d41774b25ac3f8c47a950e4b) Importer(2089858483,e11c23a36db5f54750b8cd40eac0985b)
Start importing Assets/_Barking_Dog/_3D Scifi Base Vol 1/Prefabs/_Legos/P_Small_Tower_Ring_01.prefab using Guid(be7ea5c3d41774b25ac3f8c47a950e4b) Importer(2089858483,e11c23a36db5f54750b8cd40eac0985b) (ScriptedImporter) -> (artifact id: '9b05dd63b29ca472ba6929d90eab4067') in 0.6036959 seconds
Number of updated asset objects reloaded before import = 0Number of asset objects unloaded after import = 830

========================================================================
Received Import Request.
  Time since last request: 0.000048 seconds.
  path: Assets/_Barking_Dog/_3D Scifi Base Vol 1/Prefabs/_Legos/P_Small_Tower_Ring_03.prefab
  artifactKey: Guid(689ead7831fdd4dd39ced959b4e299e3) Importer(2089858483,e11c23a36db5f54750b8cd40eac0985b)
Start importing Assets/_Barking_Dog/_3D Scifi Base Vol 1/Prefabs/_Legos/P_Small_Tower_Ring_03.prefab using Guid(689ead7831fdd4dd39ced959b4e299e3) Importer(2089858483,e11c23a36db5f54750b8cd40eac0985b) (ScriptedImporter) -> (artifact id: 'cf0df4c61dc65bd844d4fab268e8fcab') in 0.6495212 seconds
Number of updated asset objects reloaded before import = 0Number of asset objects unloaded after import = 796

========================================================================
Received Import Request.
  Time since last request: 0.000035 seconds.
  path: Assets/_Barking_Dog/_3D Scifi Base Vol 1/Prefabs/_Legos/P_Small_Tower_Room_02.prefab
  artifactKey: Guid(bd72cb14278ad427ab5447cffdd7670a) Importer(2089858483,e11c23a36db5f54750b8cd40eac0985b)
Start importing Assets/_Barking_Dog/_3D Scifi Base Vol 1/Prefabs/_Legos/P_Small_Tower_Room_02.prefab using Guid(bd72cb14278ad427ab5447cffdd7670a) Importer(2089858483,e11c23a36db5f54750b8cd40eac0985b) (ScriptedImporter) -> (artifact id: 'a311efa2691072854d4274dacd1cacb5') in 0.5858009 seconds
Number of updated asset objects reloaded before import = 0Number of asset objects unloaded after import = 975

========================================================================
Received Import Request.
  Time since last request: 0.000053 seconds.
  path: Assets/_Barking_Dog/_3D Scifi Base Vol 1/Prefabs/_Legos/P_Small_Tower_Room_04.prefab
  artifactKey: Guid(d57337a0331534e1e98f205e69978cef) Importer(2089858483,e11c23a36db5f54750b8cd40eac0985b)
Start importing Assets/_Barking_Dog/_3D Scifi Base Vol 1/Prefabs/_Legos/P_Small_Tower_Room_04.prefab using Guid(d57337a0331534e1e98f205e69978cef) Importer(2089858483,e11c23a36db5f54750b8cd40eac0985b) (ScriptedImporter) -> (artifact id: '47d8da374f8a41549fac8f07f34e2bbd') in 2.2553252 seconds
Number of updated asset objects reloaded before import = 0Number of asset objects unloaded after import = 3152

========================================================================
Received Import Request.
  Time since last request: 0.000082 seconds.
  path: Assets/_Barking_Dog/_3D Scifi Base Vol 1/Prefabs/_Legos/P_Corridor_WallAngle_03.prefab
  artifactKey: Guid(a01f50de58a42401fb71a0d5807975a3) Importer(2089858483,e11c23a36db5f54750b8cd40eac0985b)
Start importing Assets/_Barking_Dog/_3D Scifi Base Vol 1/Prefabs/_Legos/P_Corridor_WallAngle_03.prefab using Guid(a01f50de58a42401fb71a0d5807975a3) Importer(2089858483,e11c23a36db5f54750b8cd40eac0985b) (ScriptedImporter) -> (artifact id: '9389adb81b90eeb916879bfa00c92567') in 0.2675584 seconds
Number of updated asset objects reloaded before import = 0Number of asset objects unloaded after import = 184

========================================================================
Received Import Request.
  Time since last request: 0.000060 seconds.
  path: Assets/_Barking_Dog/_3D Scifi Base Vol 1/Prefabs/_Props/P_Air_Grid_01.prefab
  artifactKey: Guid(6a531243fb4dd46cdb794c48e05fa30d) Importer(2089858483,e11c23a36db5f54750b8cd40eac0985b)
Start importing Assets/_Barking_Dog/_3D Scifi Base Vol 1/Prefabs/_Props/P_Air_Grid_01.prefab using Guid(6a531243fb4dd46cdb794c48e05fa30d) Importer(2089858483,e11c23a36db5f54750b8cd40eac0985b) (ScriptedImporter) -> (artifact id: 'c54201f93ac0ea791f26e33a515f5e5c') in 0.0222319 seconds
Number of updated asset objects reloaded before import = 0Number of asset objects unloaded after import = 18

========================================================================
Received Import Request.
  Time since last request: 0.000039 seconds.
  path: Assets/_Barking_Dog/_3D Scifi Base Vol 1/Prefabs/_Props/P_Antenna_01.prefab
  artifactKey: Guid(786fd4c0182d74eae8671308a69d6cfa) Importer(2089858483,e11c23a36db5f54750b8cd40eac0985b)
Start importing Assets/_Barking_Dog/_3D Scifi Base Vol 1/Prefabs/_Props/P_Antenna_01.prefab using Guid(786fd4c0182d74eae8671308a69d6cfa) Importer(2089858483,e11c23a36db5f54750b8cd40eac0985b) (ScriptedImporter) -> (artifact id: 'ceccfcf3eb8e8c6cff3ddb0c32c48e3f') in 0.0118451 seconds
Number of updated asset objects reloaded before import = 0Number of asset objects unloaded after import = 12

========================================================================
Received Import Request.
  Time since last request: 0.000036 seconds.
  path: Assets/_Barking_Dog/_3D Scifi Base Vol 1/Prefabs/_Legos/P_Small_Pod_01.prefab
  artifactKey: Guid(1f1f2bf34fcb14387934133ed044c464) Importer(2089858483,e11c23a36db5f54750b8cd40eac0985b)
Start importing Assets/_Barking_Dog/_3D Scifi Base Vol 1/Prefabs/_Legos/P_Small_Pod_01.prefab using Guid(1f1f2bf34fcb14387934133ed044c464) Importer(2089858483,e11c23a36db5f54750b8cd40eac0985b) (ScriptedImporter) -> (artifact id: 'f8ce1994c6652d34bfbc6bbd4290dca6') in 0.4396156 seconds
Number of updated asset objects reloaded before import = 0Number of asset objects unloaded after import = 526

========================================================================
Received Import Request.
  Time since last request: 0.000040 seconds.
  path: Assets/_Barking_Dog/_3D Scifi Base Vol 1/Prefabs/_Build/P_Floor_Normal_02.prefab
  artifactKey: Guid(ab56a5a1555134f558dc8fbe14a0536d) Importer(2089858483,e11c23a36db5f54750b8cd40eac0985b)
Start importing Assets/_Barking_Dog/_3D Scifi Base Vol 1/Prefabs/_Build/P_Floor_Normal_02.prefab using Guid(ab56a5a1555134f558dc8fbe14a0536d) Importer(2089858483,e11c23a36db5f54750b8cd40eac0985b) (ScriptedImporter) -> (artifact id: 'b94b99925979e74d727c1ec3bc5d577c') in 0.0248233 seconds
Number of updated asset objects reloaded before import = 0Number of asset objects unloaded after import = 12

========================================================================
Received Import Request.
  Time since last request: 0.000046 seconds.
  path: Assets/_Barking_Dog/_3D Scifi Base Vol 1/Meshes/Crate_Yellow_Big_01.FBX
  artifactKey: Guid(37e7cbc7bad6342e3a2069dad35c8c35) Importer(2089858483,b0f066a214c2f5e87bad3c948f4d605d)
Start importing Assets/_Barking_Dog/_3D Scifi Base Vol 1/Meshes/Crate_Yellow_Big_01.FBX using Guid(37e7cbc7bad6342e3a2069dad35c8c35) Importer(2089858483,b0f066a214c2f5e87bad3c948f4d605d) (ScriptedImporter) -> (artifact id: '769a1fc1242004520ea1fce24de35cfd') in 0.0154863 seconds
Number of updated asset objects reloaded before import = 0Number of asset objects unloaded after import = 13

========================================================================
Received Import Request.
  Time since last request: 0.000030 seconds.
  path: Assets/_Barking_Dog/_3D Scifi Base Vol 1/Prefabs/_Props/P_Can_Red_01.prefab
  artifactKey: Guid(ae3885213e51a4622976003cb60fe5da) Importer(2089858483,e11c23a36db5f54750b8cd40eac0985b)
Start importing Assets/_Barking_Dog/_3D Scifi Base Vol 1/Prefabs/_Props/P_Can_Red_01.prefab using Guid(ae3885213e51a4622976003cb60fe5da) Importer(2089858483,e11c23a36db5f54750b8cd40eac0985b) (ScriptedImporter) -> (artifact id: '87c736134f1f53196a754d7865838d07') in 0.0103391 seconds
Number of updated asset objects reloaded before import = 0Number of asset objects unloaded after import = 12

========================================================================
Received Import Request.
  Time since last request: 0.000033 seconds.
  path: Assets/_Barking_Dog/_3D Scifi Base Vol 1/Prefabs/_Props/P_Char_02.prefab
  artifactKey: Guid(42b9d7d02d46c49628d750a03d4ba7c6) Importer(2089858483,e11c23a36db5f54750b8cd40eac0985b)
Start importing Assets/_Barking_Dog/_3D Scifi Base Vol 1/Prefabs/_Props/P_Char_02.prefab using Guid(42b9d7d02d46c49628d750a03d4ba7c6) Importer(2089858483,e11c23a36db5f54750b8cd40eac0985b) (ScriptedImporter) -> (artifact id: 'f363f07de445a9b91bb911475dddf710') in 0.0198021 seconds
Number of updated asset objects reloaded before import = 0Number of asset objects unloaded after import = 19

========================================================================
Received Import Request.
  Time since last request: 0.000048 seconds.
  path: Assets/_Barking_Dog/_3D Scifi Base Vol 1/Prefabs/_Props/P_Char_04.prefab
  artifactKey: Guid(66f512b6ac13c4d5e8e8d8bb546fe702) Importer(2089858483,e11c23a36db5f54750b8cd40eac0985b)
Start importing Assets/_Barking_Dog/_3D Scifi Base Vol 1/Prefabs/_Props/P_Char_04.prefab using Guid(66f512b6ac13c4d5e8e8d8bb546fe702) Importer(2089858483,e11c23a36db5f54750b8cd40eac0985b) (ScriptedImporter) -> (artifact id: '080ea79e1bc15b835df3f20b987c61b7') in 0.0353938 seconds
Number of updated asset objects reloaded before import = 0Number of asset objects unloaded after import = 37

========================================================================
Received Import Request.
  Time since last request: 0.000056 seconds.
  path: Assets/_Barking_Dog/_3D Scifi Base Vol 1/Prefabs/_Props/P_Can_Blue_01.prefab
  artifactKey: Guid(a2b8590e546814f4c8b542963477d374) Importer(2089858483,e11c23a36db5f54750b8cd40eac0985b)
Start importing Assets/_Barking_Dog/_3D Scifi Base Vol 1/Prefabs/_Props/P_Can_Blue_01.prefab using Guid(a2b8590e546814f4c8b542963477d374) Importer(2089858483,e11c23a36db5f54750b8cd40eac0985b) (ScriptedImporter) -> (artifact id: '5fd14141488ba584ed791122f7f25a1c') in 0.0218985 seconds
Number of updated asset objects reloaded before import = 0Number of asset objects unloaded after import = 12

========================================================================
Received Import Request.
  Time since last request: 0.000041 seconds.
  path: Assets/_Barking_Dog/_3D Scifi Base Vol 1/Prefabs/_Props/P_Bench_01.prefab
  artifactKey: Guid(30a98c620fd704f458d1ad068fae8582) Importer(2089858483,e11c23a36db5f54750b8cd40eac0985b)
Start importing Assets/_Barking_Dog/_3D Scifi Base Vol 1/Prefabs/_Props/P_Bench_01.prefab using Guid(30a98c620fd704f458d1ad068fae8582) Importer(2089858483,e11c23a36db5f54750b8cd40eac0985b) (ScriptedImporter) -> (artifact id: '63c14274dc4ec852a06168a624e309bb') in 0.0225974 seconds
Number of updated asset objects reloaded before import = 0Number of asset objects unloaded after import = 17

========================================================================
Received Import Request.
  Time since last request: 0.000047 seconds.
  path: Assets/_Barking_Dog/_3D Scifi Base Vol 1/Prefabs/_Build/P_Roof_Cache_07_B.prefab
  artifactKey: Guid(f5cac5a384e264c1abb6f7226e9a171a) Importer(2089858483,e11c23a36db5f54750b8cd40eac0985b)
Start importing Assets/_Barking_Dog/_3D Scifi Base Vol 1/Prefabs/_Build/P_Roof_Cache_07_B.prefab using Guid(f5cac5a384e264c1abb6f7226e9a171a) Importer(2089858483,e11c23a36db5f54750b8cd40eac0985b) (ScriptedImporter) -> (artifact id: '0b5f9511ab16830aefa2745fab00f25d') in 0.0129256 seconds
Number of updated asset objects reloaded before import = 0Number of asset objects unloaded after import = 10

========================================================================
Received Import Request.
  Time since last request: 0.000041 seconds.
  path: Assets/_Barking_Dog/_3D Scifi Base Vol 1/Prefabs/_Props/P_Computer_Dbl_03.prefab
  artifactKey: Guid(3aa199ebb69b94a8da1d93951953fd81) Importer(2089858483,e11c23a36db5f54750b8cd40eac0985b)
Start importing Assets/_Barking_Dog/_3D Scifi Base Vol 1/Prefabs/_Props/P_Computer_Dbl_03.prefab using Guid(3aa199ebb69b94a8da1d93951953fd81) Importer(2089858483,e11c23a36db5f54750b8cd40eac0985b) (ScriptedImporter) -> (artifact id: '3c4e86ba4d538556dca7ade2e037bf3b') in 0.0773309 seconds
Number of updated asset objects reloaded before import = 0Number of asset objects unloaded after import = 89

========================================================================
Received Import Request.
  Time since last request: 0.000046 seconds.
  path: Assets/_Barking_Dog/_3D Scifi Base Vol 1/Prefabs/_Props/P_Computer_03.prefab
  artifactKey: Guid(257008f9214de4647bbc131825b77733) Importer(2089858483,e11c23a36db5f54750b8cd40eac0985b)
Start importing Assets/_Barking_Dog/_3D Scifi Base Vol 1/Prefabs/_Props/P_Computer_03.prefab using Guid(257008f9214de4647bbc131825b77733) Importer(2089858483,e11c23a36db5f54750b8cd40eac0985b) (ScriptedImporter) -> (artifact id: 'b6162c54a3bb83970e7e0bcbe62f987d') in 0.0424747 seconds
Number of updated asset objects reloaded before import = 0Number of asset objects unloaded after import = 47

========================================================================
Received Import Request.
  Time since last request: 0.000033 seconds.
  path: Assets/_Barking_Dog/_3D Scifi Base Vol 1/Prefabs/_Props/P_Computer_Dbl_04.prefab
  artifactKey: Guid(c7d5702e210bf45cda462558ce486941) Importer(2089858483,e11c23a36db5f54750b8cd40eac0985b)
Start importing Assets/_Barking_Dog/_3D Scifi Base Vol 1/Prefabs/_Props/P_Computer_Dbl_04.prefab using Guid(c7d5702e210bf45cda462558ce486941) Importer(2089858483,e11c23a36db5f54750b8cd40eac0985b) (ScriptedImporter) -> (artifact id: '0216308846dc64a0116be8d08dc108d5') in 0.139403 seconds
Number of updated asset objects reloaded before import = 0Number of asset objects unloaded after import = 139

========================================================================
Received Import Request.
  Time since last request: 0.000051 seconds.
  path: Assets/_Barking_Dog/_3D Scifi Base Vol 1/Prefabs/_Props/P_Char_05.prefab
  artifactKey: Guid(960d1c03ec6d44102ac6524b098e1eb8) Importer(2089858483,e11c23a36db5f54750b8cd40eac0985b)
Start importing Assets/_Barking_Dog/_3D Scifi Base Vol 1/Prefabs/_Props/P_Char_05.prefab using Guid(960d1c03ec6d44102ac6524b098e1eb8) Importer(2089858483,e11c23a36db5f54750b8cd40eac0985b) (ScriptedImporter) -> (artifact id: 'fa229be2fc49ab3238cb5d948d3df1cd') in 0.0435567 seconds
Number of updated asset objects reloaded before import = 0Number of asset objects unloaded after import = 74

========================================================================
Received Import Request.
  Time since last request: 0.000055 seconds.
  path: Assets/_Barking_Dog/_3D Scifi Base Vol 1/Prefabs/_Props/P_Crate_Yellow_Big_01.prefab
  artifactKey: Guid(432778808f5bc4f18b75113d4f299254) Importer(2089858483,e11c23a36db5f54750b8cd40eac0985b)
Start importing Assets/_Barking_Dog/_3D Scifi Base Vol 1/Prefabs/_Props/P_Crate_Yellow_Big_01.prefab using Guid(432778808f5bc4f18b75113d4f299254) Importer(2089858483,e11c23a36db5f54750b8cd40eac0985b) (ScriptedImporter) -> (artifact id: '868520404e697fafe4d3686c8f196bce') in 0.0209333 seconds
Number of updated asset objects reloaded before import = 0Number of asset objects unloaded after import = 17

========================================================================
Received Import Request.
  Time since last request: 0.000045 seconds.
  path: Assets/_Barking_Dog/_3D Scifi Base Vol 1/Prefabs/_Props/P_Computer_Rack_02.prefab
  artifactKey: Guid(5b254512692a74fef89e260ffbe93484) Importer(2089858483,e11c23a36db5f54750b8cd40eac0985b)
Start importing Assets/_Barking_Dog/_3D Scifi Base Vol 1/Prefabs/_Props/P_Computer_Rack_02.prefab using Guid(5b254512692a74fef89e260ffbe93484) Importer(2089858483,e11c23a36db5f54750b8cd40eac0985b) (ScriptedImporter) -> (artifact id: 'b65dd0bc23963fe8b16e79d71695b151') in 0.0091699 seconds
Number of updated asset objects reloaded before import = 0Number of asset objects unloaded after import = 11

========================================================================
Received Import Request.
  Time since last request: 0.000029 seconds.
  path: Assets/_Barking_Dog/_3D Scifi Base Vol 1/Prefabs/_Props/P_Electric_Pylon_01.prefab
  artifactKey: Guid(73aeb9e95435c4482b0b14c9dc4fd990) Importer(2089858483,e11c23a36db5f54750b8cd40eac0985b)
Start importing Assets/_Barking_Dog/_3D Scifi Base Vol 1/Prefabs/_Props/P_Electric_Pylon_01.prefab using Guid(73aeb9e95435c4482b0b14c9dc4fd990) Importer(2089858483,e11c23a36db5f54750b8cd40eac0985b) (ScriptedImporter) -> (artifact id: 'c88c418b74e0897815e5e4cbb65c317b') in 0.0239398 seconds
Number of updated asset objects reloaded before import = 0Number of asset objects unloaded after import = 32

========================================================================
Received Import Request.
  Time since last request: 0.000039 seconds.
  path: Assets/_Barking_Dog/_3D Scifi Base Vol 1/Prefabs/_Props/P_Eole_01.prefab
  artifactKey: Guid(fdcb6720e4002417784e26c07d5854ea) Importer(2089858483,e11c23a36db5f54750b8cd40eac0985b)
Start importing Assets/_Barking_Dog/_3D Scifi Base Vol 1/Prefabs/_Props/P_Eole_01.prefab using Guid(fdcb6720e4002417784e26c07d5854ea) Importer(2089858483,e11c23a36db5f54750b8cd40eac0985b) (ScriptedImporter) -> (artifact id: '0b4054d5fa84877e1c23ab242f5a1ebf') in 0.0245599 seconds
Number of updated asset objects reloaded before import = 0Number of asset objects unloaded after import = 18

========================================================================
Received Import Request.
  Time since last request: 0.000041 seconds.
  path: Assets/_Barking_Dog/_3D Scifi Base Vol 1/Prefabs/_Props/P_Grid_Plateform_02.prefab
  artifactKey: Guid(5f910743330b84179b68f32978b49070) Importer(2089858483,e11c23a36db5f54750b8cd40eac0985b)
Start importing Assets/_Barking_Dog/_3D Scifi Base Vol 1/Prefabs/_Props/P_Grid_Plateform_02.prefab using Guid(5f910743330b84179b68f32978b49070) Importer(2089858483,e11c23a36db5f54750b8cd40eac0985b) (ScriptedImporter) -> (artifact id: 'e3786636678f59383ce6358b0ac390b4') in 0.0183637 seconds
Number of updated asset objects reloaded before import = 0Number of asset objects unloaded after import = 28

========================================================================
Received Import Request.
  Time since last request: 0.000028 seconds.
  path: Assets/_Barking_Dog/_3D Scifi Base Vol 1/Prefabs/_Build/P_Roof_Cache_05.prefab
  artifactKey: Guid(d8e28b5fc71e4475cab53855307b762d) Importer(2089858483,e11c23a36db5f54750b8cd40eac0985b)
Start importing Assets/_Barking_Dog/_3D Scifi Base Vol 1/Prefabs/_Build/P_Roof_Cache_05.prefab using Guid(d8e28b5fc71e4475cab53855307b762d) Importer(2089858483,e11c23a36db5f54750b8cd40eac0985b) (ScriptedImporter) -> (artifact id: '4762551d85c86980d1556ff4ccbcba6f') in 0.0136659 seconds
Number of updated asset objects reloaded before import = 0Number of asset objects unloaded after import = 10

========================================================================
Received Import Request.
  Time since last request: 0.000032 seconds.
  path: Assets/_Barking_Dog/_3D Scifi Base Vol 1/Splat/Rock_01_Norm.png
  artifactKey: Guid(539f6dfa6d5594ce5aaacec9e05ce162) Importer(2089858483,b0f066a214c2f5e87bad3c948f4d605d)
Start importing Assets/_Barking_Dog/_3D Scifi Base Vol 1/Splat/Rock_01_Norm.png using Guid(539f6dfa6d5594ce5aaacec9e05ce162) Importer(2089858483,b0f066a214c2f5e87bad3c948f4d605d) (ScriptedImporter) -> (artifact id: 'bb081eb38fcc04cc2adb362d2ec88e95') in 0.0145117 seconds
Number of updated asset objects reloaded before import = 0Number of asset objects unloaded after import = 1

========================================================================
Received Import Request.
  Time since last request: 0.000042 seconds.
  path: Assets/_Barking_Dog/_3D Scifi Base Vol 1/Prefabs/_Props/P_Monitor_01.prefab
  artifactKey: Guid(56aeafee9f44c4264a3ba989c1164444) Importer(2089858483,e11c23a36db5f54750b8cd40eac0985b)
Start importing Assets/_Barking_Dog/_3D Scifi Base Vol 1/Prefabs/_Props/P_Monitor_01.prefab using Guid(56aeafee9f44c4264a3ba989c1164444) Importer(2089858483,e11c23a36db5f54750b8cd40eac0985b) (ScriptedImporter) -> (artifact id: '95db2bcd5e5e66262dbae0f4a5d49084') in 0.028337 seconds
Number of updated asset objects reloaded before import = 0Number of asset objects unloaded after import = 31

========================================================================
Received Import Request.
  Time since last request: 0.000055 seconds.
  path: Assets/_Barking_Dog/_3D Scifi Base Vol 1/Prefabs/_Props/P_Laser_Fence_02.prefab
  artifactKey: Guid(4bf5e8621380045fc8d8de7691daa938) Importer(2089858483,e11c23a36db5f54750b8cd40eac0985b)
Start importing Assets/_Barking_Dog/_3D Scifi Base Vol 1/Prefabs/_Props/P_Laser_Fence_02.prefab using Guid(4bf5e8621380045fc8d8de7691daa938) Importer(2089858483,e11c23a36db5f54750b8cd40eac0985b) (ScriptedImporter) -> (artifact id: 'f00b66ca81f2801c7e9ca780d5e811a2') in 0.0104926 seconds
Number of updated asset objects reloaded before import = 0Number of asset objects unloaded after import = 12

========================================================================
Received Import Request.
  Time since last request: 0.000040 seconds.
  path: Assets/_Barking_Dog/_3D Scifi Base Vol 1/Prefabs/_Props/P_Laser_Fence_01.prefab
  artifactKey: Guid(99882afdabca645a88855b837ae97f8d) Importer(2089858483,e11c23a36db5f54750b8cd40eac0985b)
Start importing Assets/_Barking_Dog/_3D Scifi Base Vol 1/Prefabs/_Props/P_Laser_Fence_01.prefab using Guid(99882afdabca645a88855b837ae97f8d) Importer(2089858483,e11c23a36db5f54750b8cd40eac0985b) (ScriptedImporter) -> (artifact id: '82e48b5fa2f94352ec31f04d3259322c') in 0.0093877 seconds
Number of updated asset objects reloaded before import = 0Number of asset objects unloaded after import = 12

========================================================================
Received Import Request.
  Time since last request: 0.000031 seconds.
  path: Assets/_Barking_Dog/_3D Scifi Base Vol 1/Prefabs/_Props/P_Laser_Fence_05.prefab
  artifactKey: Guid(3fe935ac1528a447eb3aff08371570d7) Importer(2089858483,e11c23a36db5f54750b8cd40eac0985b)
Start importing Assets/_Barking_Dog/_3D Scifi Base Vol 1/Prefabs/_Props/P_Laser_Fence_05.prefab using Guid(3fe935ac1528a447eb3aff08371570d7) Importer(2089858483,e11c23a36db5f54750b8cd40eac0985b) (ScriptedImporter) -> (artifact id: '7849299d9123c49475f6ea092e0dc316') in 0.0235563 seconds
Number of updated asset objects reloaded before import = 0Number of asset objects unloaded after import = 30

========================================================================
Received Import Request.
  Time since last request: 0.000078 seconds.
  path: Assets/_Barking_Dog/_3D Scifi Base Vol 1/Prefabs/_Props/P_Laser_Fence_06.prefab
  artifactKey: Guid(19ccaadc457334542a80e5ff3172f1a9) Importer(2089858483,e11c23a36db5f54750b8cd40eac0985b)
Start importing Assets/_Barking_Dog/_3D Scifi Base Vol 1/Prefabs/_Props/P_Laser_Fence_06.prefab using Guid(19ccaadc457334542a80e5ff3172f1a9) Importer(2089858483,e11c23a36db5f54750b8cd40eac0985b) (ScriptedImporter) -> (artifact id: 'b487754ce89ec6a49f404a8fef949b15') in 0.0295588 seconds
Number of updated asset objects reloaded before import = 0Number of asset objects unloaded after import = 38

========================================================================
Received Import Request.
  Time since last request: 0.000079 seconds.
  path: Assets/_Barking_Dog/_3D Scifi Base Vol 1/Prefabs/_Props/P_Laser_Fence_04.prefab
  artifactKey: Guid(6b1fc04a1b9fd45649d0f1f26e47732d) Importer(2089858483,e11c23a36db5f54750b8cd40eac0985b)
Start importing Assets/_Barking_Dog/_3D Scifi Base Vol 1/Prefabs/_Props/P_Laser_Fence_04.prefab using Guid(6b1fc04a1b9fd45649d0f1f26e47732d) Importer(2089858483,e11c23a36db5f54750b8cd40eac0985b) (ScriptedImporter) -> (artifact id: '9e4accbbbb55506a272d46e678c29572') in 0.0291854 seconds
Number of updated asset objects reloaded before import = 0Number of asset objects unloaded after import = 31

========================================================================
Received Import Request.
  Time since last request: 0.000043 seconds.
  path: Assets/_Barking_Dog/_3D Scifi Base Vol 1/Prefabs/_Props/P_Reactor_01.prefab
  artifactKey: Guid(0d54565c439114532ac5175bbc9012aa) Importer(2089858483,e11c23a36db5f54750b8cd40eac0985b)
Start importing Assets/_Barking_Dog/_3D Scifi Base Vol 1/Prefabs/_Props/P_Reactor_01.prefab using Guid(0d54565c439114532ac5175bbc9012aa) Importer(2089858483,e11c23a36db5f54750b8cd40eac0985b) (ScriptedImporter) -> (artifact id: 'e5b0a667fc8b4b66368830677700ed53') in 0.1077494 seconds
Number of updated asset objects reloaded before import = 0Number of asset objects unloaded after import = 126

========================================================================
Received Import Request.
  Time since last request: 0.000069 seconds.
  path: Assets/_Barking_Dog/_3D Scifi Base Vol 1/Prefabs/_Props/P_Reactor_07.prefab
  artifactKey: Guid(78dd5fe0404c940ff8b5cbaafd95e125) Importer(2089858483,e11c23a36db5f54750b8cd40eac0985b)
Start importing Assets/_Barking_Dog/_3D Scifi Base Vol 1/Prefabs/_Props/P_Reactor_07.prefab using Guid(78dd5fe0404c940ff8b5cbaafd95e125) Importer(2089858483,e11c23a36db5f54750b8cd40eac0985b) (ScriptedImporter) -> (artifact id: 'b25c2829d4ebcfde3a7a2857048e2f5c') in 0.2011154 seconds
Number of updated asset objects reloaded before import = 0Number of asset objects unloaded after import = 200

========================================================================
Received Import Request.
  Time since last request: 0.000079 seconds.
  path: Assets/_Barking_Dog/_3D Scifi Base Vol 1/Prefabs/_Props/P_Reactor_02.prefab
  artifactKey: Guid(10a0d0974d31f4badbe65bd49939c6c3) Importer(2089858483,e11c23a36db5f54750b8cd40eac0985b)
Start importing Assets/_Barking_Dog/_3D Scifi Base Vol 1/Prefabs/_Props/P_Reactor_02.prefab using Guid(10a0d0974d31f4badbe65bd49939c6c3) Importer(2089858483,e11c23a36db5f54750b8cd40eac0985b) (ScriptedImporter) -> (artifact id: '5252646bde87e088985a9e300f212db6') in 0.2278184 seconds
Number of updated asset objects reloaded before import = 0Number of asset objects unloaded after import = 236

========================================================================
Received Import Request.
  Time since last request: 0.000044 seconds.
  path: Assets/_Barking_Dog/_3D Scifi Base Vol 1/Prefabs/_Props/P_Technical_Cab_02.prefab
  artifactKey: Guid(cbebd1df03d5a47ea8c55364e6b05366) Importer(2089858483,e11c23a36db5f54750b8cd40eac0985b)
Start importing Assets/_Barking_Dog/_3D Scifi Base Vol 1/Prefabs/_Props/P_Technical_Cab_02.prefab using Guid(cbebd1df03d5a47ea8c55364e6b05366) Importer(2089858483,e11c23a36db5f54750b8cd40eac0985b) (ScriptedImporter) -> (artifact id: 'dd0fd94013ceecf648daf87db0f8fb6c') in 0.0104247 seconds
Number of updated asset objects reloaded before import = 0Number of asset objects unloaded after import = 13

========================================================================
Received Import Request.
  Time since last request: 0.000036 seconds.
  path: Assets/_Barking_Dog/_3D Scifi Base Vol 1/Prefabs/_Props/P_Table_Laptop_01.prefab
  artifactKey: Guid(da3259ccad74245bc8111d7fa34eac7d) Importer(2089858483,e11c23a36db5f54750b8cd40eac0985b)
Start importing Assets/_Barking_Dog/_3D Scifi Base Vol 1/Prefabs/_Props/P_Table_Laptop_01.prefab using Guid(da3259ccad74245bc8111d7fa34eac7d) Importer(2089858483,e11c23a36db5f54750b8cd40eac0985b) (ScriptedImporter) -> (artifact id: 'f74b2a84ec3864b0dcf0ab940b28e82a') in 0.0422221 seconds
Number of updated asset objects reloaded before import = 0Number of asset objects unloaded after import = 50

========================================================================
Received Import Request.
  Time since last request: 0.000038 seconds.
  path: Assets/_Barking_Dog/_3D Scifi Base Vol 1/Prefabs/_Props/P_Technical_Cab_01.prefab
  artifactKey: Guid(32743aa2cc12846d69fd506780aa1a45) Importer(2089858483,e11c23a36db5f54750b8cd40eac0985b)
Start importing Assets/_Barking_Dog/_3D Scifi Base Vol 1/Prefabs/_Props/P_Technical_Cab_01.prefab using Guid(32743aa2cc12846d69fd506780aa1a45) Importer(2089858483,e11c23a36db5f54750b8cd40eac0985b) (ScriptedImporter) -> (artifact id: 'b8511dcd9f00f8699d98873e142f4afc') in 0.0184275 seconds
Number of updated asset objects reloaded before import = 0Number of asset objects unloaded after import = 13

========================================================================
Received Import Request.
  Time since last request: 0.000033 seconds.
  path: Assets/_Barking_Dog/_3D Scifi Base Vol 1/Prefabs/_Props/P_Scanner_01.prefab
  artifactKey: Guid(37ce61a6e917d4648a6fb58d2634eed1) Importer(2089858483,e11c23a36db5f54750b8cd40eac0985b)
Start importing Assets/_Barking_Dog/_3D Scifi Base Vol 1/Prefabs/_Props/P_Scanner_01.prefab using Guid(37ce61a6e917d4648a6fb58d2634eed1) Importer(2089858483,e11c23a36db5f54750b8cd40eac0985b) (ScriptedImporter) -> (artifact id: '66a4074a06989b3858336935866bfd7f') in 0.0249467 seconds
Number of updated asset objects reloaded before import = 0Number of asset objects unloaded after import = 25

========================================================================
Received Import Request.
  Time since last request: 0.000042 seconds.
  path: Assets/_Barking_Dog/_3D Scifi Base Vol 1/Prefabs/_Props/P_Wall_Console_01.prefab
  artifactKey: Guid(230f69ba8591849ec8333b2e9e2523dd) Importer(2089858483,e11c23a36db5f54750b8cd40eac0985b)
Start importing Assets/_Barking_Dog/_3D Scifi Base Vol 1/Prefabs/_Props/P_Wall_Console_01.prefab using Guid(230f69ba8591849ec8333b2e9e2523dd) Importer(2089858483,e11c23a36db5f54750b8cd40eac0985b) (ScriptedImporter) -> (artifact id: '90d983e723743642591eea6b2e919e7d') in 0.0607209 seconds
Number of updated asset objects reloaded before import = 0Number of asset objects unloaded after import = 11

========================================================================
Received Import Request.
  Time since last request: 0.000094 seconds.
  path: Assets/_Barking_Dog/_3D Scifi Base Vol 1/SpeedTree/Broadleaf/Broadleaf_Desktop.spm
  artifactKey: Guid(c91c1eb85782d5748ace27eb4d7415bb) Importer(2089858483,b0f066a214c2f5e87bad3c948f4d605d)
Start importing Assets/_Barking_Dog/_3D Scifi Base Vol 1/SpeedTree/Broadleaf/Broadleaf_Desktop.spm using Guid(c91c1eb85782d5748ace27eb4d7415bb) Importer(2089858483,b0f066a214c2f5e87bad3c948f4d605d) (ScriptedImporter) -> (artifact id: '80cf10178f7e4e3f5c80ff115250f357') in 0.0723399 seconds
Number of updated asset objects reloaded before import = 0Number of asset objects unloaded after import = 70

========================================================================
Received Import Request.
  Time since last request: 0.000035 seconds.
  path: Assets/_Barking_Dog/_3D Scifi Base Vol 1/Prefabs/_Props/P_Reactor_05.prefab
  artifactKey: Guid(b62628b4ae6ea48a8ac2af85fca9b006) Importer(2089858483,e11c23a36db5f54750b8cd40eac0985b)
Start importing Assets/_Barking_Dog/_3D Scifi Base Vol 1/Prefabs/_Props/P_Reactor_05.prefab using Guid(b62628b4ae6ea48a8ac2af85fca9b006) Importer(2089858483,e11c23a36db5f54750b8cd40eac0985b) (ScriptedImporter) -> (artifact id: 'beaa65f8db039557fd3350e33452412f') in 0.2277231 seconds
Number of updated asset objects reloaded before import = 0Number of asset objects unloaded after import = 241

========================================================================
Received Import Request.
  Time since last request: 0.000079 seconds.
  path: Assets/_Barking_Dog/_3D Scifi Base Vol 1/SpeedTree/Broadleaf/Broadleaf_Desktop_Atlas_Specular.tga
  artifactKey: Guid(d954891cb9e58434d86e01d839ed4997) Importer(2089858483,b0f066a214c2f5e87bad3c948f4d605d)
Start importing Assets/_Barking_Dog/_3D Scifi Base Vol 1/SpeedTree/Broadleaf/Broadleaf_Desktop_Atlas_Specular.tga using Guid(d954891cb9e58434d86e01d839ed4997) Importer(2089858483,b0f066a214c2f5e87bad3c948f4d605d) (ScriptedImporter) -> (artifact id: '2dbfaceafb1294da63f35d60da69a1b1') in 0.0276538 seconds
Number of updated asset objects reloaded before import = 0Number of asset objects unloaded after import = 1

========================================================================
Received Import Request.
  Time since last request: 0.000064 seconds.
  path: Assets/_Barking_Dog/_3D Scifi Base Vol 1/SpeedTree/Broadleaf/Broadleaf_Desktop_Atlas_Normal.tga
  artifactKey: Guid(b552931caa1b3ea418b9ba90cbd1333e) Importer(2089858483,b0f066a214c2f5e87bad3c948f4d605d)
Start importing Assets/_Barking_Dog/_3D Scifi Base Vol 1/SpeedTree/Broadleaf/Broadleaf_Desktop_Atlas_Normal.tga using Guid(b552931caa1b3ea418b9ba90cbd1333e) Importer(2089858483,b0f066a214c2f5e87bad3c948f4d605d) (ScriptedImporter) -> (artifact id: '8216f1ed3b392632d849e77c669f5074') in 0.033148 seconds
Number of updated asset objects reloaded before import = 0Number of asset objects unloaded after import = 1

========================================================================
Received Import Request.
  Time since last request: 0.000034 seconds.
  path: Assets/_Barking_Dog/_3D Scifi Base Vol 1/SpeedTree/Broadleaf/Broadleaf_Mobile_Atlas.tga
  artifactKey: Guid(2c116325e19b8a04d916864cc540ec2d) Importer(2089858483,b0f066a214c2f5e87bad3c948f4d605d)
Start importing Assets/_Barking_Dog/_3D Scifi Base Vol 1/SpeedTree/Broadleaf/Broadleaf_Mobile_Atlas.tga using Guid(2c116325e19b8a04d916864cc540ec2d) Importer(2089858483,b0f066a214c2f5e87bad3c948f4d605d) (ScriptedImporter) -> (artifact id: 'ef7b992edcd9945a15a0015dd4b1f6c1') in 0.0301456 seconds
Number of updated asset objects reloaded before import = 0Number of asset objects unloaded after import = 1

========================================================================
Received Import Request.
  Time since last request: 0.000047 seconds.
  path: Assets/_Barking_Dog/_3D Scifi Base Vol 1/SpeedTree/Broadleaf/Broadleaf_Mobile.spm
  artifactKey: Guid(6aab193b7693b5e4c9741f1917d2987c) Importer(2089858483,b0f066a214c2f5e87bad3c948f4d605d)
Start importing Assets/_Barking_Dog/_3D Scifi Base Vol 1/SpeedTree/Broadleaf/Broadleaf_Mobile.spm using Guid(6aab193b7693b5e4c9741f1917d2987c) Importer(2089858483,b0f066a214c2f5e87bad3c948f4d605d) (ScriptedImporter) -> (artifact id: 'fcf26777c5de83f4126422f80cfd9188') in 0.0252401 seconds
Number of updated asset objects reloaded before import = 0Number of asset objects unloaded after import = 40

========================================================================
Received Import Request.
  Time since last request: 0.000046 seconds.
  path: Assets/_Barking_Dog/_3D Scifi Base Vol 1/SpeedTree/Broadleaf/Broadleaf_Mobile_Atlas_Billboards.tga
  artifactKey: Guid(bc6e7e1374ff3e1459f65bf72da64c85) Importer(2089858483,b0f066a214c2f5e87bad3c948f4d605d)
Start importing Assets/_Barking_Dog/_3D Scifi Base Vol 1/SpeedTree/Broadleaf/Broadleaf_Mobile_Atlas_Billboards.tga using Guid(bc6e7e1374ff3e1459f65bf72da64c85) Importer(2089858483,b0f066a214c2f5e87bad3c948f4d605d) (ScriptedImporter) -> (artifact id: 'e128932bac5f4ecb1c292d3c42a3a666') in 0.0245808 seconds
Number of updated asset objects reloaded before import = 0Number of asset objects unloaded after import = 1

========================================================================
Received Import Request.
  Time since last request: 0.000046 seconds.
  path: Assets/_Barking_Dog/_3D Scifi Base Vol 1/Meshes/Door_Bar_01.FBX
  artifactKey: Guid(5d79bca916164451b8b9ec166853b220) Importer(2089858483,b0f066a214c2f5e87bad3c948f4d605d)
Start importing Assets/_Barking_Dog/_3D Scifi Base Vol 1/Meshes/Door_Bar_01.FBX using Guid(5d79bca916164451b8b9ec166853b220) Importer(2089858483,b0f066a214c2f5e87bad3c948f4d605d) (ScriptedImporter) -> (artifact id: 'bce2a62f0f5c47cd94b0bb4d9812f18a') in 0.0100957 seconds
Number of updated asset objects reloaded before import = 0Number of asset objects unloaded after import = 8

========================================================================
Received Import Request.
  Time since last request: 0.000027 seconds.
  path: Assets/_Barking_Dog/_3D Scifi Base Vol 1/SpeedTree/Broadleaf/Broadleaves_Desktop_Spec.tga
  artifactKey: Guid(30586af2d47849140b2d533bb6f75eaa) Importer(2089858483,b0f066a214c2f5e87bad3c948f4d605d)
Start importing Assets/_Barking_Dog/_3D Scifi Base Vol 1/SpeedTree/Broadleaf/Broadleaves_Desktop_Spec.tga using Guid(30586af2d47849140b2d533bb6f75eaa) Importer(2089858483,b0f066a214c2f5e87bad3c948f4d605d) (ScriptedImporter) -> (artifact id: '74df895fa0b34f0337e379dca0b5b46d') in 0.0398535 seconds
Number of updated asset objects reloaded before import = 0Number of asset objects unloaded after import = 1

========================================================================
Received Import Request.
  Time since last request: 0.000025 seconds.
  path: Assets/_Barking_Dog/_3D Scifi Base Vol 1/SpeedTree/Broadleaf/Broadleaves_Card_Desktop_Spec.tga
  artifactKey: Guid(6308da3d0ff986b42be3b0a6ea5b6fae) Importer(2089858483,b0f066a214c2f5e87bad3c948f4d605d)
Start importing Assets/_Barking_Dog/_3D Scifi Base Vol 1/SpeedTree/Broadleaf/Broadleaves_Card_Desktop_Spec.tga using Guid(6308da3d0ff986b42be3b0a6ea5b6fae) Importer(2089858483,b0f066a214c2f5e87bad3c948f4d605d) (ScriptedImporter) -> (artifact id: 'b5cf8e3c9f9723526bb093e2722d2119') in 0.0263993 seconds
Number of updated asset objects reloaded before import = 0Number of asset objects unloaded after import = 1

========================================================================
Received Import Request.
  Time since last request: 0.000056 seconds.
  path: Assets/_Barking_Dog/_3D Scifi Base Vol 1/SpeedTree/Broadleaf/Broadleaves_Card_Desktop_Normal.tga
  artifactKey: Guid(f0d8945c7972e4747aa776e16494fa37) Importer(2089858483,b0f066a214c2f5e87bad3c948f4d605d)
Start importing Assets/_Barking_Dog/_3D Scifi Base Vol 1/SpeedTree/Broadleaf/Broadleaves_Card_Desktop_Normal.tga using Guid(f0d8945c7972e4747aa776e16494fa37) Importer(2089858483,b0f066a214c2f5e87bad3c948f4d605d) (ScriptedImporter) -> (artifact id: 'ce40d384fb27187f300849adb57bf5cb') in 0.030277 seconds
Number of updated asset objects reloaded before import = 0Number of asset objects unloaded after import = 1

========================================================================
Received Import Request.
  Time since last request: 0.000041 seconds.
  path: Assets/_Barking_Dog/_3D Scifi Base Vol 1/SpeedTree/Broadleaf/Broadleaves_Mobile_Normal.tga
  artifactKey: Guid(7bdd8cb386e0b554b84cb783663bb4fc) Importer(2089858483,b0f066a214c2f5e87bad3c948f4d605d)
Start importing Assets/_Barking_Dog/_3D Scifi Base Vol 1/SpeedTree/Broadleaf/Broadleaves_Mobile_Normal.tga using Guid(7bdd8cb386e0b554b84cb783663bb4fc) Importer(2089858483,b0f066a214c2f5e87bad3c948f4d605d) (ScriptedImporter) -> (artifact id: '0e7d8afe52094baa6df78d092d1f4843') in 0.034626 seconds
Number of updated asset objects reloaded before import = 0Number of asset objects unloaded after import = 1

========================================================================
Received Import Request.
  Time since last request: 0.000026 seconds.
  path: Assets/_Barking_Dog/_3D Scifi Base Vol 1/SpeedTree/Broadleaf/Broadleaves_Card_Desktop.tga
  artifactKey: Guid(ea60173ceac07334c91568c48cc765cd) Importer(2089858483,b0f066a214c2f5e87bad3c948f4d605d)
Start importing Assets/_Barking_Dog/_3D Scifi Base Vol 1/SpeedTree/Broadleaf/Broadleaves_Card_Desktop.tga using Guid(ea60173ceac07334c91568c48cc765cd) Importer(2089858483,b0f066a214c2f5e87bad3c948f4d605d) (ScriptedImporter) -> (artifact id: '77d2ca44f0c5f01b5535efc3c525e45a') in 0.0739519 seconds
Number of updated asset objects reloaded before import = 0Number of asset objects unloaded after import = 1

========================================================================
Received Import Request.
  Time since last request: 0.000043 seconds.
  path: Assets/_Barking_Dog/_3D Scifi Base Vol 1/SpeedTree/Broadleaf/Broadleaf_Mobile_Atlas_Specular.tga
  artifactKey: Guid(45cab4c9b31009748999eec1556926b3) Importer(2089858483,b0f066a214c2f5e87bad3c948f4d605d)
Start importing Assets/_Barking_Dog/_3D Scifi Base Vol 1/SpeedTree/Broadleaf/Broadleaf_Mobile_Atlas_Specular.tga using Guid(45cab4c9b31009748999eec1556926b3) Importer(2089858483,b0f066a214c2f5e87bad3c948f4d605d) (ScriptedImporter) -> (artifact id: '218909ab7478ba6318adba2fbe24d426') in 0.0315667 seconds
Number of updated asset objects reloaded before import = 0Number of asset objects unloaded after import = 1

========================================================================
Received Import Request.
  Time since last request: 0.000053 seconds.
  path: Assets/_Barking_Dog/_3D Scifi Base Vol 1/SpeedTree/Broadleaf/Broadleaves_Mobile.tga
  artifactKey: Guid(b063a9f2b9f645b40948a32b447c738f) Importer(2089858483,b0f066a214c2f5e87bad3c948f4d605d)
Start importing Assets/_Barking_Dog/_3D Scifi Base Vol 1/SpeedTree/Broadleaf/Broadleaves_Mobile.tga using Guid(b063a9f2b9f645b40948a32b447c738f) Importer(2089858483,b0f066a214c2f5e87bad3c948f4d605d) (ScriptedImporter) -> (artifact id: '5b9d118972fe8cac09c12e9926f5c5db') in 0.0266276 seconds
Number of updated asset objects reloaded before import = 0Number of asset objects unloaded after import = 1

========================================================================
Received Import Request.
  Time since last request: 0.000028 seconds.
  path: Assets/_Barking_Dog/_3D Scifi Base Vol 1/SpeedTree/Broadleaf/Broadleaves_Mobile_Spec.tga
  artifactKey: Guid(db2f1c62933fa1745a9eb8479b15698b) Importer(2089858483,b0f066a214c2f5e87bad3c948f4d605d)
Start importing Assets/_Barking_Dog/_3D Scifi Base Vol 1/SpeedTree/Broadleaf/Broadleaves_Mobile_Spec.tga using Guid(db2f1c62933fa1745a9eb8479b15698b) Importer(2089858483,b0f066a214c2f5e87bad3c948f4d605d) (ScriptedImporter) -> (artifact id: '0f46f03fc1809e47573015402ba36867') in 0.0236807 seconds
Number of updated asset objects reloaded before import = 0Number of asset objects unloaded after import = 1

========================================================================
Received Import Request.
  Time since last request: 0.000034 seconds.
  path: Assets/_Barking_Dog/_3D Scifi Base Vol 1/SpeedTree/Broadleaf/Cap_01.tga
  artifactKey: Guid(c688b8230f338954e977969bd4457584) Importer(2089858483,b0f066a214c2f5e87bad3c948f4d605d)
Start importing Assets/_Barking_Dog/_3D Scifi Base Vol 1/SpeedTree/Broadleaf/Cap_01.tga using Guid(c688b8230f338954e977969bd4457584) Importer(2089858483,b0f066a214c2f5e87bad3c948f4d605d) (ScriptedImporter) -> (artifact id: '52f681c2233b6f39d727ec648827c511') in 0.0178496 seconds
Number of updated asset objects reloaded before import = 0Number of asset objects unloaded after import = 1

========================================================================
Received Import Request.
  Time since last request: 0.000043 seconds.
  path: Assets/_Barking_Dog/_3D Scifi Base Vol 1/SpeedTree/Broadleaf/Broadleaf_Mobile_Atlas_Normal.tga
  artifactKey: Guid(be053ea3235ccb64a889bf0b15c2764b) Importer(2089858483,b0f066a214c2f5e87bad3c948f4d605d)
Start importing Assets/_Barking_Dog/_3D Scifi Base Vol 1/SpeedTree/Broadleaf/Broadleaf_Mobile_Atlas_Normal.tga using Guid(be053ea3235ccb64a889bf0b15c2764b) Importer(2089858483,b0f066a214c2f5e87bad3c948f4d605d) (ScriptedImporter) -> (artifact id: '1bb58d3009b82ac0fb280b858ef5caff') in 0.0358502 seconds
Number of updated asset objects reloaded before import = 0Number of asset objects unloaded after import = 1

========================================================================
Received Import Request.
  Time since last request: 0.000049 seconds.
  path: Assets/_Barking_Dog/_3D Scifi Base Vol 1/Textures/Wall_Atlas_01_Metal.tif
  artifactKey: Guid(45c2489e941914d04b7040c3145e9f28) Importer(2089858483,b0f066a214c2f5e87bad3c948f4d605d)
Start importing Assets/_Barking_Dog/_3D Scifi Base Vol 1/Textures/Wall_Atlas_01_Metal.tif using Guid(45c2489e941914d04b7040c3145e9f28) Importer(2089858483,b0f066a214c2f5e87bad3c948f4d605d) (ScriptedImporter) -> (artifact id: '8a234c5f393aca49e4a9b31df69eb3e2') in 0.1972674 seconds
Number of updated asset objects reloaded before import = 0Number of asset objects unloaded after import = 1

========================================================================
Received Import Request.
  Time since last request: 0.000036 seconds.
  path: Assets/_Barking_Dog/_3D Scifi Base Vol 1/SpeedTree/Conifer/Conifer_Needles_Dekstop_Spec.tga
  artifactKey: Guid(897461e3c2fa9d84d8bd48bf1b00a950) Importer(2089858483,b0f066a214c2f5e87bad3c948f4d605d)
Start importing Assets/_Barking_Dog/_3D Scifi Base Vol 1/SpeedTree/Conifer/Conifer_Needles_Dekstop_Spec.tga using Guid(897461e3c2fa9d84d8bd48bf1b00a950) Importer(2089858483,b0f066a214c2f5e87bad3c948f4d605d) (ScriptedImporter) -> (artifact id: '77c4ae733797d41614d8da3ef8962ed3') in 0.0482535 seconds
Number of updated asset objects reloaded before import = 0Number of asset objects unloaded after import = 1

========================================================================
Received Import Request.
  Time since last request: 0.000039 seconds.
  path: Assets/_Barking_Dog/_3D Scifi Base Vol 1/SpeedTree/Conifer/Conifer_Desktop_Atlas_Specular.tga
  artifactKey: Guid(41232aac50fb25a40b390906295f9aa6) Importer(2089858483,b0f066a214c2f5e87bad3c948f4d605d)
Start importing Assets/_Barking_Dog/_3D Scifi Base Vol 1/SpeedTree/Conifer/Conifer_Desktop_Atlas_Specular.tga using Guid(41232aac50fb25a40b390906295f9aa6) Importer(2089858483,b0f066a214c2f5e87bad3c948f4d605d) (ScriptedImporter) -> (artifact id: 'c99dae00037380a979e855be171b3c5e') in 0.0404055 seconds
Number of updated asset objects reloaded before import = 0Number of asset objects unloaded after import = 1

========================================================================
Received Import Request.
  Time since last request: 0.000034 seconds.
  path: Assets/_Barking_Dog/_3D Scifi Base Vol 1/SpeedTree/Conifer/Conifer_Desktop_Atlas.tga
  artifactKey: Guid(ea9799c461d3f6e4eb0be2264829282d) Importer(2089858483,b0f066a214c2f5e87bad3c948f4d605d)
Start importing Assets/_Barking_Dog/_3D Scifi Base Vol 1/SpeedTree/Conifer/Conifer_Desktop_Atlas.tga using Guid(ea9799c461d3f6e4eb0be2264829282d) Importer(2089858483,b0f066a214c2f5e87bad3c948f4d605d) (ScriptedImporter) -> (artifact id: 'c0a5222e29c0ddcab9112f18d6ce3161') in 0.0338629 seconds
Number of updated asset objects reloaded before import = 0Number of asset objects unloaded after import = 1

========================================================================
Received Import Request.
  Time since last request: 0.000027 seconds.
  path: Assets/_Barking_Dog/_3D Scifi Base Vol 1/SpeedTree/Broadleaf/ClippedFrond_Normal.tga
  artifactKey: Guid(98a0c4bded48f6e488eb93670599274e) Importer(2089858483,b0f066a214c2f5e87bad3c948f4d605d)
Start importing Assets/_Barking_Dog/_3D Scifi Base Vol 1/SpeedTree/Broadleaf/ClippedFrond_Normal.tga using Guid(98a0c4bded48f6e488eb93670599274e) Importer(2089858483,b0f066a214c2f5e87bad3c948f4d605d) (ScriptedImporter) -> (artifact id: '12484a7e8deaeaa7c9197c8c2caab6ee') in 0.0245625 seconds
Number of updated asset objects reloaded before import = 0Number of asset objects unloaded after import = 1

========================================================================
Received Import Request.
  Time since last request: 0.000047 seconds.
  path: Assets/_Barking_Dog/_3D Scifi Base Vol 1/SpeedTree/Broadleaf/Broadleaf_Desktop Materials/LOD0/Branches_0.mat
  artifactKey: Guid(89bc4a04979629642988a379a429608a) Importer(2089858483,b0f066a214c2f5e87bad3c948f4d605d)
Start importing Assets/_Barking_Dog/_3D Scifi Base Vol 1/SpeedTree/Broadleaf/Broadleaf_Desktop Materials/LOD0/Branches_0.mat using Guid(89bc4a04979629642988a379a429608a) Importer(2089858483,b0f066a214c2f5e87bad3c948f4d605d) (ScriptedImporter) -> (artifact id: 'dd515912060271b5f818d0f5d56de6fa') in 0.21932 seconds
Number of updated asset objects reloaded before import = 0Number of asset objects unloaded after import = 3

========================================================================
Received Import Request.
  Time since last request: 0.000041 seconds.
  path: Assets/_Barking_Dog/_3D Scifi Base Vol 1/SpeedTree/Broadleaf/Broadleaf_Mobile Materials/Billboard.mat
  artifactKey: Guid(8c1755df5f552e843b9f8485f72e71f8) Importer(2089858483,b0f066a214c2f5e87bad3c948f4d605d)
Start importing Assets/_Barking_Dog/_3D Scifi Base Vol 1/SpeedTree/Broadleaf/Broadleaf_Mobile Materials/Billboard.mat using Guid(8c1755df5f552e843b9f8485f72e71f8) Importer(2089858483,b0f066a214c2f5e87bad3c948f4d605d) (ScriptedImporter) -> (artifact id: 'a48ddf50b965e2db2afd3e43c6ba6b62') in 0.1999849 seconds
Number of updated asset objects reloaded before import = 0Number of asset objects unloaded after import = 3

========================================================================
Received Import Request.
  Time since last request: 0.000041 seconds.
  path: Assets/_Barking_Dog/_3D Scifi Base Vol 1/SpeedTree/Broadleaf/Broadleaf_Desktop Materials/LOD1/Branches_0.mat
  artifactKey: Guid(4be5b19d42487c24f830c4ee36849a95) Importer(2089858483,b0f066a214c2f5e87bad3c948f4d605d)
Start importing Assets/_Barking_Dog/_3D Scifi Base Vol 1/SpeedTree/Broadleaf/Broadleaf_Desktop Materials/LOD1/Branches_0.mat using Guid(4be5b19d42487c24f830c4ee36849a95) Importer(2089858483,b0f066a214c2f5e87bad3c948f4d605d) (ScriptedImporter) -> (artifact id: '5673875d245e4fc64ad78975363a8e8e') in 0.0081996 seconds
Number of updated asset objects reloaded before import = 0Number of asset objects unloaded after import = 3

========================================================================
Received Import Request.
  Time since last request: 0.000049 seconds.
  path: Assets/_Barking_Dog/_3D Scifi Base Vol 1/SpeedTree/Broadleaf/Broadleaf_Desktop Materials/LOD1/Branches_1.mat
  artifactKey: Guid(97ad51f0a4aed0a4289f5462ce6dc18f) Importer(2089858483,b0f066a214c2f5e87bad3c948f4d605d)
Start importing Assets/_Barking_Dog/_3D Scifi Base Vol 1/SpeedTree/Broadleaf/Broadleaf_Desktop Materials/LOD1/Branches_1.mat using Guid(97ad51f0a4aed0a4289f5462ce6dc18f) Importer(2089858483,b0f066a214c2f5e87bad3c948f4d605d) (ScriptedImporter) -> (artifact id: '6dd2634e51136fb26af6e294d115f185') in 0.1397512 seconds
Number of updated asset objects reloaded before import = 0Number of asset objects unloaded after import = 3

========================================================================
Received Import Request.
  Time since last request: 0.000042 seconds.
  path: Assets/_Barking_Dog/_3D Scifi Base Vol 1/SpeedTree/Conifer/Conifer_Needles_Desktop.tga
  artifactKey: Guid(34d2758af9e0a2b4690fbcfcad0285d6) Importer(2089858483,b0f066a214c2f5e87bad3c948f4d605d)
Start importing Assets/_Barking_Dog/_3D Scifi Base Vol 1/SpeedTree/Conifer/Conifer_Needles_Desktop.tga using Guid(34d2758af9e0a2b4690fbcfcad0285d6) Importer(2089858483,b0f066a214c2f5e87bad3c948f4d605d) (ScriptedImporter) -> (artifact id: 'b17e32a52e5edac3c2fff04fb88e738c') in 0.0270589 seconds
Number of updated asset objects reloaded before import = 0Number of asset objects unloaded after import = 1

========================================================================
Received Import Request.
  Time since last request: 0.000045 seconds.
  path: Assets/_Barking_Dog/_3D Scifi Base Vol 1/SpeedTree/Broadleaf/Broadleaf_Desktop Materials/LOD0/FacingLeaves_4.mat
  artifactKey: Guid(d5b20def9c5c05748a01627738b94531) Importer(2089858483,b0f066a214c2f5e87bad3c948f4d605d)
Start importing Assets/_Barking_Dog/_3D Scifi Base Vol 1/SpeedTree/Broadleaf/Broadleaf_Desktop Materials/LOD0/FacingLeaves_4.mat using Guid(d5b20def9c5c05748a01627738b94531) Importer(2089858483,b0f066a214c2f5e87bad3c948f4d605d) (ScriptedImporter) -> (artifact id: '23ce6b22a96d79c5bced6d92a5d5ae5d') in 0.2092651 seconds
Number of updated asset objects reloaded before import = 0Number of asset objects unloaded after import = 3

========================================================================
Received Import Request.
  Time since last request: 0.000037 seconds.
  path: Assets/_Barking_Dog/_3D Scifi Base Vol 1/SpeedTree/Conifer/Conifer_Desktop Materials/Billboard.mat
  artifactKey: Guid(e625f56663597ef4899f86b588b4d506) Importer(2089858483,b0f066a214c2f5e87bad3c948f4d605d)
Start importing Assets/_Barking_Dog/_3D Scifi Base Vol 1/SpeedTree/Conifer/Conifer_Desktop Materials/Billboard.mat using Guid(e625f56663597ef4899f86b588b4d506) Importer(2089858483,b0f066a214c2f5e87bad3c948f4d605d) (ScriptedImporter) -> (artifact id: '6dec547c5d6f20f6e93385fcdb93845f') in 0.0217892 seconds
Number of updated asset objects reloaded before import = 0Number of asset objects unloaded after import = 3

========================================================================
Received Import Request.
  Time since last request: 0.000041 seconds.
  path: Assets/_Barking_Dog/_3D Scifi Base Vol 1/SpeedTree/Conifer/Conifer_Desktop_Atlas_Billboards.tga
  artifactKey: Guid(612b65e0cd1576e4bbba0516d756a99d) Importer(2089858483,b0f066a214c2f5e87bad3c948f4d605d)
Start importing Assets/_Barking_Dog/_3D Scifi Base Vol 1/SpeedTree/Conifer/Conifer_Desktop_Atlas_Billboards.tga using Guid(612b65e0cd1576e4bbba0516d756a99d) Importer(2089858483,b0f066a214c2f5e87bad3c948f4d605d) (ScriptedImporter) -> (artifact id: 'd4ec9154776494fb359153734bd2ef59') in 0.0115354 seconds
Number of updated asset objects reloaded before import = 0Number of asset objects unloaded after import = 1

========================================================================
Received Import Request.
  Time since last request: 0.000042 seconds.
  path: Assets/_Barking_Dog/_3D Scifi Base Vol 1/SpeedTree/Broadleaf/Broadleaf_Desktop Materials/LOD1/Fronds_2.mat
  artifactKey: Guid(57225f817366f704fb9b710e3865030d) Importer(2089858483,b0f066a214c2f5e87bad3c948f4d605d)
Start importing Assets/_Barking_Dog/_3D Scifi Base Vol 1/SpeedTree/Broadleaf/Broadleaf_Desktop Materials/LOD1/Fronds_2.mat using Guid(57225f817366f704fb9b710e3865030d) Importer(2089858483,b0f066a214c2f5e87bad3c948f4d605d) (ScriptedImporter) -> (artifact id: 'b0afb61f97b25f849179eb54aae4c4db') in 0.1384543 seconds
Number of updated asset objects reloaded before import = 0Number of asset objects unloaded after import = 3

========================================================================
Received Import Request.
  Time since last request: 0.000060 seconds.
  path: Assets/_Barking_Dog/_3D Scifi Base Vol 1/SpeedTree/Broadleaf/Broadleaf_Mobile Materials/LOD1/Branches_0.mat
  artifactKey: Guid(1092dd21af768cb499771bf88709dbbd) Importer(2089858483,b0f066a214c2f5e87bad3c948f4d605d)
Start importing Assets/_Barking_Dog/_3D Scifi Base Vol 1/SpeedTree/Broadleaf/Broadleaf_Mobile Materials/LOD1/Branches_0.mat using Guid(1092dd21af768cb499771bf88709dbbd) Importer(2089858483,b0f066a214c2f5e87bad3c948f4d605d) (ScriptedImporter) -> (artifact id: 'b26458169317002f211d8c976c041a91') in 0.0073086 seconds
Number of updated asset objects reloaded before import = 0Number of asset objects unloaded after import = 3

========================================================================
Received Import Request.
  Time since last request: 0.000072 seconds.
  path: Assets/_Barking_Dog/_3D Scifi Base Vol 1/SpeedTree/Broadleaf/Broadleaf_Mobile Materials/LOD1/Leaves_1.mat
  artifactKey: Guid(a940b48d553d9c74f9ca0a3b4cf74336) Importer(2089858483,b0f066a214c2f5e87bad3c948f4d605d)
Start importing Assets/_Barking_Dog/_3D Scifi Base Vol 1/SpeedTree/Broadleaf/Broadleaf_Mobile Materials/LOD1/Leaves_1.mat using Guid(a940b48d553d9c74f9ca0a3b4cf74336) Importer(2089858483,b0f066a214c2f5e87bad3c948f4d605d) (ScriptedImporter) -> (artifact id: '1d01bb675036c4be9153f398778fa51a') in 0.0104964 seconds
Number of updated asset objects reloaded before import = 0Number of asset objects unloaded after import = 3

========================================================================
Received Import Request.
  Time since last request: 0.000030 seconds.
  path: Assets/_Barking_Dog/_3D Scifi Base Vol 1/SpeedTree/Broadleaf/Broadleaf_Mobile Materials/LOD2/Leaves_1.mat
  artifactKey: Guid(f568ca8b20ae095418f3e2a3b341d8f6) Importer(2089858483,b0f066a214c2f5e87bad3c948f4d605d)
Start importing Assets/_Barking_Dog/_3D Scifi Base Vol 1/SpeedTree/Broadleaf/Broadleaf_Mobile Materials/LOD2/Leaves_1.mat using Guid(f568ca8b20ae095418f3e2a3b341d8f6) Importer(2089858483,b0f066a214c2f5e87bad3c948f4d605d) (ScriptedImporter) -> (artifact id: '87a9bc8ace13be0cd53545a3fe410074') in 0.0100537 seconds
Number of updated asset objects reloaded before import = 0Number of asset objects unloaded after import = 3

========================================================================
Received Import Request.
  Time since last request: 0.000027 seconds.
  path: Assets/_Barking_Dog/_3D Scifi Base Vol 1/SpeedTree/Broadleaf/Broadleaf_Mobile Materials/LOD0/Leaves_1.mat
  artifactKey: Guid(6c3b3265bf0f7e547a1ada8555f850a5) Importer(2089858483,b0f066a214c2f5e87bad3c948f4d605d)
Start importing Assets/_Barking_Dog/_3D Scifi Base Vol 1/SpeedTree/Broadleaf/Broadleaf_Mobile Materials/LOD0/Leaves_1.mat using Guid(6c3b3265bf0f7e547a1ada8555f850a5) Importer(2089858483,b0f066a214c2f5e87bad3c948f4d605d) (ScriptedImporter) -> (artifact id: '6f80138f26ae03087a8e2a85865c9418') in 0.0083756 seconds
Number of updated asset objects reloaded before import = 0Number of asset objects unloaded after import = 3

========================================================================
Received Import Request.
  Time since last request: 0.000051 seconds.
  path: Assets/_Barking_Dog/_3D Scifi Base Vol 1/Prefabs/_Props/P_Bed_Simple_01.prefab
  artifactKey: Guid(8572b8d18825e42ac868f80a808a5bc5) Importer(2089858483,e11c23a36db5f54750b8cd40eac0985b)
Start importing Assets/_Barking_Dog/_3D Scifi Base Vol 1/Prefabs/_Props/P_Bed_Simple_01.prefab using Guid(8572b8d18825e42ac868f80a808a5bc5) Importer(2089858483,e11c23a36db5f54750b8cd40eac0985b) (ScriptedImporter) -> (artifact id: 'ded0a8ccd0cfe1d760ee4cac28b9e98d') in 0.0417828 seconds
Number of updated asset objects reloaded before import = 0Number of asset objects unloaded after import = 35

========================================================================
Received Import Request.
  Time since last request: 0.000031 seconds.
  path: Assets/_Barking_Dog/_3D Scifi Base Vol 1/Meshes/Computer_01.FBX
  artifactKey: Guid(54be5cd5a442546f7a1b3fed759fcb95) Importer(2089858483,b0f066a214c2f5e87bad3c948f4d605d)
Start importing Assets/_Barking_Dog/_3D Scifi Base Vol 1/Meshes/Computer_01.FBX using Guid(54be5cd5a442546f7a1b3fed759fcb95) Importer(2089858483,b0f066a214c2f5e87bad3c948f4d605d) (ScriptedImporter) -> (artifact id: 'b8989f1e2aa5140a90961d365e8469b4') in 0.0139641 seconds
Number of updated asset objects reloaded before import = 0Number of asset objects unloaded after import = 19

========================================================================
Received Import Request.
  Time since last request: 0.000053 seconds.
  path: Assets/_Barking_Dog/_3D Scifi Base Vol 1/Meshes/Roof_Window_02.FBX
  artifactKey: Guid(f6aabb15a93e14e21afc666c9b2f72ff) Importer(2089858483,b0f066a214c2f5e87bad3c948f4d605d)
Start importing Assets/_Barking_Dog/_3D Scifi Base Vol 1/Meshes/Roof_Window_02.FBX using Guid(f6aabb15a93e14e21afc666c9b2f72ff) Importer(2089858483,b0f066a214c2f5e87bad3c948f4d605d) (ScriptedImporter) -> (artifact id: 'b09e08c012058c59e8189c210f49e91d') in 0.0133086 seconds
Number of updated asset objects reloaded before import = 0Number of asset objects unloaded after import = 10

========================================================================
Received Import Request.
  Time since last request: 0.000035 seconds.
  path: Assets/_Barking_Dog/_3D Scifi Base Vol 1/SpeedTree/Conifer/Conifer_Desktop Materials/LOD2/Branches_0.mat
  artifactKey: Guid(dffa6c1325fd30b41819f03be58b91e7) Importer(2089858483,b0f066a214c2f5e87bad3c948f4d605d)
Start importing Assets/_Barking_Dog/_3D Scifi Base Vol 1/SpeedTree/Conifer/Conifer_Desktop Materials/LOD2/Branches_0.mat using Guid(dffa6c1325fd30b41819f03be58b91e7) Importer(2089858483,b0f066a214c2f5e87bad3c948f4d605d) (ScriptedImporter) -> (artifact id: '408951946f66c8f5c7e102341f26d295') in 0.0062092 seconds
Number of updated asset objects reloaded before import = 0Number of asset objects unloaded after import = 3

========================================================================
Received Import Request.
  Time since last request: 0.000028 seconds.
  path: Assets/_Barking_Dog/_3D Scifi Base Vol 1/SpeedTree/Conifer/Conifer_Desktop Materials/LOD2/Leaves_3.mat
  artifactKey: Guid(c487fc8e98a2a42488a6c0a36ccaec27) Importer(2089858483,b0f066a214c2f5e87bad3c948f4d605d)
Start importing Assets/_Barking_Dog/_3D Scifi Base Vol 1/SpeedTree/Conifer/Conifer_Desktop Materials/LOD2/Leaves_3.mat using Guid(c487fc8e98a2a42488a6c0a36ccaec27) Importer(2089858483,b0f066a214c2f5e87bad3c948f4d605d) (ScriptedImporter) -> (artifact id: 'd3495907ce2e9a750bc626af355cba0e') in 0.0096464 seconds
Number of updated asset objects reloaded before import = 0Number of asset objects unloaded after import = 3

========================================================================
Received Import Request.
  Time since last request: 0.000038 seconds.
  path: Assets/_Barking_Dog/_3D Scifi Base Vol 1/SpeedTree/Conifer/Conifer_Desktop Materials/LOD0/Leaves_3.mat
  artifactKey: Guid(2bcb00d145ec17e4cad096cedfd84138) Importer(2089858483,b0f066a214c2f5e87bad3c948f4d605d)
Start importing Assets/_Barking_Dog/_3D Scifi Base Vol 1/SpeedTree/Conifer/Conifer_Desktop Materials/LOD0/Leaves_3.mat using Guid(2bcb00d145ec17e4cad096cedfd84138) Importer(2089858483,b0f066a214c2f5e87bad3c948f4d605d) (ScriptedImporter) -> (artifact id: '8556b169b5024d97893fa24c1c20a18f') in 0.0077711 seconds
Number of updated asset objects reloaded before import = 0Number of asset objects unloaded after import = 3

========================================================================
Received Import Request.
  Time since last request: 0.000041 seconds.
  path: Assets/_Barking_Dog/_3D Scifi Base Vol 1/SpeedTree/Conifer/Conifer_Desktop Materials/LOD1/Branches_0.mat
  artifactKey: Guid(54ee8e39b634b6d45aae528b6b24e879) Importer(2089858483,b0f066a214c2f5e87bad3c948f4d605d)
Start importing Assets/_Barking_Dog/_3D Scifi Base Vol 1/SpeedTree/Conifer/Conifer_Desktop Materials/LOD1/Branches_0.mat using Guid(54ee8e39b634b6d45aae528b6b24e879) Importer(2089858483,b0f066a214c2f5e87bad3c948f4d605d) (ScriptedImporter) -> (artifact id: '76bbcf6a59775d6beae4283e18068c91') in 0.0067269 seconds
Number of updated asset objects reloaded before import = 0Number of asset objects unloaded after import = 3

========================================================================
Received Import Request.
  Time since last request: 0.000041 seconds.
  path: Assets/_Barking_Dog/_3D Scifi Base Vol 1/SpeedTree/Conifer/Conifer_Desktop Materials/LOD2/Branches_1.mat
  artifactKey: Guid(57df284b8a7c87b4894ac5f9c86e0be9) Importer(2089858483,b0f066a214c2f5e87bad3c948f4d605d)
Start importing Assets/_Barking_Dog/_3D Scifi Base Vol 1/SpeedTree/Conifer/Conifer_Desktop Materials/LOD2/Branches_1.mat using Guid(57df284b8a7c87b4894ac5f9c86e0be9) Importer(2089858483,b0f066a214c2f5e87bad3c948f4d605d) (ScriptedImporter) -> (artifact id: '8b0160f882cf4c118c8d0e7fc9c8825b') in 0.0095623 seconds
Number of updated asset objects reloaded before import = 0Number of asset objects unloaded after import = 3

========================================================================
Received Import Request.
  Time since last request: 0.000031 seconds.
  path: Assets/_Barking_Dog/_3D Scifi Base Vol 1/SpeedTree/Conifer/Conifer_Desktop Materials/LOD1/Fronds_2.mat
  artifactKey: Guid(e183610e060210e44ac38d34e83c54d1) Importer(2089858483,b0f066a214c2f5e87bad3c948f4d605d)
Start importing Assets/_Barking_Dog/_3D Scifi Base Vol 1/SpeedTree/Conifer/Conifer_Desktop Materials/LOD1/Fronds_2.mat using Guid(e183610e060210e44ac38d34e83c54d1) Importer(2089858483,b0f066a214c2f5e87bad3c948f4d605d) (ScriptedImporter) -> (artifact id: 'c2d3e757a966f1879748d88f68768407') in 0.0100035 seconds
Number of updated asset objects reloaded before import = 0Number of asset objects unloaded after import = 3

========================================================================
Received Import Request.
  Time since last request: 0.000043 seconds.
  path: Assets/_Barking_Dog/_3D Scifi Base Vol 1/SpeedTree/Conifer/Conifer_Desktop Materials/LOD1/Branches_1.mat
  artifactKey: Guid(fecc9f713338e4943a8c38775af8c046) Importer(2089858483,b0f066a214c2f5e87bad3c948f4d605d)
Start importing Assets/_Barking_Dog/_3D Scifi Base Vol 1/SpeedTree/Conifer/Conifer_Desktop Materials/LOD1/Branches_1.mat using Guid(fecc9f713338e4943a8c38775af8c046) Importer(2089858483,b0f066a214c2f5e87bad3c948f4d605d) (ScriptedImporter) -> (artifact id: '4c61c5760e1000780755dc5066a7c8a9') in 0.0088046 seconds
Number of updated asset objects reloaded before import = 0Number of asset objects unloaded after import = 3

========================================================================
Received Import Request.
  Time since last request: 0.000037 seconds.
  path: Assets/_Barking_Dog/_3D Scifi Base Vol 1/SpeedTree/Conifer/Conifer_Desktop Materials/LOD1/Leaves_3.mat
  artifactKey: Guid(e6751882f7503bd4f9c6c3902e8b6188) Importer(2089858483,b0f066a214c2f5e87bad3c948f4d605d)
Start importing Assets/_Barking_Dog/_3D Scifi Base Vol 1/SpeedTree/Conifer/Conifer_Desktop Materials/LOD1/Leaves_3.mat using Guid(e6751882f7503bd4f9c6c3902e8b6188) Importer(2089858483,b0f066a214c2f5e87bad3c948f4d605d) (ScriptedImporter) -> (artifact id: '25935a13d71000f12409ad1917e64a9c') in 0.0166555 seconds
Number of updated asset objects reloaded before import = 0Number of asset objects unloaded after import = 3

========================================================================
Received Import Request.
  Time since last request: 0.000047 seconds.
  path: Assets/_Barking_Dog/_3D Scifi Base Vol 1/Prefabs/_Props/P_Wall_TV_01.prefab
  artifactKey: Guid(ca561006757c14416add12f5ba07dba8) Importer(2089858483,e11c23a36db5f54750b8cd40eac0985b)
Start importing Assets/_Barking_Dog/_3D Scifi Base Vol 1/Prefabs/_Props/P_Wall_TV_01.prefab using Guid(ca561006757c14416add12f5ba07dba8) Importer(2089858483,e11c23a36db5f54750b8cd40eac0985b) (ScriptedImporter) -> (artifact id: '34bb49cf7266574b11d6e6619d31fd85') in 0.0377401 seconds
Number of updated asset objects reloaded before import = 0Number of asset objects unloaded after import = 20

========================================================================
Received Import Request.
  Time since last request: 0.000038 seconds.
  path: Assets/_Barking_Dog/_3D Scifi Base Vol 1/Prefabs/_Build/P_Wall_Half_01.prefab
  artifactKey: Guid(dff5fb494714f4ceeb21e2254b436743) Importer(2089858483,e11c23a36db5f54750b8cd40eac0985b)
Start importing Assets/_Barking_Dog/_3D Scifi Base Vol 1/Prefabs/_Build/P_Wall_Half_01.prefab using Guid(dff5fb494714f4ceeb21e2254b436743) Importer(2089858483,e11c23a36db5f54750b8cd40eac0985b) (ScriptedImporter) -> (artifact id: '05a1286aba1a1e7c4fe062ebeb14760d') in 0.0310333 seconds
Number of updated asset objects reloaded before import = 0Number of asset objects unloaded after import = 24

========================================================================
Received Import Request.
  Time since last request: 0.000041 seconds.
  path: Assets/_Barking_Dog/_3D Scifi Base Vol 1/Prefabs/_Legos/P_Big_Base_03.prefab
  artifactKey: Guid(c6c32ead5acc243f199003f3e960190c) Importer(2089858483,e11c23a36db5f54750b8cd40eac0985b)
Start importing Assets/_Barking_Dog/_3D Scifi Base Vol 1/Prefabs/_Legos/P_Big_Base_03.prefab using Guid(c6c32ead5acc243f199003f3e960190c) Importer(2089858483,e11c23a36db5f54750b8cd40eac0985b) (ScriptedImporter) -> (artifact id: 'ee373f5eef68de8926ec8af3bf55dacb') in 0.9589087 seconds
Number of updated asset objects reloaded before import = 0Number of asset objects unloaded after import = 1521

========================================================================
Received Import Request.
  Time since last request: 0.000039 seconds.
  path: Assets/_Barking_Dog/_3D Scifi Base Vol 1/Meshes/Materials/Water.mat
  artifactKey: Guid(0e10949afaf7b734e89d7ceefb279d73) Importer(2089858483,b0f066a214c2f5e87bad3c948f4d605d)
Start importing Assets/_Barking_Dog/_3D Scifi Base Vol 1/Meshes/Materials/Water.mat using Guid(0e10949afaf7b734e89d7ceefb279d73) Importer(2089858483,b0f066a214c2f5e87bad3c948f4d605d) (ScriptedImporter) -> (artifact id: '43c0bfbde4c6436c77af0988a7fc8dfd') in 0.0064785 seconds
Number of updated asset objects reloaded before import = 0Number of asset objects unloaded after import = 2

========================================================================
Received Import Request.
  Time since last request: 0.000039 seconds.
  path: Assets/_Barking_Dog/_3D Scifi Base Vol 1/SpeedTree/Broadleaf/Broadleaf_Desktop Materials/LOD2/Branches_1.mat
  artifactKey: Guid(639aa87a96d586c4e84838574ce20ca3) Importer(2089858483,b0f066a214c2f5e87bad3c948f4d605d)
Start importing Assets/_Barking_Dog/_3D Scifi Base Vol 1/SpeedTree/Broadleaf/Broadleaf_Desktop Materials/LOD2/Branches_1.mat using Guid(639aa87a96d586c4e84838574ce20ca3) Importer(2089858483,b0f066a214c2f5e87bad3c948f4d605d) (ScriptedImporter) -> (artifact id: 'cb28d914a0f3f524f355eb157259d28a') in 0.007728 seconds
Number of updated asset objects reloaded before import = 0Number of asset objects unloaded after import = 3

========================================================================
Received Import Request.
  Time since last request: 0.000055 seconds.
  path: Assets/_Barking_Dog/_3D Scifi Base Vol 1/Prefabs/_Build/P_Table_Angle_02.prefab
  artifactKey: Guid(a0e84f772b89f4629982cab1ff45f553) Importer(2089858483,e11c23a36db5f54750b8cd40eac0985b)
Start importing Assets/_Barking_Dog/_3D Scifi Base Vol 1/Prefabs/_Build/P_Table_Angle_02.prefab using Guid(a0e84f772b89f4629982cab1ff45f553) Importer(2089858483,e11c23a36db5f54750b8cd40eac0985b) (ScriptedImporter) -> (artifact id: 'af9b78ef659abc1f1d985653799285bc') in 0.0173886 seconds
Number of updated asset objects reloaded before import = 0Number of asset objects unloaded after import = 12

========================================================================
Received Import Request.
  Time since last request: 0.000065 seconds.
  path: Assets/_Barking_Dog/_3D Scifi Base Vol 1/Prefabs/_Build/P_Dome_Angle_01.prefab
  artifactKey: Guid(94e39d4d957004a68b07c38034210791) Importer(2089858483,e11c23a36db5f54750b8cd40eac0985b)
Start importing Assets/_Barking_Dog/_3D Scifi Base Vol 1/Prefabs/_Build/P_Dome_Angle_01.prefab using Guid(94e39d4d957004a68b07c38034210791) Importer(2089858483,e11c23a36db5f54750b8cd40eac0985b) (ScriptedImporter) -> (artifact id: '2781515f69e027249560a953b54a09dc') in 0.0204167 seconds
Number of updated asset objects reloaded before import = 0Number of asset objects unloaded after import = 12

========================================================================
Received Import Request.
  Time since last request: 0.000040 seconds.
  path: Assets/_Barking_Dog/_3D Scifi Base Vol 1/Prefabs/_Legos/P_Corridor_Small_03.prefab
  artifactKey: Guid(bf3237e1c4a6d4b4cb7ef2bbec2be432) Importer(2089858483,e11c23a36db5f54750b8cd40eac0985b)
Start importing Assets/_Barking_Dog/_3D Scifi Base Vol 1/Prefabs/_Legos/P_Corridor_Small_03.prefab using Guid(bf3237e1c4a6d4b4cb7ef2bbec2be432) Importer(2089858483,e11c23a36db5f54750b8cd40eac0985b) (ScriptedImporter) -> (artifact id: 'dd67e7bc302deaa49099e45da5807578') in 0.0729528 seconds
Number of updated asset objects reloaded before import = 0Number of asset objects unloaded after import = 116

========================================================================
Received Import Request.
  Time since last request: 0.000055 seconds.
  path: Assets/_Barking_Dog/_3D Scifi Base Vol 1/Prefabs/_Legos/P_Small_Tower_Room_05.prefab
  artifactKey: Guid(b0aff7ca205964699bd00e81d1cd9286) Importer(2089858483,e11c23a36db5f54750b8cd40eac0985b)
Start importing Assets/_Barking_Dog/_3D Scifi Base Vol 1/Prefabs/_Legos/P_Small_Tower_Room_05.prefab using Guid(b0aff7ca205964699bd00e81d1cd9286) Importer(2089858483,e11c23a36db5f54750b8cd40eac0985b) (ScriptedImporter) -> (artifact id: '1286679d58ede21f15d5bc511cad704f') in 0.5528083 seconds
Number of updated asset objects reloaded before import = 0Number of asset objects unloaded after import = 799

========================================================================
Received Import Request.
  Time since last request: 0.000037 seconds.
  path: Assets/_Barking_Dog/_3D Scifi Base Vol 1/Meshes/Materials/Wall_Atlas_07_Dif.mat
  artifactKey: Guid(8b1c16d3c43324ed1abf432b456dff6a) Importer(2089858483,b0f066a214c2f5e87bad3c948f4d605d)
Start importing Assets/_Barking_Dog/_3D Scifi Base Vol 1/Meshes/Materials/Wall_Atlas_07_Dif.mat using Guid(8b1c16d3c43324ed1abf432b456dff6a) Importer(2089858483,b0f066a214c2f5e87bad3c948f4d605d) (ScriptedImporter) -> (artifact id: 'a3a44603fb3f8cd9aa02facaa47a1b6a') in 0.0984084 seconds
Number of updated asset objects reloaded before import = 0Number of asset objects unloaded after import = 6

========================================================================
Received Import Request.
  Time since last request: 0.000057 seconds.
  path: Assets/_Barking_Dog/_3D Scifi Base Vol 1/Prefabs/_Props/P_Grid_Plateform_01.prefab
  artifactKey: Guid(a107d7970e52f494f844641cc5e2d994) Importer(2089858483,e11c23a36db5f54750b8cd40eac0985b)
Start importing Assets/_Barking_Dog/_3D Scifi Base Vol 1/Prefabs/_Props/P_Grid_Plateform_01.prefab using Guid(a107d7970e52f494f844641cc5e2d994) Importer(2089858483,e11c23a36db5f54750b8cd40eac0985b) (ScriptedImporter) -> (artifact id: '487efe8cfdd1ebe55412425395fe6ced') in 0.0249938 seconds
Number of updated asset objects reloaded before import = 0Number of asset objects unloaded after import = 13

========================================================================
Received Import Request.
  Time since last request: 0.000035 seconds.
  path: Assets/_Barking_Dog/_3D Scifi Base Vol 1/Meshes/Stair_Metal_01.FBX
  artifactKey: Guid(63490cdb42ea947c7a62ad534253a92b) Importer(2089858483,b0f066a214c2f5e87bad3c948f4d605d)
Start importing Assets/_Barking_Dog/_3D Scifi Base Vol 1/Meshes/Stair_Metal_01.FBX using Guid(63490cdb42ea947c7a62ad534253a92b) Importer(2089858483,b0f066a214c2f5e87bad3c948f4d605d) (ScriptedImporter) -> (artifact id: '7bfc43f3242f3ee81fce35879004c17a') in 0.0164093 seconds
Number of updated asset objects reloaded before import = 0Number of asset objects unloaded after import = 9

========================================================================
Received Import Request.
  Time since last request: 0.000053 seconds.
  path: Assets/_Barking_Dog/_3D Scifi Base Vol 1/Prefabs/_Props/P_Char_06.prefab
  artifactKey: Guid(e7988f5abbf6d443fb0e777d1ac996ac) Importer(2089858483,e11c23a36db5f54750b8cd40eac0985b)
Start importing Assets/_Barking_Dog/_3D Scifi Base Vol 1/Prefabs/_Props/P_Char_06.prefab using Guid(e7988f5abbf6d443fb0e777d1ac996ac) Importer(2089858483,e11c23a36db5f54750b8cd40eac0985b) (ScriptedImporter) -> (artifact id: '70bc7924109941047f1b07f6ef5560d4') in 0.0461197 seconds
Number of updated asset objects reloaded before import = 0Number of asset objects unloaded after import = 45

========================================================================
Received Import Request.
  Time since last request: 0.000034 seconds.
  path: Assets/_Barking_Dog/_3D Scifi Base Vol 1/Meshes/Roof_Angle_03_B.FBX
  artifactKey: Guid(c7627f04bb51b4c4a839c158bbb5567c) Importer(2089858483,b0f066a214c2f5e87bad3c948f4d605d)
Start importing Assets/_Barking_Dog/_3D Scifi Base Vol 1/Meshes/Roof_Angle_03_B.FBX using Guid(c7627f04bb51b4c4a839c158bbb5567c) Importer(2089858483,b0f066a214c2f5e87bad3c948f4d605d) (ScriptedImporter) -> (artifact id: 'b9e210230cdcc55083dd27b412cb5f99') in 0.0174699 seconds
Number of updated asset objects reloaded before import = 0Number of asset objects unloaded after import = 8

========================================================================
Received Import Request.
  Time since last request: 0.000091 seconds.
  path: Assets/_Barking_Dog/_3D Scifi Base Vol 1/Textures/Wall_Atlas_04_Dif_02.png
  artifactKey: Guid(a4a07f549c05a4e85b6d7ec8cc9b8fd7) Importer(2089858483,b0f066a214c2f5e87bad3c948f4d605d)
Start importing Assets/_Barking_Dog/_3D Scifi Base Vol 1/Textures/Wall_Atlas_04_Dif_02.png using Guid(a4a07f549c05a4e85b6d7ec8cc9b8fd7) Importer(2089858483,b0f066a214c2f5e87bad3c948f4d605d) (ScriptedImporter) -> (artifact id: '886a6911e717efad799e6b7d8160286e') in 0.0171675 seconds
Number of updated asset objects reloaded before import = 0Number of asset objects unloaded after import = 1

========================================================================
Received Import Request.
  Time since last request: 0.000037 seconds.
  path: Assets/_Barking_Dog/_3D Scifi Base Vol 1/Prefabs/_Props/P_Computer_Rack_01.prefab
  artifactKey: Guid(fd5135fbf7fd84da1929d7c1c1572e5e) Importer(2089858483,e11c23a36db5f54750b8cd40eac0985b)
Start importing Assets/_Barking_Dog/_3D Scifi Base Vol 1/Prefabs/_Props/P_Computer_Rack_01.prefab using Guid(fd5135fbf7fd84da1929d7c1c1572e5e) Importer(2089858483,e11c23a36db5f54750b8cd40eac0985b) (ScriptedImporter) -> (artifact id: '123dfd7dd17142147c026665d3bcd1c5') in 0.0152626 seconds
Number of updated asset objects reloaded before import = 0Number of asset objects unloaded after import = 11

========================================================================
Received Import Request.
  Time since last request: 0.000027 seconds.
  path: Assets/_Barking_Dog/_3D Scifi Base Vol 1/Meshes/Rock_01.FBX
  artifactKey: Guid(ab7c18bf7fcad437393bfc9ce354d019) Importer(2089858483,b0f066a214c2f5e87bad3c948f4d605d)
Start importing Assets/_Barking_Dog/_3D Scifi Base Vol 1/Meshes/Rock_01.FBX using Guid(ab7c18bf7fcad437393bfc9ce354d019) Importer(2089858483,b0f066a214c2f5e87bad3c948f4d605d) (ScriptedImporter) -> (artifact id: '566d18678337eaa3f2da0c66ffafc4d1') in 0.0162687 seconds
Number of updated asset objects reloaded before import = 0Number of asset objects unloaded after import = 8

========================================================================
Received Import Request.
  Time since last request: 0.000036 seconds.
  path: Assets/_Barking_Dog/_3D Scifi Base Vol 1/Meshes/Fence_01.FBX
  artifactKey: Guid(8fb360021eab244deb4f1e3d7ba5e239) Importer(2089858483,b0f066a214c2f5e87bad3c948f4d605d)
Start importing Assets/_Barking_Dog/_3D Scifi Base Vol 1/Meshes/Fence_01.FBX using Guid(8fb360021eab244deb4f1e3d7ba5e239) Importer(2089858483,b0f066a214c2f5e87bad3c948f4d605d) (ScriptedImporter) -> (artifact id: 'd4c910c81283913bc115c2850579f7a1') in 0.0145757 seconds
Number of updated asset objects reloaded before import = 0Number of asset objects unloaded after import = 8

========================================================================
Received Import Request.
  Time since last request: 0.000060 seconds.
  path: Assets/_Barking_Dog/_3D Scifi Base Vol 1/Textures/Wall_Atlas_06_Dif_02.png
  artifactKey: Guid(b38a5f34bfb75453bb669434a71677e5) Importer(2089858483,b0f066a214c2f5e87bad3c948f4d605d)
Start importing Assets/_Barking_Dog/_3D Scifi Base Vol 1/Textures/Wall_Atlas_06_Dif_02.png using Guid(b38a5f34bfb75453bb669434a71677e5) Importer(2089858483,b0f066a214c2f5e87bad3c948f4d605d) (ScriptedImporter) -> (artifact id: 'c21baa44a5648d1e1294e578c8eb4f2d') in 0.0263515 seconds
Number of updated asset objects reloaded before import = 0Number of asset objects unloaded after import = 1

========================================================================
Received Import Request.
  Time since last request: 0.000033 seconds.
  path: Assets/_Barking_Dog/_3D Scifi Base Vol 1/SpeedTree/Broadleaf/Broadleaf_Mobile Materials/LOD0/Branches_0.mat
  artifactKey: Guid(bfc1dabf45016eb46b99df1a78054924) Importer(2089858483,b0f066a214c2f5e87bad3c948f4d605d)
Start importing Assets/_Barking_Dog/_3D Scifi Base Vol 1/SpeedTree/Broadleaf/Broadleaf_Mobile Materials/LOD0/Branches_0.mat using Guid(bfc1dabf45016eb46b99df1a78054924) Importer(2089858483,b0f066a214c2f5e87bad3c948f4d605d) (ScriptedImporter) -> (artifact id: '84a4cf684ee83e74722643a560859645') in 0.0079184 seconds
Number of updated asset objects reloaded before import = 0Number of asset objects unloaded after import = 3

========================================================================
Received Import Request.
  Time since last request: 0.000068 seconds.
  path: Assets/_Barking_Dog/_3D Scifi Base Vol 1/Textures/Wall_Atlas_05_Norm_02.png
  artifactKey: Guid(49b09b2fab3584294959e5867f0b6343) Importer(2089858483,b0f066a214c2f5e87bad3c948f4d605d)
Start importing Assets/_Barking_Dog/_3D Scifi Base Vol 1/Textures/Wall_Atlas_05_Norm_02.png using Guid(49b09b2fab3584294959e5867f0b6343) Importer(2089858483,b0f066a214c2f5e87bad3c948f4d605d) (ScriptedImporter) -> (artifact id: '8671f31c599436640428465e8752d925') in 0.0361435 seconds
Number of updated asset objects reloaded before import = 0Number of asset objects unloaded after import = 1

========================================================================
Received Import Request.
  Time since last request: 0.000042 seconds.
  path: Assets/_Barking_Dog/_3D Scifi Base Vol 1/Meshes/Materials/Wall_Atlas_05_Dif.mat
  artifactKey: Guid(3c8efba4a44334e8fb04831e0d8a8f65) Importer(2089858483,b0f066a214c2f5e87bad3c948f4d605d)
Start importing Assets/_Barking_Dog/_3D Scifi Base Vol 1/Meshes/Materials/Wall_Atlas_05_Dif.mat using Guid(3c8efba4a44334e8fb04831e0d8a8f65) Importer(2089858483,b0f066a214c2f5e87bad3c948f4d605d) (ScriptedImporter) -> (artifact id: '019e4f8220b5b7b4121e30f6f834080d') in 0.0814517 seconds
Number of updated asset objects reloaded before import = 0Number of asset objects unloaded after import = 6

========================================================================
Received Import Request.
  Time since last request: 0.000055 seconds.
  path: Assets/_Barking_Dog/_3D Scifi Base Vol 1/Prefabs/_Build/P_Wall_Normal_02.prefab
  artifactKey: Guid(d228c3786d9dd42aebcb5fe040b8ab76) Importer(2089858483,e11c23a36db5f54750b8cd40eac0985b)
Start importing Assets/_Barking_Dog/_3D Scifi Base Vol 1/Prefabs/_Build/P_Wall_Normal_02.prefab using Guid(d228c3786d9dd42aebcb5fe040b8ab76) Importer(2089858483,e11c23a36db5f54750b8cd40eac0985b) (ScriptedImporter) -> (artifact id: '46162eda7b942827e2c3a5f21a59d934') in 0.0595203 seconds
Number of updated asset objects reloaded before import = 0Number of asset objects unloaded after import = 30

========================================================================
Received Import Request.
  Time since last request: 0.000030 seconds.
  path: Assets/_Barking_Dog/_3D Scifi Base Vol 1/Splat/Grass_01.png
  artifactKey: Guid(b0a6b149162290d478d6289483442d12) Importer(2089858483,b0f066a214c2f5e87bad3c948f4d605d)
Start importing Assets/_Barking_Dog/_3D Scifi Base Vol 1/Splat/Grass_01.png using Guid(b0a6b149162290d478d6289483442d12) Importer(2089858483,b0f066a214c2f5e87bad3c948f4d605d) (ScriptedImporter) -> (artifact id: 'c2b1d61c9465f4d63e093950fcff8864') in 0.0276685 seconds
Number of updated asset objects reloaded before import = 0Number of asset objects unloaded after import = 1

========================================================================
Received Import Request.
  Time since last request: 0.000036 seconds.
  path: Assets/_Barking_Dog/_3D Scifi Base Vol 1/Fx/Smoke.prefab
  artifactKey: Guid(37a3f83674c154a4e9b6adc500fd1d02) Importer(2089858483,e11c23a36db5f54750b8cd40eac0985b)
Start importing Assets/_Barking_Dog/_3D Scifi Base Vol 1/Fx/Smoke.prefab using Guid(37a3f83674c154a4e9b6adc500fd1d02) Importer(2089858483,e11c23a36db5f54750b8cd40eac0985b) (ScriptedImporter) -> (artifact id: 'f3cba13eb790aea0daaa190134719ff8') in 0.0473653 seconds
Number of updated asset objects reloaded before import = 0Number of asset objects unloaded after import = 8

========================================================================
Received Import Request.
  Time since last request: 0.000056 seconds.
  path: Assets/_Barking_Dog/_3D Scifi Base Vol 1/Prefabs/_Build/P_Fence_03.prefab
  artifactKey: Guid(bfadb6ab212a14b658c7afb0d522163e) Importer(2089858483,e11c23a36db5f54750b8cd40eac0985b)
Start importing Assets/_Barking_Dog/_3D Scifi Base Vol 1/Prefabs/_Build/P_Fence_03.prefab using Guid(bfadb6ab212a14b658c7afb0d522163e) Importer(2089858483,e11c23a36db5f54750b8cd40eac0985b) (ScriptedImporter) -> (artifact id: '342c08f156dc69e59c879a14c5650cb8') in 0.0139153 seconds
Number of updated asset objects reloaded before import = 0Number of asset objects unloaded after import = 19

========================================================================
Received Import Request.
  Time since last request: 0.000041 seconds.
  path: Assets/_Barking_Dog/_3D Scifi Base Vol 1/Textures/Wall_Atlas_07_Ao.png
  artifactKey: Guid(f923bbd07860b4752a186db9ac46b0b9) Importer(2089858483,b0f066a214c2f5e87bad3c948f4d605d)
Start importing Assets/_Barking_Dog/_3D Scifi Base Vol 1/Textures/Wall_Atlas_07_Ao.png using Guid(f923bbd07860b4752a186db9ac46b0b9) Importer(2089858483,b0f066a214c2f5e87bad3c948f4d605d) (ScriptedImporter) -> (artifact id: '1e681842fe3ca9a38e37f898942cdd3a') in 0.0216238 seconds
Number of updated asset objects reloaded before import = 0Number of asset objects unloaded after import = 1

========================================================================
Received Import Request.
  Time since last request: 0.000041 seconds.
  path: Assets/_Barking_Dog/_3D Scifi Base Vol 1/Prefabs/_Build/P_Pipe_End_01.prefab
  artifactKey: Guid(ef604b1debe7844459cbf034c5aaf2c6) Importer(2089858483,e11c23a36db5f54750b8cd40eac0985b)
Start importing Assets/_Barking_Dog/_3D Scifi Base Vol 1/Prefabs/_Build/P_Pipe_End_01.prefab using Guid(ef604b1debe7844459cbf034c5aaf2c6) Importer(2089858483,e11c23a36db5f54750b8cd40eac0985b) (ScriptedImporter) -> (artifact id: 'fa9651948e987e00e81075739c767ab9') in 0.0106048 seconds
Number of updated asset objects reloaded before import = 0Number of asset objects unloaded after import = 10

========================================================================
Received Import Request.
  Time since last request: 0.000038 seconds.
  path: Assets/_Barking_Dog/_3D Scifi Base Vol 1/Textures/Wall_Atlas_05_Metal.tif
  artifactKey: Guid(6d90d73c60aeb4b93b59d74b03db76c5) Importer(2089858483,b0f066a214c2f5e87bad3c948f4d605d)
Start importing Assets/_Barking_Dog/_3D Scifi Base Vol 1/Textures/Wall_Atlas_05_Metal.tif using Guid(6d90d73c60aeb4b93b59d74b03db76c5) Importer(2089858483,b0f066a214c2f5e87bad3c948f4d605d) (ScriptedImporter) -> (artifact id: 'a35454ad8f5fbfcf18ef92534a6ca5e3') in 0.1986766 seconds
Number of updated asset objects reloaded before import = 0Number of asset objects unloaded after import = 1

========================================================================
Received Import Request.
  Time since last request: 0.000038 seconds.
  path: Assets/_Barking_Dog/_3D Scifi Base Vol 1/Prefabs/_Build/P_Pipes_Insert_06.prefab
  artifactKey: Guid(67f2a2a06e674499a86aa69deccab9b0) Importer(2089858483,e11c23a36db5f54750b8cd40eac0985b)
Start importing Assets/_Barking_Dog/_3D Scifi Base Vol 1/Prefabs/_Build/P_Pipes_Insert_06.prefab using Guid(67f2a2a06e674499a86aa69deccab9b0) Importer(2089858483,e11c23a36db5f54750b8cd40eac0985b) (ScriptedImporter) -> (artifact id: 'c21b3eab886aa43b0cc1c79c8091c3a6') in 0.0091085 seconds
Number of updated asset objects reloaded before import = 0Number of asset objects unloaded after import = 10

========================================================================
Received Import Request.
  Time since last request: 0.000093 seconds.
  path: Assets/_Barking_Dog/_3D Scifi Base Vol 1/Meshes/Electric_Pylon_01.FBX
  artifactKey: Guid(69deb44a1ff0641eaa016fd917c99f69) Importer(2089858483,b0f066a214c2f5e87bad3c948f4d605d)
Start importing Assets/_Barking_Dog/_3D Scifi Base Vol 1/Meshes/Electric_Pylon_01.FBX using Guid(69deb44a1ff0641eaa016fd917c99f69) Importer(2089858483,b0f066a214c2f5e87bad3c948f4d605d) (ScriptedImporter) -> (artifact id: 'b27b100aae7088a6e1d924ad5854d0ed') in 0.0224651 seconds
Number of updated asset objects reloaded before import = 0Number of asset objects unloaded after import = 30

========================================================================
Received Import Request.
  Time since last request: 0.000029 seconds.
  path: Assets/_Barking_Dog/_3D Scifi Base Vol 1/Meshes/Basin_01.FBX
  artifactKey: Guid(11714dd933fb340a0b506fe51a5a15ea) Importer(2089858483,b0f066a214c2f5e87bad3c948f4d605d)
Start importing Assets/_Barking_Dog/_3D Scifi Base Vol 1/Meshes/Basin_01.FBX using Guid(11714dd933fb340a0b506fe51a5a15ea) Importer(2089858483,b0f066a214c2f5e87bad3c948f4d605d) (ScriptedImporter) -> (artifact id: 'bac64bbff27f1228f2c453cb2b445415') in 0.0205261 seconds
Number of updated asset objects reloaded before import = 0Number of asset objects unloaded after import = 15

========================================================================
Received Import Request.
  Time since last request: 0.000034 seconds.
  path: Assets/_Barking_Dog/_3D Scifi Base Vol 1/Meshes/Roof_Cache_12.FBX
  artifactKey: Guid(525d914842e3442e2a5c0e5269790ae4) Importer(2089858483,b0f066a214c2f5e87bad3c948f4d605d)
Start importing Assets/_Barking_Dog/_3D Scifi Base Vol 1/Meshes/Roof_Cache_12.FBX using Guid(525d914842e3442e2a5c0e5269790ae4) Importer(2089858483,b0f066a214c2f5e87bad3c948f4d605d) (ScriptedImporter) -> (artifact id: '0e2c41233fc7f99a32fa3f8a695a87a3') in 0.0156217 seconds
Number of updated asset objects reloaded before import = 0Number of asset objects unloaded after import = 8

========================================================================
Received Import Request.
  Time since last request: 0.000050 seconds.
  path: Assets/_Barking_Dog/_3D Scifi Base Vol 1/Meshes/Roof_Light_01.FBX
  artifactKey: Guid(1ac2b12ee3caf49c399f3627f94ccffc) Importer(2089858483,b0f066a214c2f5e87bad3c948f4d605d)
Start importing Assets/_Barking_Dog/_3D Scifi Base Vol 1/Meshes/Roof_Light_01.FBX using Guid(1ac2b12ee3caf49c399f3627f94ccffc) Importer(2089858483,b0f066a214c2f5e87bad3c948f4d605d) (ScriptedImporter) -> (artifact id: '591c39e69c2873570eadd6e78dbfa56a') in 0.0113119 seconds
Number of updated asset objects reloaded before import = 0Number of asset objects unloaded after import = 8

========================================================================
Received Import Request.
  Time since last request: 0.000043 seconds.
  path: Assets/_Barking_Dog/_3D Scifi Base Vol 1/Textures/Ring02.png
  artifactKey: Guid(c5c39da6f46954a5d8aa72717d1274b3) Importer(2089858483,b0f066a214c2f5e87bad3c948f4d605d)
Start importing Assets/_Barking_Dog/_3D Scifi Base Vol 1/Textures/Ring02.png using Guid(c5c39da6f46954a5d8aa72717d1274b3) Importer(2089858483,b0f066a214c2f5e87bad3c948f4d605d) (ScriptedImporter) -> (artifact id: '681eae7d509e25e06323e78c9bcb78d4') in 0.0123912 seconds
Number of updated asset objects reloaded before import = 0Number of asset objects unloaded after import = 1

========================================================================
Received Import Request.
  Time since last request: 0.000030 seconds.
  path: Assets/_Barking_Dog/README - SETUP DOORS AND PROJECT.txt
  artifactKey: Guid(98e7bbce4272a4016b12d836e9d3ffad) Importer(2089858483,b0f066a214c2f5e87bad3c948f4d605d)
Start importing Assets/_Barking_Dog/README - SETUP DOORS AND PROJECT.txt using Guid(98e7bbce4272a4016b12d836e9d3ffad) Importer(2089858483,b0f066a214c2f5e87bad3c948f4d605d) (ScriptedImporter) -> (artifact id: '1dd2f9cf17e427b0968f02b1bed80fed') in 0.0130754 seconds
Number of updated asset objects reloaded before import = 0Number of asset objects unloaded after import = 1

========================================================================
Received Import Request.
  Time since last request: 0.000032 seconds.
  path: Assets/_Barking_Dog/_3D Scifi Base Vol 1/Meshes/Pipes_Insert_02.FBX
  artifactKey: Guid(3b8a2125c0e764d47ad5fafe7094de95) Importer(2089858483,b0f066a214c2f5e87bad3c948f4d605d)
Start importing Assets/_Barking_Dog/_3D Scifi Base Vol 1/Meshes/Pipes_Insert_02.FBX using Guid(3b8a2125c0e764d47ad5fafe7094de95) Importer(2089858483,b0f066a214c2f5e87bad3c948f4d605d) (ScriptedImporter) -> (artifact id: 'abdc38a6aa7ee295f148504816fa5b34') in 0.0170099 seconds
Number of updated asset objects reloaded before import = 0Number of asset objects unloaded after import = 8

========================================================================
Received Import Request.
  Time since last request: 0.000051 seconds.
  path: Assets/_Barking_Dog/_3D Scifi Base Vol 1/Textures/Wall_Atlas_08_Norm.png
  artifactKey: Guid(182d388e9c073461882f5ad88bac7c21) Importer(2089858483,b0f066a214c2f5e87bad3c948f4d605d)
Start importing Assets/_Barking_Dog/_3D Scifi Base Vol 1/Textures/Wall_Atlas_08_Norm.png using Guid(182d388e9c073461882f5ad88bac7c21) Importer(2089858483,b0f066a214c2f5e87bad3c948f4d605d) (ScriptedImporter) -> (artifact id: 'f4f41297a6d1a2729c6842c14c58f022') in 0.2049671 seconds
Number of updated asset objects reloaded before import = 0Number of asset objects unloaded after import = 1

========================================================================
Received Import Request.
  Time since last request: 0.000045 seconds.
  path: Assets/_Barking_Dog/_3D Scifi Base Vol 1/Textures/Wall_Atlas_05_Metal_02.tif
  artifactKey: Guid(873be3a5a7f2b48bd9dc298203763b7a) Importer(2089858483,b0f066a214c2f5e87bad3c948f4d605d)
Start importing Assets/_Barking_Dog/_3D Scifi Base Vol 1/Textures/Wall_Atlas_05_Metal_02.tif using Guid(873be3a5a7f2b48bd9dc298203763b7a) Importer(2089858483,b0f066a214c2f5e87bad3c948f4d605d) (ScriptedImporter) -> (artifact id: '3c59a24376b5f84d6beb2bf7487abe34') in 0.0393215 seconds
Number of updated asset objects reloaded before import = 0Number of asset objects unloaded after import = 1

========================================================================
Received Import Request.
  Time since last request: 0.000057 seconds.
  path: Assets/_Barking_Dog/_3D Scifi Base Vol 1/Textures/Wall_Atlas_02_Dif.png
  artifactKey: Guid(696a6b5edea8f4738992d8982d8195a3) Importer(2089858483,b0f066a214c2f5e87bad3c948f4d605d)
Start importing Assets/_Barking_Dog/_3D Scifi Base Vol 1/Textures/Wall_Atlas_02_Dif.png using Guid(696a6b5edea8f4738992d8982d8195a3) Importer(2089858483,b0f066a214c2f5e87bad3c948f4d605d) (ScriptedImporter) -> (artifact id: '67d801cba33eebae71ba9b848255d1ec') in 0.1993372 seconds
Number of updated asset objects reloaded before import = 0Number of asset objects unloaded after import = 1

========================================================================
Received Import Request.
  Time since last request: 0.000035 seconds.
  path: Assets/_Barking_Dog/_3D Scifi Base Vol 1/Prefabs/_Build/P_Door_Bar_01.prefab
  artifactKey: Guid(002549d40c339403682b41627405e2fc) Importer(2089858483,e11c23a36db5f54750b8cd40eac0985b)
Start importing Assets/_Barking_Dog/_3D Scifi Base Vol 1/Prefabs/_Build/P_Door_Bar_01.prefab using Guid(002549d40c339403682b41627405e2fc) Importer(2089858483,e11c23a36db5f54750b8cd40eac0985b) (ScriptedImporter) -> (artifact id: '6f495472190bcc1a8fa4044277c435cd') in 0.0240222 seconds
Number of updated asset objects reloaded before import = 0Number of asset objects unloaded after import = 10

========================================================================
Received Import Request.
  Time since last request: 0.000063 seconds.
  path: Assets/_Barking_Dog/_3D Scifi Base Vol 1/Textures/Screen_01.png
  artifactKey: Guid(a4c7c971d6fb248d497e0175ad2acd1d) Importer(2089858483,b0f066a214c2f5e87bad3c948f4d605d)
Start importing Assets/_Barking_Dog/_3D Scifi Base Vol 1/Textures/Screen_01.png using Guid(a4c7c971d6fb248d497e0175ad2acd1d) Importer(2089858483,b0f066a214c2f5e87bad3c948f4d605d) (ScriptedImporter) -> (artifact id: '2177a782f6d7d8cf4da88084b6e51cbb') in 0.0136001 seconds
Number of updated asset objects reloaded before import = 0Number of asset objects unloaded after import = 1

========================================================================
Received Import Request.
  Time since last request: 0.000026 seconds.
  path: Assets/_Barking_Dog/_3D Scifi Base Vol 1/Prefabs/_Build/P_Pipes_Insert_03.prefab
  artifactKey: Guid(34eb839e9be9a4c3f825e61711de92e0) Importer(2089858483,e11c23a36db5f54750b8cd40eac0985b)
Start importing Assets/_Barking_Dog/_3D Scifi Base Vol 1/Prefabs/_Build/P_Pipes_Insert_03.prefab using Guid(34eb839e9be9a4c3f825e61711de92e0) Importer(2089858483,e11c23a36db5f54750b8cd40eac0985b) (ScriptedImporter) -> (artifact id: '71ae87e6f48be2b849cc0203bb09c4b8') in 0.0279395 seconds
Number of updated asset objects reloaded before import = 0Number of asset objects unloaded after import = 11

========================================================================
Received Import Request.
  Time since last request: 0.000036 seconds.
  path: Assets/_Barking_Dog/_3D Scifi Base Vol 1/Meshes/Wall_Pilar_01.FBX
  artifactKey: Guid(a113cab5199064aed8ae31f85006a37c) Importer(2089858483,b0f066a214c2f5e87bad3c948f4d605d)
Start importing Assets/_Barking_Dog/_3D Scifi Base Vol 1/Meshes/Wall_Pilar_01.FBX using Guid(a113cab5199064aed8ae31f85006a37c) Importer(2089858483,b0f066a214c2f5e87bad3c948f4d605d) (ScriptedImporter) -> (artifact id: '2de444ec7932ad89e4743d9b009d3e48') in 0.0169059 seconds
Number of updated asset objects reloaded before import = 0Number of asset objects unloaded after import = 8

========================================================================
Received Import Request.
  Time since last request: 0.000031 seconds.
  path: Assets/_Barking_Dog/_3D Scifi Base Vol 1/Meshes/Roof_Cache_06_B.FBX
  artifactKey: Guid(abec3ff63587e4ddeae53854e4b457fb) Importer(2089858483,b0f066a214c2f5e87bad3c948f4d605d)
Start importing Assets/_Barking_Dog/_3D Scifi Base Vol 1/Meshes/Roof_Cache_06_B.FBX using Guid(abec3ff63587e4ddeae53854e4b457fb) Importer(2089858483,b0f066a214c2f5e87bad3c948f4d605d) (ScriptedImporter) -> (artifact id: 'df47e7072a999b519eb3562bacc4a030') in 0.0132015 seconds
Number of updated asset objects reloaded before import = 0Number of asset objects unloaded after import = 8

========================================================================
Received Import Request.
  Time since last request: 0.000053 seconds.
  path: Assets/_Barking_Dog/_3D Scifi Base Vol 1/Prefabs/_Build/P_Corridor_Angle_01.prefab
  artifactKey: Guid(fbc166e293b7242db9965757861be098) Importer(2089858483,e11c23a36db5f54750b8cd40eac0985b)
Start importing Assets/_Barking_Dog/_3D Scifi Base Vol 1/Prefabs/_Build/P_Corridor_Angle_01.prefab using Guid(fbc166e293b7242db9965757861be098) Importer(2089858483,e11c23a36db5f54750b8cd40eac0985b) (ScriptedImporter) -> (artifact id: '621b903b30c9df6ae6383d82e0a4b3cf') in 0.0716036 seconds
Number of updated asset objects reloaded before import = 0Number of asset objects unloaded after import = 91

========================================================================
Received Import Request.
  Time since last request: 0.000055 seconds.
  path: Assets/_Barking_Dog/_3D Scifi Base Vol 1/Prefabs/_Props/P_Reactor_04.prefab
  artifactKey: Guid(cc707ca2484794174b5087a5a8e22546) Importer(2089858483,e11c23a36db5f54750b8cd40eac0985b)
Start importing Assets/_Barking_Dog/_3D Scifi Base Vol 1/Prefabs/_Props/P_Reactor_04.prefab using Guid(cc707ca2484794174b5087a5a8e22546) Importer(2089858483,e11c23a36db5f54750b8cd40eac0985b) (ScriptedImporter) -> (artifact id: '85882e9016e6375859886a7a330b0ab0') in 0.1157606 seconds
Number of updated asset objects reloaded before import = 0Number of asset objects unloaded after import = 104

========================================================================
Received Import Request.
  Time since last request: 0.000050 seconds.
  path: Assets/_Barking_Dog/_3D Scifi Base Vol 1/Prefabs/_Props/P_Basin_02.prefab
  artifactKey: Guid(b1b24758f8cb245fdb4c8f3448cd3234) Importer(2089858483,e11c23a36db5f54750b8cd40eac0985b)
Start importing Assets/_Barking_Dog/_3D Scifi Base Vol 1/Prefabs/_Props/P_Basin_02.prefab using Guid(b1b24758f8cb245fdb4c8f3448cd3234) Importer(2089858483,e11c23a36db5f54750b8cd40eac0985b) (ScriptedImporter) -> (artifact id: '959ddbca578db69eadbbb0bac8752590') in 0.0221888 seconds
Number of updated asset objects reloaded before import = 0Number of asset objects unloaded after import = 27

========================================================================
Received Import Request.
  Time since last request: 42.468194 seconds.
  path: Assets/_Barking_Dog/_3D Scifi Base Vol 1/Fx/Clouds.prefab
  artifactKey: Guid(1c7ea72e298504748b53f89e6140006e) Importer(2089858483,b0f066a214c2f5e87bad3c948f4d605d)
Start importing Assets/_Barking_Dog/_3D Scifi Base Vol 1/Fx/Clouds.prefab using Guid(1c7ea72e298504748b53f89e6140006e) Importer(2089858483,b0f066a214c2f5e87bad3c948f4d605d) (ScriptedImporter) -> (artifact id: 'b615b48cac7f1a5cc28ac37a5395e0c0') in 0.0408885 seconds
Number of updated asset objects reloaded before import = 0Number of asset objects unloaded after import = 8

========================================================================
Received Import Request.
  Time since last request: 0.000038 seconds.
  path: Assets/_Barking_Dog/_3D Scifi Base Vol 1/Prefabs/_Build/P_Wall_Angle_03.prefab
  artifactKey: Guid(b1d96ec2fca214bfa84bf63644b4b4a2) Importer(2089858483,b0f066a214c2f5e87bad3c948f4d605d)
Start importing Assets/_Barking_Dog/_3D Scifi Base Vol 1/Prefabs/_Build/P_Wall_Angle_03.prefab using Guid(b1d96ec2fca214bfa84bf63644b4b4a2) Importer(2089858483,b0f066a214c2f5e87bad3c948f4d605d) (ScriptedImporter) -> (artifact id: '7017dcf94c77bf3a5d8bc55846acc8cd') in 0.0268863 seconds
Number of updated asset objects reloaded before import = 0Number of asset objects unloaded after import = 9

========================================================================
Received Import Request.
  Time since last request: 0.000078 seconds.
  path: Assets/_Barking_Dog/_3D Scifi Base Vol 1/Prefabs/_Build/P_Roof_Cache_05.prefab
  artifactKey: Guid(d8e28b5fc71e4475cab53855307b762d) Importer(2089858483,b0f066a214c2f5e87bad3c948f4d605d)
Start importing Assets/_Barking_Dog/_3D Scifi Base Vol 1/Prefabs/_Build/P_Roof_Cache_05.prefab using Guid(d8e28b5fc71e4475cab53855307b762d) Importer(2089858483,b0f066a214c2f5e87bad3c948f4d605d) (ScriptedImporter) -> (artifact id: 'fe583ad7a55822157faa9ecc36524a46') in 0.0327772 seconds
Number of updated asset objects reloaded before import = 0Number of asset objects unloaded after import = 9

========================================================================
Received Import Request.
  Time since last request: 0.000053 seconds.
  path: Assets/_Barking_Dog/_3D Scifi Base Vol 1/Prefabs/_Build/P_Roof_Cache_03.prefab
  artifactKey: Guid(7072e031897e848bcb3bc9961627d001) Importer(2089858483,b0f066a214c2f5e87bad3c948f4d605d)
Start importing Assets/_Barking_Dog/_3D Scifi Base Vol 1/Prefabs/_Build/P_Roof_Cache_03.prefab using Guid(7072e031897e848bcb3bc9961627d001) Importer(2089858483,b0f066a214c2f5e87bad3c948f4d605d) (ScriptedImporter) -> (artifact id: 'a3f9582feb2beffbc95fca1a84f4b640') in 0.0327373 seconds
Number of updated asset objects reloaded before import = 0Number of asset objects unloaded after import = 9

========================================================================
Received Import Request.
  Time since last request: 0.000040 seconds.
  path: Assets/_Barking_Dog/_3D Scifi Base Vol 1/Prefabs/_Build/P_Rock_02.prefab
  artifactKey: Guid(0a7cb2998217444e0aacda5c9c09237d) Importer(2089858483,b0f066a214c2f5e87bad3c948f4d605d)
Start importing Assets/_Barking_Dog/_3D Scifi Base Vol 1/Prefabs/_Build/P_Rock_02.prefab using Guid(0a7cb2998217444e0aacda5c9c09237d) Importer(2089858483,b0f066a214c2f5e87bad3c948f4d605d) (ScriptedImporter) -> (artifact id: 'd6d7306e65276b3b74bf0de39cb7543a') in 0.0417459 seconds
Number of updated asset objects reloaded before import = 0Number of asset objects unloaded after import = 10

========================================================================
Received Import Request.
  Time since last request: 0.000032 seconds.
  path: Assets/_Barking_Dog/_3D Scifi Base Vol 1/Prefabs/_Build/P_Dome_Angle_01.prefab
  artifactKey: Guid(94e39d4d957004a68b07c38034210791) Importer(2089858483,b0f066a214c2f5e87bad3c948f4d605d)
Start importing Assets/_Barking_Dog/_3D Scifi Base Vol 1/Prefabs/_Build/P_Dome_Angle_01.prefab using Guid(94e39d4d957004a68b07c38034210791) Importer(2089858483,b0f066a214c2f5e87bad3c948f4d605d) (ScriptedImporter) -> (artifact id: '7c6a8a3b95b111954878f74510d63679') in 0.0307425 seconds
Number of updated asset objects reloaded before import = 0Number of asset objects unloaded after import = 9

========================================================================
Received Import Request.
  Time since last request: 0.000049 seconds.
  path: Assets/_Barking_Dog/_3D Scifi Base Vol 1/Prefabs/_Build/P_Roof_Cache_06_B.prefab
  artifactKey: Guid(f1ff07bf5ce2647c3ae6ca81a0a59f4d) Importer(2089858483,b0f066a214c2f5e87bad3c948f4d605d)
Start importing Assets/_Barking_Dog/_3D Scifi Base Vol 1/Prefabs/_Build/P_Roof_Cache_06_B.prefab using Guid(f1ff07bf5ce2647c3ae6ca81a0a59f4d) Importer(2089858483,b0f066a214c2f5e87bad3c948f4d605d) (ScriptedImporter) -> (artifact id: '050822d60f7f4deff5abe47d0036c9a2') in 0.012353 seconds
Number of updated asset objects reloaded before import = 0Number of asset objects unloaded after import = 10

========================================================================
Received Import Request.
  Time since last request: 0.000034 seconds.
  path: Assets/_Barking_Dog/_3D Scifi Base Vol 1/Prefabs/_Legos/P_Corridor_Small_01.prefab
  artifactKey: Guid(be83d275bdbf14b3792eeaadc802242b) Importer(2089858483,b0f066a214c2f5e87bad3c948f4d605d)
Start importing Assets/_Barking_Dog/_3D Scifi Base Vol 1/Prefabs/_Legos/P_Corridor_Small_01.prefab using Guid(be83d275bdbf14b3792eeaadc802242b) Importer(2089858483,b0f066a214c2f5e87bad3c948f4d605d) (ScriptedImporter) -> (artifact id: '39dd78f2a02c8a49e9db4133fc198a94') in 0.0339756 seconds
Number of updated asset objects reloaded before import = 0Number of asset objects unloaded after import = 121

========================================================================
Received Import Request.
  Time since last request: 0.000058 seconds.
  path: Assets/_Barking_Dog/_3D Scifi Base Vol 1/Prefabs/_Legos/P_Corridor_Small_04.prefab
  artifactKey: Guid(5c69609b582f8433cbb6fc9fe10b12d6) Importer(2089858483,b0f066a214c2f5e87bad3c948f4d605d)
Start importing Assets/_Barking_Dog/_3D Scifi Base Vol 1/Prefabs/_Legos/P_Corridor_Small_04.prefab using Guid(5c69609b582f8433cbb6fc9fe10b12d6) Importer(2089858483,b0f066a214c2f5e87bad3c948f4d605d) (ScriptedImporter) -> (artifact id: 'd4607023c34a05b25b2402fabf19b1ab') in 0.0092763 seconds
Number of updated asset objects reloaded before import = 0Number of asset objects unloaded after import = 112

========================================================================
Received Import Request.
  Time since last request: 0.000038 seconds.
  path: Assets/_Barking_Dog/_3D Scifi Base Vol 1/Prefabs/_Props/P_Bed_Simple_01.prefab
  artifactKey: Guid(8572b8d18825e42ac868f80a808a5bc5) Importer(2089858483,b0f066a214c2f5e87bad3c948f4d605d)
Start importing Assets/_Barking_Dog/_3D Scifi Base Vol 1/Prefabs/_Props/P_Bed_Simple_01.prefab using Guid(8572b8d18825e42ac868f80a808a5bc5) Importer(2089858483,b0f066a214c2f5e87bad3c948f4d605d) (ScriptedImporter) -> (artifact id: 'd2b8c7d1ab5e0fcdad9ae53ed6ea6b35') in 0.0279078 seconds
Number of updated asset objects reloaded before import = 0Number of asset objects unloaded after import = 32

========================================================================
Received Import Request.
  Time since last request: 0.000068 seconds.
  path: Assets/_Barking_Dog/_3D Scifi Base Vol 1/Prefabs/_Legos/P_Sphere_Dome_01.prefab
  artifactKey: Guid(f1f3de696b36b48c9ba600c0519904a8) Importer(2089858483,b0f066a214c2f5e87bad3c948f4d605d)
Start importing Assets/_Barking_Dog/_3D Scifi Base Vol 1/Prefabs/_Legos/P_Sphere_Dome_01.prefab using Guid(f1f3de696b36b48c9ba600c0519904a8) Importer(2089858483,b0f066a214c2f5e87bad3c948f4d605d) (ScriptedImporter) -> (artifact id: '597dc977add7b711780a32cc467bc291') in 0.0227828 seconds
Number of updated asset objects reloaded before import = 0Number of asset objects unloaded after import = 59

========================================================================
Received Import Request.
  Time since last request: 0.000033 seconds.
  path: Assets/_Barking_Dog/_3D Scifi Base Vol 1/Prefabs/_Legos/P_Corridor_Small_03.prefab
  artifactKey: Guid(bf3237e1c4a6d4b4cb7ef2bbec2be432) Importer(2089858483,b0f066a214c2f5e87bad3c948f4d605d)
Start importing Assets/_Barking_Dog/_3D Scifi Base Vol 1/Prefabs/_Legos/P_Corridor_Small_03.prefab using Guid(bf3237e1c4a6d4b4cb7ef2bbec2be432) Importer(2089858483,b0f066a214c2f5e87bad3c948f4d605d) (ScriptedImporter) -> (artifact id: '386b96618855d8dc2ae174f5e66ab707') in 0.0151874 seconds
Number of updated asset objects reloaded before import = 0Number of asset objects unloaded after import = 111

========================================================================
Received Import Request.
  Time since last request: 0.000032 seconds.
  path: Assets/_Barking_Dog/_3D Scifi Base Vol 1/Prefabs/_Build/P_Wall_Door_Small_02.prefab
  artifactKey: Guid(a8959ba55e1a64bcdbf3ecec9b77d348) Importer(2089858483,b0f066a214c2f5e87bad3c948f4d605d)
Start importing Assets/_Barking_Dog/_3D Scifi Base Vol 1/Prefabs/_Build/P_Wall_Door_Small_02.prefab using Guid(a8959ba55e1a64bcdbf3ecec9b77d348) Importer(2089858483,b0f066a214c2f5e87bad3c948f4d605d) (ScriptedImporter) -> (artifact id: '6ec84b0216cdbac2330956a5960a6d6e') in 0.0083098 seconds
Number of updated asset objects reloaded before import = 0Number of asset objects unloaded after import = 60

========================================================================
Received Import Request.
  Time since last request: 0.000056 seconds.
  path: Assets/_Barking_Dog/_3D Scifi Base Vol 1/Prefabs/_Props/P_Char_05.prefab
  artifactKey: Guid(960d1c03ec6d44102ac6524b098e1eb8) Importer(2089858483,b0f066a214c2f5e87bad3c948f4d605d)
Start importing Assets/_Barking_Dog/_3D Scifi Base Vol 1/Prefabs/_Props/P_Char_05.prefab using Guid(960d1c03ec6d44102ac6524b098e1eb8) Importer(2089858483,b0f066a214c2f5e87bad3c948f4d605d) (ScriptedImporter) -> (artifact id: '6a87f419bde6c5fd4e172a0976c347ce') in 0.0277343 seconds
Number of updated asset objects reloaded before import = 0Number of asset objects unloaded after import = 70

========================================================================
Received Import Request.
  Time since last request: 0.000116 seconds.
  path: Assets/_Barking_Dog/_3D Scifi Base Vol 1/Prefabs/_Build/P_Stair_Metal_01.prefab
  artifactKey: Guid(8755fbfde114e44e49a519aea012263f) Importer(2089858483,b0f066a214c2f5e87bad3c948f4d605d)
Start importing Assets/_Barking_Dog/_3D Scifi Base Vol 1/Prefabs/_Build/P_Stair_Metal_01.prefab using Guid(8755fbfde114e44e49a519aea012263f) Importer(2089858483,b0f066a214c2f5e87bad3c948f4d605d) (ScriptedImporter) -> (artifact id: 'f2ed1a741e4cc6a5108d9c9e1b735fbd') in 0.0132305 seconds
Number of updated asset objects reloaded before import = 0Number of asset objects unloaded after import = 18

========================================================================
Received Import Request.
  Time since last request: 0.000036 seconds.
  path: Assets/_Barking_Dog/_3D Scifi Base Vol 1/Prefabs/_Legos/P_Corridor_Small_06.prefab
  artifactKey: Guid(e7d722afd9fdb468d9fa4d7c86cd3302) Importer(2089858483,b0f066a214c2f5e87bad3c948f4d605d)
Start importing Assets/_Barking_Dog/_3D Scifi Base Vol 1/Prefabs/_Legos/P_Corridor_Small_06.prefab using Guid(e7d722afd9fdb468d9fa4d7c86cd3302) Importer(2089858483,b0f066a214c2f5e87bad3c948f4d605d) (ScriptedImporter) -> (artifact id: '059c3303e8bb1eadeee46463723dd956') in 0.0154261 seconds
Number of updated asset objects reloaded before import = 0Number of asset objects unloaded after import = 96

========================================================================
Received Import Request.
  Time since last request: 0.000043 seconds.
  path: Assets/_Barking_Dog/_3D Scifi Base Vol 1/Prefabs/_Legos/P_Radar_Big_01.prefab
  artifactKey: Guid(22546d60180dc47e285643ff19f000be) Importer(2089858483,b0f066a214c2f5e87bad3c948f4d605d)
Start importing Assets/_Barking_Dog/_3D Scifi Base Vol 1/Prefabs/_Legos/P_Radar_Big_01.prefab using Guid(22546d60180dc47e285643ff19f000be) Importer(2089858483,b0f066a214c2f5e87bad3c948f4d605d) (ScriptedImporter) -> (artifact id: 'fbbac2e285e416bb31bf316be8cc423a') in 0.0093711 seconds
Number of updated asset objects reloaded before import = 0Number of asset objects unloaded after import = 16

========================================================================
Received Import Request.
  Time since last request: 0.000045 seconds.
  path: Assets/_Barking_Dog/_3D Scifi Base Vol 1/Prefabs/_Props/P_Air_Grid_01.prefab
  artifactKey: Guid(6a531243fb4dd46cdb794c48e05fa30d) Importer(2089858483,b0f066a214c2f5e87bad3c948f4d605d)
Start importing Assets/_Barking_Dog/_3D Scifi Base Vol 1/Prefabs/_Props/P_Air_Grid_01.prefab using Guid(6a531243fb4dd46cdb794c48e05fa30d) Importer(2089858483,b0f066a214c2f5e87bad3c948f4d605d) (ScriptedImporter) -> (artifact id: '613efe377be015f00eb723c10b35f65b') in 0.0072815 seconds
Number of updated asset objects reloaded before import = 0Number of asset objects unloaded after import = 15

========================================================================
Received Import Request.
  Time since last request: 0.000063 seconds.
  path: Assets/_Barking_Dog/_3D Scifi Base Vol 1/Prefabs/_Build/P_Roof_Cache_02_B.prefab
  artifactKey: Guid(d5995e7aac7d9417da97a1c5984e56ae) Importer(2089858483,b0f066a214c2f5e87bad3c948f4d605d)
Start importing Assets/_Barking_Dog/_3D Scifi Base Vol 1/Prefabs/_Build/P_Roof_Cache_02_B.prefab using Guid(d5995e7aac7d9417da97a1c5984e56ae) Importer(2089858483,b0f066a214c2f5e87bad3c948f4d605d) (ScriptedImporter) -> (artifact id: '717044ec16ac368465393f1bbcc0d9e6') in 0.0128322 seconds
Number of updated asset objects reloaded before import = 0Number of asset objects unloaded after import = 9

========================================================================
Received Import Request.
  Time since last request: 0.000042 seconds.
  path: Assets/_Barking_Dog/_3D Scifi Base Vol 1/Prefabs/_Legos/P_Small_Tower_Room_01.prefab
  artifactKey: Guid(1825a1106a5f94d64b980a92274f2a3a) Importer(2089858483,b0f066a214c2f5e87bad3c948f4d605d)
Start importing Assets/_Barking_Dog/_3D Scifi Base Vol 1/Prefabs/_Legos/P_Small_Tower_Room_01.prefab using Guid(1825a1106a5f94d64b980a92274f2a3a) Importer(2089858483,b0f066a214c2f5e87bad3c948f4d605d) (ScriptedImporter) -> (artifact id: '0c5bf0433340a3868352a32ac9a6476b') in 0.0514077 seconds
Number of updated asset objects reloaded before import = 0Number of asset objects unloaded after import = 994

========================================================================
Received Import Request.
  Time since last request: 0.000042 seconds.
  path: Assets/_Barking_Dog/_3D Scifi Base Vol 1/Prefabs/_Legos/P_Small_Base_03.prefab
  artifactKey: Guid(c00fc66f35cbb469bb3c82a2093654fe) Importer(2089858483,b0f066a214c2f5e87bad3c948f4d605d)
Start importing Assets/_Barking_Dog/_3D Scifi Base Vol 1/Prefabs/_Legos/P_Small_Base_03.prefab using Guid(c00fc66f35cbb469bb3c82a2093654fe) Importer(2089858483,b0f066a214c2f5e87bad3c948f4d605d) (ScriptedImporter) -> (artifact id: '1c2058fe3a041e6ba42bf92206237164') in 0.095445 seconds
Number of updated asset objects reloaded before import = 0Number of asset objects unloaded after import = 1421

========================================================================
Received Import Request.
  Time since last request: 0.000103 seconds.
  path: Assets/_Barking_Dog/_3D Scifi Base Vol 1/Prefabs/_Legos/P_Corridor_End_03.prefab
  artifactKey: Guid(d0c3078a38e804f07bcb9ccab0cbd724) Importer(2089858483,b0f066a214c2f5e87bad3c948f4d605d)
Start importing Assets/_Barking_Dog/_3D Scifi Base Vol 1/Prefabs/_Legos/P_Corridor_End_03.prefab using Guid(d0c3078a38e804f07bcb9ccab0cbd724) Importer(2089858483,b0f066a214c2f5e87bad3c948f4d605d) (ScriptedImporter) -> (artifact id: '59114a5e162fb6900c25502d7f624cc0') in 0.0158675 seconds
Number of updated asset objects reloaded before import = 0Number of asset objects unloaded after import = 235

========================================================================
Received Import Request.
  Time since last request: 0.000055 seconds.
  path: Assets/_Barking_Dog/_3D Scifi Base Vol 1/Prefabs/_Build/P_Fence_03.prefab
  artifactKey: Guid(bfadb6ab212a14b658c7afb0d522163e) Importer(2089858483,b0f066a214c2f5e87bad3c948f4d605d)
Start importing Assets/_Barking_Dog/_3D Scifi Base Vol 1/Prefabs/_Build/P_Fence_03.prefab using Guid(bfadb6ab212a14b658c7afb0d522163e) Importer(2089858483,b0f066a214c2f5e87bad3c948f4d605d) (ScriptedImporter) -> (artifact id: 'd0d660ec3a9a47dcbd685d75763a6022') in 0.0082397 seconds
Number of updated asset objects reloaded before import = 0Number of asset objects unloaded after import = 18

========================================================================
Received Import Request.
  Time since last request: 0.000030 seconds.
  path: Assets/_Barking_Dog/_3D Scifi Base Vol 1/Prefabs/_Build/P_Wall_Normal_05.prefab
  artifactKey: Guid(b33a60849182f462c8653fded5850884) Importer(2089858483,b0f066a214c2f5e87bad3c948f4d605d)
Start importing Assets/_Barking_Dog/_3D Scifi Base Vol 1/Prefabs/_Build/P_Wall_Normal_05.prefab using Guid(b33a60849182f462c8653fded5850884) Importer(2089858483,b0f066a214c2f5e87bad3c948f4d605d) (ScriptedImporter) -> (artifact id: '79eed770d5f3d37137e58a5b3d150a25') in 0.0244435 seconds
Number of updated asset objects reloaded before import = 0Number of asset objects unloaded after import = 16

========================================================================
Received Import Request.
  Time since last request: 0.000037 seconds.
  path: Assets/_Barking_Dog/_3D Scifi Base Vol 1/Prefabs/_Props/P_Char_02.prefab
  artifactKey: Guid(42b9d7d02d46c49628d750a03d4ba7c6) Importer(2089858483,b0f066a214c2f5e87bad3c948f4d605d)
Start importing Assets/_Barking_Dog/_3D Scifi Base Vol 1/Prefabs/_Props/P_Char_02.prefab using Guid(42b9d7d02d46c49628d750a03d4ba7c6) Importer(2089858483,b0f066a214c2f5e87bad3c948f4d605d) (ScriptedImporter) -> (artifact id: '5533cc243f9347842d4cbb8648dafead') in 0.0069308 seconds
Number of updated asset objects reloaded before import = 0Number of asset objects unloaded after import = 18

========================================================================
Received Import Request.
  Time since last request: 0.000035 seconds.
  path: Assets/_Barking_Dog/_3D Scifi Base Vol 1/Prefabs/_Props/P_Laser_Fence_04.prefab
  artifactKey: Guid(6b1fc04a1b9fd45649d0f1f26e47732d) Importer(2089858483,b0f066a214c2f5e87bad3c948f4d605d)
Start importing Assets/_Barking_Dog/_3D Scifi Base Vol 1/Prefabs/_Props/P_Laser_Fence_04.prefab using Guid(6b1fc04a1b9fd45649d0f1f26e47732d) Importer(2089858483,b0f066a214c2f5e87bad3c948f4d605d) (ScriptedImporter) -> (artifact id: '1aff7247da3acb78113fd7621eadc3a4') in 0.018191 seconds
Number of updated asset objects reloaded before import = 0Number of asset objects unloaded after import = 28

========================================================================
Received Import Request.
  Time since last request: 0.000056 seconds.
  path: Assets/_Barking_Dog/_3D Scifi Base Vol 1/Prefabs/_Build/P_Pipes_Insert_06.prefab
  artifactKey: Guid(67f2a2a06e674499a86aa69deccab9b0) Importer(2089858483,b0f066a214c2f5e87bad3c948f4d605d)
Start importing Assets/_Barking_Dog/_3D Scifi Base Vol 1/Prefabs/_Build/P_Pipes_Insert_06.prefab using Guid(67f2a2a06e674499a86aa69deccab9b0) Importer(2089858483,b0f066a214c2f5e87bad3c948f4d605d) (ScriptedImporter) -> (artifact id: '28541923f7a54b25ba5c62fcc18b9069') in 0.005496 seconds
Number of updated asset objects reloaded before import = 0Number of asset objects unloaded after import = 9

========================================================================
Received Import Request.
  Time since last request: 0.000034 seconds.
  path: Assets/_Barking_Dog/_3D Scifi Base Vol 1/Prefabs/_Legos/P_Corridor_WallAngle_02.prefab
  artifactKey: Guid(f8e391eab8e4d4b20b2eed1cdf640145) Importer(2089858483,b0f066a214c2f5e87bad3c948f4d605d)
Start importing Assets/_Barking_Dog/_3D Scifi Base Vol 1/Prefabs/_Legos/P_Corridor_WallAngle_02.prefab using Guid(f8e391eab8e4d4b20b2eed1cdf640145) Importer(2089858483,b0f066a214c2f5e87bad3c948f4d605d) (ScriptedImporter) -> (artifact id: 'cc9363fddde83ce12a22e59ac7f9b72f') in 0.0210417 seconds
Number of updated asset objects reloaded before import = 0Number of asset objects unloaded after import = 381

========================================================================
Received Import Request.
  Time since last request: 0.000033 seconds.
  path: Assets/_Barking_Dog/_3D Scifi Base Vol 1/Prefabs/_Props/P_Basin_02.prefab
  artifactKey: Guid(b1b24758f8cb245fdb4c8f3448cd3234) Importer(2089858483,b0f066a214c2f5e87bad3c948f4d605d)
Start importing Assets/_Barking_Dog/_3D Scifi Base Vol 1/Prefabs/_Props/P_Basin_02.prefab using Guid(b1b24758f8cb245fdb4c8f3448cd3234) Importer(2089858483,b0f066a214c2f5e87bad3c948f4d605d) (ScriptedImporter) -> (artifact id: '896299609735dacf0b5fca8ba665bb94') in 0.0060242 seconds
Number of updated asset objects reloaded before import = 0Number of asset objects unloaded after import = 24

========================================================================
Received Import Request.
  Time since last request: 0.000044 seconds.
  path: Assets/_Barking_Dog/_3D Scifi Base Vol 1/Prefabs/_Legos/P_Big_Base_01.prefab
  artifactKey: Guid(7275080542e854afcb2028691a8add18) Importer(2089858483,b0f066a214c2f5e87bad3c948f4d605d)
Start importing Assets/_Barking_Dog/_3D Scifi Base Vol 1/Prefabs/_Legos/P_Big_Base_01.prefab using Guid(7275080542e854afcb2028691a8add18) Importer(2089858483,b0f066a214c2f5e87bad3c948f4d605d) (ScriptedImporter) -> (artifact id: 'b4c14d170d77814d51f362f06c2e7982') in 0.0412688 seconds
Number of updated asset objects reloaded before import = 0Number of asset objects unloaded after import = 1503

========================================================================
Received Import Request.
  Time since last request: 0.000042 seconds.
  path: Assets/_Barking_Dog/_3D Scifi Base Vol 1/Prefabs/_Build/P_Circular_Plateform_02.prefab
  artifactKey: Guid(4c3472220ea174b31833b81ce6d7bb4d) Importer(2089858483,b0f066a214c2f5e87bad3c948f4d605d)
Start importing Assets/_Barking_Dog/_3D Scifi Base Vol 1/Prefabs/_Build/P_Circular_Plateform_02.prefab using Guid(4c3472220ea174b31833b81ce6d7bb4d) Importer(2089858483,b0f066a214c2f5e87bad3c948f4d605d) (ScriptedImporter) -> (artifact id: '24a10ef5d3d9cb19e97776ce834edd5e') in 0.0298841 seconds
Number of updated asset objects reloaded before import = 0Number of asset objects unloaded after import = 79

========================================================================
Received Import Request.
  Time since last request: 0.000056 seconds.
  path: Assets/_Barking_Dog/_3D Scifi Base Vol 1/Prefabs/_Fx/ForceField_02.prefab
  artifactKey: Guid(17f7a533d53e64ac295c284229f35596) Importer(2089858483,b0f066a214c2f5e87bad3c948f4d605d)
Start importing Assets/_Barking_Dog/_3D Scifi Base Vol 1/Prefabs/_Fx/ForceField_02.prefab using Guid(17f7a533d53e64ac295c284229f35596) Importer(2089858483,b0f066a214c2f5e87bad3c948f4d605d) (ScriptedImporter) -> (artifact id: '98d3ce3fe38697b4d861814d80e839b6') in 0.0065794 seconds
Number of updated asset objects reloaded before import = 0Number of asset objects unloaded after import = 13

========================================================================
Received Import Request.
  Time since last request: 0.000051 seconds.
  path: Assets/_Barking_Dog/_3D Scifi Base Vol 1/Prefabs/_Props/P_Reactor_07.prefab
  artifactKey: Guid(78dd5fe0404c940ff8b5cbaafd95e125) Importer(2089858483,b0f066a214c2f5e87bad3c948f4d605d)
Start importing Assets/_Barking_Dog/_3D Scifi Base Vol 1/Prefabs/_Props/P_Reactor_07.prefab using Guid(78dd5fe0404c940ff8b5cbaafd95e125) Importer(2089858483,b0f066a214c2f5e87bad3c948f4d605d) (ScriptedImporter) -> (artifact id: '519bef6b787be93e286a225c9c18302b') in 0.0154437 seconds
Number of updated asset objects reloaded before import = 0Number of asset objects unloaded after import = 191

========================================================================
Received Import Request.
  Time since last request: 0.000033 seconds.
  path: Assets/_Barking_Dog/_3D Scifi Base Vol 1/Prefabs/_Build/P_Roof_Cache_11.prefab
  artifactKey: Guid(79ece937b71a54f27b1c4c4ccb3d34f9) Importer(2089858483,b0f066a214c2f5e87bad3c948f4d605d)
Start importing Assets/_Barking_Dog/_3D Scifi Base Vol 1/Prefabs/_Build/P_Roof_Cache_11.prefab using Guid(79ece937b71a54f27b1c4c4ccb3d34f9) Importer(2089858483,b0f066a214c2f5e87bad3c948f4d605d) (ScriptedImporter) -> (artifact id: 'f69414ff1b0017bc6526c4237a942d5d') in 0.006858 seconds
Number of updated asset objects reloaded before import = 0Number of asset objects unloaded after import = 9

========================================================================
Received Import Request.
  Time since last request: 0.000035 seconds.
  path: Assets/_Barking_Dog/_3D Scifi Base Vol 1/Prefabs/_Props/P_Bed_Double_01.prefab
  artifactKey: Guid(87beb341ff04e43e2a8d6905cf0c2b10) Importer(2089858483,b0f066a214c2f5e87bad3c948f4d605d)
Start importing Assets/_Barking_Dog/_3D Scifi Base Vol 1/Prefabs/_Props/P_Bed_Double_01.prefab using Guid(87beb341ff04e43e2a8d6905cf0c2b10) Importer(2089858483,b0f066a214c2f5e87bad3c948f4d605d) (ScriptedImporter) -> (artifact id: 'e7099df4fc0afdf6d33ce897d5d44b94') in 0.0208249 seconds
Number of updated asset objects reloaded before import = 0Number of asset objects unloaded after import = 45

========================================================================
Received Import Request.
  Time since last request: 0.000051 seconds.
  path: Assets/_Barking_Dog/_3D Scifi Base Vol 1/Prefabs/_Legos/P_Corridor_WallAngle_04.prefab
  artifactKey: Guid(79412966e24bf442eb4a06e319437099) Importer(2089858483,b0f066a214c2f5e87bad3c948f4d605d)
Start importing Assets/_Barking_Dog/_3D Scifi Base Vol 1/Prefabs/_Legos/P_Corridor_WallAngle_04.prefab using Guid(79412966e24bf442eb4a06e319437099) Importer(2089858483,b0f066a214c2f5e87bad3c948f4d605d) (ScriptedImporter) -> (artifact id: '6b3c7d5a6d59ab8936877d87a96371e2') in 0.0321211 seconds
Number of updated asset objects reloaded before import = 0Number of asset objects unloaded after import = 179

========================================================================
Received Import Request.
  Time since last request: 0.000052 seconds.
  path: Assets/_Barking_Dog/_3D Scifi Base Vol 1/Prefabs/_Build/P_Roof_Cache_13_B.prefab
  artifactKey: Guid(0a7850802722f48edb57ca78bb7923c1) Importer(2089858483,b0f066a214c2f5e87bad3c948f4d605d)
Start importing Assets/_Barking_Dog/_3D Scifi Base Vol 1/Prefabs/_Build/P_Roof_Cache_13_B.prefab using Guid(0a7850802722f48edb57ca78bb7923c1) Importer(2089858483,b0f066a214c2f5e87bad3c948f4d605d) (ScriptedImporter) -> (artifact id: '20868b988d2c2023a050058f9f9186f8') in 0.0264656 seconds
Number of updated asset objects reloaded before import = 0Number of asset objects unloaded after import = 10

========================================================================
Received Import Request.
  Time since last request: 0.000033 seconds.
  path: Assets/_Barking_Dog/_3D Scifi Base Vol 1/Prefabs/_Build/P_Pipes_Insert_04.prefab
  artifactKey: Guid(ddba4a6ca866c4b689e77262cba914a9) Importer(2089858483,b0f066a214c2f5e87bad3c948f4d605d)
Start importing Assets/_Barking_Dog/_3D Scifi Base Vol 1/Prefabs/_Build/P_Pipes_Insert_04.prefab using Guid(ddba4a6ca866c4b689e77262cba914a9) Importer(2089858483,b0f066a214c2f5e87bad3c948f4d605d) (ScriptedImporter) -> (artifact id: '5d9c7f1ea2d418f1b44df9aa9cedab5b') in 0.0070578 seconds
Number of updated asset objects reloaded before import = 0Number of asset objects unloaded after import = 10

========================================================================
Received Import Request.
  Time since last request: 0.000039 seconds.
  path: Assets/_Barking_Dog/_3D Scifi Base Vol 1/Prefabs/_Props/P_Reactor_02.prefab
  artifactKey: Guid(10a0d0974d31f4badbe65bd49939c6c3) Importer(2089858483,b0f066a214c2f5e87bad3c948f4d605d)
Start importing Assets/_Barking_Dog/_3D Scifi Base Vol 1/Prefabs/_Props/P_Reactor_02.prefab using Guid(10a0d0974d31f4badbe65bd49939c6c3) Importer(2089858483,b0f066a214c2f5e87bad3c948f4d605d) (ScriptedImporter) -> (artifact id: '2e906afd02653ef53b2a92c88ca18fe9') in 0.0167076 seconds
Number of updated asset objects reloaded before import = 0Number of asset objects unloaded after import = 228

========================================================================
Received Import Request.
  Time since last request: 0.000043 seconds.
  path: Assets/_Barking_Dog/_3D Scifi Base Vol 1/Prefabs/_Props/P_Technical_Cab_02.prefab
  artifactKey: Guid(cbebd1df03d5a47ea8c55364e6b05366) Importer(2089858483,b0f066a214c2f5e87bad3c948f4d605d)
Start importing Assets/_Barking_Dog/_3D Scifi Base Vol 1/Prefabs/_Props/P_Technical_Cab_02.prefab using Guid(cbebd1df03d5a47ea8c55364e6b05366) Importer(2089858483,b0f066a214c2f5e87bad3c948f4d605d) (ScriptedImporter) -> (artifact id: 'aa161fbaa813e45c7e6af74222f78b17') in 0.009659 seconds
Number of updated asset objects reloaded before import = 0Number of asset objects unloaded after import = 10

========================================================================
Received Import Request.
  Time since last request: 0.000033 seconds.
  path: Assets/_Barking_Dog/_3D Scifi Base Vol 1/Prefabs/_Props/P_Wall_Console_01.prefab
  artifactKey: Guid(230f69ba8591849ec8333b2e9e2523dd) Importer(2089858483,b0f066a214c2f5e87bad3c948f4d605d)
Start importing Assets/_Barking_Dog/_3D Scifi Base Vol 1/Prefabs/_Props/P_Wall_Console_01.prefab using Guid(230f69ba8591849ec8333b2e9e2523dd) Importer(2089858483,b0f066a214c2f5e87bad3c948f4d605d) (ScriptedImporter) -> (artifact id: '6a6e295ec057017db02dd4500ed451bd') in 0.0154981 seconds
Number of updated asset objects reloaded before import = 0Number of asset objects unloaded after import = 10

========================================================================
Received Import Request.
  Time since last request: 0.000035 seconds.
  path: Assets/_Barking_Dog/_3D Scifi Base Vol 1/Prefabs/_Props/P_Table_Round_01.prefab
  artifactKey: Guid(fcf07e63355d44749a677a39fa24d090) Importer(2089858483,b0f066a214c2f5e87bad3c948f4d605d)
Start importing Assets/_Barking_Dog/_3D Scifi Base Vol 1/Prefabs/_Props/P_Table_Round_01.prefab using Guid(fcf07e63355d44749a677a39fa24d090) Importer(2089858483,b0f066a214c2f5e87bad3c948f4d605d) (ScriptedImporter) -> (artifact id: '38adf9056d75d9164d610deaea363c18') in 0.007612 seconds
Number of updated asset objects reloaded before import = 0Number of asset objects unloaded after import = 57

========================================================================
Received Import Request.
  Time since last request: 0.000047 seconds.
  path: Assets/_Barking_Dog/_3D Scifi Base Vol 1/Prefabs/_Build/P_Glass_Tube_04.prefab
  artifactKey: Guid(54f956518a1214bd2b0a1ed524fe72ae) Importer(2089858483,b0f066a214c2f5e87bad3c948f4d605d)
Start importing Assets/_Barking_Dog/_3D Scifi Base Vol 1/Prefabs/_Build/P_Glass_Tube_04.prefab using Guid(54f956518a1214bd2b0a1ed524fe72ae) Importer(2089858483,b0f066a214c2f5e87bad3c948f4d605d) (ScriptedImporter) -> (artifact id: 'b5d853a8522d9c160c7a86f3ddbf0bd6') in 0.0219657 seconds
Number of updated asset objects reloaded before import = 0Number of asset objects unloaded after import = 124

========================================================================
Received Import Request.
  Time since last request: 0.000055 seconds.
  path: Assets/_Barking_Dog/_3D Scifi Base Vol 1/Prefabs/_Build/P_Wall_Window_01.prefab
  artifactKey: Guid(5c0fc2c345dbf4468930ff723ffad84c) Importer(2089858483,b0f066a214c2f5e87bad3c948f4d605d)
Start importing Assets/_Barking_Dog/_3D Scifi Base Vol 1/Prefabs/_Build/P_Wall_Window_01.prefab using Guid(5c0fc2c345dbf4468930ff723ffad84c) Importer(2089858483,b0f066a214c2f5e87bad3c948f4d605d) (ScriptedImporter) -> (artifact id: '3d6a724a7e74db4b398433f9661c1494') in 0.0074055 seconds
Number of updated asset objects reloaded before import = 0Number of asset objects unloaded after import = 27

========================================================================
Received Import Request.
  Time since last request: 0.000088 seconds.
  path: Assets/_Barking_Dog/_3D Scifi Base Vol 1/Prefabs/_Build/P_Wall_Half_02.prefab
  artifactKey: Guid(726f9dbef49394867b0ac27cc437e747) Importer(2089858483,b0f066a214c2f5e87bad3c948f4d605d)
Start importing Assets/_Barking_Dog/_3D Scifi Base Vol 1/Prefabs/_Build/P_Wall_Half_02.prefab using Guid(726f9dbef49394867b0ac27cc437e747) Importer(2089858483,b0f066a214c2f5e87bad3c948f4d605d) (ScriptedImporter) -> (artifact id: 'addef95e2581d25c36fff0691369a8a5') in 0.0066385 seconds
Number of updated asset objects reloaded before import = 0Number of asset objects unloaded after import = 10

========================================================================
Received Import Request.
  Time since last request: 0.000060 seconds.
  path: Assets/_Barking_Dog/_3D Scifi Base Vol 1/Prefabs/_Legos/P_Small_Tower_Ring_02.prefab
  artifactKey: Guid(0f6e21efc36e743a7bcf80ae4b8789c0) Importer(2089858483,b0f066a214c2f5e87bad3c948f4d605d)
Start importing Assets/_Barking_Dog/_3D Scifi Base Vol 1/Prefabs/_Legos/P_Small_Tower_Ring_02.prefab using Guid(0f6e21efc36e743a7bcf80ae4b8789c0) Importer(2089858483,b0f066a214c2f5e87bad3c948f4d605d) (ScriptedImporter) -> (artifact id: 'ddfbe988e59cd865cbfd7186abcc81a6') in 0.0651411 seconds
Number of updated asset objects reloaded before import = 0Number of asset objects unloaded after import = 811

========================================================================
Received Import Request.
  Time since last request: 0.000030 seconds.
  path: Assets/_Barking_Dog/_3D Scifi Base Vol 1/Prefabs/_Legos/P_Small_Tower_Room_02.prefab
  artifactKey: Guid(bd72cb14278ad427ab5447cffdd7670a) Importer(2089858483,b0f066a214c2f5e87bad3c948f4d605d)
Start importing Assets/_Barking_Dog/_3D Scifi Base Vol 1/Prefabs/_Legos/P_Small_Tower_Room_02.prefab using Guid(bd72cb14278ad427ab5447cffdd7670a) Importer(2089858483,b0f066a214c2f5e87bad3c948f4d605d) (ScriptedImporter) -> (artifact id: 'eb83fde2ca32c5726c10dc5a016d3bea') in 0.0433128 seconds
Number of updated asset objects reloaded before import = 0Number of asset objects unloaded after import = 966

========================================================================
Received Import Request.
  Time since last request: 0.000056 seconds.
  path: Assets/_Barking_Dog/_3D Scifi Base Vol 1/Prefabs/_Build/P_Wall_Normal_03.prefab
  artifactKey: Guid(a8efbe29732a24afd8f05a97682594de) Importer(2089858483,b0f066a214c2f5e87bad3c948f4d605d)
Start importing Assets/_Barking_Dog/_3D Scifi Base Vol 1/Prefabs/_Build/P_Wall_Normal_03.prefab using Guid(a8efbe29732a24afd8f05a97682594de) Importer(2089858483,b0f066a214c2f5e87bad3c948f4d605d) (ScriptedImporter) -> (artifact id: 'ba89edc4aa8aa079034c180cf362690d') in 0.0123101 seconds
Number of updated asset objects reloaded before import = 0Number of asset objects unloaded after import = 27

========================================================================
Received Import Request.
  Time since last request: 0.000059 seconds.
  path: Assets/_Barking_Dog/_3D Scifi Base Vol 1/Prefabs/_Props/P_Technical_Cab_01.prefab
  artifactKey: Guid(32743aa2cc12846d69fd506780aa1a45) Importer(2089858483,b0f066a214c2f5e87bad3c948f4d605d)
Start importing Assets/_Barking_Dog/_3D Scifi Base Vol 1/Prefabs/_Props/P_Technical_Cab_01.prefab using Guid(32743aa2cc12846d69fd506780aa1a45) Importer(2089858483,b0f066a214c2f5e87bad3c948f4d605d) (ScriptedImporter) -> (artifact id: '77566b7456c55b3a2e5f97d3046f0362') in 0.0728106 seconds
Number of updated asset objects reloaded before import = 0Number of asset objects unloaded after import = 10

========================================================================
Received Import Request.
  Time since last request: 0.000048 seconds.
  path: Assets/_Barking_Dog/_3D Scifi Base Vol 1/Prefabs/_Legos/P_Plateform_Big_03.prefab
  artifactKey: Guid(e74edb83bfd88497197fdadeaee46597) Importer(2089858483,b0f066a214c2f5e87bad3c948f4d605d)
Start importing Assets/_Barking_Dog/_3D Scifi Base Vol 1/Prefabs/_Legos/P_Plateform_Big_03.prefab using Guid(e74edb83bfd88497197fdadeaee46597) Importer(2089858483,b0f066a214c2f5e87bad3c948f4d605d) (ScriptedImporter) -> (artifact id: 'a56c8100dec6b113a9fe64c5a2810165') in 0.0277153 seconds
Number of updated asset objects reloaded before import = 0Number of asset objects unloaded after import = 122

========================================================================
Received Import Request.
  Time since last request: 0.000039 seconds.
  path: Assets/_Barking_Dog/_3D Scifi Base Vol 1/Prefabs/_Build/P_Roof_Light_01.prefab
  artifactKey: Guid(64d268ef6ce3e4a3e9e2940441d8a76f) Importer(2089858483,b0f066a214c2f5e87bad3c948f4d605d)
Start importing Assets/_Barking_Dog/_3D Scifi Base Vol 1/Prefabs/_Build/P_Roof_Light_01.prefab using Guid(64d268ef6ce3e4a3e9e2940441d8a76f) Importer(2089858483,b0f066a214c2f5e87bad3c948f4d605d) (ScriptedImporter) -> (artifact id: '83aa0fc1f9fc59eedcb5afc18a642350') in 0.0076777 seconds
Number of updated asset objects reloaded before import = 0Number of asset objects unloaded after import = 9

========================================================================
Received Import Request.
  Time since last request: 0.000038 seconds.
  path: Assets/_Barking_Dog/_3D Scifi Base Vol 1/Prefabs/_Legos/P_Corridor_WallAngle_03.prefab
  artifactKey: Guid(a01f50de58a42401fb71a0d5807975a3) Importer(2089858483,b0f066a214c2f5e87bad3c948f4d605d)
Start importing Assets/_Barking_Dog/_3D Scifi Base Vol 1/Prefabs/_Legos/P_Corridor_WallAngle_03.prefab using Guid(a01f50de58a42401fb71a0d5807975a3) Importer(2089858483,b0f066a214c2f5e87bad3c948f4d605d) (ScriptedImporter) -> (artifact id: '09a184228eeec18df2ae0e966d2210c3') in 0.0118102 seconds
Number of updated asset objects reloaded before import = 0Number of asset objects unloaded after import = 179

========================================================================
Received Import Request.
  Time since last request: 0.000051 seconds.
  path: Assets/_Barking_Dog/_3D Scifi Base Vol 1/Prefabs/_Build/P_Pipe_End_03.prefab
  artifactKey: Guid(1fcf7b7a6f6ee4154bf8062154fa6a57) Importer(2089858483,b0f066a214c2f5e87bad3c948f4d605d)
Start importing Assets/_Barking_Dog/_3D Scifi Base Vol 1/Prefabs/_Build/P_Pipe_End_03.prefab using Guid(1fcf7b7a6f6ee4154bf8062154fa6a57) Importer(2089858483,b0f066a214c2f5e87bad3c948f4d605d) (ScriptedImporter) -> (artifact id: '9dd1ee4ba8ec8f49bd1f0d5ac2865220') in 0.0168135 seconds
Number of updated asset objects reloaded before import = 0Number of asset objects unloaded after import = 9

========================================================================
Received Import Request.
  Time since last request: 0.000047 seconds.
  path: Assets/_Barking_Dog/_3D Scifi Base Vol 1/Prefabs/_Build/P_Roof_Window_02.prefab
  artifactKey: Guid(331ad835d3c7c46f89e4a3727c2c7a01) Importer(2089858483,b0f066a214c2f5e87bad3c948f4d605d)
Start importing Assets/_Barking_Dog/_3D Scifi Base Vol 1/Prefabs/_Build/P_Roof_Window_02.prefab using Guid(331ad835d3c7c46f89e4a3727c2c7a01) Importer(2089858483,b0f066a214c2f5e87bad3c948f4d605d) (ScriptedImporter) -> (artifact id: '21067633a13ab71dc54a1693a0d08ab8') in 0.0064448 seconds
Number of updated asset objects reloaded before import = 0Number of asset objects unloaded after import = 10

========================================================================
Received Import Request.
  Time since last request: 0.000034 seconds.
  path: Assets/_Barking_Dog/_3D Scifi Base Vol 1/Prefabs/_Build/P_Ring_Light_01.prefab
  artifactKey: Guid(9942c66f5a2474bf88a6e4d4ccb379bd) Importer(2089858483,b0f066a214c2f5e87bad3c948f4d605d)
Start importing Assets/_Barking_Dog/_3D Scifi Base Vol 1/Prefabs/_Build/P_Ring_Light_01.prefab using Guid(9942c66f5a2474bf88a6e4d4ccb379bd) Importer(2089858483,b0f066a214c2f5e87bad3c948f4d605d) (ScriptedImporter) -> (artifact id: 'f29be189ddaf4868b7e6c62f53d608b5') in 0.0060178 seconds
Number of updated asset objects reloaded before import = 0Number of asset objects unloaded after import = 9

========================================================================
Received Import Request.
  Time since last request: 0.000058 seconds.
  path: Assets/_Barking_Dog/_3D Scifi Base Vol 1/Prefabs/_Build/P_Roof_Cache_09.prefab
  artifactKey: Guid(d526f8f618e404a608f6d7a21fb761df) Importer(2089858483,b0f066a214c2f5e87bad3c948f4d605d)
Start importing Assets/_Barking_Dog/_3D Scifi Base Vol 1/Prefabs/_Build/P_Roof_Cache_09.prefab using Guid(d526f8f618e404a608f6d7a21fb761df) Importer(2089858483,b0f066a214c2f5e87bad3c948f4d605d) (ScriptedImporter) -> (artifact id: '0460b4dc42363fc521f2e437bde750aa') in 0.0329131 seconds
Number of updated asset objects reloaded before import = 0Number of asset objects unloaded after import = 9

========================================================================
Received Import Request.
  Time since last request: 0.000060 seconds.
  path: Assets/_Barking_Dog/_3D Scifi Base Vol 1/Prefabs/_Build/P_Roof_Normal_01.prefab
  artifactKey: Guid(2ac3d04ba8247444e88883541d2f1234) Importer(2089858483,b0f066a214c2f5e87bad3c948f4d605d)
Start importing Assets/_Barking_Dog/_3D Scifi Base Vol 1/Prefabs/_Build/P_Roof_Normal_01.prefab using Guid(2ac3d04ba8247444e88883541d2f1234) Importer(2089858483,b0f066a214c2f5e87bad3c948f4d605d) (ScriptedImporter) -> (artifact id: '3ae8562145026c612d6d234a3765a805') in 0.0158381 seconds
Number of updated asset objects reloaded before import = 0Number of asset objects unloaded after import = 24

========================================================================
Received Import Request.
  Time since last request: 0.000070 seconds.
  path: Assets/_Barking_Dog/_3D Scifi Base Vol 1/Prefabs/_Build/P_Roof_Angle_01_B.prefab
  artifactKey: Guid(aac1909c881354af297d1425e033e22e) Importer(2089858483,b0f066a214c2f5e87bad3c948f4d605d)
Start importing Assets/_Barking_Dog/_3D Scifi Base Vol 1/Prefabs/_Build/P_Roof_Angle_01_B.prefab using Guid(aac1909c881354af297d1425e033e22e) Importer(2089858483,b0f066a214c2f5e87bad3c948f4d605d) (ScriptedImporter) -> (artifact id: '0ed0f0772a7e092a234dfd48d4c0b2e5') in 0.0074805 seconds
Number of updated asset objects reloaded before import = 0Number of asset objects unloaded after import = 10

========================================================================
Received Import Request.
  Time since last request: 0.000038 seconds.
  path: Assets/_Barking_Dog/_3D Scifi Base Vol 1/Prefabs/_Doors/Vertical_Doors_Kit.prefab
  artifactKey: Guid(1db0ddcd4a2704b31818e3cb2cb06af2) Importer(2089858483,b0f066a214c2f5e87bad3c948f4d605d)
Start importing Assets/_Barking_Dog/_3D Scifi Base Vol 1/Prefabs/_Doors/Vertical_Doors_Kit.prefab using Guid(1db0ddcd4a2704b31818e3cb2cb06af2) Importer(2089858483,b0f066a214c2f5e87bad3c948f4d605d) (ScriptedImporter) -> (artifact id: 'e9700c46d6a3a6d37694d41c108337ef') in 0.0067406 seconds
Number of updated asset objects reloaded before import = 0Number of asset objects unloaded after import = 6

========================================================================
Received Import Request.
  Time since last request: 0.000046 seconds.
  path: Assets/_Barking_Dog/_3D Scifi Base Vol 1/Prefabs/_Legos/P_Corridor_Door_01.prefab
  artifactKey: Guid(0ab482a302ed0449887885927759b70e) Importer(2089858483,b0f066a214c2f5e87bad3c948f4d605d)
Start importing Assets/_Barking_Dog/_3D Scifi Base Vol 1/Prefabs/_Legos/P_Corridor_Door_01.prefab using Guid(0ab482a302ed0449887885927759b70e) Importer(2089858483,b0f066a214c2f5e87bad3c948f4d605d) (ScriptedImporter) -> (artifact id: 'f72e2d4f0de21f4b41171bd943ca472f') in 0.0264601 seconds
Number of updated asset objects reloaded before import = 0Number of asset objects unloaded after import = 332

========================================================================
Received Import Request.
  Time since last request: 0.000035 seconds.
  path: Assets/_Barking_Dog/_3D Scifi Base Vol 1/Prefabs/_Legos/P_Small_Dome_01.prefab
  artifactKey: Guid(bff83ac9399c84fd28bdf7bf99c213fd) Importer(2089858483,b0f066a214c2f5e87bad3c948f4d605d)
Start importing Assets/_Barking_Dog/_3D Scifi Base Vol 1/Prefabs/_Legos/P_Small_Dome_01.prefab using Guid(bff83ac9399c84fd28bdf7bf99c213fd) Importer(2089858483,b0f066a214c2f5e87bad3c948f4d605d) (ScriptedImporter) -> (artifact id: 'c6eb381d1d818dea61e23a47019bf4b9') in 0.0112902 seconds
Number of updated asset objects reloaded before import = 0Number of asset objects unloaded after import = 29

========================================================================
Received Import Request.
  Time since last request: 0.000050 seconds.
  path: Assets/_Barking_Dog/_3D Scifi Base Vol 1/Prefabs/_Props/P_Table_Big_01.prefab
  artifactKey: Guid(66503501027224404a1c6c5721886c1b) Importer(2089858483,b0f066a214c2f5e87bad3c948f4d605d)
Start importing Assets/_Barking_Dog/_3D Scifi Base Vol 1/Prefabs/_Props/P_Table_Big_01.prefab using Guid(66503501027224404a1c6c5721886c1b) Importer(2089858483,b0f066a214c2f5e87bad3c948f4d605d) (ScriptedImporter) -> (artifact id: 'f336e77b71ab453b0bace30b67644a3e') in 0.0093769 seconds
Number of updated asset objects reloaded before import = 0Number of asset objects unloaded after import = 48

========================================================================
Received Import Request.
  Time since last request: 0.000031 seconds.
  path: Assets/_Barking_Dog/_3D Scifi Base Vol 1/Prefabs/_Props/P_Computer_Dbl_04.prefab
  artifactKey: Guid(c7d5702e210bf45cda462558ce486941) Importer(2089858483,b0f066a214c2f5e87bad3c948f4d605d)
Start importing Assets/_Barking_Dog/_3D Scifi Base Vol 1/Prefabs/_Props/P_Computer_Dbl_04.prefab using Guid(c7d5702e210bf45cda462558ce486941) Importer(2089858483,b0f066a214c2f5e87bad3c948f4d605d) (ScriptedImporter) -> (artifact id: 'fd6d1bff2e5f1b945b9d8ed432b0dac7') in 0.011808 seconds
Number of updated asset objects reloaded before import = 0Number of asset objects unloaded after import = 135

========================================================================
Received Import Request.
  Time since last request: 0.000045 seconds.
  path: Assets/_Barking_Dog/_3D Scifi Base Vol 1/Prefabs/_Build/P_Glass_Tube_01.prefab
  artifactKey: Guid(38cdf75fade944265975cb392366e509) Importer(2089858483,b0f066a214c2f5e87bad3c948f4d605d)
Start importing Assets/_Barking_Dog/_3D Scifi Base Vol 1/Prefabs/_Build/P_Glass_Tube_01.prefab using Guid(38cdf75fade944265975cb392366e509) Importer(2089858483,b0f066a214c2f5e87bad3c948f4d605d) (ScriptedImporter) -> (artifact id: '1d88e1c56ad5391ef62a5129f0475064') in 0.0224186 seconds
Number of updated asset objects reloaded before import = 0Number of asset objects unloaded after import = 25

========================================================================
Received Import Request.
  Time since last request: 0.000037 seconds.
  path: Assets/_Barking_Dog/_3D Scifi Base Vol 1/Prefabs/_Props/P_Shield_Generator.prefab
  artifactKey: Guid(93540607394df456e94c3b5dec17a671) Importer(2089858483,b0f066a214c2f5e87bad3c948f4d605d)
Start importing Assets/_Barking_Dog/_3D Scifi Base Vol 1/Prefabs/_Props/P_Shield_Generator.prefab using Guid(93540607394df456e94c3b5dec17a671) Importer(2089858483,b0f066a214c2f5e87bad3c948f4d605d) (ScriptedImporter) -> (artifact id: '75c3a4ae5c92284a2b8ffb690eb94fe9') in 0.1783327 seconds
Number of updated asset objects reloaded before import = 0Number of asset objects unloaded after import = 231

========================================================================
Received Import Request.
  Time since last request: 0.000039 seconds.
  path: Assets/_Barking_Dog/_3D Scifi Base Vol 1/Prefabs/_Doors/Horizontal_Doors_Kit.prefab
  artifactKey: Guid(493786f8822084ddf9dd64b47a40c45e) Importer(2089858483,b0f066a214c2f5e87bad3c948f4d605d)
Start importing Assets/_Barking_Dog/_3D Scifi Base Vol 1/Prefabs/_Doors/Horizontal_Doors_Kit.prefab using Guid(493786f8822084ddf9dd64b47a40c45e) Importer(2089858483,b0f066a214c2f5e87bad3c948f4d605d) (ScriptedImporter) -> (artifact id: '5a8cdb355b77a5d6aff56cccd4504266') in 0.0102166 seconds
Number of updated asset objects reloaded before import = 0Number of asset objects unloaded after import = 6

========================================================================
Received Import Request.
  Time since last request: 0.000055 seconds.
  path: Assets/_Barking_Dog/_3D Scifi Base Vol 1/Prefabs/_Legos/P_Small_Tower_Ring_03.prefab
  artifactKey: Guid(689ead7831fdd4dd39ced959b4e299e3) Importer(2089858483,b0f066a214c2f5e87bad3c948f4d605d)
Start importing Assets/_Barking_Dog/_3D Scifi Base Vol 1/Prefabs/_Legos/P_Small_Tower_Ring_03.prefab using Guid(689ead7831fdd4dd39ced959b4e299e3) Importer(2089858483,b0f066a214c2f5e87bad3c948f4d605d) (ScriptedImporter) -> (artifact id: '4455caec7382650ae3a9583e1f9b03d7') in 0.0392203 seconds
Number of updated asset objects reloaded before import = 0Number of asset objects unloaded after import = 787

========================================================================
Received Import Request.
  Time since last request: 0.000051 seconds.
  path: Assets/_Barking_Dog/_3D Scifi Base Vol 1/Prefabs/_Legos/P_Small_Tower_Room_04.prefab
  artifactKey: Guid(d57337a0331534e1e98f205e69978cef) Importer(2089858483,b0f066a214c2f5e87bad3c948f4d605d)
Start importing Assets/_Barking_Dog/_3D Scifi Base Vol 1/Prefabs/_Legos/P_Small_Tower_Room_04.prefab using Guid(d57337a0331534e1e98f205e69978cef) Importer(2089858483,b0f066a214c2f5e87bad3c948f4d605d) (ScriptedImporter) -> (artifact id: 'f93f44c2a5f577d988a42662d9cb59e7') in 0.1077718 seconds
Number of updated asset objects reloaded before import = 0Number of asset objects unloaded after import = 3137

========================================================================
Received Import Request.
  Time since last request: 0.000054 seconds.
  path: Assets/_Barking_Dog/_3D Scifi Base Vol 1/Prefabs/_Build/P_Glass_Tube_03.prefab
  artifactKey: Guid(73fe4169100e9481cb41ca1c6c2aa837) Importer(2089858483,b0f066a214c2f5e87bad3c948f4d605d)
Start importing Assets/_Barking_Dog/_3D Scifi Base Vol 1/Prefabs/_Build/P_Glass_Tube_03.prefab using Guid(73fe4169100e9481cb41ca1c6c2aa837) Importer(2089858483,b0f066a214c2f5e87bad3c948f4d605d) (ScriptedImporter) -> (artifact id: '55f5ba5a1beb9de6f49750bf7fcd3b01') in 0.0202531 seconds
Number of updated asset objects reloaded before import = 0Number of asset objects unloaded after import = 64

========================================================================
Received Import Request.
  Time since last request: 0.000060 seconds.
  path: Assets/_Barking_Dog/_3D Scifi Base Vol 1/Prefabs/_Props/P_Reactor_05.prefab
  artifactKey: Guid(b62628b4ae6ea48a8ac2af85fca9b006) Importer(2089858483,b0f066a214c2f5e87bad3c948f4d605d)
Start importing Assets/_Barking_Dog/_3D Scifi Base Vol 1/Prefabs/_Props/P_Reactor_05.prefab using Guid(b62628b4ae6ea48a8ac2af85fca9b006) Importer(2089858483,b0f066a214c2f5e87bad3c948f4d605d) (ScriptedImporter) -> (artifact id: '08063eee712285e029a97b13fee93545') in 0.0154959 seconds
Number of updated asset objects reloaded before import = 0Number of asset objects unloaded after import = 233

========================================================================
Received Import Request.
  Time since last request: 0.000033 seconds.
  path: Assets/_Barking_Dog/_3D Scifi Base Vol 1/Prefabs/_Build/P_Wall_Normal_04.prefab
  artifactKey: Guid(a5351b7b2491e4d75853bce3926e139b) Importer(2089858483,b0f066a214c2f5e87bad3c948f4d605d)
Start importing Assets/_Barking_Dog/_3D Scifi Base Vol 1/Prefabs/_Build/P_Wall_Normal_04.prefab using Guid(a5351b7b2491e4d75853bce3926e139b) Importer(2089858483,b0f066a214c2f5e87bad3c948f4d605d) (ScriptedImporter) -> (artifact id: '0bdece89468af264d7c80e7a81f07bea') in 0.0075066 seconds
Number of updated asset objects reloaded before import = 0Number of asset objects unloaded after import = 13

========================================================================
Received Import Request.
  Time since last request: 0.000068 seconds.
  path: Assets/_Barking_Dog/_3D Scifi Base Vol 1/Splat/Terrain.prefab
  artifactKey: Guid(e4b91be8a7da64561819351ab3884eb4) Importer(2089858483,b0f066a214c2f5e87bad3c948f4d605d)
Start importing Assets/_Barking_Dog/_3D Scifi Base Vol 1/Splat/Terrain.prefab using Guid(e4b91be8a7da64561819351ab3884eb4) Importer(2089858483,b0f066a214c2f5e87bad3c948f4d605d) (ScriptedImporter) -> (artifact id: '963623b4ba205f08385da3f6854d7977') in 0.4811323 seconds
Number of updated asset objects reloaded before import = 0Number of asset objects unloaded after import = 200

========================================================================
Received Import Request.
  Time since last request: 0.000053 seconds.
  path: Assets/_Barking_Dog/_3D Scifi Base Vol 1/Prefabs/_Build/P_Plateforme_01.prefab
  artifactKey: Guid(1a300487d337b4e9082c9bf22cf1d99d) Importer(2089858483,b0f066a214c2f5e87bad3c948f4d605d)
Start importing Assets/_Barking_Dog/_3D Scifi Base Vol 1/Prefabs/_Build/P_Plateforme_01.prefab using Guid(1a300487d337b4e9082c9bf22cf1d99d) Importer(2089858483,b0f066a214c2f5e87bad3c948f4d605d) (ScriptedImporter) -> (artifact id: '7ed763654b3ecab5089c54422b4a0d57') in 0.006468 seconds
Number of updated asset objects reloaded before import = 0Number of asset objects unloaded after import = 18

========================================================================
Received Import Request.
  Time since last request: 0.000051 seconds.
  path: Assets/_Barking_Dog/_3D Scifi Base Vol 1/Prefabs/_Legos/P_Small_Base_02.prefab
  artifactKey: Guid(332f11f44cbfe48a79cf88f595f749bf) Importer(2089858483,b0f066a214c2f5e87bad3c948f4d605d)
Start importing Assets/_Barking_Dog/_3D Scifi Base Vol 1/Prefabs/_Legos/P_Small_Base_02.prefab using Guid(332f11f44cbfe48a79cf88f595f749bf) Importer(2089858483,b0f066a214c2f5e87bad3c948f4d605d) (ScriptedImporter) -> (artifact id: 'a5db849399b15a0e9e022de83c8f085f') in 0.0774336 seconds
Number of updated asset objects reloaded before import = 0Number of asset objects unloaded after import = 2041

========================================================================
Received Import Request.
  Time since last request: 0.000033 seconds.
  path: Assets/_Barking_Dog/_3D Scifi Base Vol 1/Prefabs/_Legos/P_Small_Pod_03.prefab
  artifactKey: Guid(a8f1221ced29643c49a9a750582ae452) Importer(2089858483,b0f066a214c2f5e87bad3c948f4d605d)
Start importing Assets/_Barking_Dog/_3D Scifi Base Vol 1/Prefabs/_Legos/P_Small_Pod_03.prefab using Guid(a8f1221ced29643c49a9a750582ae452) Importer(2089858483,b0f066a214c2f5e87bad3c948f4d605d) (ScriptedImporter) -> (artifact id: '17e9ff04e9bc07c4782b56c81e68fde8') in 0.0555883 seconds
Number of updated asset objects reloaded before import = 0Number of asset objects unloaded after import = 546

========================================================================
Received Import Request.
  Time since last request: 0.000047 seconds.
  path: Assets/_Barking_Dog/_3D Scifi Base Vol 1/Prefabs/_Props/P_Grid_Plateform_01.prefab
  artifactKey: Guid(a107d7970e52f494f844641cc5e2d994) Importer(2089858483,b0f066a214c2f5e87bad3c948f4d605d)
Start importing Assets/_Barking_Dog/_3D Scifi Base Vol 1/Prefabs/_Props/P_Grid_Plateform_01.prefab using Guid(a107d7970e52f494f844641cc5e2d994) Importer(2089858483,b0f066a214c2f5e87bad3c948f4d605d) (ScriptedImporter) -> (artifact id: '6d44a821c3f45e8aef0bee9747a06bd1') in 0.0199284 seconds
Number of updated asset objects reloaded before import = 0Number of asset objects unloaded after import = 10

========================================================================
Received Import Request.
  Time since last request: 0.000045 seconds.
  path: Assets/_Barking_Dog/_3D Scifi Base Vol 1/Prefabs/_Build/P_Articulated_Support_01.prefab
  artifactKey: Guid(165f7f4059f494d238e2e468529c3806) Importer(2089858483,b0f066a214c2f5e87bad3c948f4d605d)
Start importing Assets/_Barking_Dog/_3D Scifi Base Vol 1/Prefabs/_Build/P_Articulated_Support_01.prefab using Guid(165f7f4059f494d238e2e468529c3806) Importer(2089858483,b0f066a214c2f5e87bad3c948f4d605d) (ScriptedImporter) -> (artifact id: '4effa18bc977a8ef3ecfe2f66db801ac') in 0.0134429 seconds
Number of updated asset objects reloaded before import = 0Number of asset objects unloaded after import = 22

========================================================================
Received Import Request.
  Time since last request: 0.000045 seconds.
  path: Assets/_Barking_Dog/_3D Scifi Base Vol 1/Prefabs/_Props/P_Table_Laptop_01.prefab
  artifactKey: Guid(da3259ccad74245bc8111d7fa34eac7d) Importer(2089858483,b0f066a214c2f5e87bad3c948f4d605d)
Start importing Assets/_Barking_Dog/_3D Scifi Base Vol 1/Prefabs/_Props/P_Table_Laptop_01.prefab using Guid(da3259ccad74245bc8111d7fa34eac7d) Importer(2089858483,b0f066a214c2f5e87bad3c948f4d605d) (ScriptedImporter) -> (artifact id: 'b0a11efe96a570eea39c10c47cbad8ee') in 0.0161404 seconds
Number of updated asset objects reloaded before import = 0Number of asset objects unloaded after import = 45

========================================================================
Received Import Request.
  Time since last request: 0.000039 seconds.
  path: Assets/_Barking_Dog/_3D Scifi Base Vol 1/Prefabs/_Props/P_Reactor_01.prefab
  artifactKey: Guid(0d54565c439114532ac5175bbc9012aa) Importer(2089858483,b0f066a214c2f5e87bad3c948f4d605d)
Start importing Assets/_Barking_Dog/_3D Scifi Base Vol 1/Prefabs/_Props/P_Reactor_01.prefab using Guid(0d54565c439114532ac5175bbc9012aa) Importer(2089858483,b0f066a214c2f5e87bad3c948f4d605d) (ScriptedImporter) -> (artifact id: '9fea284ef668b2d5797960c9702575f8') in 0.0137326 seconds
Number of updated asset objects reloaded before import = 0Number of asset objects unloaded after import = 118

========================================================================
Received Import Request.
  Time since last request: 0.000043 seconds.
  path: Assets/_Barking_Dog/_3D Scifi Base Vol 1/Prefabs/_Props/P_Laser_Fence_Ray.prefab
  artifactKey: Guid(769bbea3053a04f358e8d213b1b507fe) Importer(2089858483,b0f066a214c2f5e87bad3c948f4d605d)
Start importing Assets/_Barking_Dog/_3D Scifi Base Vol 1/Prefabs/_Props/P_Laser_Fence_Ray.prefab using Guid(769bbea3053a04f358e8d213b1b507fe) Importer(2089858483,b0f066a214c2f5e87bad3c948f4d605d) (ScriptedImporter) -> (artifact id: '509b0b89cc81070f9e32c856013fbfde') in 0.0064825 seconds
Number of updated asset objects reloaded before import = 0Number of asset objects unloaded after import = 9

========================================================================
Received Import Request.
  Time since last request: 0.000076 seconds.
  path: Assets/_Barking_Dog/_3D Scifi Base Vol 1/Prefabs/_Props/P_Reactor_04.prefab
  artifactKey: Guid(cc707ca2484794174b5087a5a8e22546) Importer(2089858483,b0f066a214c2f5e87bad3c948f4d605d)
Start importing Assets/_Barking_Dog/_3D Scifi Base Vol 1/Prefabs/_Props/P_Reactor_04.prefab using Guid(cc707ca2484794174b5087a5a8e22546) Importer(2089858483,b0f066a214c2f5e87bad3c948f4d605d) (ScriptedImporter) -> (artifact id: 'b1cecf435b3fc11eb8b95145905c853f') in 0.0151258 seconds
Number of updated asset objects reloaded before import = 0Number of asset objects unloaded after import = 98

========================================================================
Received Import Request.
  Time since last request: 0.000047 seconds.
  path: Assets/_Barking_Dog/_3D Scifi Base Vol 1/Prefabs/_Build/P_Roof_Cache_04_B.prefab
  artifactKey: Guid(29dec274d9a6a4bc99fb021199f5a5ef) Importer(2089858483,b0f066a214c2f5e87bad3c948f4d605d)
Start importing Assets/_Barking_Dog/_3D Scifi Base Vol 1/Prefabs/_Build/P_Roof_Cache_04_B.prefab using Guid(29dec274d9a6a4bc99fb021199f5a5ef) Importer(2089858483,b0f066a214c2f5e87bad3c948f4d605d) (ScriptedImporter) -> (artifact id: '6a19581de190fe47b790cbefad91a5bd') in 0.0069023 seconds
Number of updated asset objects reloaded before import = 0Number of asset objects unloaded after import = 9

========================================================================
Received Import Request.
  Time since last request: 0.000046 seconds.
  path: Assets/_Barking_Dog/_3D Scifi Base Vol 1/Prefabs/_Props/P_Chair_01.prefab
  artifactKey: Guid(dbcfa25f89c064396a712cd210d31e82) Importer(2089858483,b0f066a214c2f5e87bad3c948f4d605d)
Start importing Assets/_Barking_Dog/_3D Scifi Base Vol 1/Prefabs/_Props/P_Chair_01.prefab using Guid(dbcfa25f89c064396a712cd210d31e82) Importer(2089858483,b0f066a214c2f5e87bad3c948f4d605d) (ScriptedImporter) -> (artifact id: '367b49ac246033e3332e5cd81e42dc18') in 0.0075326 seconds
Number of updated asset objects reloaded before import = 0Number of asset objects unloaded after import = 15

========================================================================
Received Import Request.
  Time since last request: 0.000036 seconds.
  path: Assets/_Barking_Dog/_3D Scifi Base Vol 1/Prefabs/_Props/P_Reactor_03.prefab
  artifactKey: Guid(c89dc320a761649c8a956f848d98dbdd) Importer(2089858483,b0f066a214c2f5e87bad3c948f4d605d)
Start importing Assets/_Barking_Dog/_3D Scifi Base Vol 1/Prefabs/_Props/P_Reactor_03.prefab using Guid(c89dc320a761649c8a956f848d98dbdd) Importer(2089858483,b0f066a214c2f5e87bad3c948f4d605d) (ScriptedImporter) -> (artifact id: '76134e146317f45c3558277e653387a8') in 0.0211431 seconds
Number of updated asset objects reloaded before import = 0Number of asset objects unloaded after import = 83

========================================================================
Received Import Request.
  Time since last request: 0.000053 seconds.
  path: Assets/_Barking_Dog/_3D Scifi Base Vol 1/Prefabs/_Props/P_Crate_Yellow_Big_01.prefab
  artifactKey: Guid(432778808f5bc4f18b75113d4f299254) Importer(2089858483,b0f066a214c2f5e87bad3c948f4d605d)
Start importing Assets/_Barking_Dog/_3D Scifi Base Vol 1/Prefabs/_Props/P_Crate_Yellow_Big_01.prefab using Guid(432778808f5bc4f18b75113d4f299254) Importer(2089858483,b0f066a214c2f5e87bad3c948f4d605d) (ScriptedImporter) -> (artifact id: 'c23f07f856c1bf8817870fe510453bc2') in 0.0077276 seconds
Number of updated asset objects reloaded before import = 0Number of asset objects unloaded after import = 16

========================================================================
Received Import Request.
  Time since last request: 0.000050 seconds.
  path: Assets/_Barking_Dog/_3D Scifi Base Vol 1/Prefabs/_Legos/P_Corridor_End_02.prefab
  artifactKey: Guid(6f17f2837521c4ac898445a9a7e2e135) Importer(2089858483,b0f066a214c2f5e87bad3c948f4d605d)
Start importing Assets/_Barking_Dog/_3D Scifi Base Vol 1/Prefabs/_Legos/P_Corridor_End_02.prefab using Guid(6f17f2837521c4ac898445a9a7e2e135) Importer(2089858483,b0f066a214c2f5e87bad3c948f4d605d) (ScriptedImporter) -> (artifact id: '53a25943b04d4fc3abafc678edeede58') in 0.020986 seconds
Number of updated asset objects reloaded before import = 0Number of asset objects unloaded after import = 202

========================================================================
Received Import Request.
  Time since last request: 0.000038 seconds.
  path: Assets/_Barking_Dog/_3D Scifi Base Vol 1/Prefabs/_Build/P_Rock_03.prefab
  artifactKey: Guid(2f1a793c01d3242fc81b1c8c1924e213) Importer(2089858483,b0f066a214c2f5e87bad3c948f4d605d)
Start importing Assets/_Barking_Dog/_3D Scifi Base Vol 1/Prefabs/_Build/P_Rock_03.prefab using Guid(2f1a793c01d3242fc81b1c8c1924e213) Importer(2089858483,b0f066a214c2f5e87bad3c948f4d605d) (ScriptedImporter) -> (artifact id: 'a85c587e25b9445a0cdb8e86fc7a0c63') in 0.0224341 seconds
Number of updated asset objects reloaded before import = 0Number of asset objects unloaded after import = 10

========================================================================
Received Import Request.
  Time since last request: 0.000029 seconds.
  path: Assets/_Barking_Dog/_3D Scifi Base Vol 1/Prefabs/_Legos/P_Small_Tower_Ring_01.prefab
  artifactKey: Guid(be7ea5c3d41774b25ac3f8c47a950e4b) Importer(2089858483,b0f066a214c2f5e87bad3c948f4d605d)
Start importing Assets/_Barking_Dog/_3D Scifi Base Vol 1/Prefabs/_Legos/P_Small_Tower_Ring_01.prefab using Guid(be7ea5c3d41774b25ac3f8c47a950e4b) Importer(2089858483,b0f066a214c2f5e87bad3c948f4d605d) (ScriptedImporter) -> (artifact id: '48944bf4d9d6913f6ff0a058877e0d61') in 0.0369055 seconds
Number of updated asset objects reloaded before import = 0Number of asset objects unloaded after import = 822

========================================================================
Received Import Request.
  Time since last request: 0.000058 seconds.
  path: Assets/_Barking_Dog/_3D Scifi Base Vol 1/Prefabs/_Props/P_Laser_Fence_05.prefab
  artifactKey: Guid(3fe935ac1528a447eb3aff08371570d7) Importer(2089858483,b0f066a214c2f5e87bad3c948f4d605d)
Start importing Assets/_Barking_Dog/_3D Scifi Base Vol 1/Prefabs/_Props/P_Laser_Fence_05.prefab using Guid(3fe935ac1528a447eb3aff08371570d7) Importer(2089858483,b0f066a214c2f5e87bad3c948f4d605d) (ScriptedImporter) -> (artifact id: 'ca1c1e34b171306883e396458f4f44ff') in 0.0080068 seconds
Number of updated asset objects reloaded before import = 0Number of asset objects unloaded after import = 27

========================================================================
Received Import Request.
  Time since last request: 0.000053 seconds.
  path: Assets/_Barking_Dog/_3D Scifi Base Vol 1/Prefabs/_Props/P_Reactor_06.prefab
  artifactKey: Guid(215f9a3af47774f828bbcad397c6f8cd) Importer(2089858483,b0f066a214c2f5e87bad3c948f4d605d)
Start importing Assets/_Barking_Dog/_3D Scifi Base Vol 1/Prefabs/_Props/P_Reactor_06.prefab using Guid(215f9a3af47774f828bbcad397c6f8cd) Importer(2089858483,b0f066a214c2f5e87bad3c948f4d605d) (ScriptedImporter) -> (artifact id: '714ee68c10bc86a51d826df981749e65') in 0.0235117 seconds
Number of updated asset objects reloaded before import = 0Number of asset objects unloaded after import = 99

========================================================================
Received Import Request.
  Time since last request: 0.000031 seconds.
  path: Assets/_Barking_Dog/_3D Scifi Base Vol 1/Prefabs/_Props/P_Crate_Blue_Big_01.prefab
  artifactKey: Guid(a3361ac5826fa480790c9d2840d012ae) Importer(2089858483,b0f066a214c2f5e87bad3c948f4d605d)
Start importing Assets/_Barking_Dog/_3D Scifi Base Vol 1/Prefabs/_Props/P_Crate_Blue_Big_01.prefab using Guid(a3361ac5826fa480790c9d2840d012ae) Importer(2089858483,b0f066a214c2f5e87bad3c948f4d605d) (ScriptedImporter) -> (artifact id: 'f39fdfb83a69482587947138c5944c49') in 0.0176882 seconds
Number of updated asset objects reloaded before import = 0Number of asset objects unloaded after import = 16

========================================================================
Received Import Request.
  Time since last request: 0.000046 seconds.
  path: Assets/_Barking_Dog/_3D Scifi Base Vol 1/Prefabs/_Build/P_Wall_Angle_04.prefab
  artifactKey: Guid(522268933eff04a9da87faa2fa244931) Importer(2089858483,b0f066a214c2f5e87bad3c948f4d605d)
Start importing Assets/_Barking_Dog/_3D Scifi Base Vol 1/Prefabs/_Build/P_Wall_Angle_04.prefab using Guid(522268933eff04a9da87faa2fa244931) Importer(2089858483,b0f066a214c2f5e87bad3c948f4d605d) (ScriptedImporter) -> (artifact id: 'fc3720675ce762f4fe351355340104dc') in 0.0235349 seconds
Number of updated asset objects reloaded before import = 0Number of asset objects unloaded after import = 9

========================================================================
Received Import Request.
  Time since last request: 0.000043 seconds.
  path: Assets/_Barking_Dog/_3D Scifi Base Vol 1/Prefabs/_Props/P_Pillow_01.prefab
  artifactKey: Guid(81205f1e91f8a4f8bab126928d43e951) Importer(2089858483,b0f066a214c2f5e87bad3c948f4d605d)
Start importing Assets/_Barking_Dog/_3D Scifi Base Vol 1/Prefabs/_Props/P_Pillow_01.prefab using Guid(81205f1e91f8a4f8bab126928d43e951) Importer(2089858483,b0f066a214c2f5e87bad3c948f4d605d) (ScriptedImporter) -> (artifact id: '9808b372cb2dfd787a821a52b64be9e9') in 0.027708 seconds
Number of updated asset objects reloaded before import = 0Number of asset objects unloaded after import = 10

========================================================================
Received Import Request.
  Time since last request: 0.000040 seconds.
  path: Assets/_Barking_Dog/_3D Scifi Base Vol 1/Prefabs/_Build/P_Roof_Angle_01.prefab
  artifactKey: Guid(fd30fbef5a3ae48f6a67499cea71493c) Importer(2089858483,b0f066a214c2f5e87bad3c948f4d605d)
Start importing Assets/_Barking_Dog/_3D Scifi Base Vol 1/Prefabs/_Build/P_Roof_Angle_01.prefab using Guid(fd30fbef5a3ae48f6a67499cea71493c) Importer(2089858483,b0f066a214c2f5e87bad3c948f4d605d) (ScriptedImporter) -> (artifact id: '7a93890a3044bf1665ee43a1c82b0ba5') in 0.011652 seconds
Number of updated asset objects reloaded before import = 0Number of asset objects unloaded after import = 10

========================================================================
Received Import Request.
  Time since last request: 0.000037 seconds.
  path: Assets/_Barking_Dog/_3D Scifi Base Vol 1/Prefabs/_Props/P_Bed_Couch_01.prefab
  artifactKey: Guid(45db41ab21a2241d78867a43b196f515) Importer(2089858483,b0f066a214c2f5e87bad3c948f4d605d)
Start importing Assets/_Barking_Dog/_3D Scifi Base Vol 1/Prefabs/_Props/P_Bed_Couch_01.prefab using Guid(45db41ab21a2241d78867a43b196f515) Importer(2089858483,b0f066a214c2f5e87bad3c948f4d605d) (ScriptedImporter) -> (artifact id: '4048bd973434a64c499afe8e52e49f31') in 0.0060379 seconds
Number of updated asset objects reloaded before import = 0Number of asset objects unloaded after import = 10

========================================================================
Received Import Request.
  Time since last request: 0.000048 seconds.
  path: Assets/_Barking_Dog/_3D Scifi Base Vol 1/Prefabs/_Props/P_Air_Grid_02.prefab
  artifactKey: Guid(b3836a917e87c4ce0ab16a8ea1d9cc50) Importer(2089858483,b0f066a214c2f5e87bad3c948f4d605d)
Start importing Assets/_Barking_Dog/_3D Scifi Base Vol 1/Prefabs/_Props/P_Air_Grid_02.prefab using Guid(b3836a917e87c4ce0ab16a8ea1d9cc50) Importer(2089858483,b0f066a214c2f5e87bad3c948f4d605d) (ScriptedImporter) -> (artifact id: 'c63ae14192b0c3a3d9ad63af50d963c5') in 0.0096355 seconds
Number of updated asset objects reloaded before import = 0Number of asset objects unloaded after import = 10

========================================================================
Received Import Request.
  Time since last request: 0.000063 seconds.
  path: Assets/_Barking_Dog/_3D Scifi Base Vol 1/Prefabs/_Props/P_Computer_Dbl_05.prefab
  artifactKey: Guid(04ed93b6c9c9a45c7ac31c553816e921) Importer(2089858483,b0f066a214c2f5e87bad3c948f4d605d)
Start importing Assets/_Barking_Dog/_3D Scifi Base Vol 1/Prefabs/_Props/P_Computer_Dbl_05.prefab using Guid(04ed93b6c9c9a45c7ac31c553816e921) Importer(2089858483,b0f066a214c2f5e87bad3c948f4d605d) (ScriptedImporter) -> (artifact id: '636f0deb3383218fed5ce43bf9ea5913') in 0.0174496 seconds
Number of updated asset objects reloaded before import = 0Number of asset objects unloaded after import = 235

========================================================================
Received Import Request.
  Time since last request: 0.000116 seconds.
  path: Assets/_Barking_Dog/_3D Scifi Base Vol 1/Prefabs/_Props/P_Computer_Rack_02.prefab
  artifactKey: Guid(5b254512692a74fef89e260ffbe93484) Importer(2089858483,b0f066a214c2f5e87bad3c948f4d605d)
Start importing Assets/_Barking_Dog/_3D Scifi Base Vol 1/Prefabs/_Props/P_Computer_Rack_02.prefab using Guid(5b254512692a74fef89e260ffbe93484) Importer(2089858483,b0f066a214c2f5e87bad3c948f4d605d) (ScriptedImporter) -> (artifact id: 'b3cf94672f5e83bafd081ceedf7ba4f1') in 0.0059164 seconds
Number of updated asset objects reloaded before import = 0Number of asset objects unloaded after import = 10

========================================================================
Received Import Request.
  Time since last request: 0.000029 seconds.
  path: Assets/_Barking_Dog/_3D Scifi Base Vol 1/Prefabs/_Build/P_Solar_Panel_01.prefab
  artifactKey: Guid(0120ee67dc8e34c548eb833379c8c1f4) Importer(2089858483,b0f066a214c2f5e87bad3c948f4d605d)
Start importing Assets/_Barking_Dog/_3D Scifi Base Vol 1/Prefabs/_Build/P_Solar_Panel_01.prefab using Guid(0120ee67dc8e34c548eb833379c8c1f4) Importer(2089858483,b0f066a214c2f5e87bad3c948f4d605d) (ScriptedImporter) -> (artifact id: 'dbea93fb6be3ccb7371641c5d3dbbfe9') in 0.0121713 seconds
Number of updated asset objects reloaded before import = 0Number of asset objects unloaded after import = 10

========================================================================
Received Import Request.
  Time since last request: 0.000030 seconds.
  path: Assets/_Barking_Dog/_3D Scifi Base Vol 1/Prefabs/_Props/P_Table_01.prefab
  artifactKey: Guid(94b7b188baf4c4c5fa47778e68e3ba70) Importer(2089858483,b0f066a214c2f5e87bad3c948f4d605d)
Start importing Assets/_Barking_Dog/_3D Scifi Base Vol 1/Prefabs/_Props/P_Table_01.prefab using Guid(94b7b188baf4c4c5fa47778e68e3ba70) Importer(2089858483,b0f066a214c2f5e87bad3c948f4d605d) (ScriptedImporter) -> (artifact id: '1036ab6e69ac127558398a395564ba52') in 0.0080953 seconds
Number of updated asset objects reloaded before import = 0Number of asset objects unloaded after import = 10

========================================================================
Received Import Request.
  Time since last request: 0.000055 seconds.
  path: Assets/_Barking_Dog/_3D Scifi Base Vol 1/Prefabs/_Build/P_Floor_Normal_04.prefab
  artifactKey: Guid(0bdccf3db4569414bb2edd3ad3ffd78e) Importer(2089858483,b0f066a214c2f5e87bad3c948f4d605d)
Start importing Assets/_Barking_Dog/_3D Scifi Base Vol 1/Prefabs/_Build/P_Floor_Normal_04.prefab using Guid(0bdccf3db4569414bb2edd3ad3ffd78e) Importer(2089858483,b0f066a214c2f5e87bad3c948f4d605d) (ScriptedImporter) -> (artifact id: '8c6b1d1a04657926ce637e70ce6ba834') in 0.0141364 seconds
Number of updated asset objects reloaded before import = 0Number of asset objects unloaded after import = 20

========================================================================
Received Import Request.
  Time since last request: 0.000065 seconds.
  path: Assets/_Barking_Dog/_3D Scifi Base Vol 1/Prefabs/_Build/P_Roof_Angle_05.prefab
  artifactKey: Guid(e917625e5ed05453fb6d212abdf3521d) Importer(2089858483,b0f066a214c2f5e87bad3c948f4d605d)
Start importing Assets/_Barking_Dog/_3D Scifi Base Vol 1/Prefabs/_Build/P_Roof_Angle_05.prefab using Guid(e917625e5ed05453fb6d212abdf3521d) Importer(2089858483,b0f066a214c2f5e87bad3c948f4d605d) (ScriptedImporter) -> (artifact id: '94e8f4c0d40a9899b31564cd321f05b2') in 0.0345958 seconds
Number of updated asset objects reloaded before import = 0Number of asset objects unloaded after import = 9

========================================================================
Received Import Request.
  Time since last request: 0.000035 seconds.
  path: Assets/_Barking_Dog/_3D Scifi Base Vol 1/Prefabs/_Props/P_Electric_Pylon_01.prefab
  artifactKey: Guid(73aeb9e95435c4482b0b14c9dc4fd990) Importer(2089858483,b0f066a214c2f5e87bad3c948f4d605d)
Start importing Assets/_Barking_Dog/_3D Scifi Base Vol 1/Prefabs/_Props/P_Electric_Pylon_01.prefab using Guid(73aeb9e95435c4482b0b14c9dc4fd990) Importer(2089858483,b0f066a214c2f5e87bad3c948f4d605d) (ScriptedImporter) -> (artifact id: 'ddffa6456c6a7a741b07465cb97edd56') in 0.0218237 seconds
Number of updated asset objects reloaded before import = 0Number of asset objects unloaded after import = 29

========================================================================
Received Import Request.
  Time since last request: 0.000035 seconds.
  path: Assets/_Barking_Dog/_3D Scifi Base Vol 1/Prefabs/_Props/P_Keyboard_01.prefab
  artifactKey: Guid(f90114997cb054a82898c9f61cf5570d) Importer(2089858483,b0f066a214c2f5e87bad3c948f4d605d)
Start importing Assets/_Barking_Dog/_3D Scifi Base Vol 1/Prefabs/_Props/P_Keyboard_01.prefab using Guid(f90114997cb054a82898c9f61cf5570d) Importer(2089858483,b0f066a214c2f5e87bad3c948f4d605d) (ScriptedImporter) -> (artifact id: '1273edfca5ed0cf0b605b5f132fc8036') in 0.0057994 seconds
Number of updated asset objects reloaded before import = 0Number of asset objects unloaded after import = 9

========================================================================
Received Import Request.
  Time since last request: 0.000054 seconds.
  path: Assets/_Barking_Dog/_3D Scifi Base Vol 1/Prefabs/_Legos/P_Corridor_Small_05.prefab
  artifactKey: Guid(77faaea71e1084033aebafb65652362f) Importer(2089858483,b0f066a214c2f5e87bad3c948f4d605d)
Start importing Assets/_Barking_Dog/_3D Scifi Base Vol 1/Prefabs/_Legos/P_Corridor_Small_05.prefab using Guid(77faaea71e1084033aebafb65652362f) Importer(2089858483,b0f066a214c2f5e87bad3c948f4d605d) (ScriptedImporter) -> (artifact id: 'abf1fb1dfbc858942ba20691dc180108') in 0.0101794 seconds
Number of updated asset objects reloaded before import = 0Number of asset objects unloaded after import = 119

========================================================================
Received Import Request.
  Time since last request: 0.000062 seconds.
  path: Assets/_Barking_Dog/_3D Scifi Base Vol 1/Prefabs/_Fx/ForceField_01.prefab
  artifactKey: Guid(725800cfa058049398fc890ae0b8f9c7) Importer(2089858483,b0f066a214c2f5e87bad3c948f4d605d)
Start importing Assets/_Barking_Dog/_3D Scifi Base Vol 1/Prefabs/_Fx/ForceField_01.prefab using Guid(725800cfa058049398fc890ae0b8f9c7) Importer(2089858483,b0f066a214c2f5e87bad3c948f4d605d) (ScriptedImporter) -> (artifact id: 'c5c593e7bd5ee9554d730505ba83559f') in 0.0062441 seconds
Number of updated asset objects reloaded before import = 0Number of asset objects unloaded after import = 13

========================================================================
Received Import Request.
  Time since last request: 0.000034 seconds.
  path: Assets/_Barking_Dog/_3D Scifi Base Vol 1/Prefabs/_Props/P_Laptop_01.prefab
  artifactKey: Guid(9cd5e167b147846b9a0b217637160d6d) Importer(2089858483,b0f066a214c2f5e87bad3c948f4d605d)
Start importing Assets/_Barking_Dog/_3D Scifi Base Vol 1/Prefabs/_Props/P_Laptop_01.prefab using Guid(9cd5e167b147846b9a0b217637160d6d) Importer(2089858483,b0f066a214c2f5e87bad3c948f4d605d) (ScriptedImporter) -> (artifact id: '20994578119d371d14e8af29f7abd8da') in 0.0132861 seconds
Number of updated asset objects reloaded before import = 0Number of asset objects unloaded after import = 22

========================================================================
Received Import Request.
  Time since last request: 0.000040 seconds.
  path: Assets/_Barking_Dog/_3D Scifi Base Vol 1/Prefabs/_Build/P_Wall_Angle_06.prefab
  artifactKey: Guid(6dd119b3998e440ffb59a924f1d3ef80) Importer(2089858483,b0f066a214c2f5e87bad3c948f4d605d)
Start importing Assets/_Barking_Dog/_3D Scifi Base Vol 1/Prefabs/_Build/P_Wall_Angle_06.prefab using Guid(6dd119b3998e440ffb59a924f1d3ef80) Importer(2089858483,b0f066a214c2f5e87bad3c948f4d605d) (ScriptedImporter) -> (artifact id: '4af97754449795bd0a331694a26f2ccf') in 0.0133691 seconds
Number of updated asset objects reloaded before import = 0Number of asset objects unloaded after import = 57

========================================================================
Received Import Request.
  Time since last request: 20.807210 seconds.
  path: Assets/_Barking_Dog/_3D Scifi Base Vol 1/Prefabs/_Props/P_Air_Grid_02.prefab
  artifactKey: Guid(b3836a917e87c4ce0ab16a8ea1d9cc50) Importer(815301076,1909f56bfc062723c751e8b465ee728b)
Start importing Assets/_Barking_Dog/_3D Scifi Base Vol 1/Prefabs/_Props/P_Air_Grid_02.prefab using Guid(b3836a917e87c4ce0ab16a8ea1d9cc50) Importer(815301076,1909f56bfc062723c751e8b465ee728b) (PreviewImporter) -> (artifact id: 'd7dd14f952027c092cd4cfc34650bcc5') in 7.1813577 seconds
Number of updated asset objects reloaded before import = 0Number of asset objects unloaded after import = 16

========================================================================
Received Import Request.
  Time since last request: 0.000051 seconds.
  path: Assets/_Barking_Dog/_3D Scifi Base Vol 1/Textures/Screen_03.mat
  artifactKey: Guid(6cb25da74286d48b8b7304baee790efd) Importer(2089858483,b0f066a214c2f5e87bad3c948f4d605d)
Start importing Assets/_Barking_Dog/_3D Scifi Base Vol 1/Textures/Screen_03.mat using Guid(6cb25da74286d48b8b7304baee790efd) Importer(2089858483,b0f066a214c2f5e87bad3c948f4d605d) (ScriptedImporter) -> (artifact id: 'cb8b41fca236b0e4af148bc57cfe041a') in 0.0105707 seconds
Number of updated asset objects reloaded before import = 0Number of asset objects unloaded after import = 2

========================================================================
Received Import Request.
  Time since last request: 0.000064 seconds.
  path: Assets/_Barking_Dog/_3D Scifi Base Vol 1/SpeedTree/Broadleaf/Broadleaf_Mobile Materials/LOD1/Branches_0.mat
  artifactKey: Guid(1092dd21af768cb499771bf88709dbbd) Importer(2089858483,b0f066a214c2f5e87bad3c948f4d605d)
Start importing Assets/_Barking_Dog/_3D Scifi Base Vol 1/SpeedTree/Broadleaf/Broadleaf_Mobile Materials/LOD1/Branches_0.mat using Guid(1092dd21af768cb499771bf88709dbbd) Importer(2089858483,b0f066a214c2f5e87bad3c948f4d605d) (ScriptedImporter) -> (artifact id: '0f0a230bfff1e953ec1b17fb961e445e') in 0.4791597 seconds
Number of updated asset objects reloaded before import = 0Number of asset objects unloaded after import = 3

========================================================================
Received Import Request.
  Time since last request: 0.000039 seconds.
  path: Assets/_Barking_Dog/_3D Scifi Base Vol 1/Prefabs/_Props/P_Scanner_01.prefab
  artifactKey: Guid(37ce61a6e917d4648a6fb58d2634eed1) Importer(815301076,1909f56bfc062723c751e8b465ee728b)
Start importing Assets/_Barking_Dog/_3D Scifi Base Vol 1/Prefabs/_Props/P_Scanner_01.prefab using Guid(37ce61a6e917d4648a6fb58d2634eed1) Importer(815301076,1909f56bfc062723c751e8b465ee728b) (PreviewImporter) -> (artifact id: '89dfbf6408b84d059b54544a4d526079') in 16.7228788 seconds
Number of updated asset objects reloaded before import = 0Number of asset objects unloaded after import = 50

========================================================================
Received Import Request.
  Time since last request: 0.000086 seconds.
  path: Assets/_Barking_Dog/_3D Scifi Base Vol 1/Prefabs/_Build/P_Corridor_HallRing_03.prefab
  artifactKey: Guid(bf50cd96e73384306bcfba8b85946aa2) Importer(815301076,1909f56bfc062723c751e8b465ee728b)
Start importing Assets/_Barking_Dog/_3D Scifi Base Vol 1/Prefabs/_Build/P_Corridor_HallRing_03.prefab using Guid(bf50cd96e73384306bcfba8b85946aa2) Importer(815301076,1909f56bfc062723c751e8b465ee728b) (PreviewImporter) -> (artifact id: '18d7fa2d442fc7fbad03919236cf2862') in 0.237315 seconds
Number of updated asset objects reloaded before import = 0Number of asset objects unloaded after import = 36

========================================================================
Received Import Request.
  Time since last request: 0.000091 seconds.
  path: Assets/_Barking_Dog/_3D Scifi Base Vol 1/Prefabs/_Build/P_Pipes_Insert_04.prefab
  artifactKey: Guid(ddba4a6ca866c4b689e77262cba914a9) Importer(815301076,1909f56bfc062723c751e8b465ee728b)
Start importing Assets/_Barking_Dog/_3D Scifi Base Vol 1/Prefabs/_Build/P_Pipes_Insert_04.prefab using Guid(ddba4a6ca866c4b689e77262cba914a9) Importer(815301076,1909f56bfc062723c751e8b465ee728b) (PreviewImporter) -> (artifact id: '25d37d22451219bd15e207d2fe7282f9') in 0.1078298 seconds
Number of updated asset objects reloaded before import = 0Number of asset objects unloaded after import = 16

========================================================================
Received Import Request.
  Time since last request: 0.000081 seconds.
  path: Assets/_Barking_Dog/_3D Scifi Base Vol 1/Prefabs/_Build/P_Wall_Door_Small_01.prefab
  artifactKey: Guid(5537fa43de2d84f48bc791848f36ce90) Importer(815301076,1909f56bfc062723c751e8b465ee728b)
Start importing Assets/_Barking_Dog/_3D Scifi Base Vol 1/Prefabs/_Build/P_Wall_Door_Small_01.prefab using Guid(5537fa43de2d84f48bc791848f36ce90) Importer(815301076,1909f56bfc062723c751e8b465ee728b) (PreviewImporter) -> (artifact id: 'a1329ae1e591ff87ab227240defc67ff') in 7.7273691 seconds
Number of updated asset objects reloaded before import = 0Number of asset objects unloaded after import = 62

========================================================================
Received Import Request.
  Time since last request: 0.000054 seconds.
  path: Assets/_Barking_Dog/_3D Scifi Base Vol 1/Prefabs/_Build/P_Floor_Normal_03.prefab
  artifactKey: Guid(b194ca08f797744a0b42469230a549ed) Importer(815301076,1909f56bfc062723c751e8b465ee728b)
Start importing Assets/_Barking_Dog/_3D Scifi Base Vol 1/Prefabs/_Build/P_Floor_Normal_03.prefab using Guid(b194ca08f797744a0b42469230a549ed) Importer(815301076,1909f56bfc062723c751e8b465ee728b) (PreviewImporter) -> (artifact id: '1835f2baaf8eb79a7038bfe9add44308') in 0.2527082 seconds
Number of updated asset objects reloaded before import = 0Number of asset objects unloaded after import = 33

========================================================================
Received Import Request.
  Time since last request: 0.000060 seconds.
  path: Assets/_Barking_Dog/_3D Scifi Base Vol 1/Prefabs/_Build/P_Roof_Cache_03.prefab
  artifactKey: Guid(7072e031897e848bcb3bc9961627d001) Importer(815301076,1909f56bfc062723c751e8b465ee728b)
Start importing Assets/_Barking_Dog/_3D Scifi Base Vol 1/Prefabs/_Build/P_Roof_Cache_03.prefab using Guid(7072e031897e848bcb3bc9961627d001) Importer(815301076,1909f56bfc062723c751e8b465ee728b) (PreviewImporter) -> (artifact id: '4098e244b5f1c407364ebb2c134828e5') in 0.1400735 seconds
Number of updated asset objects reloaded before import = 0Number of asset objects unloaded after import = 15

========================================================================
Received Import Request.
  Time since last request: 0.000072 seconds.
  path: Assets/_Barking_Dog/_3D Scifi Base Vol 1/Prefabs/_Build
  artifactKey: Guid(fdc3f501dc61e41e6ad84a34b2465a70) Importer(815301076,1909f56bfc062723c751e8b465ee728b)
Start importing Assets/_Barking_Dog/_3D Scifi Base Vol 1/Prefabs/_Build using Guid(fdc3f501dc61e41e6ad84a34b2465a70) Importer(815301076,1909f56bfc062723c751e8b465ee728b) (PreviewImporter) -> (artifact id: '02aff166c3d7a624a542f9b8137fc53b') in 0.0012048 seconds
Number of updated asset objects reloaded before import = 0Number of asset objects unloaded after import = 0

========================================================================
Received Import Request.
  Time since last request: 0.000051 seconds.
  path: Assets/_Barking_Dog/_3D Scifi Base Vol 1/Prefabs/_Build/P_Glass_Tube_04.prefab
  artifactKey: Guid(54f956518a1214bd2b0a1ed524fe72ae) Importer(815301076,1909f56bfc062723c751e8b465ee728b)
Start importing Assets/_Barking_Dog/_3D Scifi Base Vol 1/Prefabs/_Build/P_Glass_Tube_04.prefab using Guid(54f956518a1214bd2b0a1ed524fe72ae) Importer(815301076,1909f56bfc062723c751e8b465ee728b) (PreviewImporter) -> (artifact id: '85bd96f265082aa63f6c061e19d0bbf2') in 0.5051045 seconds
Number of updated asset objects reloaded before import = 0Number of asset objects unloaded after import = 156

========================================================================
Received Import Request.
  Time since last request: 0.000067 seconds.
  path: Assets/_Barking_Dog/_3D Scifi Base Vol 1/Meshes/Materials/Wall_Atlas_02_Dif_Alpha.mat
  artifactKey: Guid(33cac922f8a0948a7a33ed1b88809899) Importer(2089858483,b0f066a214c2f5e87bad3c948f4d605d)
Start importing Assets/_Barking_Dog/_3D Scifi Base Vol 1/Meshes/Materials/Wall_Atlas_02_Dif_Alpha.mat using Guid(33cac922f8a0948a7a33ed1b88809899) Importer(2089858483,b0f066a214c2f5e87bad3c948f4d605d) (ScriptedImporter) -> (artifact id: '644f02489702c1425accaf9c919a5ddd') in 0.2898307 seconds
Number of updated asset objects reloaded before import = 0Number of asset objects unloaded after import = 6

========================================================================
Received Import Request.
  Time since last request: 0.000055 seconds.
  path: Assets/_Barking_Dog/_3D Scifi Base Vol 1/Prefabs/_Build/P_Arc_Ring_Light_01.prefab
  artifactKey: Guid(869c4346659ec4be7b3e0ef898bb467c) Importer(815301076,1909f56bfc062723c751e8b465ee728b)
Start importing Assets/_Barking_Dog/_3D Scifi Base Vol 1/Prefabs/_Build/P_Arc_Ring_Light_01.prefab using Guid(869c4346659ec4be7b3e0ef898bb467c) Importer(815301076,1909f56bfc062723c751e8b465ee728b) (PreviewImporter) -> (artifact id: '57b726540982bbc0bae3e52f5f0ea34f') in 0.1044091 seconds
Number of updated asset objects reloaded before import = 0Number of asset objects unloaded after import = 27

========================================================================
Received Import Request.
  Time since last request: 0.000046 seconds.
  path: Assets/_Barking_Dog/_3D Scifi Base Vol 1/Prefabs/_Build/P_Rock_03.prefab
  artifactKey: Guid(2f1a793c01d3242fc81b1c8c1924e213) Importer(815301076,1909f56bfc062723c751e8b465ee728b)
Start importing Assets/_Barking_Dog/_3D Scifi Base Vol 1/Prefabs/_Build/P_Rock_03.prefab using Guid(2f1a793c01d3242fc81b1c8c1924e213) Importer(815301076,1909f56bfc062723c751e8b465ee728b) (PreviewImporter) -> (artifact id: 'bf9f1eee10949549b164202e29000d04') in 7.2695984 seconds
Number of updated asset objects reloaded before import = 0Number of asset objects unloaded after import = 14

========================================================================
Received Import Request.
  Time since last request: 0.000042 seconds.
  path: Assets/_Barking_Dog/_3D Scifi Base Vol 1/Prefabs/_Build/P_Metal_Tube_02.prefab
  artifactKey: Guid(fff4609093e0c463a8304f09f3604785) Importer(815301076,1909f56bfc062723c751e8b465ee728b)
Start importing Assets/_Barking_Dog/_3D Scifi Base Vol 1/Prefabs/_Build/P_Metal_Tube_02.prefab using Guid(fff4609093e0c463a8304f09f3604785) Importer(815301076,1909f56bfc062723c751e8b465ee728b) (PreviewImporter) -> (artifact id: 'cf555957789a5884c7bb9866b7574437') in 0.2326258 seconds
Number of updated asset objects reloaded before import = 0Number of asset objects unloaded after import = 61

========================================================================
Received Import Request.
  Time since last request: 0.000083 seconds.
  path: Assets/_Barking_Dog/_3D Scifi Base Vol 1/Prefabs/_Props/P_Laser_Fence_06.prefab
  artifactKey: Guid(19ccaadc457334542a80e5ff3172f1a9) Importer(815301076,1909f56bfc062723c751e8b465ee728b)
Start importing Assets/_Barking_Dog/_3D Scifi Base Vol 1/Prefabs/_Props/P_Laser_Fence_06.prefab using Guid(19ccaadc457334542a80e5ff3172f1a9) Importer(815301076,1909f56bfc062723c751e8b465ee728b) (PreviewImporter) -> (artifact id: 'f67269673de9230dc28b8d2e9ce36670') in 0.2342816 seconds
Number of updated asset objects reloaded before import = 0Number of asset objects unloaded after import = 48

========================================================================
Received Import Request.
  Time since last request: 0.000042 seconds.
  path: Assets/_Barking_Dog/_3D Scifi Base Vol 1/Prefabs/_Build/P_Wall_Angle_02.prefab
  artifactKey: Guid(5c6905cdf4e724ff2855c063304c6871) Importer(815301076,1909f56bfc062723c751e8b465ee728b)
Start importing Assets/_Barking_Dog/_3D Scifi Base Vol 1/Prefabs/_Build/P_Wall_Angle_02.prefab using Guid(5c6905cdf4e724ff2855c063304c6871) Importer(815301076,1909f56bfc062723c751e8b465ee728b) (PreviewImporter) -> (artifact id: 'c591de890079d744127ce73b7e34286a') in 0.2566433 seconds
Number of updated asset objects reloaded before import = 0Number of asset objects unloaded after import = 83

========================================================================
Received Import Request.
  Time since last request: 0.000061 seconds.
  path: Assets/_Barking_Dog/_3D Scifi Base Vol 1/SpeedTree/Conifer/Conifer_Desktop Materials/LOD2/Leaves_3.mat
  artifactKey: Guid(c487fc8e98a2a42488a6c0a36ccaec27) Importer(2089858483,b0f066a214c2f5e87bad3c948f4d605d)
Start importing Assets/_Barking_Dog/_3D Scifi Base Vol 1/SpeedTree/Conifer/Conifer_Desktop Materials/LOD2/Leaves_3.mat using Guid(c487fc8e98a2a42488a6c0a36ccaec27) Importer(2089858483,b0f066a214c2f5e87bad3c948f4d605d) (ScriptedImporter) -> (artifact id: '760e29da187a84ded6ee7ecd20da8409') in 0.6233983 seconds
Number of updated asset objects reloaded before import = 0Number of asset objects unloaded after import = 3

========================================================================
Received Import Request.
  Time since last request: 0.000047 seconds.
  path: Assets/_Barking_Dog/_3D Scifi Base Vol 1/Prefabs/_Build/P_Roof_Angle_01_B.prefab
  artifactKey: Guid(aac1909c881354af297d1425e033e22e) Importer(815301076,1909f56bfc062723c751e8b465ee728b)
Start importing Assets/_Barking_Dog/_3D Scifi Base Vol 1/Prefabs/_Build/P_Roof_Angle_01_B.prefab using Guid(aac1909c881354af297d1425e033e22e) Importer(815301076,1909f56bfc062723c751e8b465ee728b) (PreviewImporter) -> (artifact id: '861b2b66face6b1ccced5a2b17935e21') in 0.1933488 seconds
Number of updated asset objects reloaded before import = 0Number of asset objects unloaded after import = 23

========================================================================
Received Import Request.
  Time since last request: 0.000095 seconds.
  path: Assets/_Barking_Dog/_3D Scifi Base Vol 1/SpeedTree/Broadleaf/Broadleaf_Mobile Materials/Billboard.mat
  artifactKey: Guid(8c1755df5f552e843b9f8485f72e71f8) Importer(2089858483,b0f066a214c2f5e87bad3c948f4d605d)
Start importing Assets/_Barking_Dog/_3D Scifi Base Vol 1/SpeedTree/Broadleaf/Broadleaf_Mobile Materials/Billboard.mat using Guid(8c1755df5f552e843b9f8485f72e71f8) Importer(2089858483,b0f066a214c2f5e87bad3c948f4d605d) (ScriptedImporter) -> (artifact id: '1f20962c95d0bcad429cb613cd464767') in 0.0537418 seconds
Number of updated asset objects reloaded before import = 0Number of asset objects unloaded after import = 3

========================================================================
Received Import Request.
  Time since last request: 0.000034 seconds.
  path: Assets/_Barking_Dog/_3D Scifi Base Vol 1/Prefabs/_Props/P_Pillow_01.prefab
  artifactKey: Guid(81205f1e91f8a4f8bab126928d43e951) Importer(815301076,1909f56bfc062723c751e8b465ee728b)
Start importing Assets/_Barking_Dog/_3D Scifi Base Vol 1/Prefabs/_Props/P_Pillow_01.prefab using Guid(81205f1e91f8a4f8bab126928d43e951) Importer(815301076,1909f56bfc062723c751e8b465ee728b) (PreviewImporter) -> (artifact id: '64c94fba96a2052d1e39e7e9d7440aa3') in 0.3410755 seconds
Number of updated asset objects reloaded before import = 0Number of asset objects unloaded after import = 16

========================================================================
Received Import Request.
  Time since last request: 0.000064 seconds.
  path: Assets/_Barking_Dog/_3D Scifi Base Vol 1/Prefabs/_Props/P_Crate_Blue_Big_01.prefab
  artifactKey: Guid(a3361ac5826fa480790c9d2840d012ae) Importer(815301076,1909f56bfc062723c751e8b465ee728b)
Start importing Assets/_Barking_Dog/_3D Scifi Base Vol 1/Prefabs/_Props/P_Crate_Blue_Big_01.prefab using Guid(a3361ac5826fa480790c9d2840d012ae) Importer(815301076,1909f56bfc062723c751e8b465ee728b) (PreviewImporter) -> (artifact id: '6ff4cc99077e433d751ce889ad8be7cd') in 0.1462747 seconds
Number of updated asset objects reloaded before import = 0Number of asset objects unloaded after import = 22

========================================================================
Received Import Request.
  Time since last request: 0.000143 seconds.
  path: Assets/_Barking_Dog/_3D Scifi Base Vol 1/Prefabs/_Build/P_Rock_04.prefab
  artifactKey: Guid(773f41b08e0524398b0161bd36f7c1c1) Importer(815301076,1909f56bfc062723c751e8b465ee728b)
Start importing Assets/_Barking_Dog/_3D Scifi Base Vol 1/Prefabs/_Build/P_Rock_04.prefab using Guid(773f41b08e0524398b0161bd36f7c1c1) Importer(815301076,1909f56bfc062723c751e8b465ee728b) (PreviewImporter) -> (artifact id: 'e0859c64ba6ab1ad7c35dae7b424f83c') in 0.0322075 seconds
Number of updated asset objects reloaded before import = 0Number of asset objects unloaded after import = 14

========================================================================
Received Import Request.
  Time since last request: 0.000042 seconds.
  path: Assets/_Barking_Dog/_3D Scifi Base Vol 1/Prefabs/_Props/P_Computer_Dbl_05.prefab
  artifactKey: Guid(04ed93b6c9c9a45c7ac31c553816e921) Importer(815301076,1909f56bfc062723c751e8b465ee728b)
Start importing Assets/_Barking_Dog/_3D Scifi Base Vol 1/Prefabs/_Props/P_Computer_Dbl_05.prefab using Guid(04ed93b6c9c9a45c7ac31c553816e921) Importer(815301076,1909f56bfc062723c751e8b465ee728b) (PreviewImporter) -> (artifact id: 'fdf52666915063f978a2a80c32344847') in 0.870639 seconds
Number of updated asset objects reloaded before import = 0Number of asset objects unloaded after import = 277

========================================================================
Received Import Request.
  Time since last request: 0.000062 seconds.
  path: Assets/_Barking_Dog/_3D Scifi Base Vol 1/Prefabs/_Props/P_Trashcan_01.prefab
  artifactKey: Guid(8a461b5778979490d9812b288c6f6347) Importer(815301076,1909f56bfc062723c751e8b465ee728b)
Start importing Assets/_Barking_Dog/_3D Scifi Base Vol 1/Prefabs/_Props/P_Trashcan_01.prefab using Guid(8a461b5778979490d9812b288c6f6347) Importer(815301076,1909f56bfc062723c751e8b465ee728b) (PreviewImporter) -> (artifact id: '0b77e8c91cef208c843e5454dcd70965') in 0.1123627 seconds
Number of updated asset objects reloaded before import = 0Number of asset objects unloaded after import = 16

========================================================================
Received Import Request.
  Time since last request: 0.000051 seconds.
  path: Assets/_Barking_Dog/_3D Scifi Base Vol 1/Meshes/Materials/Light_Blue.mat
  artifactKey: Guid(a4f3d0120bb764b00b154daab5b869a8) Importer(2089858483,b0f066a214c2f5e87bad3c948f4d605d)
Start importing Assets/_Barking_Dog/_3D Scifi Base Vol 1/Meshes/Materials/Light_Blue.mat using Guid(a4f3d0120bb764b00b154daab5b869a8) Importer(2089858483,b0f066a214c2f5e87bad3c948f4d605d) (ScriptedImporter) -> (artifact id: '549aa47c15f18cfa2324ca545d18ac28') in 0.0121397 seconds
Number of updated asset objects reloaded before import = 0Number of asset objects unloaded after import = 1

========================================================================
Received Import Request.
  Time since last request: 0.000027 seconds.
  path: Assets/_Barking_Dog/_3D Scifi Base Vol 1/Prefabs/_Props/P_Reactor_07.prefab
  artifactKey: Guid(78dd5fe0404c940ff8b5cbaafd95e125) Importer(815301076,1909f56bfc062723c751e8b465ee728b)
Start importing Assets/_Barking_Dog/_3D Scifi Base Vol 1/Prefabs/_Props/P_Reactor_07.prefab using Guid(78dd5fe0404c940ff8b5cbaafd95e125) Importer(815301076,1909f56bfc062723c751e8b465ee728b) (PreviewImporter) -> (artifact id: '164ad36b0b07cb9aa4f134f8441cfd35') in 0.6650528 seconds
Number of updated asset objects reloaded before import = 0Number of asset objects unloaded after import = 227

========================================================================
Received Import Request.
  Time since last request: 0.000066 seconds.
  path: Assets/_Barking_Dog/_3D Scifi Base Vol 1/Prefabs/_Build/P_Plateforme_01.prefab
  artifactKey: Guid(1a300487d337b4e9082c9bf22cf1d99d) Importer(815301076,1909f56bfc062723c751e8b465ee728b)
Start importing Assets/_Barking_Dog/_3D Scifi Base Vol 1/Prefabs/_Build/P_Plateforme_01.prefab using Guid(1a300487d337b4e9082c9bf22cf1d99d) Importer(815301076,1909f56bfc062723c751e8b465ee728b) (PreviewImporter) -> (artifact id: '4cc6bfa3edabd8e4e00037ca73bff3a7') in 0.412192 seconds
Number of updated asset objects reloaded before import = 0Number of asset objects unloaded after import = 42

========================================================================
Received Import Request.
  Time since last request: 0.000085 seconds.
  path: Assets/_Barking_Dog/_3D Scifi Base Vol 1/Prefabs/_Build/P_Pipes_Insert_05.prefab
  artifactKey: Guid(63885e382038e4c0ab2408ed5ccef3e6) Importer(815301076,1909f56bfc062723c751e8b465ee728b)
Start importing Assets/_Barking_Dog/_3D Scifi Base Vol 1/Prefabs/_Build/P_Pipes_Insert_05.prefab using Guid(63885e382038e4c0ab2408ed5ccef3e6) Importer(815301076,1909f56bfc062723c751e8b465ee728b) (PreviewImporter) -> (artifact id: '7a765fcdce61f7dc69521410b38019a0') in 0.127508 seconds
Number of updated asset objects reloaded before import = 0Number of asset objects unloaded after import = 16

========================================================================
Received Import Request.
  Time since last request: 0.000052 seconds.
  path: Assets/_Barking_Dog/_3D Scifi Base Vol 1/SpeedTree/Conifer/Conifer_Desktop Materials/LOD0/Leaves_3.mat
  artifactKey: Guid(2bcb00d145ec17e4cad096cedfd84138) Importer(2089858483,b0f066a214c2f5e87bad3c948f4d605d)
Start importing Assets/_Barking_Dog/_3D Scifi Base Vol 1/SpeedTree/Conifer/Conifer_Desktop Materials/LOD0/Leaves_3.mat using Guid(2bcb00d145ec17e4cad096cedfd84138) Importer(2089858483,b0f066a214c2f5e87bad3c948f4d605d) (ScriptedImporter) -> (artifact id: 'd66f8905ca78bc1e85caa2afe45d652a') in 0.0206941 seconds
Number of updated asset objects reloaded before import = 0Number of asset objects unloaded after import = 3

========================================================================
Received Import Request.
  Time since last request: 0.000104 seconds.
  path: Assets/_Barking_Dog/_3D Scifi Base Vol 1/Prefabs/_Build/P_Roof_Cache_06_B.prefab
  artifactKey: Guid(f1ff07bf5ce2647c3ae6ca81a0a59f4d) Importer(815301076,1909f56bfc062723c751e8b465ee728b)
Start importing Assets/_Barking_Dog/_3D Scifi Base Vol 1/Prefabs/_Build/P_Roof_Cache_06_B.prefab using Guid(f1ff07bf5ce2647c3ae6ca81a0a59f4d) Importer(815301076,1909f56bfc062723c751e8b465ee728b) (PreviewImporter) -> (artifact id: 'c8239243e19b46758cfe3a9534a4624d') in 0.1076254 seconds
Number of updated asset objects reloaded before import = 0Number of asset objects unloaded after import = 16

========================================================================
Received Import Request.
  Time since last request: 0.000056 seconds.
  path: Assets/_Barking_Dog/_3D Scifi Base Vol 1/Prefabs/_Props/P_Solar_Panel_02.prefab
  artifactKey: Guid(b57afd488984347b4bf1df9db1ca5552) Importer(815301076,1909f56bfc062723c751e8b465ee728b)
Start importing Assets/_Barking_Dog/_3D Scifi Base Vol 1/Prefabs/_Props/P_Solar_Panel_02.prefab using Guid(b57afd488984347b4bf1df9db1ca5552) Importer(815301076,1909f56bfc062723c751e8b465ee728b) (PreviewImporter) -> (artifact id: '5a6b34f03a77e9988b35df2aa9a19e24') in 0.3051604 seconds
Number of updated asset objects reloaded before import = 0Number of asset objects unloaded after import = 47

========================================================================
Received Import Request.
  Time since last request: 0.000051 seconds.
  path: Assets/_Barking_Dog/_3D Scifi Base Vol 1/Meshes/Materials/Wall_Atlas_06_Dif.mat
  artifactKey: Guid(14048f322290c4011b3c46546da90f66) Importer(2089858483,b0f066a214c2f5e87bad3c948f4d605d)
Start importing Assets/_Barking_Dog/_3D Scifi Base Vol 1/Meshes/Materials/Wall_Atlas_06_Dif.mat using Guid(14048f322290c4011b3c46546da90f66) Importer(2089858483,b0f066a214c2f5e87bad3c948f4d605d) (ScriptedImporter) -> (artifact id: 'c6b9962d89b60e1eb32f1236f07da7b7') in 0.1042057 seconds
Number of updated asset objects reloaded before import = 0Number of asset objects unloaded after import = 6

========================================================================
Received Import Request.
  Time since last request: 0.000079 seconds.
  path: Assets/_Barking_Dog/_3D Scifi Base Vol 1/SpeedTree/Conifer/Conifer_Desktop Materials/LOD0/Fronds_2.mat
  artifactKey: Guid(0aa00c0212e047047aa5a1ce93b07f49) Importer(2089858483,b0f066a214c2f5e87bad3c948f4d605d)
Start importing Assets/_Barking_Dog/_3D Scifi Base Vol 1/SpeedTree/Conifer/Conifer_Desktop Materials/LOD0/Fronds_2.mat using Guid(0aa00c0212e047047aa5a1ce93b07f49) Importer(2089858483,b0f066a214c2f5e87bad3c948f4d605d) (ScriptedImporter) -> (artifact id: '1b28d402c1431bcef6094aa2d48f8b6e') in 0.4612543 seconds
Number of updated asset objects reloaded before import = 0Number of asset objects unloaded after import = 3

========================================================================
Received Import Request.
  Time since last request: 0.000033 seconds.
  path: Assets/_Barking_Dog/_3D Scifi Base Vol 1/Prefabs/_Props/P_Table_Laptop_01.prefab
  artifactKey: Guid(da3259ccad74245bc8111d7fa34eac7d) Importer(815301076,1909f56bfc062723c751e8b465ee728b)
Start importing Assets/_Barking_Dog/_3D Scifi Base Vol 1/Prefabs/_Props/P_Table_Laptop_01.prefab using Guid(da3259ccad74245bc8111d7fa34eac7d) Importer(815301076,1909f56bfc062723c751e8b465ee728b) (PreviewImporter) -> (artifact id: 'faa3206d67648d583cb875449f756c18') in 0.402007 seconds
Number of updated asset objects reloaded before import = 0Number of asset objects unloaded after import = 71

========================================================================
Received Import Request.
  Time since last request: 0.000068 seconds.
  path: Assets/_Barking_Dog/_3D Scifi Base Vol 1/Textures/Screen_04.mat
  artifactKey: Guid(74a97ed4ace174514bb59c6e6fa8f89e) Importer(2089858483,b0f066a214c2f5e87bad3c948f4d605d)
Start importing Assets/_Barking_Dog/_3D Scifi Base Vol 1/Textures/Screen_04.mat using Guid(74a97ed4ace174514bb59c6e6fa8f89e) Importer(2089858483,b0f066a214c2f5e87bad3c948f4d605d) (ScriptedImporter) -> (artifact id: '59b0decb17c892d04611af8bf6eba08e') in 0.0279943 seconds
Number of updated asset objects reloaded before import = 0Number of asset objects unloaded after import = 2

========================================================================
Received Import Request.
  Time since last request: 0.000054 seconds.
  path: Assets/_Barking_Dog/_3D Scifi Base Vol 1/Meshes/Materials/Rocks_Dif.mat
  artifactKey: Guid(0baf9f617c5b3469c896365d92861c3c) Importer(2089858483,b0f066a214c2f5e87bad3c948f4d605d)
Start importing Assets/_Barking_Dog/_3D Scifi Base Vol 1/Meshes/Materials/Rocks_Dif.mat using Guid(0baf9f617c5b3469c896365d92861c3c) Importer(2089858483,b0f066a214c2f5e87bad3c948f4d605d) (ScriptedImporter) -> (artifact id: 'd00d43931135cf6a591e9951f2699eff') in 0.014658 seconds
Number of updated asset objects reloaded before import = 0Number of asset objects unloaded after import = 4

========================================================================
Received Import Request.
  Time since last request: 0.000060 seconds.
  path: Assets/_Barking_Dog/_3D Scifi Base Vol 1/SpeedTree/Broadleaf/Broadleaf_Desktop Materials/LOD0/Fronds_2.mat
  artifactKey: Guid(e6a8e6ae86a5b904eb64f573f145ecde) Importer(2089858483,b0f066a214c2f5e87bad3c948f4d605d)
Start importing Assets/_Barking_Dog/_3D Scifi Base Vol 1/SpeedTree/Broadleaf/Broadleaf_Desktop Materials/LOD0/Fronds_2.mat using Guid(e6a8e6ae86a5b904eb64f573f145ecde) Importer(2089858483,b0f066a214c2f5e87bad3c948f4d605d) (ScriptedImporter) -> (artifact id: '42e1285f3b86fc65180977d9134707e5') in 0.077532 seconds
Number of updated asset objects reloaded before import = 0Number of asset objects unloaded after import = 3

========================================================================
Received Import Request.
  Time since last request: 0.000040 seconds.
  path: Assets/_Barking_Dog/_3D Scifi Base Vol 1/SpeedTree/Conifer/Conifer_Desktop Materials/LOD0/Branches_1.mat
  artifactKey: Guid(fdb77c3917027234db7a7792019eda2e) Importer(2089858483,b0f066a214c2f5e87bad3c948f4d605d)
Start importing Assets/_Barking_Dog/_3D Scifi Base Vol 1/SpeedTree/Conifer/Conifer_Desktop Materials/LOD0/Branches_1.mat using Guid(fdb77c3917027234db7a7792019eda2e) Importer(2089858483,b0f066a214c2f5e87bad3c948f4d605d) (ScriptedImporter) -> (artifact id: 'f65e36e28744ec5592b0ac6179902b42') in 0.4033553 seconds
Number of updated asset objects reloaded before import = 0Number of asset objects unloaded after import = 3

========================================================================
Received Import Request.
  Time since last request: 0.000051 seconds.
  path: Assets/_Barking_Dog/_3D Scifi Base Vol 1/Prefabs/_Props/P_Table_Big_01.prefab
  artifactKey: Guid(66503501027224404a1c6c5721886c1b) Importer(815301076,1909f56bfc062723c751e8b465ee728b)
Start importing Assets/_Barking_Dog/_3D Scifi Base Vol 1/Prefabs/_Props/P_Table_Big_01.prefab using Guid(66503501027224404a1c6c5721886c1b) Importer(815301076,1909f56bfc062723c751e8b465ee728b) (PreviewImporter) -> (artifact id: '3bc4ed68be48f59f2b4a4f04d414864c') in 0.3053087 seconds
Number of updated asset objects reloaded before import = 0Number of asset objects unloaded after import = 66

========================================================================
Received Import Request.
  Time since last request: 0.000047 seconds.
  path: Assets/_Barking_Dog/_3D Scifi Base Vol 1/Prefabs/_Build/P_Roof_Cache_01.prefab
  artifactKey: Guid(b15bd0d5d35df40b1a89499cfd46f629) Importer(815301076,1909f56bfc062723c751e8b465ee728b)
Start importing Assets/_Barking_Dog/_3D Scifi Base Vol 1/Prefabs/_Build/P_Roof_Cache_01.prefab using Guid(b15bd0d5d35df40b1a89499cfd46f629) Importer(815301076,1909f56bfc062723c751e8b465ee728b) (PreviewImporter) -> (artifact id: '2ba1f00c7541e1e9e8aecb0e7b887cf0') in 0.1196247 seconds
Number of updated asset objects reloaded before import = 0Number of asset objects unloaded after import = 15

========================================================================
Received Import Request.
  Time since last request: 0.000119 seconds.
  path: Assets/_Barking_Dog/_3D Scifi Base Vol 1/Prefabs/_Build/P_Roof_Cache_09.prefab
  artifactKey: Guid(d526f8f618e404a608f6d7a21fb761df) Importer(815301076,1909f56bfc062723c751e8b465ee728b)
Start importing Assets/_Barking_Dog/_3D Scifi Base Vol 1/Prefabs/_Build/P_Roof_Cache_09.prefab using Guid(d526f8f618e404a608f6d7a21fb761df) Importer(815301076,1909f56bfc062723c751e8b465ee728b) (PreviewImporter) -> (artifact id: 'e98fbd36c6cc01b7dcccbb57f8ed1894') in 0.0965541 seconds
Number of updated asset objects reloaded before import = 0Number of asset objects unloaded after import = 15

========================================================================
Received Import Request.
  Time since last request: 0.000057 seconds.
  path: Assets/_Barking_Dog/_3D Scifi Base Vol 1/Prefabs/_Build/P_Corridor_HallRing_02.prefab
  artifactKey: Guid(3e5cbf27c389c4e048f99b86fd42c7ac) Importer(815301076,1909f56bfc062723c751e8b465ee728b)
Start importing Assets/_Barking_Dog/_3D Scifi Base Vol 1/Prefabs/_Build/P_Corridor_HallRing_02.prefab using Guid(3e5cbf27c389c4e048f99b86fd42c7ac) Importer(815301076,1909f56bfc062723c751e8b465ee728b) (PreviewImporter) -> (artifact id: 'cfed01fe7297ad95695030bc8c51f91b') in 0.2400361 seconds
Number of updated asset objects reloaded before import = 0Number of asset objects unloaded after import = 36

========================================================================
Received Import Request.
  Time since last request: 0.000042 seconds.
  path: Assets/_Barking_Dog/_3D Scifi Base Vol 1/Prefabs/_Props/P_Computer_02.prefab
  artifactKey: Guid(0527208ba5fc749d0b96d426a6fd231b) Importer(815301076,1909f56bfc062723c751e8b465ee728b)
Start importing Assets/_Barking_Dog/_3D Scifi Base Vol 1/Prefabs/_Props/P_Computer_02.prefab using Guid(0527208ba5fc749d0b96d426a6fd231b) Importer(815301076,1909f56bfc062723c751e8b465ee728b) (PreviewImporter) -> (artifact id: '031b7f4e376623ff2d0de532a35484e9') in 0.2276619 seconds
Number of updated asset objects reloaded before import = 0Number of asset objects unloaded after import = 40

========================================================================
Received Import Request.
  Time since last request: 0.000198 seconds.
  path: Assets/_Barking_Dog/_3D Scifi Base Vol 1/Prefabs/_Build/P_Wall_Half_01.prefab
  artifactKey: Guid(dff5fb494714f4ceeb21e2254b436743) Importer(815301076,1909f56bfc062723c751e8b465ee728b)
Start importing Assets/_Barking_Dog/_3D Scifi Base Vol 1/Prefabs/_Build/P_Wall_Half_01.prefab using Guid(dff5fb494714f4ceeb21e2254b436743) Importer(815301076,1909f56bfc062723c751e8b465ee728b) (PreviewImporter) -> (artifact id: '623456bb5a500fe35d662f5f152b5137') in 0.2385273 seconds
Number of updated asset objects reloaded before import = 0Number of asset objects unloaded after import = 34

========================================================================
Received Import Request.
  Time since last request: 0.000069 seconds.
  path: Assets/_Barking_Dog/_3D Scifi Base Vol 1/Meshes/Materials/Wall_Atlas_01_Dif.mat
  artifactKey: Guid(bdfae30a12356452fa899b3ea77907b3) Importer(2089858483,b0f066a214c2f5e87bad3c948f4d605d)
Start importing Assets/_Barking_Dog/_3D Scifi Base Vol 1/Meshes/Materials/Wall_Atlas_01_Dif.mat using Guid(bdfae30a12356452fa899b3ea77907b3) Importer(2089858483,b0f066a214c2f5e87bad3c948f4d605d) (ScriptedImporter) -> (artifact id: '70db65f6ae8f2627217d4cbaa87a5806') in 0.1188434 seconds
Number of updated asset objects reloaded before import = 0Number of asset objects unloaded after import = 6

========================================================================
Received Import Request.
  Time since last request: 0.000083 seconds.
  path: Assets/_Barking_Dog/_3D Scifi Base Vol 1/Prefabs/_Build/P_Rock_01.prefab
  artifactKey: Guid(34e5e22a4a32f4845a77daedb9bdd715) Importer(815301076,1909f56bfc062723c751e8b465ee728b)
Start importing Assets/_Barking_Dog/_3D Scifi Base Vol 1/Prefabs/_Build/P_Rock_01.prefab using Guid(34e5e22a4a32f4845a77daedb9bdd715) Importer(815301076,1909f56bfc062723c751e8b465ee728b) (PreviewImporter) -> (artifact id: '49bd5aaff394d08267e95e17293f8305') in 0.0160515 seconds
Number of updated asset objects reloaded before import = 0Number of asset objects unloaded after import = 14

========================================================================
Received Import Request.
  Time since last request: 0.000033 seconds.
  path: Assets/_Barking_Dog/_3D Scifi Base Vol 1/Prefabs/_Build/P_Articulated_Support_01.prefab
  artifactKey: Guid(165f7f4059f494d238e2e468529c3806) Importer(815301076,1909f56bfc062723c751e8b465ee728b)
Start importing Assets/_Barking_Dog/_3D Scifi Base Vol 1/Prefabs/_Build/P_Articulated_Support_01.prefab using Guid(165f7f4059f494d238e2e468529c3806) Importer(815301076,1909f56bfc062723c751e8b465ee728b) (PreviewImporter) -> (artifact id: 'dd8ff76ba93c9cf3099b4b0269809347') in 0.2313595 seconds
Number of updated asset objects reloaded before import = 0Number of asset objects unloaded after import = 34

========================================================================
Received Import Request.
  Time since last request: 0.000054 seconds.
  path: Assets/_Barking_Dog/_3D Scifi Base Vol 1/Prefabs/_Build/P_Circular_Plateform_02.prefab
  artifactKey: Guid(4c3472220ea174b31833b81ce6d7bb4d) Importer(815301076,1909f56bfc062723c751e8b465ee728b)
Start importing Assets/_Barking_Dog/_3D Scifi Base Vol 1/Prefabs/_Build/P_Circular_Plateform_02.prefab using Guid(4c3472220ea174b31833b81ce6d7bb4d) Importer(815301076,1909f56bfc062723c751e8b465ee728b) (PreviewImporter) -> (artifact id: 'e9fd5099812218ee77e8e99941795a6f') in 0.342398 seconds
Number of updated asset objects reloaded before import = 0Number of asset objects unloaded after import = 97

========================================================================
Received Import Request.
  Time since last request: 0.000058 seconds.
  path: Assets/_Barking_Dog/_3D Scifi Base Vol 1/Prefabs/_Props/P_Laser_Fence_03.prefab
  artifactKey: Guid(405e846282a234e17adfbf5b39c5a58f) Importer(815301076,1909f56bfc062723c751e8b465ee728b)
Start importing Assets/_Barking_Dog/_3D Scifi Base Vol 1/Prefabs/_Props/P_Laser_Fence_03.prefab using Guid(405e846282a234e17adfbf5b39c5a58f) Importer(815301076,1909f56bfc062723c751e8b465ee728b) (PreviewImporter) -> (artifact id: '5c935c1ba5fb46b331f8febbc645421e') in 0.2202764 seconds
Number of updated asset objects reloaded before import = 0Number of asset objects unloaded after import = 22

========================================================================
Received Import Request.
  Time since last request: 0.000105 seconds.
  path: Assets/_Barking_Dog/_3D Scifi Base Vol 1/Prefabs/_Build/P_Wall_Normal_04.prefab
  artifactKey: Guid(a5351b7b2491e4d75853bce3926e139b) Importer(815301076,1909f56bfc062723c751e8b465ee728b)
Start importing Assets/_Barking_Dog/_3D Scifi Base Vol 1/Prefabs/_Build/P_Wall_Normal_04.prefab using Guid(a5351b7b2491e4d75853bce3926e139b) Importer(815301076,1909f56bfc062723c751e8b465ee728b) (PreviewImporter) -> (artifact id: '2bbdaea3715560791c34390609b01a8d') in 0.377675 seconds
Number of updated asset objects reloaded before import = 0Number of asset objects unloaded after import = 31

========================================================================
Received Import Request.
  Time since last request: 0.000081 seconds.
  path: Assets/_Barking_Dog/_3D Scifi Base Vol 1/Prefabs/_Build/P_Glass_Tube_03.prefab
  artifactKey: Guid(73fe4169100e9481cb41ca1c6c2aa837) Importer(815301076,1909f56bfc062723c751e8b465ee728b)
Start importing Assets/_Barking_Dog/_3D Scifi Base Vol 1/Prefabs/_Build/P_Glass_Tube_03.prefab using Guid(73fe4169100e9481cb41ca1c6c2aa837) Importer(815301076,1909f56bfc062723c751e8b465ee728b) (PreviewImporter) -> (artifact id: '1904bb6c206f74724542ee0675588d0c') in 0.2148719 seconds
Number of updated asset objects reloaded before import = 0Number of asset objects unloaded after import = 77

========================================================================
Received Import Request.
  Time since last request: 0.000068 seconds.
  path: Assets/_Barking_Dog/_3D Scifi Base Vol 1/Prefabs/_Build/P_Wall_Grid_01.prefab
  artifactKey: Guid(3ffbd774c20744941aebddb930990572) Importer(815301076,1909f56bfc062723c751e8b465ee728b)
Start importing Assets/_Barking_Dog/_3D Scifi Base Vol 1/Prefabs/_Build/P_Wall_Grid_01.prefab using Guid(3ffbd774c20744941aebddb930990572) Importer(815301076,1909f56bfc062723c751e8b465ee728b) (PreviewImporter) -> (artifact id: '7b586050bf682ca463a03f42ec5b32ab') in 9.0345834 seconds
Number of updated asset objects reloaded before import = 0Number of asset objects unloaded after import = 22

========================================================================
Received Import Request.
  Time since last request: 0.000062 seconds.
  path: Assets/_Barking_Dog/_3D Scifi Base Vol 1/Prefabs/_Build/P_Fence_03.prefab
  artifactKey: Guid(bfadb6ab212a14b658c7afb0d522163e) Importer(815301076,1909f56bfc062723c751e8b465ee728b)
Start importing Assets/_Barking_Dog/_3D Scifi Base Vol 1/Prefabs/_Build/P_Fence_03.prefab using Guid(bfadb6ab212a14b658c7afb0d522163e) Importer(815301076,1909f56bfc062723c751e8b465ee728b) (PreviewImporter) -> (artifact id: '55ca8a76d1342161d12c7a0221db113b') in 0.1194219 seconds
Number of updated asset objects reloaded before import = 0Number of asset objects unloaded after import = 24

========================================================================
Received Import Request.
  Time since last request: 0.000059 seconds.
  path: Assets/_Barking_Dog/_3D Scifi Base Vol 1/Prefabs/_Build/P_Circular_Plateform_01.prefab
  artifactKey: Guid(c25fa8c9932504ef389111f08026961c) Importer(815301076,1909f56bfc062723c751e8b465ee728b)
Start importing Assets/_Barking_Dog/_3D Scifi Base Vol 1/Prefabs/_Build/P_Circular_Plateform_01.prefab using Guid(c25fa8c9932504ef389111f08026961c) Importer(815301076,1909f56bfc062723c751e8b465ee728b) (PreviewImporter) -> (artifact id: 'afcc788b0bae3e6891b340d9417da1da') in 0.2353174 seconds
Number of updated asset objects reloaded before import = 0Number of asset objects unloaded after import = 66

========================================================================
Received Import Request.
  Time since last request: 0.000058 seconds.
  path: Assets/_Barking_Dog/_3D Scifi Base Vol 1/SpeedTree/Broadleaf/Broadleaf_Desktop Materials/LOD0/Branches_1.mat
  artifactKey: Guid(e621ee108fde15148a5e4b4ab67667b9) Importer(2089858483,b0f066a214c2f5e87bad3c948f4d605d)
Start importing Assets/_Barking_Dog/_3D Scifi Base Vol 1/SpeedTree/Broadleaf/Broadleaf_Desktop Materials/LOD0/Branches_1.mat using Guid(e621ee108fde15148a5e4b4ab67667b9) Importer(2089858483,b0f066a214c2f5e87bad3c948f4d605d) (ScriptedImporter) -> (artifact id: 'c7bbda295ca37d36c93d702055183982') in 0.0399634 seconds
Number of updated asset objects reloaded before import = 0Number of asset objects unloaded after import = 3

========================================================================
Received Import Request.
  Time since last request: 0.000074 seconds.
  path: Assets/_Barking_Dog/_3D Scifi Base Vol 1/Prefabs/_Build/P_Pipes_Insert_01.prefab
  artifactKey: Guid(3bb1d650f89824edb844c495fa0a02e8) Importer(815301076,1909f56bfc062723c751e8b465ee728b)
Start importing Assets/_Barking_Dog/_3D Scifi Base Vol 1/Prefabs/_Build/P_Pipes_Insert_01.prefab using Guid(3bb1d650f89824edb844c495fa0a02e8) Importer(815301076,1909f56bfc062723c751e8b465ee728b) (PreviewImporter) -> (artifact id: '9f835c973d65363a32b3b5347f89804c') in 0.1043202 seconds
Number of updated asset objects reloaded before import = 0Number of asset objects unloaded after import = 16

========================================================================
Received Import Request.
  Time since last request: 0.000042 seconds.
  path: Assets/_Barking_Dog/_3D Scifi Base Vol 1/Prefabs/_Build/P_Roof_Angle_01.prefab
  artifactKey: Guid(fd30fbef5a3ae48f6a67499cea71493c) Importer(815301076,1909f56bfc062723c751e8b465ee728b)
Start importing Assets/_Barking_Dog/_3D Scifi Base Vol 1/Prefabs/_Build/P_Roof_Angle_01.prefab using Guid(fd30fbef5a3ae48f6a67499cea71493c) Importer(815301076,1909f56bfc062723c751e8b465ee728b) (PreviewImporter) -> (artifact id: '3bb19b840647be1bf2f7c5b98648b1b3') in 0.3046076 seconds
Number of updated asset objects reloaded before import = 0Number of asset objects unloaded after import = 22

========================================================================
Received Import Request.
  Time since last request: 0.000062 seconds.
  path: Assets/_Barking_Dog/_3D Scifi Base Vol 1/Prefabs/_Build/P_Roof_Angle_04.prefab
  artifactKey: Guid(b415359564fa84b4c9d999c30745b652) Importer(815301076,1909f56bfc062723c751e8b465ee728b)
Start importing Assets/_Barking_Dog/_3D Scifi Base Vol 1/Prefabs/_Build/P_Roof_Angle_04.prefab using Guid(b415359564fa84b4c9d999c30745b652) Importer(815301076,1909f56bfc062723c751e8b465ee728b) (PreviewImporter) -> (artifact id: '61cf90e3cdcad5cf3aa9d37b2efd6a48') in 0.1008054 seconds
Number of updated asset objects reloaded before import = 0Number of asset objects unloaded after import = 15

========================================================================
Received Import Request.
  Time since last request: 0.000117 seconds.
  path: Assets/_Barking_Dog/_3D Scifi Base Vol 1/Prefabs/_Build/P_Wall_Angle_04.prefab
  artifactKey: Guid(522268933eff04a9da87faa2fa244931) Importer(815301076,1909f56bfc062723c751e8b465ee728b)
Start importing Assets/_Barking_Dog/_3D Scifi Base Vol 1/Prefabs/_Build/P_Wall_Angle_04.prefab using Guid(522268933eff04a9da87faa2fa244931) Importer(815301076,1909f56bfc062723c751e8b465ee728b) (PreviewImporter) -> (artifact id: '63bf05a3d65b462d9b9d50fff7ae3935') in 0.2881189 seconds
Number of updated asset objects reloaded before import = 0Number of asset objects unloaded after import = 21

========================================================================
Received Import Request.
  Time since last request: 0.000118 seconds.
  path: Assets/_Barking_Dog/_3D Scifi Base Vol 1/Prefabs/_Build/P_Roof_Light_01.prefab
  artifactKey: Guid(64d268ef6ce3e4a3e9e2940441d8a76f) Importer(815301076,1909f56bfc062723c751e8b465ee728b)
Start importing Assets/_Barking_Dog/_3D Scifi Base Vol 1/Prefabs/_Build/P_Roof_Light_01.prefab using Guid(64d268ef6ce3e4a3e9e2940441d8a76f) Importer(815301076,1909f56bfc062723c751e8b465ee728b) (PreviewImporter) -> (artifact id: '015e68e8fa8556ee1105ba4799e366be') in 0.1828661 seconds
Number of updated asset objects reloaded before import = 0Number of asset objects unloaded after import = 15

========================================================================
Received Import Request.
  Time since last request: 0.000062 seconds.
  path: Assets/_Barking_Dog/_3D Scifi Base Vol 1/Prefabs/_Build/P_Dome_Roof_01.prefab
  artifactKey: Guid(23ec0c2ff2c3e46a4ba3482710a40d5d) Importer(815301076,1909f56bfc062723c751e8b465ee728b)
Start importing Assets/_Barking_Dog/_3D Scifi Base Vol 1/Prefabs/_Build/P_Dome_Roof_01.prefab using Guid(23ec0c2ff2c3e46a4ba3482710a40d5d) Importer(815301076,1909f56bfc062723c751e8b465ee728b) (PreviewImporter) -> (artifact id: '2ee3d1295d76b64003d0f303c8d51400') in 0.1181288 seconds
Number of updated asset objects reloaded before import = 0Number of asset objects unloaded after import = 16

========================================================================
Received Import Request.
  Time since last request: 0.000050 seconds.
  path: Assets/_Barking_Dog/_3D Scifi Base Vol 1/Prefabs/_Props/P_Computer_Dbl_03.prefab
  artifactKey: Guid(3aa199ebb69b94a8da1d93951953fd81) Importer(815301076,1909f56bfc062723c751e8b465ee728b)
Start importing Assets/_Barking_Dog/_3D Scifi Base Vol 1/Prefabs/_Props/P_Computer_Dbl_03.prefab using Guid(3aa199ebb69b94a8da1d93951953fd81) Importer(815301076,1909f56bfc062723c751e8b465ee728b) (PreviewImporter) -> (artifact id: '36fdea675260ab77847a616e52541707') in 0.4049317 seconds
Number of updated asset objects reloaded before import = 0Number of asset objects unloaded after import = 105

========================================================================
Received Import Request.
  Time since last request: 0.000069 seconds.
  path: Assets/_Barking_Dog/_3D Scifi Base Vol 1/Prefabs/_Props/P_Laser_Fence_Ray.prefab
  artifactKey: Guid(769bbea3053a04f358e8d213b1b507fe) Importer(815301076,1909f56bfc062723c751e8b465ee728b)
Start importing Assets/_Barking_Dog/_3D Scifi Base Vol 1/Prefabs/_Props/P_Laser_Fence_Ray.prefab using Guid(769bbea3053a04f358e8d213b1b507fe) Importer(815301076,1909f56bfc062723c751e8b465ee728b) (PreviewImporter) -> (artifact id: 'aab6a417dedc807e743f5af8a5f448a4') in 0.0184471 seconds
Number of updated asset objects reloaded before import = 0Number of asset objects unloaded after import = 10

========================================================================
Received Import Request.
  Time since last request: 0.000098 seconds.
  path: Assets/_Barking_Dog/_3D Scifi Base Vol 1/SpeedTree/Broadleaf/Broadleaf_Desktop Materials/LOD0/FacingLeaves_4.mat
  artifactKey: Guid(d5b20def9c5c05748a01627738b94531) Importer(2089858483,b0f066a214c2f5e87bad3c948f4d605d)
Start importing Assets/_Barking_Dog/_3D Scifi Base Vol 1/SpeedTree/Broadleaf/Broadleaf_Desktop Materials/LOD0/FacingLeaves_4.mat using Guid(d5b20def9c5c05748a01627738b94531) Importer(2089858483,b0f066a214c2f5e87bad3c948f4d605d) (ScriptedImporter) -> (artifact id: 'f319e33aecf2dd3aac3645e472044df3') in 0.0198441 seconds
Number of updated asset objects reloaded before import = 0Number of asset objects unloaded after import = 3

========================================================================
Received Import Request.
  Time since last request: 0.000139 seconds.
  path: Assets/_Barking_Dog/_3D Scifi Base Vol 1/SpeedTree/Conifer/Conifer_Desktop Materials/Billboard.mat
  artifactKey: Guid(e625f56663597ef4899f86b588b4d506) Importer(2089858483,b0f066a214c2f5e87bad3c948f4d605d)
Start importing Assets/_Barking_Dog/_3D Scifi Base Vol 1/SpeedTree/Conifer/Conifer_Desktop Materials/Billboard.mat using Guid(e625f56663597ef4899f86b588b4d506) Importer(2089858483,b0f066a214c2f5e87bad3c948f4d605d) (ScriptedImporter) -> (artifact id: 'e2a9fd917762f515ce248ef6f3d13cc6') in 0.0795664 seconds
Number of updated asset objects reloaded before import = 0Number of asset objects unloaded after import = 3

========================================================================
Received Import Request.
  Time since last request: 0.000066 seconds.
  path: Assets/_Barking_Dog/_3D Scifi Base Vol 1/Prefabs/_Build/P_Floor_Small_01.prefab
  artifactKey: Guid(54ae45bc455ee40778396a777652f892) Importer(815301076,1909f56bfc062723c751e8b465ee728b)
Start importing Assets/_Barking_Dog/_3D Scifi Base Vol 1/Prefabs/_Build/P_Floor_Small_01.prefab using Guid(54ae45bc455ee40778396a777652f892) Importer(815301076,1909f56bfc062723c751e8b465ee728b) (PreviewImporter) -> (artifact id: '7b4f83993c6341e3227ab34030caeca9') in 0.1320193 seconds
Number of updated asset objects reloaded before import = 0Number of asset objects unloaded after import = 16

========================================================================
Received Import Request.
  Time since last request: 0.000271 seconds.
  path: Assets/_Barking_Dog/_3D Scifi Base Vol 1/Meshes/Materials/Light_Yellow.mat
  artifactKey: Guid(f3c43bc207f8d483d8539ca0cd66426c) Importer(2089858483,b0f066a214c2f5e87bad3c948f4d605d)
Start importing Assets/_Barking_Dog/_3D Scifi Base Vol 1/Meshes/Materials/Light_Yellow.mat using Guid(f3c43bc207f8d483d8539ca0cd66426c) Importer(2089858483,b0f066a214c2f5e87bad3c948f4d605d) (ScriptedImporter) -> (artifact id: 'fcb0ddc9655e63dda78c43a2972b99c3') in 0.0125198 seconds
Number of updated asset objects reloaded before import = 0Number of asset objects unloaded after import = 1

========================================================================
Received Import Request.
  Time since last request: 0.000059 seconds.
  path: Assets/_Barking_Dog/_3D Scifi Base Vol 1/Prefabs/_Build/P_Big_Support_01.prefab
  artifactKey: Guid(8e845c63c944f44b29886fca137a1b4c) Importer(815301076,1909f56bfc062723c751e8b465ee728b)
Start importing Assets/_Barking_Dog/_3D Scifi Base Vol 1/Prefabs/_Build/P_Big_Support_01.prefab using Guid(8e845c63c944f44b29886fca137a1b4c) Importer(815301076,1909f56bfc062723c751e8b465ee728b) (PreviewImporter) -> (artifact id: '1589c36faa08d4779590fe2cea106fb9') in 0.391141 seconds
Number of updated asset objects reloaded before import = 0Number of asset objects unloaded after import = 70

========================================================================
Received Import Request.
  Time since last request: 0.000049 seconds.
  path: Assets/_Barking_Dog/_3D Scifi Base Vol 1/Prefabs/_Build/P_Wall_Window_02.prefab
  artifactKey: Guid(1a596edae8d134646a04e83c2c438251) Importer(815301076,1909f56bfc062723c751e8b465ee728b)
Start importing Assets/_Barking_Dog/_3D Scifi Base Vol 1/Prefabs/_Build/P_Wall_Window_02.prefab using Guid(1a596edae8d134646a04e83c2c438251) Importer(815301076,1909f56bfc062723c751e8b465ee728b) (PreviewImporter) -> (artifact id: 'c82a29ebf26c4bd908a31ff2c0d9a074') in 0.3401266 seconds
Number of updated asset objects reloaded before import = 0Number of asset objects unloaded after import = 41

========================================================================
Received Import Request.
  Time since last request: 0.000058 seconds.
  path: Assets/_Barking_Dog/_3D Scifi Base Vol 1/Textures/Screen_02.mat
  artifactKey: Guid(3434a38242ca941518d1d5e12972b4ee) Importer(2089858483,b0f066a214c2f5e87bad3c948f4d605d)
Start importing Assets/_Barking_Dog/_3D Scifi Base Vol 1/Textures/Screen_02.mat using Guid(3434a38242ca941518d1d5e12972b4ee) Importer(2089858483,b0f066a214c2f5e87bad3c948f4d605d) (ScriptedImporter) -> (artifact id: '45587f344d8bfa2b6237fb975cb66bb9') in 0.0301101 seconds
Number of updated asset objects reloaded before import = 0Number of asset objects unloaded after import = 2

========================================================================
Received Import Request.
  Time since last request: 0.000076 seconds.
  path: Assets/_Barking_Dog/_3D Scifi Base Vol 1/SpeedTree/Broadleaf/Broadleaf_Mobile Materials/LOD0/Leaves_1.mat
  artifactKey: Guid(6c3b3265bf0f7e547a1ada8555f850a5) Importer(2089858483,b0f066a214c2f5e87bad3c948f4d605d)
Start importing Assets/_Barking_Dog/_3D Scifi Base Vol 1/SpeedTree/Broadleaf/Broadleaf_Mobile Materials/LOD0/Leaves_1.mat using Guid(6c3b3265bf0f7e547a1ada8555f850a5) Importer(2089858483,b0f066a214c2f5e87bad3c948f4d605d) (ScriptedImporter) -> (artifact id: '0357243682a2b57a9f3d9f483fee622f') in 0.0467156 seconds
Number of updated asset objects reloaded before import = 0Number of asset objects unloaded after import = 3

========================================================================
Received Import Request.
  Time since last request: 0.000059 seconds.
  path: Assets/_Barking_Dog/_3D Scifi Base Vol 1/Prefabs/_Props/P_Char_01.prefab
  artifactKey: Guid(bd7ebf83bccfb4cbd942c996f40485f9) Importer(815301076,1909f56bfc062723c751e8b465ee728b)
Start importing Assets/_Barking_Dog/_3D Scifi Base Vol 1/Prefabs/_Props/P_Char_01.prefab using Guid(bd7ebf83bccfb4cbd942c996f40485f9) Importer(815301076,1909f56bfc062723c751e8b465ee728b) (PreviewImporter) -> (artifact id: '1f71bb5728b45244f389ea925bae98f2') in 0.1675072 seconds
Number of updated asset objects reloaded before import = 0Number of asset objects unloaded after import = 27

========================================================================
Received Import Request.
  Time since last request: 0.000054 seconds.
  path: Assets/_Barking_Dog/_3D Scifi Base Vol 1/SpeedTree/Broadleaf/Broadleaf_Desktop Materials/LOD1/Leaves_3.mat
  artifactKey: Guid(21b01056ea59b814f9ae15d8e6bb3aac) Importer(2089858483,b0f066a214c2f5e87bad3c948f4d605d)
Start importing Assets/_Barking_Dog/_3D Scifi Base Vol 1/SpeedTree/Broadleaf/Broadleaf_Desktop Materials/LOD1/Leaves_3.mat using Guid(21b01056ea59b814f9ae15d8e6bb3aac) Importer(2089858483,b0f066a214c2f5e87bad3c948f4d605d) (ScriptedImporter) -> (artifact id: '30d2435f98fb4be62f17e942a84f91e4') in 0.0170856 seconds
Number of updated asset objects reloaded before import = 0Number of asset objects unloaded after import = 3

========================================================================
Received Import Request.
  Time since last request: 0.000052 seconds.
  path: Assets/_Barking_Dog/_3D Scifi Base Vol 1/SpeedTree/Broadleaf/Broadleaf_Desktop Materials/LOD1/Fronds_2.mat
  artifactKey: Guid(57225f817366f704fb9b710e3865030d) Importer(2089858483,b0f066a214c2f5e87bad3c948f4d605d)
Start importing Assets/_Barking_Dog/_3D Scifi Base Vol 1/SpeedTree/Broadleaf/Broadleaf_Desktop Materials/LOD1/Fronds_2.mat using Guid(57225f817366f704fb9b710e3865030d) Importer(2089858483,b0f066a214c2f5e87bad3c948f4d605d) (ScriptedImporter) -> (artifact id: '9b44bbc901b10e09e45495b1c3e4fc3f') in 0.0160255 seconds
Number of updated asset objects reloaded before import = 0Number of asset objects unloaded after import = 3

========================================================================
Received Import Request.
  Time since last request: 0.000048 seconds.
  path: Assets/_Barking_Dog/_3D Scifi Base Vol 1/Meshes/Materials/Light_White.mat
  artifactKey: Guid(b421dfc5bf58947e2aed4b3d4cd60ce4) Importer(2089858483,b0f066a214c2f5e87bad3c948f4d605d)
Start importing Assets/_Barking_Dog/_3D Scifi Base Vol 1/Meshes/Materials/Light_White.mat using Guid(b421dfc5bf58947e2aed4b3d4cd60ce4) Importer(2089858483,b0f066a214c2f5e87bad3c948f4d605d) (ScriptedImporter) -> (artifact id: '500dfae5cbcb9ccf59f0992dad4b8dc2') in 0.0114373 seconds
Number of updated asset objects reloaded before import = 0Number of asset objects unloaded after import = 1

========================================================================
Received Import Request.
  Time since last request: 0.000057 seconds.
  path: Assets/_Barking_Dog/_3D Scifi Base Vol 1/Prefabs/_Props/P_Bed_Double_01.prefab
  artifactKey: Guid(87beb341ff04e43e2a8d6905cf0c2b10) Importer(815301076,1909f56bfc062723c751e8b465ee728b)
Start importing Assets/_Barking_Dog/_3D Scifi Base Vol 1/Prefabs/_Props/P_Bed_Double_01.prefab using Guid(87beb341ff04e43e2a8d6905cf0c2b10) Importer(815301076,1909f56bfc062723c751e8b465ee728b) (PreviewImporter) -> (artifact id: 'e042a643486355362d107a5bc395c1a2') in 0.3417789 seconds
Number of updated asset objects reloaded before import = 0Number of asset objects unloaded after import = 63

========================================================================
Received Import Request.
  Time since last request: 0.000059 seconds.
  path: Assets/_Barking_Dog/_3D Scifi Base Vol 1/Prefabs/_Props/P_Wall_Heal_01.prefab
  artifactKey: Guid(bc6a928e3b2e44296b0ec43134239344) Importer(815301076,1909f56bfc062723c751e8b465ee728b)
Start importing Assets/_Barking_Dog/_3D Scifi Base Vol 1/Prefabs/_Props/P_Wall_Heal_01.prefab using Guid(bc6a928e3b2e44296b0ec43134239344) Importer(815301076,1909f56bfc062723c751e8b465ee728b) (PreviewImporter) -> (artifact id: 'ab4320067ebe5708594f1fefe86362ca') in 0.2395142 seconds
Number of updated asset objects reloaded before import = 0Number of asset objects unloaded after import = 22

========================================================================
Received Import Request.
  Time since last request: 0.000055 seconds.
  path: Assets/_Barking_Dog/_3D Scifi Base Vol 1/Prefabs/_Build/P_Ring_Light_01.prefab
  artifactKey: Guid(9942c66f5a2474bf88a6e4d4ccb379bd) Importer(815301076,1909f56bfc062723c751e8b465ee728b)
Start importing Assets/_Barking_Dog/_3D Scifi Base Vol 1/Prefabs/_Build/P_Ring_Light_01.prefab using Guid(9942c66f5a2474bf88a6e4d4ccb379bd) Importer(815301076,1909f56bfc062723c751e8b465ee728b) (PreviewImporter) -> (artifact id: 'fad615af78ebeb59c25ceda7a3a202ac') in 0.3503693 seconds
Number of updated asset objects reloaded before import = 0Number of asset objects unloaded after import = 28

========================================================================
Received Import Request.
  Time since last request: 0.000061 seconds.
  path: Assets/_Barking_Dog/_3D Scifi Base Vol 1/Prefabs/_Build/P_Pipes_Insert_06.prefab
  artifactKey: Guid(67f2a2a06e674499a86aa69deccab9b0) Importer(815301076,1909f56bfc062723c751e8b465ee728b)
Start importing Assets/_Barking_Dog/_3D Scifi Base Vol 1/Prefabs/_Build/P_Pipes_Insert_06.prefab using Guid(67f2a2a06e674499a86aa69deccab9b0) Importer(815301076,1909f56bfc062723c751e8b465ee728b) (PreviewImporter) -> (artifact id: '7711c67c6bc701338159e00fab937d2b') in 0.1162826 seconds
Number of updated asset objects reloaded before import = 0Number of asset objects unloaded after import = 15

========================================================================
Received Import Request.
  Time since last request: 0.000127 seconds.
  path: Assets/_Barking_Dog/_3D Scifi Base Vol 1/SpeedTree/Conifer/Conifer_Desktop Materials/LOD1/Branches_1.mat
  artifactKey: Guid(fecc9f713338e4943a8c38775af8c046) Importer(2089858483,b0f066a214c2f5e87bad3c948f4d605d)
Start importing Assets/_Barking_Dog/_3D Scifi Base Vol 1/SpeedTree/Conifer/Conifer_Desktop Materials/LOD1/Branches_1.mat using Guid(fecc9f713338e4943a8c38775af8c046) Importer(2089858483,b0f066a214c2f5e87bad3c948f4d605d) (ScriptedImporter) -> (artifact id: 'c679448a3d48c7c37672c7a6692d2e0c') in 0.019837 seconds
Number of updated asset objects reloaded before import = 0Number of asset objects unloaded after import = 3

========================================================================
Received Import Request.
  Time since last request: 0.000047 seconds.
  path: Assets/_Barking_Dog/_3D Scifi Base Vol 1/Prefabs/_Props/P_Char_02.prefab
  artifactKey: Guid(42b9d7d02d46c49628d750a03d4ba7c6) Importer(815301076,1909f56bfc062723c751e8b465ee728b)
Start importing Assets/_Barking_Dog/_3D Scifi Base Vol 1/Prefabs/_Props/P_Char_02.prefab using Guid(42b9d7d02d46c49628d750a03d4ba7c6) Importer(815301076,1909f56bfc062723c751e8b465ee728b) (PreviewImporter) -> (artifact id: 'e31d25f84a94af972efead70379ff94d') in 0.1661424 seconds
Number of updated asset objects reloaded before import = 0Number of asset objects unloaded after import = 24

========================================================================
Received Import Request.
  Time since last request: 0.000057 seconds.
  path: Assets/_Barking_Dog/_3D Scifi Base Vol 1/Prefabs/_Props/P_Char_03.prefab
  artifactKey: Guid(9159071179cfa43b8b89dcc0bb70463f) Importer(815301076,1909f56bfc062723c751e8b465ee728b)
Start importing Assets/_Barking_Dog/_3D Scifi Base Vol 1/Prefabs/_Props/P_Char_03.prefab using Guid(9159071179cfa43b8b89dcc0bb70463f) Importer(815301076,1909f56bfc062723c751e8b465ee728b) (PreviewImporter) -> (artifact id: '01c4bf8b4bc7ee1552edaa564ef8f334') in 0.142661 seconds
Number of updated asset objects reloaded before import = 0Number of asset objects unloaded after import = 38

========================================================================
Received Import Request.
  Time since last request: 0.000056 seconds.
  path: Assets/_Barking_Dog/_3D Scifi Base Vol 1/Prefabs/_Build/P_Wall_Normal_01.prefab
  artifactKey: Guid(8722399cf1a2245269db6be7947bfbbd) Importer(815301076,1909f56bfc062723c751e8b465ee728b)
Start importing Assets/_Barking_Dog/_3D Scifi Base Vol 1/Prefabs/_Build/P_Wall_Normal_01.prefab using Guid(8722399cf1a2245269db6be7947bfbbd) Importer(815301076,1909f56bfc062723c751e8b465ee728b) (PreviewImporter) -> (artifact id: 'beae51e9924ba2ec4d5ebdfe17fa9cad') in 0.2973576 seconds
Number of updated asset objects reloaded before import = 0Number of asset objects unloaded after import = 40

========================================================================
Received Import Request.
  Time since last request: 0.000051 seconds.
  path: Assets/_Barking_Dog/_3D Scifi Base Vol 1/Prefabs/_Build/P_Wall_Normal_03.prefab
  artifactKey: Guid(a8efbe29732a24afd8f05a97682594de) Importer(815301076,1909f56bfc062723c751e8b465ee728b)
Start importing Assets/_Barking_Dog/_3D Scifi Base Vol 1/Prefabs/_Build/P_Wall_Normal_03.prefab using Guid(a8efbe29732a24afd8f05a97682594de) Importer(815301076,1909f56bfc062723c751e8b465ee728b) (PreviewImporter) -> (artifact id: 'af7c1b243f17a893e52745d3cb891072') in 0.2902244 seconds
Number of updated asset objects reloaded before import = 0Number of asset objects unloaded after import = 40

========================================================================
Received Import Request.
  Time since last request: 0.000062 seconds.
  path: Assets/_Barking_Dog/_3D Scifi Base Vol 1/Prefabs/_Build/P_Fence_04.prefab
  artifactKey: Guid(29fa0debf313f44ab916497b96a2f6f7) Importer(815301076,1909f56bfc062723c751e8b465ee728b)
Start importing Assets/_Barking_Dog/_3D Scifi Base Vol 1/Prefabs/_Build/P_Fence_04.prefab using Guid(29fa0debf313f44ab916497b96a2f6f7) Importer(815301076,1909f56bfc062723c751e8b465ee728b) (PreviewImporter) -> (artifact id: '2876e1cda00309620486712b749358a1') in 0.1182379 seconds
Number of updated asset objects reloaded before import = 0Number of asset objects unloaded after import = 16

========================================================================
Received Import Request.
  Time since last request: 0.000040 seconds.
  path: Assets/_Barking_Dog/_3D Scifi Base Vol 1/Prefabs/_Props/P_Bench_01.prefab
  artifactKey: Guid(30a98c620fd704f458d1ad068fae8582) Importer(815301076,1909f56bfc062723c751e8b465ee728b)
Start importing Assets/_Barking_Dog/_3D Scifi Base Vol 1/Prefabs/_Props/P_Bench_01.prefab using Guid(30a98c620fd704f458d1ad068fae8582) Importer(815301076,1909f56bfc062723c751e8b465ee728b) (PreviewImporter) -> (artifact id: '63fff3a1c463ce85f6de0e5f826bce48') in 0.2316929 seconds
Number of updated asset objects reloaded before import = 0Number of asset objects unloaded after import = 27

========================================================================
Received Import Request.
  Time since last request: 0.000074 seconds.
  path: Assets/_Barking_Dog/_3D Scifi Base Vol 1/Prefabs/_Build/P_Roof_Normal_01_B.prefab
  artifactKey: Guid(aff8b9f967fd64371913e7346d3e17cf) Importer(815301076,1909f56bfc062723c751e8b465ee728b)
Start importing Assets/_Barking_Dog/_3D Scifi Base Vol 1/Prefabs/_Build/P_Roof_Normal_01_B.prefab using Guid(aff8b9f967fd64371913e7346d3e17cf) Importer(815301076,1909f56bfc062723c751e8b465ee728b) (PreviewImporter) -> (artifact id: 'c45d39e3026a138a9e5222c05e858ed1') in 0.1056249 seconds
Number of updated asset objects reloaded before import = 0Number of asset objects unloaded after import = 30

========================================================================
Received Import Request.
  Time since last request: 0.000047 seconds.
  path: Assets/_Barking_Dog/_3D Scifi Base Vol 1/Prefabs/_Build/P_Wall_Window_01.prefab
  artifactKey: Guid(5c0fc2c345dbf4468930ff723ffad84c) Importer(815301076,1909f56bfc062723c751e8b465ee728b)
Start importing Assets/_Barking_Dog/_3D Scifi Base Vol 1/Prefabs/_Build/P_Wall_Window_01.prefab using Guid(5c0fc2c345dbf4468930ff723ffad84c) Importer(815301076,1909f56bfc062723c751e8b465ee728b) (PreviewImporter) -> (artifact id: '12700cd2203d7b9513b23b2c39b7bc61') in 0.2270023 seconds
Number of updated asset objects reloaded before import = 0Number of asset objects unloaded after import = 41

========================================================================
Received Import Request.
  Time since last request: 0.000076 seconds.
  path: Assets/_Barking_Dog/_3D Scifi Base Vol 1/Prefabs/_Props/P_Computer_Dbl_02.prefab
  artifactKey: Guid(79da999ee4e6849628b51dc644792d12) Importer(815301076,1909f56bfc062723c751e8b465ee728b)
Start importing Assets/_Barking_Dog/_3D Scifi Base Vol 1/Prefabs/_Props/P_Computer_Dbl_02.prefab using Guid(79da999ee4e6849628b51dc644792d12) Importer(815301076,1909f56bfc062723c751e8b465ee728b) (PreviewImporter) -> (artifact id: '6bca45184102dcbac27937dd82b07232') in 0.3747125 seconds
Number of updated asset objects reloaded before import = 0Number of asset objects unloaded after import = 89

========================================================================
Received Import Request.
  Time since last request: 0.000102 seconds.
  path: Assets/_Barking_Dog/_3D Scifi Base Vol 1/SpeedTree/Broadleaf/Broadleaf_Desktop Materials/LOD2/FacingLeaves_4.mat
  artifactKey: Guid(d5222114580affc49a2af92470232e23) Importer(2089858483,b0f066a214c2f5e87bad3c948f4d605d)
Start importing Assets/_Barking_Dog/_3D Scifi Base Vol 1/SpeedTree/Broadleaf/Broadleaf_Desktop Materials/LOD2/FacingLeaves_4.mat using Guid(d5222114580affc49a2af92470232e23) Importer(2089858483,b0f066a214c2f5e87bad3c948f4d605d) (ScriptedImporter) -> (artifact id: '980a65b019ce254f656c2a86de2797a8') in 0.0300083 seconds
Number of updated asset objects reloaded before import = 0Number of asset objects unloaded after import = 3

========================================================================
Received Import Request.
  Time since last request: 0.000047 seconds.
  path: Assets/_Barking_Dog/_3D Scifi Base Vol 1/Prefabs/_Build/P_Ladder_01.prefab
  artifactKey: Guid(d81406cdfcaef40e8b663f452c0fda15) Importer(815301076,1909f56bfc062723c751e8b465ee728b)
Start importing Assets/_Barking_Dog/_3D Scifi Base Vol 1/Prefabs/_Build/P_Ladder_01.prefab using Guid(d81406cdfcaef40e8b663f452c0fda15) Importer(815301076,1909f56bfc062723c751e8b465ee728b) (PreviewImporter) -> (artifact id: '8c27ed5aa27b65fb2d8b3b7eac9f79fc') in 0.1031777 seconds
Number of updated asset objects reloaded before import = 0Number of asset objects unloaded after import = 16

========================================================================
Received Import Request.
  Time since last request: 0.000049 seconds.
  path: Assets/_Barking_Dog/_3D Scifi Base Vol 1/Prefabs/_Build/P_Wall_Angle_06.prefab
  artifactKey: Guid(6dd119b3998e440ffb59a924f1d3ef80) Importer(815301076,1909f56bfc062723c751e8b465ee728b)
Start importing Assets/_Barking_Dog/_3D Scifi Base Vol 1/Prefabs/_Build/P_Wall_Angle_06.prefab using Guid(6dd119b3998e440ffb59a924f1d3ef80) Importer(815301076,1909f56bfc062723c751e8b465ee728b) (PreviewImporter) -> (artifact id: '920c02b8d5313280ab884ec2c17c9c74') in 0.340462 seconds
Number of updated asset objects reloaded before import = 0Number of asset objects unloaded after import = 76

========================================================================
Received Import Request.
  Time since last request: 0.000079 seconds.
  path: Assets/_Barking_Dog/_3D Scifi Base Vol 1/Prefabs/_Props/P_Computer_Dbl_04.prefab
  artifactKey: Guid(c7d5702e210bf45cda462558ce486941) Importer(815301076,1909f56bfc062723c751e8b465ee728b)
Start importing Assets/_Barking_Dog/_3D Scifi Base Vol 1/Prefabs/_Props/P_Computer_Dbl_04.prefab using Guid(c7d5702e210bf45cda462558ce486941) Importer(815301076,1909f56bfc062723c751e8b465ee728b) (PreviewImporter) -> (artifact id: '6e51c54c626009e625db929742745838') in 0.3496599 seconds
Number of updated asset objects reloaded before import = 0Number of asset objects unloaded after import = 155

========================================================================
Received Import Request.
  Time since last request: 0.000076 seconds.
  path: Assets/_Barking_Dog/_3D Scifi Base Vol 1/Textures/Screen_01.mat
  artifactKey: Guid(8b6c1037bbebf4bdd8d31f114c466032) Importer(2089858483,b0f066a214c2f5e87bad3c948f4d605d)
Start importing Assets/_Barking_Dog/_3D Scifi Base Vol 1/Textures/Screen_01.mat using Guid(8b6c1037bbebf4bdd8d31f114c466032) Importer(2089858483,b0f066a214c2f5e87bad3c948f4d605d) (ScriptedImporter) -> (artifact id: '133eee776525ab9a8965911f172721e0') in 0.0090245 seconds
Number of updated asset objects reloaded before import = 0Number of asset objects unloaded after import = 2

========================================================================
Received Import Request.
  Time since last request: 0.000051 seconds.
  path: Assets/_Barking_Dog/_3D Scifi Base Vol 1/SpeedTree/Broadleaf/Broadleaf_Desktop Materials/LOD2/Fronds_2.mat
  artifactKey: Guid(ee0b78d572fcec249860ad38970b7888) Importer(2089858483,b0f066a214c2f5e87bad3c948f4d605d)
Start importing Assets/_Barking_Dog/_3D Scifi Base Vol 1/SpeedTree/Broadleaf/Broadleaf_Desktop Materials/LOD2/Fronds_2.mat using Guid(ee0b78d572fcec249860ad38970b7888) Importer(2089858483,b0f066a214c2f5e87bad3c948f4d605d) (ScriptedImporter) -> (artifact id: '200e2371dae2c0ad6e0a6fe2e3179470') in 0.028895 seconds
Number of updated asset objects reloaded before import = 0Number of asset objects unloaded after import = 3

========================================================================
Received Import Request.
  Time since last request: 0.000038 seconds.
  path: Assets/_Barking_Dog/_3D Scifi Base Vol 1/Prefabs/_Build/P_Wall_Angle_03.prefab
  artifactKey: Guid(b1d96ec2fca214bfa84bf63644b4b4a2) Importer(815301076,1909f56bfc062723c751e8b465ee728b)
Start importing Assets/_Barking_Dog/_3D Scifi Base Vol 1/Prefabs/_Build/P_Wall_Angle_03.prefab using Guid(b1d96ec2fca214bfa84bf63644b4b4a2) Importer(815301076,1909f56bfc062723c751e8b465ee728b) (PreviewImporter) -> (artifact id: '526505351974394fdcc8be775ab0a30a') in 0.2248807 seconds
Number of updated asset objects reloaded before import = 0Number of asset objects unloaded after import = 21

========================================================================
Received Import Request.
  Time since last request: 0.000070 seconds.
  path: Assets/_Barking_Dog/_3D Scifi Base Vol 1/SpeedTree/Conifer/Conifer_Desktop Materials/LOD1/Leaves_3.mat
  artifactKey: Guid(e6751882f7503bd4f9c6c3902e8b6188) Importer(2089858483,b0f066a214c2f5e87bad3c948f4d605d)
Start importing Assets/_Barking_Dog/_3D Scifi Base Vol 1/SpeedTree/Conifer/Conifer_Desktop Materials/LOD1/Leaves_3.mat using Guid(e6751882f7503bd4f9c6c3902e8b6188) Importer(2089858483,b0f066a214c2f5e87bad3c948f4d605d) (ScriptedImporter) -> (artifact id: '1ffdf4a5303c20df7b0768f07d2c9ef1') in 0.0226195 seconds
Number of updated asset objects reloaded before import = 0Number of asset objects unloaded after import = 3

========================================================================
Received Import Request.
  Time since last request: 0.000131 seconds.
  path: Assets/_Barking_Dog/_3D Scifi Base Vol 1/Prefabs/_Build/P_Pipe_End_01.prefab
  artifactKey: Guid(ef604b1debe7844459cbf034c5aaf2c6) Importer(815301076,1909f56bfc062723c751e8b465ee728b)
Start importing Assets/_Barking_Dog/_3D Scifi Base Vol 1/Prefabs/_Build/P_Pipe_End_01.prefab using Guid(ef604b1debe7844459cbf034c5aaf2c6) Importer(815301076,1909f56bfc062723c751e8b465ee728b) (PreviewImporter) -> (artifact id: '0a8933f0ccf06a900f8f5155b8f895d5') in 0.1079618 seconds
Number of updated asset objects reloaded before import = 0Number of asset objects unloaded after import = 15

========================================================================
Received Import Request.
  Time since last request: 0.000046 seconds.
  path: Assets/_Barking_Dog/_3D Scifi Base Vol 1/SpeedTree/Broadleaf/Broadleaf_Desktop Materials/LOD2/Branches_1.mat
  artifactKey: Guid(639aa87a96d586c4e84838574ce20ca3) Importer(2089858483,b0f066a214c2f5e87bad3c948f4d605d)
Start importing Assets/_Barking_Dog/_3D Scifi Base Vol 1/SpeedTree/Broadleaf/Broadleaf_Desktop Materials/LOD2/Branches_1.mat using Guid(639aa87a96d586c4e84838574ce20ca3) Importer(2089858483,b0f066a214c2f5e87bad3c948f4d605d) (ScriptedImporter) -> (artifact id: 'dc094a2c36dd909725ad82fa8e12f5d3') in 0.0195672 seconds
Number of updated asset objects reloaded before import = 0Number of asset objects unloaded after import = 3

========================================================================
Received Import Request.
  Time since last request: 0.000074 seconds.
  path: Assets/_Barking_Dog/_3D Scifi Base Vol 1/Prefabs/_Build/P_Fence_01.prefab
  artifactKey: Guid(aa5129ccbc0fb49afb57f376724148f3) Importer(815301076,1909f56bfc062723c751e8b465ee728b)
Start importing Assets/_Barking_Dog/_3D Scifi Base Vol 1/Prefabs/_Build/P_Fence_01.prefab using Guid(aa5129ccbc0fb49afb57f376724148f3) Importer(815301076,1909f56bfc062723c751e8b465ee728b) (PreviewImporter) -> (artifact id: '411e008d0a9fa460dfd6580bbff7d618') in 0.12393 seconds
Number of updated asset objects reloaded before import = 0Number of asset objects unloaded after import = 16

========================================================================
Received Import Request.
  Time since last request: 0.000051 seconds.
  path: Assets/_Barking_Dog/_3D Scifi Base Vol 1/Splat/Water.mat
  artifactKey: Guid(82163206ac4c58749bfa32e52c4ae160) Importer(2089858483,b0f066a214c2f5e87bad3c948f4d605d)
Start importing Assets/_Barking_Dog/_3D Scifi Base Vol 1/Splat/Water.mat using Guid(82163206ac4c58749bfa32e52c4ae160) Importer(2089858483,b0f066a214c2f5e87bad3c948f4d605d) (ScriptedImporter) -> (artifact id: '7445b926c93ffa45466eaf909b089774') in 0.0330361 seconds
Number of updated asset objects reloaded before import = 0Number of asset objects unloaded after import = 2

========================================================================
Received Import Request.
  Time since last request: 0.000082 seconds.
  path: Assets/_Barking_Dog/_3D Scifi Base Vol 1/SpeedTree/Broadleaf/Broadleaf_Desktop Materials/LOD2/Leaves_3.mat
  artifactKey: Guid(355b3169750599e4f957a9d54675c3fa) Importer(2089858483,b0f066a214c2f5e87bad3c948f4d605d)
Start importing Assets/_Barking_Dog/_3D Scifi Base Vol 1/SpeedTree/Broadleaf/Broadleaf_Desktop Materials/LOD2/Leaves_3.mat using Guid(355b3169750599e4f957a9d54675c3fa) Importer(2089858483,b0f066a214c2f5e87bad3c948f4d605d) (ScriptedImporter) -> (artifact id: '282a07fa3b75e653f78130225d47298c') in 0.0201839 seconds
Number of updated asset objects reloaded before import = 0Number of asset objects unloaded after import = 3

========================================================================
Received Import Request.
  Time since last request: 0.000040 seconds.
  path: Assets/_Barking_Dog/_3D Scifi Base Vol 1/Meshes/Materials/Water.mat
  artifactKey: Guid(0e10949afaf7b734e89d7ceefb279d73) Importer(2089858483,b0f066a214c2f5e87bad3c948f4d605d)
Start importing Assets/_Barking_Dog/_3D Scifi Base Vol 1/Meshes/Materials/Water.mat using Guid(0e10949afaf7b734e89d7ceefb279d73) Importer(2089858483,b0f066a214c2f5e87bad3c948f4d605d) (ScriptedImporter) -> (artifact id: '124acfbf6527f22e0807ec943d0b1bde') in 0.0164137 seconds
Number of updated asset objects reloaded before import = 0Number of asset objects unloaded after import = 2

========================================================================
Received Import Request.
  Time since last request: 0.000045 seconds.
  path: Assets/_Barking_Dog/_3D Scifi Base Vol 1/Prefabs/_Props/P_Reactor_01.prefab
  artifactKey: Guid(0d54565c439114532ac5175bbc9012aa) Importer(815301076,1909f56bfc062723c751e8b465ee728b)
Start importing Assets/_Barking_Dog/_3D Scifi Base Vol 1/Prefabs/_Props/P_Reactor_01.prefab using Guid(0d54565c439114532ac5175bbc9012aa) Importer(815301076,1909f56bfc062723c751e8b465ee728b) (PreviewImporter) -> (artifact id: '50f7a7d080aded4295ddc9e455bb5c27') in 0.5347525 seconds
Number of updated asset objects reloaded before import = 0Number of asset objects unloaded after import = 153

========================================================================
Received Import Request.
  Time since last request: 0.000218 seconds.
  path: Assets/_Barking_Dog/_3D Scifi Base Vol 1/SpeedTree/Broadleaf/Broadleaf_Desktop Materials/LOD1/Branches_0.mat
  artifactKey: Guid(4be5b19d42487c24f830c4ee36849a95) Importer(2089858483,b0f066a214c2f5e87bad3c948f4d605d)
Start importing Assets/_Barking_Dog/_3D Scifi Base Vol 1/SpeedTree/Broadleaf/Broadleaf_Desktop Materials/LOD1/Branches_0.mat using Guid(4be5b19d42487c24f830c4ee36849a95) Importer(2089858483,b0f066a214c2f5e87bad3c948f4d605d) (ScriptedImporter) -> (artifact id: '2e09d54f2f7cf1688d43e8f24c6e4a0e') in 0.0189817 seconds
Number of updated asset objects reloaded before import = 0Number of asset objects unloaded after import = 3

========================================================================
Received Import Request.
  Time since last request: 0.000067 seconds.
  path: Assets/_Barking_Dog/_3D Scifi Base Vol 1/Prefabs/_Build/P_Corridor_Angle_02.prefab
  artifactKey: Guid(4010e022b949447bb99361cc427c8d13) Importer(815301076,1909f56bfc062723c751e8b465ee728b)
Start importing Assets/_Barking_Dog/_3D Scifi Base Vol 1/Prefabs/_Build/P_Corridor_Angle_02.prefab using Guid(4010e022b949447bb99361cc427c8d13) Importer(815301076,1909f56bfc062723c751e8b465ee728b) (PreviewImporter) -> (artifact id: 'c19a8286f3df333cbdc9202a311bd5aa') in 0.3869183 seconds
Number of updated asset objects reloaded before import = 0Number of asset objects unloaded after import = 105

========================================================================
Received Import Request.
  Time since last request: 0.000102 seconds.
  path: Assets/_Barking_Dog/_3D Scifi Base Vol 1/Prefabs/_Build/P_Roof_Window_01.prefab
  artifactKey: Guid(4df9a5e68fdfb4d66b4c5a5f998c5110) Importer(815301076,1909f56bfc062723c751e8b465ee728b)
Start importing Assets/_Barking_Dog/_3D Scifi Base Vol 1/Prefabs/_Build/P_Roof_Window_01.prefab using Guid(4df9a5e68fdfb4d66b4c5a5f998c5110) Importer(815301076,1909f56bfc062723c751e8b465ee728b) (PreviewImporter) -> (artifact id: 'e082d311f43f79dd399c407d8412607a') in 0.1577174 seconds
Number of updated asset objects reloaded before import = 0Number of asset objects unloaded after import = 17

========================================================================
Received Import Request.
  Time since last request: 0.000072 seconds.
  path: Assets/_Barking_Dog/_3D Scifi Base Vol 1/Prefabs/_Build/P_Corridor_HallRing_01.prefab
  artifactKey: Guid(039288d098bed43aca32ff158978fff5) Importer(815301076,1909f56bfc062723c751e8b465ee728b)
Start importing Assets/_Barking_Dog/_3D Scifi Base Vol 1/Prefabs/_Build/P_Corridor_HallRing_01.prefab using Guid(039288d098bed43aca32ff158978fff5) Importer(815301076,1909f56bfc062723c751e8b465ee728b) (PreviewImporter) -> (artifact id: 'd23fad481fe13d4f03096f98efd4a27c') in 0.2453598 seconds
Number of updated asset objects reloaded before import = 0Number of asset objects unloaded after import = 36

========================================================================
Received Import Request.
  Time since last request: 0.000039 seconds.
  path: Assets/_Barking_Dog/_3D Scifi Base Vol 1/Prefabs/_Build/P_Roof_Angle_02_B.prefab
  artifactKey: Guid(426e4e3fbd51844c1972c9f19768f379) Importer(815301076,1909f56bfc062723c751e8b465ee728b)
Start importing Assets/_Barking_Dog/_3D Scifi Base Vol 1/Prefabs/_Build/P_Roof_Angle_02_B.prefab using Guid(426e4e3fbd51844c1972c9f19768f379) Importer(815301076,1909f56bfc062723c751e8b465ee728b) (PreviewImporter) -> (artifact id: '22a1312e12493ad707444e88d0066a5a') in 0.1276833 seconds
Number of updated asset objects reloaded before import = 0Number of asset objects unloaded after import = 15

========================================================================
Received Import Request.
  Time since last request: 0.000074 seconds.
  path: Assets/_Barking_Dog/_3D Scifi Base Vol 1/Prefabs/_Build/P_Roof_Cache_10.prefab
  artifactKey: Guid(68d9b249ca69147db9e21c85b75a12f6) Importer(815301076,1909f56bfc062723c751e8b465ee728b)
Start importing Assets/_Barking_Dog/_3D Scifi Base Vol 1/Prefabs/_Build/P_Roof_Cache_10.prefab using Guid(68d9b249ca69147db9e21c85b75a12f6) Importer(815301076,1909f56bfc062723c751e8b465ee728b) (PreviewImporter) -> (artifact id: '1f02b1dafaebd2922f77e9bd18b78883') in 0.1577404 seconds
Number of updated asset objects reloaded before import = 0Number of asset objects unloaded after import = 15

========================================================================
Received Import Request.
  Time since last request: 0.000434 seconds.
  path: Assets/_Barking_Dog/_3D Scifi Base Vol 1/Prefabs/_Build/P_Glass_Tube_02.prefab
  artifactKey: Guid(d97bb7cea5b1b4c27af4c872b1a68bcc) Importer(815301076,1909f56bfc062723c751e8b465ee728b)
Start importing Assets/_Barking_Dog/_3D Scifi Base Vol 1/Prefabs/_Build/P_Glass_Tube_02.prefab using Guid(d97bb7cea5b1b4c27af4c872b1a68bcc) Importer(815301076,1909f56bfc062723c751e8b465ee728b) (PreviewImporter) -> (artifact id: 'c1331826c775162e3ab6f128f8ae5103') in 0.1192151 seconds
Number of updated asset objects reloaded before import = 0Number of asset objects unloaded after import = 56

========================================================================
Received Import Request.
  Time since last request: 0.000160 seconds.
  path: Assets/_Barking_Dog/_3D Scifi Base Vol 1/SpeedTree/Broadleaf/Broadleaf_Mobile Materials/LOD0/Branches_0.mat
  artifactKey: Guid(bfc1dabf45016eb46b99df1a78054924) Importer(2089858483,b0f066a214c2f5e87bad3c948f4d605d)
Start importing Assets/_Barking_Dog/_3D Scifi Base Vol 1/SpeedTree/Broadleaf/Broadleaf_Mobile Materials/LOD0/Branches_0.mat using Guid(bfc1dabf45016eb46b99df1a78054924) Importer(2089858483,b0f066a214c2f5e87bad3c948f4d605d) (ScriptedImporter) -> (artifact id: '7e84f821cd42208879c4087b5fed1d4b') in 0.0144838 seconds
Number of updated asset objects reloaded before import = 0Number of asset objects unloaded after import = 3

========================================================================
Received Import Request.
  Time since last request: 0.000056 seconds.
  path: Assets/_Barking_Dog/_3D Scifi Base Vol 1/Meshes/Materials/Wall_Atlas_05_Dif.mat
  artifactKey: Guid(3c8efba4a44334e8fb04831e0d8a8f65) Importer(2089858483,b0f066a214c2f5e87bad3c948f4d605d)
Start importing Assets/_Barking_Dog/_3D Scifi Base Vol 1/Meshes/Materials/Wall_Atlas_05_Dif.mat using Guid(3c8efba4a44334e8fb04831e0d8a8f65) Importer(2089858483,b0f066a214c2f5e87bad3c948f4d605d) (ScriptedImporter) -> (artifact id: '3b8348e986462da817b8e24566513fe8') in 0.1151832 seconds
Number of updated asset objects reloaded before import = 0Number of asset objects unloaded after import = 6

========================================================================
Received Import Request.
  Time since last request: 0.000054 seconds.
  path: Assets/_Barking_Dog/_3D Scifi Base Vol 1/SpeedTree/Conifer/Conifer_Desktop Materials/LOD2/Branches_0.mat
  artifactKey: Guid(dffa6c1325fd30b41819f03be58b91e7) Importer(2089858483,b0f066a214c2f5e87bad3c948f4d605d)
Start importing Assets/_Barking_Dog/_3D Scifi Base Vol 1/SpeedTree/Conifer/Conifer_Desktop Materials/LOD2/Branches_0.mat using Guid(dffa6c1325fd30b41819f03be58b91e7) Importer(2089858483,b0f066a214c2f5e87bad3c948f4d605d) (ScriptedImporter) -> (artifact id: '4d85349a709ddd3aa6f556b50a9b8264') in 0.0079335 seconds
Number of updated asset objects reloaded before import = 0Number of asset objects unloaded after import = 3

========================================================================
Received Import Request.
  Time since last request: 0.000048 seconds.
  path: Assets/_Barking_Dog/_3D Scifi Base Vol 1/Prefabs/_Build/P_Floor_Half_01.prefab
  artifactKey: Guid(28d100c8cf2394ab08a93bb44a5f19a1) Importer(815301076,1909f56bfc062723c751e8b465ee728b)
Start importing Assets/_Barking_Dog/_3D Scifi Base Vol 1/Prefabs/_Build/P_Floor_Half_01.prefab using Guid(28d100c8cf2394ab08a93bb44a5f19a1) Importer(815301076,1909f56bfc062723c751e8b465ee728b) (PreviewImporter) -> (artifact id: '0bb3dfdca53da08cef3f302854403cda') in 0.2398017 seconds
Number of updated asset objects reloaded before import = 0Number of asset objects unloaded after import = 22

========================================================================
Received Import Request.
  Time since last request: 0.000042 seconds.
  path: Assets/_Barking_Dog/_3D Scifi Base Vol 1/Prefabs/_Build/P_Floor_Normal_01.prefab
  artifactKey: Guid(8077538ed99a542eaa2cdbfba7521b6f) Importer(815301076,1909f56bfc062723c751e8b465ee728b)
Start importing Assets/_Barking_Dog/_3D Scifi Base Vol 1/Prefabs/_Build/P_Floor_Normal_01.prefab using Guid(8077538ed99a542eaa2cdbfba7521b6f) Importer(815301076,1909f56bfc062723c751e8b465ee728b) (PreviewImporter) -> (artifact id: '5ea02188c71a1526388cbac1d8a66627') in 0.2143844 seconds
Number of updated asset objects reloaded before import = 0Number of asset objects unloaded after import = 22

========================================================================
Received Import Request.
  Time since last request: 0.000053 seconds.
  path: Assets/_Barking_Dog/_3D Scifi Base Vol 1/SpeedTree/Broadleaf/Broadleaf_Desktop Materials/LOD0/Branches_0.mat
  artifactKey: Guid(89bc4a04979629642988a379a429608a) Importer(2089858483,b0f066a214c2f5e87bad3c948f4d605d)
Start importing Assets/_Barking_Dog/_3D Scifi Base Vol 1/SpeedTree/Broadleaf/Broadleaf_Desktop Materials/LOD0/Branches_0.mat using Guid(89bc4a04979629642988a379a429608a) Importer(2089858483,b0f066a214c2f5e87bad3c948f4d605d) (ScriptedImporter) -> (artifact id: '3b6ece2d50c9093d1c61d55e05f2921b') in 0.0115684 seconds
Number of updated asset objects reloaded before import = 0Number of asset objects unloaded after import = 3

========================================================================
Received Import Request.
  Time since last request: 0.000058 seconds.
  path: Assets/_Barking_Dog/_3D Scifi Base Vol 1/Prefabs/_Props/P_Technical_Cab_01.prefab
  artifactKey: Guid(32743aa2cc12846d69fd506780aa1a45) Importer(815301076,1909f56bfc062723c751e8b465ee728b)
Start importing Assets/_Barking_Dog/_3D Scifi Base Vol 1/Prefabs/_Props/P_Technical_Cab_01.prefab using Guid(32743aa2cc12846d69fd506780aa1a45) Importer(815301076,1909f56bfc062723c751e8b465ee728b) (PreviewImporter) -> (artifact id: '5d0f2f34ce1f2c440ac3719154f2c75f') in 0.3829772 seconds
Number of updated asset objects reloaded before import = 0Number of asset objects unloaded after import = 28

========================================================================
Received Import Request.
  Time since last request: 0.000063 seconds.
  path: Assets/_Barking_Dog/_3D Scifi Base Vol 1/Prefabs/_Props/P_Chair_01.prefab
  artifactKey: Guid(dbcfa25f89c064396a712cd210d31e82) Importer(815301076,1909f56bfc062723c751e8b465ee728b)
Start importing Assets/_Barking_Dog/_3D Scifi Base Vol 1/Prefabs/_Props/P_Chair_01.prefab using Guid(dbcfa25f89c064396a712cd210d31e82) Importer(815301076,1909f56bfc062723c751e8b465ee728b) (PreviewImporter) -> (artifact id: '088a4d7a9aeedef0945109424568c6ff') in 0.1831691 seconds
Number of updated asset objects reloaded before import = 0Number of asset objects unloaded after import = 27

========================================================================
Received Import Request.
  Time since last request: 0.000050 seconds.
  path: Assets/_Barking_Dog/_3D Scifi Base Vol 1/Prefabs/_Build/P_Roof_Angle_03_B.prefab
  artifactKey: Guid(c0b07f89348f6468bb72f8d7e467f761) Importer(815301076,1909f56bfc062723c751e8b465ee728b)
Start importing Assets/_Barking_Dog/_3D Scifi Base Vol 1/Prefabs/_Build/P_Roof_Angle_03_B.prefab using Guid(c0b07f89348f6468bb72f8d7e467f761) Importer(815301076,1909f56bfc062723c751e8b465ee728b) (PreviewImporter) -> (artifact id: '487ef77bded53447b472ff677d1c14f6') in 0.1363736 seconds
Number of updated asset objects reloaded before import = 0Number of asset objects unloaded after import = 16

========================================================================
Received Import Request.
  Time since last request: 0.000036 seconds.
  path: Assets/_Barking_Dog/_3D Scifi Base Vol 1/Prefabs/_Props/P_Basin_02.prefab
  artifactKey: Guid(b1b24758f8cb245fdb4c8f3448cd3234) Importer(815301076,1909f56bfc062723c751e8b465ee728b)
Start importing Assets/_Barking_Dog/_3D Scifi Base Vol 1/Prefabs/_Props/P_Basin_02.prefab using Guid(b1b24758f8cb245fdb4c8f3448cd3234) Importer(815301076,1909f56bfc062723c751e8b465ee728b) (PreviewImporter) -> (artifact id: 'f7f200da516db0aec58df93fa99ed62b') in 0.2469492 seconds
Number of updated asset objects reloaded before import = 0Number of asset objects unloaded after import = 42

========================================================================
Received Import Request.
  Time since last request: 179.781203 seconds.
  path: Assets/_Barking_Dog/_3D Scifi Base Vol 1/Splat/Sand_02.png
  artifactKey: Guid(b12ed5227b35eae4e98b8abfcad54f00) Importer(815301076,1909f56bfc062723c751e8b465ee728b)
Start importing Assets/_Barking_Dog/_3D Scifi Base Vol 1/Splat/Sand_02.png using Guid(b12ed5227b35eae4e98b8abfcad54f00) Importer(815301076,1909f56bfc062723c751e8b465ee728b) (PreviewImporter) -> (artifact id: 'b7fcf73255ba1d61aff7a2cf488ac9d7') in 0.0736695 seconds
Number of updated asset objects reloaded before import = 0Number of asset objects unloaded after import = 2

========================================================================
Received Import Request.
  Time since last request: 0.000084 seconds.
  path: Assets/_Barking_Dog/_3D Scifi Base Vol 1/Splat/Rock_01.png
  artifactKey: Guid(c27f398563b35744180f5d7a1589334c) Importer(815301076,1909f56bfc062723c751e8b465ee728b)
Start importing Assets/_Barking_Dog/_3D Scifi Base Vol 1/Splat/Rock_01.png using Guid(c27f398563b35744180f5d7a1589334c) Importer(815301076,1909f56bfc062723c751e8b465ee728b) (PreviewImporter) -> (artifact id: 'd8c7f4a0c0ed92bbe46e87753575627e') in 0.0531306 seconds
Number of updated asset objects reloaded before import = 0Number of asset objects unloaded after import = 2

========================================================================
Received Import Request.
  Time since last request: 96.192039 seconds.
  path: Assets/_Barking_Dog/_3D Scifi Base Vol 1/SpeedTree/Broadleaf/Broadleaf_Mobile.spm
  artifactKey: Guid(6aab193b7693b5e4c9741f1917d2987c) Importer(815301076,1909f56bfc062723c751e8b465ee728b)
Start importing Assets/_Barking_Dog/_3D Scifi Base Vol 1/SpeedTree/Broadleaf/Broadleaf_Mobile.spm using Guid(6aab193b7693b5e4c9741f1917d2987c) Importer(815301076,1909f56bfc062723c751e8b465ee728b) (PreviewImporter) -> (artifact id: '1e2e854d9eecca9b886c455c7e952a8e') in 25.7267054 seconds
Number of updated asset objects reloaded before import = 0Number of asset objects unloaded after import = 52

========================================================================
Received Prepare
Begin MonoManager ReloadAssembly
[Licensing::Client] Successfully resolved entitlement details
ADTM: Control thread waiting for realtime thread timed out, have to lock...
- Loaded All Assemblies, in  4.083 seconds
Refreshing native plugins compatible for Editor in 0.99 ms, found 3 plugins.
Native extension for Android target not found
Native extension for WindowsStandalone target not found
[Package Manager] Failed to launch server process. Reason: Unity was launched with the -noUpm command-line argument
[Package Manager] Unable to send message (not connected to server process).
[Package Manager] Cannot connect to Unity Package Manager local server
[Package Manager] Failed to launch server process. Reason: Unity was launched with the -noUpm command-line argument
[Package Manager] Unable to send message (not connected to server process).
[Package Manager] Cannot connect to Unity Package Manager local server
ScheduleIndexationOnStartup MainProcess:False IndexOnStartup:True
Mono: successfully reloaded assembly
- Finished resetting the current domain, in  2.503 seconds
Domain Reload Profiling: 6588ms
	BeginReloadAssembly (1587ms)
		ExecutionOrderSort (0ms)
		DisableScriptedObjects (67ms)
		BackupInstance (0ms)
		ReleaseScriptingObjects (0ms)
		CreateAndSetChildDomain (1154ms)
	RebuildCommonClasses (94ms)
	RebuildNativeTypeToScriptingClass (36ms)
	initialDomainReloadingComplete (57ms)
	LoadAllAssembliesAndSetupDomain (2310ms)
		LoadAssemblies (2057ms)
		RebuildTransferFunctionScriptingTraits (0ms)
		AnalyzeDomain (498ms)
			TypeCache.Refresh (18ms)
				TypeCache.ScanAssembly (0ms)
			BuildScriptInfoCaches (443ms)
			ResolveRequiredComponents (23ms)
	FinalizeReload (2504ms)
		ReleaseScriptCaches (0ms)
		RebuildScriptCaches (0ms)
		SetupLoadedEditorAssemblies (2042ms)
			LogAssemblyErrors (0ms)
			InitializePlatformSupportModulesInManaged (26ms)
			SetLoadedEditorAssemblies (14ms)
			BeforeProcessingInitializeOnLoad (430ms)
			ProcessInitializeOnLoadAttributes (1245ms)
			ProcessInitializeOnLoadMethodAttributes (309ms)
			AfterProcessingInitializeOnLoad (14ms)
			EditorAssembliesLoaded (3ms)
		ExecutionOrderSort2 (0ms)
		AwakeInstancesAfterBackupRestoration (54ms)
Refreshing native plugins compatible for Editor in 1.30 ms, found 3 plugins.
Preloading 0 native plugins for Editor in 0.00 ms.
Unloading 17 Unused Serialized files (Serialized files now loaded: 0)
Unloading 6195 unused Assets / (4.7 MB). Loaded Objects now: 7053.
Memory consumption went from 157.1 MB to 152.4 MB.
Total: 31.230400 ms (FindLiveObjects: 1.448000 ms CreateObjectMapping: 5.714200 ms MarkObjects: 14.473500 ms  DeleteObjects: 9.592200 ms)

Prepare: number of updated asset objects reloaded= 0
========================================================================
Received Prepare
Begin MonoManager ReloadAssembly
[Licensing::Client] Successfully resolved entitlement details
ADTM: Control thread waiting for realtime thread timed out, have to lock...
- Loaded All Assemblies, in  8.199 seconds
Refreshing native plugins compatible for Editor in 97.20 ms, found 3 plugins.
Native extension for Android target not found
Native extension for WindowsStandalone target not found
[Package Manager] Failed to launch server process. Reason: Unity was launched with the -noUpm command-line argument
[Package Manager] Unable to send message (not connected to server process).
[Package Manager] Cannot connect to Unity Package Manager local server
[Package Manager] Failed to launch server process. Reason: Unity was launched with the -noUpm command-line argument
[Package Manager] Unable to send message (not connected to server process).
[Package Manager] Cannot connect to Unity Package Manager local server
ScheduleIndexationOnStartup MainProcess:False IndexOnStartup:True
Mono: successfully reloaded assembly
- Finished resetting the current domain, in  2.266 seconds
Domain Reload Profiling: 10472ms
	BeginReloadAssembly (1580ms)
		ExecutionOrderSort (0ms)
		DisableScriptedObjects (16ms)
		BackupInstance (0ms)
		ReleaseScriptingObjects (0ms)
		CreateAndSetChildDomain (1136ms)
	RebuildCommonClasses (115ms)
	RebuildNativeTypeToScriptingClass (38ms)
	initialDomainReloadingComplete (69ms)
	LoadAllAssembliesAndSetupDomain (6404ms)
		LoadAssemblies (6129ms)
		RebuildTransferFunctionScriptingTraits (0ms)
		AnalyzeDomain (564ms)
			TypeCache.Refresh (21ms)
				TypeCache.ScanAssembly (0ms)
			BuildScriptInfoCaches (502ms)
			ResolveRequiredComponents (32ms)
	FinalizeReload (2267ms)
		ReleaseScriptCaches (0ms)
		RebuildScriptCaches (0ms)
		SetupLoadedEditorAssemblies (1801ms)
			LogAssemblyErrors (0ms)
			InitializePlatformSupportModulesInManaged (20ms)
			SetLoadedEditorAssemblies (8ms)
			BeforeProcessingInitializeOnLoad (390ms)
			ProcessInitializeOnLoadAttributes (1166ms)
			ProcessInitializeOnLoadMethodAttributes (208ms)
			AfterProcessingInitializeOnLoad (9ms)
			EditorAssembliesLoaded (0ms)
		ExecutionOrderSort2 (0ms)
		AwakeInstancesAfterBackupRestoration (45ms)
Refreshing native plugins compatible for Editor in 1.22 ms, found 3 plugins.
Preloading 0 native plugins for Editor in 0.00 ms.
Unloading 17 Unused Serialized files (Serialized files now loaded: 0)
Unloading 6192 unused Assets / (3.5 MB). Loaded Objects now: 7056.
Memory consumption went from 156.9 MB to 153.4 MB.
Total: 21.471700 ms (FindLiveObjects: 1.838800 ms CreateObjectMapping: 2.354800 ms MarkObjects: 11.523800 ms  DeleteObjects: 5.753100 ms)

Prepare: number of updated asset objects reloaded= 0
========================================================================
Received Prepare
Begin MonoManager ReloadAssembly
ADTM: Control thread waiting for realtime thread timed out, have to lock...
- Loaded All Assemblies, in  4.514 seconds
Refreshing native plugins compatible for Editor in 1.28 ms, found 3 plugins.
Native extension for Android target not found
Native extension for WindowsStandalone target not found
[Package Manager] Failed to launch server process. Reason: Unity was launched with the -noUpm command-line argument
[Package Manager] Unable to send message (not connected to server process).
[Package Manager] Cannot connect to Unity Package Manager local server
[Package Manager] Failed to launch server process. Reason: Unity was launched with the -noUpm command-line argument
[Package Manager] Unable to send message (not connected to server process).
[Package Manager] Cannot connect to Unity Package Manager local server
ScheduleIndexationOnStartup MainProcess:False IndexOnStartup:True
Mono: successfully reloaded assembly
- Finished resetting the current domain, in  1.871 seconds
Domain Reload Profiling: 6395ms
	BeginReloadAssembly (1316ms)
		ExecutionOrderSort (0ms)
		DisableScriptedObjects (7ms)
		BackupInstance (0ms)
		ReleaseScriptingObjects (0ms)
		CreateAndSetChildDomain (1074ms)
	RebuildCommonClasses (72ms)
	RebuildNativeTypeToScriptingClass (36ms)
	initialDomainReloadingComplete (45ms)
	LoadAllAssembliesAndSetupDomain (3053ms)
		LoadAssemblies (2656ms)
		RebuildTransferFunctionScriptingTraits (0ms)
		AnalyzeDomain (549ms)
			TypeCache.Refresh (20ms)
				TypeCache.ScanAssembly (0ms)
			BuildScriptInfoCaches (488ms)
			ResolveRequiredComponents (27ms)
	FinalizeReload (1872ms)
		ReleaseScriptCaches (0ms)
		RebuildScriptCaches (0ms)
		SetupLoadedEditorAssemblies (1404ms)
			LogAssemblyErrors (0ms)
			InitializePlatformSupportModulesInManaged (23ms)
			SetLoadedEditorAssemblies (13ms)
			BeforeProcessingInitializeOnLoad (360ms)
			ProcessInitializeOnLoadAttributes (813ms)
			ProcessInitializeOnLoadMethodAttributes (183ms)
			AfterProcessingInitializeOnLoad (12ms)
			EditorAssembliesLoaded (1ms)
		ExecutionOrderSort2 (0ms)
		AwakeInstancesAfterBackupRestoration (45ms)
Refreshing native plugins compatible for Editor in 1.32 ms, found 3 plugins.
Preloading 0 native plugins for Editor in 0.00 ms.
Unloading 17 Unused Serialized files (Serialized files now loaded: 0)
Unloading 6192 unused Assets / (4.6 MB). Loaded Objects now: 7059.
Memory consumption went from 157.0 MB to 152.4 MB.
Total: 28.885300 ms (FindLiveObjects: 1.927400 ms CreateObjectMapping: 2.072000 ms MarkObjects: 17.458400 ms  DeleteObjects: 7.425900 ms)

Prepare: number of updated asset objects reloaded= 0
========================================================================
Received Import Request.
  Time since last request: 830.542607 seconds.
  path: Assets/_Barking_Dog/_3D Scifi Base Vol 1/SpeedTree/Broadleaf/Broadleaf_Desktop_Atlas_Billboards.tga
  artifactKey: Guid(951aab9a19f551f4385d0ceafdaf19b4) Importer(815301076,1909f56bfc062723c751e8b465ee728b)
Start importing Assets/_Barking_Dog/_3D Scifi Base Vol 1/SpeedTree/Broadleaf/Broadleaf_Desktop_Atlas_Billboards.tga using Guid(951aab9a19f551f4385d0ceafdaf19b4) Importer(815301076,1909f56bfc062723c751e8b465ee728b) (PreviewImporter) -> (artifact id: 'dbf14338c6aa70488bf70966b206291f') in 0.1971704 seconds
Number of updated asset objects reloaded before import = 0Number of asset objects unloaded after import = 2

========================================================================
Received Import Request.
  Time since last request: 0.000034 seconds.
  path: Assets/_Barking_Dog/_3D Scifi Base Vol 1/SpeedTree/Broadleaf/Broadleaf_Mobile_Atlas_Billboards.tga
  artifactKey: Guid(bc6e7e1374ff3e1459f65bf72da64c85) Importer(815301076,1909f56bfc062723c751e8b465ee728b)
Start importing Assets/_Barking_Dog/_3D Scifi Base Vol 1/SpeedTree/Broadleaf/Broadleaf_Mobile_Atlas_Billboards.tga using Guid(bc6e7e1374ff3e1459f65bf72da64c85) Importer(815301076,1909f56bfc062723c751e8b465ee728b) (PreviewImporter) -> (artifact id: 'b0146148030e3cd1a002da19722fd682') in 0.1301149 seconds
Number of updated asset objects reloaded before import = 0Number of asset objects unloaded after import = 2

========================================================================
Received Import Request.
  Time since last request: 0.000043 seconds.
  path: Assets/_Barking_Dog/_3D Scifi Base Vol 1/SpeedTree/Broadleaf/Broadleaf_Mobile_Atlas.tga
  artifactKey: Guid(2c116325e19b8a04d916864cc540ec2d) Importer(815301076,1909f56bfc062723c751e8b465ee728b)
Start importing Assets/_Barking_Dog/_3D Scifi Base Vol 1/SpeedTree/Broadleaf/Broadleaf_Mobile_Atlas.tga using Guid(2c116325e19b8a04d916864cc540ec2d) Importer(815301076,1909f56bfc062723c751e8b465ee728b) (PreviewImporter) -> (artifact id: 'df060e4e2c31b8d90a18c41fe7add343') in 0.1181116 seconds
Number of updated asset objects reloaded before import = 0Number of asset objects unloaded after import = 2

========================================================================
Received Import Request.
  Time since last request: 0.000058 seconds.
  path: Assets/_Barking_Dog/_3D Scifi Base Vol 1/SpeedTree/Broadleaf/BroadleafBark_Normal.tga
  artifactKey: Guid(34f07406286974e4ca236867d8d58b51) Importer(815301076,1909f56bfc062723c751e8b465ee728b)
Start importing Assets/_Barking_Dog/_3D Scifi Base Vol 1/SpeedTree/Broadleaf/BroadleafBark_Normal.tga using Guid(34f07406286974e4ca236867d8d58b51) Importer(815301076,1909f56bfc062723c751e8b465ee728b) (PreviewImporter) -> (artifact id: 'ce38f73572754a3a3a6368f6afe92e69') in 0.0970642 seconds
Number of updated asset objects reloaded before import = 0Number of asset objects unloaded after import = 2

========================================================================
Received Import Request.
  Time since last request: 0.000093 seconds.
  path: Assets/_Barking_Dog/_3D Scifi Base Vol 1/SpeedTree/Broadleaf/Broadleaves_Card_Desktop_Spec.tga
  artifactKey: Guid(6308da3d0ff986b42be3b0a6ea5b6fae) Importer(815301076,1909f56bfc062723c751e8b465ee728b)
Start importing Assets/_Barking_Dog/_3D Scifi Base Vol 1/SpeedTree/Broadleaf/Broadleaves_Card_Desktop_Spec.tga using Guid(6308da3d0ff986b42be3b0a6ea5b6fae) Importer(815301076,1909f56bfc062723c751e8b465ee728b) (PreviewImporter) -> (artifact id: '1ae5934f61e593abd5d29b6786232a2b') in 0.0457747 seconds
Number of updated asset objects reloaded before import = 0Number of asset objects unloaded after import = 2

========================================================================
Received Import Request.
  Time since last request: 0.000039 seconds.
  path: Assets/_Barking_Dog/_3D Scifi Base Vol 1/SpeedTree/Broadleaf/Broadleaves_Mobile_Normal.tga
  artifactKey: Guid(7bdd8cb386e0b554b84cb783663bb4fc) Importer(815301076,1909f56bfc062723c751e8b465ee728b)
Start importing Assets/_Barking_Dog/_3D Scifi Base Vol 1/SpeedTree/Broadleaf/Broadleaves_Mobile_Normal.tga using Guid(7bdd8cb386e0b554b84cb783663bb4fc) Importer(815301076,1909f56bfc062723c751e8b465ee728b) (PreviewImporter) -> (artifact id: 'f7ec71138d3b5d4711311f487a46dce1') in 0.046997 seconds
Number of updated asset objects reloaded before import = 0Number of asset objects unloaded after import = 2

========================================================================
Received Import Request.
  Time since last request: 0.000030 seconds.
  path: Assets/_Barking_Dog/_3D Scifi Base Vol 1/SpeedTree/Broadleaf/Broadleaves_Desktop.tga
  artifactKey: Guid(306f8f570579fb3448d141a63029ef94) Importer(815301076,1909f56bfc062723c751e8b465ee728b)
Start importing Assets/_Barking_Dog/_3D Scifi Base Vol 1/SpeedTree/Broadleaf/Broadleaves_Desktop.tga using Guid(306f8f570579fb3448d141a63029ef94) Importer(815301076,1909f56bfc062723c751e8b465ee728b) (PreviewImporter) -> (artifact id: '35207304b3e09c7208d8db543a414ffa') in 0.0828952 seconds
Number of updated asset objects reloaded before import = 0Number of asset objects unloaded after import = 2

========================================================================
Received Import Request.
  Time since last request: 0.000024 seconds.
  path: Assets/_Barking_Dog/_3D Scifi Base Vol 1/SpeedTree/Broadleaf/Broadleaf_Desktop_Atlas_Normal.tga
  artifactKey: Guid(b552931caa1b3ea418b9ba90cbd1333e) Importer(815301076,1909f56bfc062723c751e8b465ee728b)
Start importing Assets/_Barking_Dog/_3D Scifi Base Vol 1/SpeedTree/Broadleaf/Broadleaf_Desktop_Atlas_Normal.tga using Guid(b552931caa1b3ea418b9ba90cbd1333e) Importer(815301076,1909f56bfc062723c751e8b465ee728b) (PreviewImporter) -> (artifact id: '8ac5625c654271b45f9d7cc2cd5f3d91') in 0.0731148 seconds
Number of updated asset objects reloaded before import = 0Number of asset objects unloaded after import = 2

========================================================================
Received Import Request.
  Time since last request: 0.000053 seconds.
  path: Assets/_Barking_Dog/_3D Scifi Base Vol 1/SpeedTree/Broadleaf/ClippedFrond_Normal.tga
  artifactKey: Guid(98a0c4bded48f6e488eb93670599274e) Importer(815301076,1909f56bfc062723c751e8b465ee728b)
Start importing Assets/_Barking_Dog/_3D Scifi Base Vol 1/SpeedTree/Broadleaf/ClippedFrond_Normal.tga using Guid(98a0c4bded48f6e488eb93670599274e) Importer(815301076,1909f56bfc062723c751e8b465ee728b) (PreviewImporter) -> (artifact id: '42de2ab6ce4b1df3d44a25696ade2e70') in 0.0439678 seconds
Number of updated asset objects reloaded before import = 0Number of asset objects unloaded after import = 2

========================================================================
Received Import Request.
  Time since last request: 0.000019 seconds.
  path: Assets/_Barking_Dog/_3D Scifi Base Vol 1/SpeedTree/Broadleaf/Cap_02_Normal.tga
  artifactKey: Guid(371fa5d370f67534696194100d17bfad) Importer(815301076,1909f56bfc062723c751e8b465ee728b)
Start importing Assets/_Barking_Dog/_3D Scifi Base Vol 1/SpeedTree/Broadleaf/Cap_02_Normal.tga using Guid(371fa5d370f67534696194100d17bfad) Importer(815301076,1909f56bfc062723c751e8b465ee728b) (PreviewImporter) -> (artifact id: '40c752fcb91d59c8bbd8ee06dbfa6ba2') in 0.0423112 seconds
Number of updated asset objects reloaded before import = 0Number of asset objects unloaded after import = 2

========================================================================
Received Import Request.
  Time since last request: 0.000020 seconds.
  path: Assets/_Barking_Dog/_3D Scifi Base Vol 1/SpeedTree/Broadleaf/Cap_01_Normal.tga
  artifactKey: Guid(55e2334423fefa34fb4916f6780413d3) Importer(815301076,1909f56bfc062723c751e8b465ee728b)
Start importing Assets/_Barking_Dog/_3D Scifi Base Vol 1/SpeedTree/Broadleaf/Cap_01_Normal.tga using Guid(55e2334423fefa34fb4916f6780413d3) Importer(815301076,1909f56bfc062723c751e8b465ee728b) (PreviewImporter) -> (artifact id: '70a81e533b3796b6ba6f81202cd4bb1a') in 0.0288534 seconds
Number of updated asset objects reloaded before import = 0Number of asset objects unloaded after import = 2

========================================================================
Received Import Request.
  Time since last request: 0.000041 seconds.
  path: Assets/_Barking_Dog/_3D Scifi Base Vol 1/SpeedTree/Broadleaf/Broadleaf_Desktop_Atlas_Billboards_Normal.tga
  artifactKey: Guid(0ec79c3d1dd0fb640b7f3f72ebb28f74) Importer(815301076,1909f56bfc062723c751e8b465ee728b)
Start importing Assets/_Barking_Dog/_3D Scifi Base Vol 1/SpeedTree/Broadleaf/Broadleaf_Desktop_Atlas_Billboards_Normal.tga using Guid(0ec79c3d1dd0fb640b7f3f72ebb28f74) Importer(815301076,1909f56bfc062723c751e8b465ee728b) (PreviewImporter) -> (artifact id: 'ff8450b3d485f19510bd9500bffef13f') in 0.0834177 seconds
Number of updated asset objects reloaded before import = 0Number of asset objects unloaded after import = 2

========================================================================
Received Import Request.
  Time since last request: 0.000036 seconds.
  path: Assets/_Barking_Dog/_3D Scifi Base Vol 1/SpeedTree/Broadleaf/Broadleaf_Mobile_Atlas_Normal.tga
  artifactKey: Guid(be053ea3235ccb64a889bf0b15c2764b) Importer(815301076,1909f56bfc062723c751e8b465ee728b)
Start importing Assets/_Barking_Dog/_3D Scifi Base Vol 1/SpeedTree/Broadleaf/Broadleaf_Mobile_Atlas_Normal.tga using Guid(be053ea3235ccb64a889bf0b15c2764b) Importer(815301076,1909f56bfc062723c751e8b465ee728b) (PreviewImporter) -> (artifact id: 'e52031852c69359ab6e9d10b3b500016') in 0.0610011 seconds
Number of updated asset objects reloaded before import = 0Number of asset objects unloaded after import = 2

========================================================================
Received Import Request.
  Time since last request: 8.968250 seconds.
  path: Assets/_Barking_Dog/_3D Scifi Base Vol 1/Prefabs/_Doors/Vertical_Doors_Kit.prefab
  artifactKey: Guid(1db0ddcd4a2704b31818e3cb2cb06af2) Importer(815301076,1909f56bfc062723c751e8b465ee728b)
Start importing Assets/_Barking_Dog/_3D Scifi Base Vol 1/Prefabs/_Doors/Vertical_Doors_Kit.prefab using Guid(1db0ddcd4a2704b31818e3cb2cb06af2) Importer(815301076,1909f56bfc062723c751e8b465ee728b) (PreviewImporter) -> (artifact id: '6ca537855dd560b1cc7fcd6506502e85') in 0.0526597 seconds
Number of updated asset objects reloaded before import = 0Number of asset objects unloaded after import = 6

========================================================================
Received Import Request.
  Time since last request: 447.160439 seconds.
  path: Assets/_Barking_Dog/_3D Scifi Base Vol 1/TerrainAutoUpgrade/layer_Rock_01Rock_01_Norm(8.000,8.000)(0.000,0.000)(0.000,0.000,0.000),0.530,0.393.terrainlayer
  artifactKey: Guid(c7ece9c614d19e64c8cdaf871965bcdd) Importer(815301076,1909f56bfc062723c751e8b465ee728b)
Start importing Assets/_Barking_Dog/_3D Scifi Base Vol 1/TerrainAutoUpgrade/layer_Rock_01Rock_01_Norm(8.000,8.000)(0.000,0.000)(0.000,0.000,0.000),0.530,0.393.terrainlayer using Guid(c7ece9c614d19e64c8cdaf871965bcdd) Importer(815301076,1909f56bfc062723c751e8b465ee728b) (PreviewImporter) -> (artifact id: '1727b21e34f954c36bf653f4b050510d') in 0.2303297 seconds
Number of updated asset objects reloaded before import = 0Number of asset objects unloaded after import = 4

========================================================================
Received Import Request.
  Time since last request: 0.000086 seconds.
  path: Assets/_Barking_Dog/_3D Scifi Base Vol 1/TerrainAutoUpgrade/layer_Sand_02Sand_02_Norm(10.000,10.000)(0.000,0.000)(0.000,0.000,0.000),0.000,0.200.terrainlayer
  artifactKey: Guid(e06bf7843751bf94992b44fd501f1230) Importer(815301076,1909f56bfc062723c751e8b465ee728b)
Start importing Assets/_Barking_Dog/_3D Scifi Base Vol 1/TerrainAutoUpgrade/layer_Sand_02Sand_02_Norm(10.000,10.000)(0.000,0.000)(0.000,0.000,0.000),0.000,0.200.terrainlayer using Guid(e06bf7843751bf94992b44fd501f1230) Importer(815301076,1909f56bfc062723c751e8b465ee728b) (PreviewImporter) -> (artifact id: '0c9e4baf7626582d8c94196f67db705c') in 0.1934244 seconds
Number of updated asset objects reloaded before import = 0Number of asset objects unloaded after import = 4

========================================================================
Received Import Request.
  Time since last request: 60.785437 seconds.
  path: Assets/_Barking_Dog/_3D Scifi Base Vol 1/Meshes/Materials/Light_Red.mat
  artifactKey: Guid(05b4ef2168fbd4a6ead159582ca23125) Importer(2089858483,b0f066a214c2f5e87bad3c948f4d605d)
Start importing Assets/_Barking_Dog/_3D Scifi Base Vol 1/Meshes/Materials/Light_Red.mat using Guid(05b4ef2168fbd4a6ead159582ca23125) Importer(2089858483,b0f066a214c2f5e87bad3c948f4d605d) (ScriptedImporter) -> (artifact id: 'd528cb55a161226806c7c1b188fa88e0') in 0.1646776 seconds
Number of updated asset objects reloaded before import = 0Number of asset objects unloaded after import = 1

========================================================================
Received Import Request.
  Time since last request: 0.000037 seconds.
  path: Assets/_Barking_Dog/_3D Scifi Base Vol 1/Textures/Screen_03.mat
  artifactKey: Guid(6cb25da74286d48b8b7304baee790efd) Importer(2089858483,b0f066a214c2f5e87bad3c948f4d605d)
Start importing Assets/_Barking_Dog/_3D Scifi Base Vol 1/Textures/Screen_03.mat using Guid(6cb25da74286d48b8b7304baee790efd) Importer(2089858483,b0f066a214c2f5e87bad3c948f4d605d) (ScriptedImporter) -> (artifact id: '7ba3180e3a3aa1eea0924312f017388e') in 0.3377109 seconds
Number of updated asset objects reloaded before import = 0Number of asset objects unloaded after import = 2

========================================================================
Received Import Request.
  Time since last request: 0.000026 seconds.
  path: Assets/_Barking_Dog/_3D Scifi Base Vol 1/Meshes/Materials/Wall_Atlas_03_Dif.mat
  artifactKey: Guid(4d3a0ed857f42449fb323471aea8e610) Importer(2089858483,b0f066a214c2f5e87bad3c948f4d605d)
Start importing Assets/_Barking_Dog/_3D Scifi Base Vol 1/Meshes/Materials/Wall_Atlas_03_Dif.mat using Guid(4d3a0ed857f42449fb323471aea8e610) Importer(2089858483,b0f066a214c2f5e87bad3c948f4d605d) (ScriptedImporter) -> (artifact id: '9e595e3e70771c42f7442c89d63ef616') in 1.7350492 seconds
Number of updated asset objects reloaded before import = 0Number of asset objects unloaded after import = 6

========================================================================
Received Import Request.
  Time since last request: 0.000030 seconds.
  path: Assets/_Barking_Dog/_3D Scifi Base Vol 1/Meshes/Materials/Light_Blue.mat
  artifactKey: Guid(a4f3d0120bb764b00b154daab5b869a8) Importer(2089858483,b0f066a214c2f5e87bad3c948f4d605d)
Start importing Assets/_Barking_Dog/_3D Scifi Base Vol 1/Meshes/Materials/Light_Blue.mat using Guid(a4f3d0120bb764b00b154daab5b869a8) Importer(2089858483,b0f066a214c2f5e87bad3c948f4d605d) (ScriptedImporter) -> (artifact id: 'ddf76053a916de439bf4ab7a8949760c') in 0.0055988 seconds
Number of updated asset objects reloaded before import = 0Number of asset objects unloaded after import = 1

========================================================================
Received Import Request.
  Time since last request: 0.000035 seconds.
  path: Assets/_Barking_Dog/_3D Scifi Base Vol 1/Textures/Screen_04.mat
  artifactKey: Guid(74a97ed4ace174514bb59c6e6fa8f89e) Importer(2089858483,b0f066a214c2f5e87bad3c948f4d605d)
Start importing Assets/_Barking_Dog/_3D Scifi Base Vol 1/Textures/Screen_04.mat using Guid(74a97ed4ace174514bb59c6e6fa8f89e) Importer(2089858483,b0f066a214c2f5e87bad3c948f4d605d) (ScriptedImporter) -> (artifact id: '36ec6a535f44e415efa7384102af22b0') in 0.2196213 seconds
Number of updated asset objects reloaded before import = 0Number of asset objects unloaded after import = 2

========================================================================
Received Import Request.
  Time since last request: 0.000020 seconds.
  path: Assets/_Barking_Dog/_3D Scifi Base Vol 1/Meshes/Materials/Rocks_Dif.mat
  artifactKey: Guid(0baf9f617c5b3469c896365d92861c3c) Importer(2089858483,b0f066a214c2f5e87bad3c948f4d605d)
Start importing Assets/_Barking_Dog/_3D Scifi Base Vol 1/Meshes/Materials/Rocks_Dif.mat using Guid(0baf9f617c5b3469c896365d92861c3c) Importer(2089858483,b0f066a214c2f5e87bad3c948f4d605d) (ScriptedImporter) -> (artifact id: '73a001896f7597cf2e325bef7682be30') in 0.5267951 seconds
Number of updated asset objects reloaded before import = 0Number of asset objects unloaded after import = 4

========================================================================
Received Import Request.
  Time since last request: 0.000046 seconds.
  path: Assets/_Barking_Dog/_3D Scifi Base Vol 1/Meshes/Materials/Wall_Atlas_01_Dif.mat
  artifactKey: Guid(bdfae30a12356452fa899b3ea77907b3) Importer(2089858483,b0f066a214c2f5e87bad3c948f4d605d)
Start importing Assets/_Barking_Dog/_3D Scifi Base Vol 1/Meshes/Materials/Wall_Atlas_01_Dif.mat using Guid(bdfae30a12356452fa899b3ea77907b3) Importer(2089858483,b0f066a214c2f5e87bad3c948f4d605d) (ScriptedImporter) -> (artifact id: 'ac1238c85946d18743348e80e4db7311') in 1.9032233 seconds
Number of updated asset objects reloaded before import = 0Number of asset objects unloaded after import = 6

========================================================================
Received Import Request.
  Time since last request: 0.000026 seconds.
  path: Assets/_Barking_Dog/_3D Scifi Base Vol 1/Meshes/Materials/Glass.mat
  artifactKey: Guid(b08c8fcabaa454468be5524624d1e3ca) Importer(2089858483,b0f066a214c2f5e87bad3c948f4d605d)
Start importing Assets/_Barking_Dog/_3D Scifi Base Vol 1/Meshes/Materials/Glass.mat using Guid(b08c8fcabaa454468be5524624d1e3ca) Importer(2089858483,b0f066a214c2f5e87bad3c948f4d605d) (ScriptedImporter) -> (artifact id: 'd355f86c5137c26266e4d47049b54570') in 0.2500392 seconds
Number of updated asset objects reloaded before import = 0Number of asset objects unloaded after import = 1

========================================================================
Received Import Request.
  Time since last request: 0.000049 seconds.
  path: Assets/_Barking_Dog/_3D Scifi Base Vol 1/Splat/TerrainData.asset
  artifactKey: Guid(2f7c2fd4a801c724c89f934b7ce0165f) Importer(2089858483,b0f066a214c2f5e87bad3c948f4d605d)
Start importing Assets/_Barking_Dog/_3D Scifi Base Vol 1/Splat/TerrainData.asset using Guid(2f7c2fd4a801c724c89f934b7ce0165f) Importer(2089858483,b0f066a214c2f5e87bad3c948f4d605d) (ScriptedImporter) -> (artifact id: 'c67bbdc9256e11125bf45a5658eaa85a') in 3.5675787 seconds
Number of updated asset objects reloaded before import = 0Number of asset objects unloaded after import = 194

========================================================================
Received Prepare
Begin MonoManager ReloadAssembly
[Licensing::Client] Successfully resolved entitlement details
ADTM: Control thread waiting for realtime thread timed out, have to lock...
- Loaded All Assemblies, in  3.326 seconds
Refreshing native plugins compatible for Editor in 1.23 ms, found 3 plugins.
Native extension for Android target not found
Native extension for WindowsStandalone target not found
[Package Manager] Failed to launch server process. Reason: Unity was launched with the -noUpm command-line argument
[Package Manager] Unable to send message (not connected to server process).
[Package Manager] Cannot connect to Unity Package Manager local server
[Package Manager] Failed to launch server process. Reason: Unity was launched with the -noUpm command-line argument
[Package Manager] Unable to send message (not connected to server process).
[Package Manager] Cannot connect to Unity Package Manager local server
ScheduleIndexationOnStartup MainProcess:False IndexOnStartup:True
Mono: successfully reloaded assembly
- Finished resetting the current domain, in  2.234 seconds
Domain Reload Profiling: 5569ms
	BeginReloadAssembly (1705ms)
		ExecutionOrderSort (0ms)
		DisableScriptedObjects (17ms)
		BackupInstance (0ms)
		ReleaseScriptingObjects (1ms)
		CreateAndSetChildDomain (1175ms)
	RebuildCommonClasses (171ms)
	RebuildNativeTypeToScriptingClass (43ms)
	initialDomainReloadingComplete (70ms)
	LoadAllAssembliesAndSetupDomain (1345ms)
		LoadAssemblies (1061ms)
		RebuildTransferFunctionScriptingTraits (0ms)
		AnalyzeDomain (657ms)
			TypeCache.Refresh (27ms)
				TypeCache.ScanAssembly (0ms)
			BuildScriptInfoCaches (579ms)
			ResolveRequiredComponents (37ms)
	FinalizeReload (2235ms)
		ReleaseScriptCaches (0ms)
		RebuildScriptCaches (0ms)
		SetupLoadedEditorAssemblies (1730ms)
			LogAssemblyErrors (0ms)
			InitializePlatformSupportModulesInManaged (24ms)
			SetLoadedEditorAssemblies (13ms)
			BeforeProcessingInitializeOnLoad (416ms)
			ProcessInitializeOnLoadAttributes (1011ms)
			ProcessInitializeOnLoadMethodAttributes (259ms)
			AfterProcessingInitializeOnLoad (5ms)
			EditorAssembliesLoaded (0ms)
		ExecutionOrderSort2 (0ms)
		AwakeInstancesAfterBackupRestoration (57ms)
Refreshing native plugins compatible for Editor in 2.29 ms, found 3 plugins.
Preloading 0 native plugins for Editor in 0.00 ms.
Unloading 17 Unused Serialized files (Serialized files now loaded: 0)
Unloading 6193 unused Assets / (4.0 MB). Loaded Objects now: 7067.
Memory consumption went from 156.9 MB to 152.9 MB.
Total: 31.235700 ms (FindLiveObjects: 1.817100 ms CreateObjectMapping: 3.817000 ms MarkObjects: 16.577900 ms  DeleteObjects: 9.020300 ms)

Prepare: number of updated asset objects reloaded= 0
========================================================================
Received Prepare
Begin MonoManager ReloadAssembly
[Licensing::Client] Successfully resolved entitlement details
ADTM: Control thread waiting for realtime thread timed out, have to lock...
- Loaded All Assemblies, in  2.103 seconds
Refreshing native plugins compatible for Editor in 1.00 ms, found 3 plugins.
Native extension for Android target not found
Native extension for WindowsStandalone target not found
[Package Manager] Failed to launch server process. Reason: Unity was launched with the -noUpm command-line argument
[Package Manager] Unable to send message (not connected to server process).
[Package Manager] Cannot connect to Unity Package Manager local server
[Package Manager] Failed to launch server process. Reason: Unity was launched with the -noUpm command-line argument
[Package Manager] Unable to send message (not connected to server process).
[Package Manager] Cannot connect to Unity Package Manager local server
ScheduleIndexationOnStartup MainProcess:False IndexOnStartup:True
Mono: successfully reloaded assembly
- Finished resetting the current domain, in  1.655 seconds
Domain Reload Profiling: 3764ms
	BeginReloadAssembly (1326ms)
		ExecutionOrderSort (0ms)
		DisableScriptedObjects (7ms)
		BackupInstance (0ms)
		ReleaseScriptingObjects (0ms)
		CreateAndSetChildDomain (1072ms)
	RebuildCommonClasses (58ms)
	RebuildNativeTypeToScriptingClass (22ms)
	initialDomainReloadingComplete (44ms)
	LoadAllAssembliesAndSetupDomain (659ms)
		LoadAssemblies (508ms)
		RebuildTransferFunctionScriptingTraits (0ms)
		AnalyzeDomain (314ms)
			TypeCache.Refresh (15ms)
				TypeCache.ScanAssembly (0ms)
			BuildScriptInfoCaches (278ms)
			ResolveRequiredComponents (16ms)
	FinalizeReload (1656ms)
		ReleaseScriptCaches (0ms)
		RebuildScriptCaches (0ms)
		SetupLoadedEditorAssemblies (1249ms)
			LogAssemblyErrors (0ms)
			InitializePlatformSupportModulesInManaged (18ms)
			SetLoadedEditorAssemblies (13ms)
			BeforeProcessingInitializeOnLoad (315ms)
			ProcessInitializeOnLoadAttributes (726ms)
			ProcessInitializeOnLoadMethodAttributes (170ms)
			AfterProcessingInitializeOnLoad (7ms)
			EditorAssembliesLoaded (1ms)
		ExecutionOrderSort2 (0ms)
		AwakeInstancesAfterBackupRestoration (40ms)
Refreshing native plugins compatible for Editor in 1.43 ms, found 3 plugins.
Preloading 0 native plugins for Editor in 0.00 ms.
Unloading 17 Unused Serialized files (Serialized files now loaded: 0)
Unloading 6192 unused Assets / (4.6 MB). Loaded Objects now: 7070.
Memory consumption went from 156.9 MB to 152.3 MB.
Total: 27.159700 ms (FindLiveObjects: 1.595200 ms CreateObjectMapping: 5.397800 ms MarkObjects: 12.398200 ms  DeleteObjects: 7.765700 ms)

Prepare: number of updated asset objects reloaded= 0
========================================================================
Received Prepare
Begin MonoManager ReloadAssembly
[Licensing::Client] Successfully resolved entitlement details
ADTM: Control thread waiting for realtime thread timed out, have to lock...
- Loaded All Assemblies, in  2.629 seconds
Refreshing native plugins compatible for Editor in 1.31 ms, found 3 plugins.
Native extension for Android target not found
Native extension for WindowsStandalone target not found
[Package Manager] Failed to launch server process. Reason: Unity was launched with the -noUpm command-line argument
[Package Manager] Unable to send message (not connected to server process).
[Package Manager] Cannot connect to Unity Package Manager local server
[Package Manager] Failed to launch server process. Reason: Unity was launched with the -noUpm command-line argument
[Package Manager] Unable to send message (not connected to server process).
[Package Manager] Cannot connect to Unity Package Manager local server
ScheduleIndexationOnStartup MainProcess:False IndexOnStartup:True
Mono: successfully reloaded assembly
- Finished resetting the current domain, in  2.352 seconds
Domain Reload Profiling: 4985ms
	BeginReloadAssembly (1423ms)
		ExecutionOrderSort (0ms)
		DisableScriptedObjects (8ms)
		BackupInstance (0ms)
		ReleaseScriptingObjects (0ms)
		CreateAndSetChildDomain (1086ms)
	RebuildCommonClasses (100ms)
	RebuildNativeTypeToScriptingClass (38ms)
	initialDomainReloadingComplete (59ms)
	LoadAllAssembliesAndSetupDomain (1011ms)
		LoadAssemblies (840ms)
		RebuildTransferFunctionScriptingTraits (0ms)
		AnalyzeDomain (400ms)
			TypeCache.Refresh (11ms)
				TypeCache.ScanAssembly (0ms)
			BuildScriptInfoCaches (360ms)
			ResolveRequiredComponents (22ms)
	FinalizeReload (2353ms)
		ReleaseScriptCaches (0ms)
		RebuildScriptCaches (0ms)
		SetupLoadedEditorAssemblies (1820ms)
			LogAssemblyErrors (0ms)
			InitializePlatformSupportModulesInManaged (25ms)
			SetLoadedEditorAssemblies (17ms)
			BeforeProcessingInitializeOnLoad (496ms)
			ProcessInitializeOnLoadAttributes (1044ms)
			ProcessInitializeOnLoadMethodAttributes (227ms)
			AfterProcessingInitializeOnLoad (10ms)
			EditorAssembliesLoaded (1ms)
		ExecutionOrderSort2 (0ms)
		AwakeInstancesAfterBackupRestoration (55ms)
Refreshing native plugins compatible for Editor in 3.01 ms, found 3 plugins.
Preloading 0 native plugins for Editor in 0.00 ms.
Unloading 17 Unused Serialized files (Serialized files now loaded: 0)
Unloading 6192 unused Assets / (5.0 MB). Loaded Objects now: 7073.
Memory consumption went from 157.0 MB to 152.0 MB.
Total: 59.200000 ms (FindLiveObjects: 2.228000 ms CreateObjectMapping: 2.835400 ms MarkObjects: 39.714500 ms  DeleteObjects: 14.419500 ms)

Prepare: number of updated asset objects reloaded= 0
========================================================================
Received Prepare
Begin MonoManager ReloadAssembly
[Licensing::Client] Successfully resolved entitlement details
ADTM: Control thread waiting for realtime thread timed out, have to lock...
- Loaded All Assemblies, in  2.202 seconds
Refreshing native plugins compatible for Editor in 0.73 ms, found 3 plugins.
Native extension for Android target not found
Native extension for WindowsStandalone target not found
[Package Manager] Failed to launch server process. Reason: Unity was launched with the -noUpm command-line argument
[Package Manager] Unable to send message (not connected to server process).
[Package Manager] Cannot connect to Unity Package Manager local server
[Package Manager] Failed to launch server process. Reason: Unity was launched with the -noUpm command-line argument
[Package Manager] Unable to send message (not connected to server process).
[Package Manager] Cannot connect to Unity Package Manager local server
ScheduleIndexationOnStartup MainProcess:False IndexOnStartup:True
Mono: successfully reloaded assembly
- Finished resetting the current domain, in  1.640 seconds
Domain Reload Profiling: 3845ms
	BeginReloadAssembly (1324ms)
		ExecutionOrderSort (0ms)
		DisableScriptedObjects (10ms)
		BackupInstance (0ms)
		ReleaseScriptingObjects (0ms)
		CreateAndSetChildDomain (1073ms)
	RebuildCommonClasses (82ms)
	RebuildNativeTypeToScriptingClass (21ms)
	initialDomainReloadingComplete (48ms)
	LoadAllAssembliesAndSetupDomain (729ms)
		LoadAssemblies (600ms)
		RebuildTransferFunctionScriptingTraits (0ms)
		AnalyzeDomain (289ms)
			TypeCache.Refresh (11ms)
				TypeCache.ScanAssembly (0ms)
			BuildScriptInfoCaches (259ms)
			ResolveRequiredComponents (14ms)
	FinalizeReload (1641ms)
		ReleaseScriptCaches (0ms)
		RebuildScriptCaches (0ms)
		SetupLoadedEditorAssemblies (1307ms)
			LogAssemblyErrors (0ms)
			InitializePlatformSupportModulesInManaged (20ms)
			SetLoadedEditorAssemblies (12ms)
			BeforeProcessingInitializeOnLoad (363ms)
			ProcessInitializeOnLoadAttributes (746ms)
			ProcessInitializeOnLoadMethodAttributes (156ms)
			AfterProcessingInitializeOnLoad (8ms)
			EditorAssembliesLoaded (1ms)
		ExecutionOrderSort2 (0ms)
		AwakeInstancesAfterBackupRestoration (38ms)
Refreshing native plugins compatible for Editor in 3.13 ms, found 3 plugins.
Preloading 0 native plugins for Editor in 0.00 ms.
Unloading 17 Unused Serialized files (Serialized files now loaded: 0)
Unloading 6192 unused Assets / (5.2 MB). Loaded Objects now: 7076.
Memory consumption went from 157.0 MB to 151.8 MB.
Total: 29.857900 ms (FindLiveObjects: 2.305600 ms CreateObjectMapping: 2.741300 ms MarkObjects: 16.926300 ms  DeleteObjects: 7.880500 ms)

Prepare: number of updated asset objects reloaded= 0
========================================================================
Received Prepare
Begin MonoManager ReloadAssembly
[Licensing::Client] Successfully resolved entitlement details
ADTM: Control thread waiting for realtime thread timed out, have to lock...
- Loaded All Assemblies, in  2.066 seconds
Refreshing native plugins compatible for Editor in 1.54 ms, found 3 plugins.
Native extension for Android target not found
Native extension for WindowsStandalone target not found
[Package Manager] Failed to launch server process. Reason: Unity was launched with the -noUpm command-line argument
[Package Manager] Unable to send message (not connected to server process).
[Package Manager] Cannot connect to Unity Package Manager local server
[Package Manager] Failed to launch server process. Reason: Unity was launched with the -noUpm command-line argument
[Package Manager] Unable to send message (not connected to server process).
[Package Manager] Cannot connect to Unity Package Manager local server
ScheduleIndexationOnStartup MainProcess:False IndexOnStartup:True
Mono: successfully reloaded assembly
- Finished resetting the current domain, in  1.801 seconds
Domain Reload Profiling: 3872ms
	BeginReloadAssembly (1317ms)
		ExecutionOrderSort (0ms)
		DisableScriptedObjects (8ms)
		BackupInstance (0ms)
		ReleaseScriptingObjects (0ms)
		CreateAndSetChildDomain (1069ms)
	RebuildCommonClasses (51ms)
	RebuildNativeTypeToScriptingClass (21ms)
	initialDomainReloadingComplete (50ms)
	LoadAllAssembliesAndSetupDomain (631ms)
		LoadAssemblies (503ms)
		RebuildTransferFunctionScriptingTraits (0ms)
		AnalyzeDomain (283ms)
			TypeCache.Refresh (18ms)
				TypeCache.ScanAssembly (0ms)
			BuildScriptInfoCaches (244ms)
			ResolveRequiredComponents (16ms)
	FinalizeReload (1802ms)
		ReleaseScriptCaches (0ms)
		RebuildScriptCaches (0ms)
		SetupLoadedEditorAssemblies (1354ms)
			LogAssemblyErrors (0ms)
			InitializePlatformSupportModulesInManaged (18ms)
			SetLoadedEditorAssemblies (10ms)
			BeforeProcessingInitializeOnLoad (348ms)
			ProcessInitializeOnLoadAttributes (799ms)
			ProcessInitializeOnLoadMethodAttributes (170ms)
			AfterProcessingInitializeOnLoad (9ms)
			EditorAssembliesLoaded (1ms)
		ExecutionOrderSort2 (0ms)
		AwakeInstancesAfterBackupRestoration (37ms)
Refreshing native plugins compatible for Editor in 1.94 ms, found 3 plugins.
Preloading 0 native plugins for Editor in 0.00 ms.
Unloading 17 Unused Serialized files (Serialized files now loaded: 0)
Unloading 6192 unused Assets / (5.2 MB). Loaded Objects now: 7079.
Memory consumption went from 157.1 MB to 151.9 MB.
Total: 31.974300 ms (FindLiveObjects: 1.905000 ms CreateObjectMapping: 4.341300 ms MarkObjects: 14.935200 ms  DeleteObjects: 10.790000 ms)

Prepare: number of updated asset objects reloaded= 0
========================================================================
Received Prepare
Begin MonoManager ReloadAssembly
[Licensing::Client] Successfully resolved entitlement details
ADTM: Control thread waiting for realtime thread timed out, have to lock...
- Loaded All Assemblies, in  2.104 seconds
Refreshing native plugins compatible for Editor in 1.15 ms, found 3 plugins.
Native extension for Android target not found
Native extension for WindowsStandalone target not found
[Package Manager] Failed to launch server process. Reason: Unity was launched with the -noUpm command-line argument
[Package Manager] Unable to send message (not connected to server process).
[Package Manager] Cannot connect to Unity Package Manager local server
[Package Manager] Failed to launch server process. Reason: Unity was launched with the -noUpm command-line argument
[Package Manager] Unable to send message (not connected to server process).
[Package Manager] Cannot connect to Unity Package Manager local server
ScheduleIndexationOnStartup MainProcess:False IndexOnStartup:True
Mono: successfully reloaded assembly
- Finished resetting the current domain, in  1.740 seconds
Domain Reload Profiling: 3851ms
	BeginReloadAssembly (1316ms)
		ExecutionOrderSort (0ms)
		DisableScriptedObjects (8ms)
		BackupInstance (0ms)
		ReleaseScriptingObjects (0ms)
		CreateAndSetChildDomain (1070ms)
	RebuildCommonClasses (54ms)
	RebuildNativeTypeToScriptingClass (20ms)
	initialDomainReloadingComplete (35ms)
	LoadAllAssembliesAndSetupDomain (685ms)
		LoadAssemblies (506ms)
		RebuildTransferFunctionScriptingTraits (0ms)
		AnalyzeDomain (328ms)
			TypeCache.Refresh (10ms)
				TypeCache.ScanAssembly (0ms)
			BuildScriptInfoCaches (289ms)
			ResolveRequiredComponents (23ms)
	FinalizeReload (1740ms)
		ReleaseScriptCaches (0ms)
		RebuildScriptCaches (0ms)
		SetupLoadedEditorAssemblies (1431ms)
			LogAssemblyErrors (0ms)
			InitializePlatformSupportModulesInManaged (11ms)
			SetLoadedEditorAssemblies (5ms)
			BeforeProcessingInitializeOnLoad (319ms)
			ProcessInitializeOnLoadAttributes (880ms)
			ProcessInitializeOnLoadMethodAttributes (205ms)
			AfterProcessingInitializeOnLoad (10ms)
			EditorAssembliesLoaded (0ms)
		ExecutionOrderSort2 (0ms)
		AwakeInstancesAfterBackupRestoration (51ms)
Refreshing native plugins compatible for Editor in 1.24 ms, found 3 plugins.
Preloading 0 native plugins for Editor in 0.00 ms.
Unloading 17 Unused Serialized files (Serialized files now loaded: 0)
Unloading 6192 unused Assets / (5.1 MB). Loaded Objects now: 7082.
Memory consumption went from 157.1 MB to 152.0 MB.
Total: 27.744400 ms (FindLiveObjects: 1.421600 ms CreateObjectMapping: 4.465100 ms MarkObjects: 12.939800 ms  DeleteObjects: 8.916500 ms)

Prepare: number of updated asset objects reloaded= 0
========================================================================
Received Prepare
Begin MonoManager ReloadAssembly
[Licensing::Client] Successfully resolved entitlement details
ADTM: Control thread waiting for realtime thread timed out, have to lock...
- Loaded All Assemblies, in  2.131 seconds
Refreshing native plugins compatible for Editor in 1.18 ms, found 3 plugins.
Native extension for Android target not found
Native extension for WindowsStandalone target not found
[Package Manager] Failed to launch server process. Reason: Unity was launched with the -noUpm command-line argument
[Package Manager] Unable to send message (not connected to server process).
[Package Manager] Cannot connect to Unity Package Manager local server
[Package Manager] Failed to launch server process. Reason: Unity was launched with the -noUpm command-line argument
[Package Manager] Unable to send message (not connected to server process).
[Package Manager] Cannot connect to Unity Package Manager local server
ScheduleIndexationOnStartup MainProcess:False IndexOnStartup:True
Mono: successfully reloaded assembly
- Finished resetting the current domain, in  1.926 seconds
Domain Reload Profiling: 4063ms
	BeginReloadAssembly (1324ms)
		ExecutionOrderSort (0ms)
		DisableScriptedObjects (9ms)
		BackupInstance (0ms)
		ReleaseScriptingObjects (0ms)
		CreateAndSetChildDomain (1075ms)
	RebuildCommonClasses (65ms)
	RebuildNativeTypeToScriptingClass (30ms)
	initialDomainReloadingComplete (34ms)
	LoadAllAssembliesAndSetupDomain (682ms)
		LoadAssemblies (537ms)
		RebuildTransferFunctionScriptingTraits (0ms)
		AnalyzeDomain (306ms)
			TypeCache.Refresh (11ms)
				TypeCache.ScanAssembly (0ms)
			BuildScriptInfoCaches (267ms)
			ResolveRequiredComponents (23ms)
	FinalizeReload (1927ms)
		ReleaseScriptCaches (0ms)
		RebuildScriptCaches (0ms)
		SetupLoadedEditorAssemblies (1461ms)
			LogAssemblyErrors (0ms)
			InitializePlatformSupportModulesInManaged (22ms)
			SetLoadedEditorAssemblies (8ms)
			BeforeProcessingInitializeOnLoad (388ms)
			ProcessInitializeOnLoadAttributes (839ms)
			ProcessInitializeOnLoadMethodAttributes (193ms)
			AfterProcessingInitializeOnLoad (10ms)
			EditorAssembliesLoaded (1ms)
		ExecutionOrderSort2 (0ms)
		AwakeInstancesAfterBackupRestoration (42ms)
Refreshing native plugins compatible for Editor in 2.61 ms, found 3 plugins.
Preloading 0 native plugins for Editor in 0.00 ms.
Unloading 17 Unused Serialized files (Serialized files now loaded: 0)
Unloading 6192 unused Assets / (5.2 MB). Loaded Objects now: 7085.
Memory consumption went from 157.2 MB to 151.9 MB.
Total: 27.451400 ms (FindLiveObjects: 2.880400 ms CreateObjectMapping: 2.760600 ms MarkObjects: 14.570800 ms  DeleteObjects: 7.235700 ms)

Prepare: number of updated asset objects reloaded= 0
========================================================================
Received Prepare
Begin MonoManager ReloadAssembly
[Licensing::Client] Successfully resolved entitlement details
ADTM: Control thread waiting for realtime thread timed out, have to lock...
- Loaded All Assemblies, in  2.097 seconds
Refreshing native plugins compatible for Editor in 0.71 ms, found 3 plugins.
Native extension for Android target not found
Native extension for WindowsStandalone target not found
[Package Manager] Failed to launch server process. Reason: Unity was launched with the -noUpm command-line argument
[Package Manager] Unable to send message (not connected to server process).
[Package Manager] Cannot connect to Unity Package Manager local server
[Package Manager] Failed to launch server process. Reason: Unity was launched with the -noUpm command-line argument
[Package Manager] Unable to send message (not connected to server process).
[Package Manager] Cannot connect to Unity Package Manager local server
ScheduleIndexationOnStartup MainProcess:False IndexOnStartup:True
Mono: successfully reloaded assembly
- Finished resetting the current domain, in  1.634 seconds
Domain Reload Profiling: 3734ms
	BeginReloadAssembly (1308ms)
		ExecutionOrderSort (0ms)
		DisableScriptedObjects (9ms)
		BackupInstance (0ms)
		ReleaseScriptingObjects (0ms)
		CreateAndSetChildDomain (1064ms)
	RebuildCommonClasses (53ms)
	RebuildNativeTypeToScriptingClass (21ms)
	initialDomainReloadingComplete (32ms)
	LoadAllAssembliesAndSetupDomain (685ms)
		LoadAssemblies (515ms)
		RebuildTransferFunctionScriptingTraits (0ms)
		AnalyzeDomain (326ms)
			TypeCache.Refresh (13ms)
				TypeCache.ScanAssembly (0ms)
			BuildScriptInfoCaches (288ms)
			ResolveRequiredComponents (18ms)
	FinalizeReload (1635ms)
		ReleaseScriptCaches (0ms)
		RebuildScriptCaches (0ms)
		SetupLoadedEditorAssemblies (1315ms)
			LogAssemblyErrors (0ms)
			InitializePlatformSupportModulesInManaged (22ms)
			SetLoadedEditorAssemblies (11ms)
			BeforeProcessingInitializeOnLoad (330ms)
			ProcessInitializeOnLoadAttributes (773ms)
			ProcessInitializeOnLoadMethodAttributes (170ms)
			AfterProcessingInitializeOnLoad (7ms)
			EditorAssembliesLoaded (0ms)
		ExecutionOrderSort2 (0ms)
		AwakeInstancesAfterBackupRestoration (35ms)
Refreshing native plugins compatible for Editor in 1.10 ms, found 3 plugins.
Preloading 0 native plugins for Editor in 0.00 ms.
Unloading 17 Unused Serialized files (Serialized files now loaded: 0)
Unloading 6192 unused Assets / (5.0 MB). Loaded Objects now: 7088.
Memory consumption went from 157.2 MB to 152.2 MB.
Total: 21.052900 ms (FindLiveObjects: 1.904300 ms CreateObjectMapping: 2.383200 ms MarkObjects: 9.776600 ms  DeleteObjects: 6.986500 ms)

Prepare: number of updated asset objects reloaded= 0
========================================================================
Received Prepare
Begin MonoManager ReloadAssembly
[Licensing::Client] Successfully resolved entitlement details
ADTM: Control thread waiting for realtime thread timed out, have to lock...
- Loaded All Assemblies, in  2.247 seconds
Refreshing native plugins compatible for Editor in 0.78 ms, found 3 plugins.
Native extension for Android target not found
Native extension for WindowsStandalone target not found
[Package Manager] Failed to launch server process. Reason: Unity was launched with the -noUpm command-line argument
[Package Manager] Unable to send message (not connected to server process).
[Package Manager] Cannot connect to Unity Package Manager local server
[Package Manager] Failed to launch server process. Reason: Unity was launched with the -noUpm command-line argument
[Package Manager] Unable to send message (not connected to server process).
[Package Manager] Cannot connect to Unity Package Manager local server
ScheduleIndexationOnStartup MainProcess:False IndexOnStartup:True
Mono: successfully reloaded assembly
- Finished resetting the current domain, in  0.996 seconds
Domain Reload Profiling: 3247ms
	BeginReloadAssembly (1352ms)
		ExecutionOrderSort (0ms)
		DisableScriptedObjects (8ms)
		BackupInstance (0ms)
		ReleaseScriptingObjects (0ms)
		CreateAndSetChildDomain (1096ms)
	RebuildCommonClasses (60ms)
	RebuildNativeTypeToScriptingClass (33ms)
	initialDomainReloadingComplete (43ms)
	LoadAllAssembliesAndSetupDomain (763ms)
		LoadAssemblies (587ms)
		RebuildTransferFunctionScriptingTraits (0ms)
		AnalyzeDomain (332ms)
			TypeCache.Refresh (8ms)
				TypeCache.ScanAssembly (0ms)
			BuildScriptInfoCaches (295ms)
			ResolveRequiredComponents (22ms)
	FinalizeReload (997ms)
		ReleaseScriptCaches (0ms)
		RebuildScriptCaches (0ms)
		SetupLoadedEditorAssemblies (753ms)
			LogAssemblyErrors (0ms)
			InitializePlatformSupportModulesInManaged (10ms)
			SetLoadedEditorAssemblies (7ms)
			BeforeProcessingInitializeOnLoad (196ms)
			ProcessInitializeOnLoadAttributes (442ms)
			ProcessInitializeOnLoadMethodAttributes (90ms)
			AfterProcessingInitializeOnLoad (8ms)
			EditorAssembliesLoaded (1ms)
		ExecutionOrderSort2 (0ms)
		AwakeInstancesAfterBackupRestoration (27ms)
Refreshing native plugins compatible for Editor in 0.76 ms, found 3 plugins.
Preloading 0 native plugins for Editor in 0.00 ms.
Unloading 17 Unused Serialized files (Serialized files now loaded: 0)
Unloading 6192 unused Assets / (5.0 MB). Loaded Objects now: 7091.
Memory consumption went from 157.3 MB to 152.3 MB.
Total: 11.462300 ms (FindLiveObjects: 1.001800 ms CreateObjectMapping: 1.877000 ms MarkObjects: 5.623700 ms  DeleteObjects: 2.958500 ms)

Prepare: number of updated asset objects reloaded= 0
========================================================================
Received Prepare
Begin MonoManager ReloadAssembly
[Licensing::Client] Successfully resolved entitlement details
ADTM: Control thread waiting for realtime thread timed out, have to lock...
- Loaded All Assemblies, in  2.195 seconds
Refreshing native plugins compatible for Editor in 1.25 ms, found 3 plugins.
Native extension for Android target not found
Native extension for WindowsStandalone target not found
[Package Manager] Failed to launch server process. Reason: Unity was launched with the -noUpm command-line argument
[Package Manager] Unable to send message (not connected to server process).
[Package Manager] Cannot connect to Unity Package Manager local server
[Package Manager] Failed to launch server process. Reason: Unity was launched with the -noUpm command-line argument
[Package Manager] Unable to send message (not connected to server process).
[Package Manager] Cannot connect to Unity Package Manager local server
ScheduleIndexationOnStartup MainProcess:False IndexOnStartup:True
Mono: successfully reloaded assembly
- Finished resetting the current domain, in  1.766 seconds
Domain Reload Profiling: 3966ms
	BeginReloadAssembly (1371ms)
		ExecutionOrderSort (0ms)
		DisableScriptedObjects (8ms)
		BackupInstance (0ms)
		ReleaseScriptingObjects (0ms)
		CreateAndSetChildDomain (1090ms)
	RebuildCommonClasses (78ms)
	RebuildNativeTypeToScriptingClass (33ms)
	initialDomainReloadingComplete (39ms)
	LoadAllAssembliesAndSetupDomain (678ms)
		LoadAssemblies (542ms)
		RebuildTransferFunctionScriptingTraits (0ms)
		AnalyzeDomain (314ms)
			TypeCache.Refresh (13ms)
				TypeCache.ScanAssembly (0ms)
			BuildScriptInfoCaches (271ms)
			ResolveRequiredComponents (22ms)
	FinalizeReload (1767ms)
		ReleaseScriptCaches (0ms)
		RebuildScriptCaches (0ms)
		SetupLoadedEditorAssemblies (1314ms)
			LogAssemblyErrors (0ms)
			InitializePlatformSupportModulesInManaged (18ms)
			SetLoadedEditorAssemblies (11ms)
			BeforeProcessingInitializeOnLoad (326ms)
			ProcessInitializeOnLoadAttributes (777ms)
			ProcessInitializeOnLoadMethodAttributes (173ms)
			AfterProcessingInitializeOnLoad (9ms)
			EditorAssembliesLoaded (1ms)
		ExecutionOrderSort2 (0ms)
		AwakeInstancesAfterBackupRestoration (34ms)
Refreshing native plugins compatible for Editor in 1.39 ms, found 3 plugins.
Preloading 0 native plugins for Editor in 0.00 ms.
Unloading 17 Unused Serialized files (Serialized files now loaded: 0)
Unloading 6192 unused Assets / (5.4 MB). Loaded Objects now: 7094.
Memory consumption went from 157.3 MB to 151.9 MB.
Total: 23.353200 ms (FindLiveObjects: 1.001500 ms CreateObjectMapping: 3.758300 ms MarkObjects: 10.851100 ms  DeleteObjects: 7.740800 ms)

Prepare: number of updated asset objects reloaded= 0
========================================================================
Received Prepare
Begin MonoManager ReloadAssembly
[Licensing::Client] Successfully resolved entitlement details
ADTM: Control thread waiting for realtime thread timed out, have to lock...
- Loaded All Assemblies, in  2.384 seconds
Refreshing native plugins compatible for Editor in 0.81 ms, found 3 plugins.
Native extension for Android target not found
Native extension for WindowsStandalone target not found
[Package Manager] Failed to launch server process. Reason: Unity was launched with the -noUpm command-line argument
[Package Manager] Unable to send message (not connected to server process).
[Package Manager] Cannot connect to Unity Package Manager local server
[Package Manager] Failed to launch server process. Reason: Unity was launched with the -noUpm command-line argument
[Package Manager] Unable to send message (not connected to server process).
[Package Manager] Cannot connect to Unity Package Manager local server
ScheduleIndexationOnStartup MainProcess:False IndexOnStartup:True
Mono: successfully reloaded assembly
- Finished resetting the current domain, in  1.081 seconds
Domain Reload Profiling: 3467ms
	BeginReloadAssembly (1409ms)
		ExecutionOrderSort (0ms)
		DisableScriptedObjects (12ms)
		BackupInstance (0ms)
		ReleaseScriptingObjects (0ms)
		CreateAndSetChildDomain (1101ms)
	RebuildCommonClasses (70ms)
	RebuildNativeTypeToScriptingClass (28ms)
	initialDomainReloadingComplete (47ms)
	LoadAllAssembliesAndSetupDomain (832ms)
		LoadAssemblies (599ms)
		RebuildTransferFunctionScriptingTraits (0ms)
		AnalyzeDomain (418ms)
			TypeCache.Refresh (224ms)
				TypeCache.ScanAssembly (189ms)
			BuildScriptInfoCaches (174ms)
			ResolveRequiredComponents (14ms)
	FinalizeReload (1082ms)
		ReleaseScriptCaches (0ms)
		RebuildScriptCaches (0ms)
		SetupLoadedEditorAssemblies (823ms)
			LogAssemblyErrors (0ms)
			InitializePlatformSupportModulesInManaged (12ms)
			SetLoadedEditorAssemblies (5ms)
			BeforeProcessingInitializeOnLoad (235ms)
			ProcessInitializeOnLoadAttributes (472ms)
			ProcessInitializeOnLoadMethodAttributes (93ms)
			AfterProcessingInitializeOnLoad (6ms)
			EditorAssembliesLoaded (0ms)
		ExecutionOrderSort2 (0ms)
		AwakeInstancesAfterBackupRestoration (29ms)
Refreshing native plugins compatible for Editor in 0.91 ms, found 3 plugins.
Preloading 0 native plugins for Editor in 0.00 ms.
Unloading 17 Unused Serialized files (Serialized files now loaded: 0)
Unloading 6192 unused Assets / (5.1 MB). Loaded Objects now: 7097.
Memory consumption went from 157.4 MB to 152.2 MB.
Total: 14.544500 ms (FindLiveObjects: 1.149900 ms CreateObjectMapping: 1.608300 ms MarkObjects: 7.322900 ms  DeleteObjects: 4.462100 ms)

Prepare: number of updated asset objects reloaded= 0
========================================================================
Received Prepare
Begin MonoManager ReloadAssembly
ADTM: Control thread waiting for realtime thread timed out, have to lock...
- Loaded All Assemblies, in  2.056 seconds
Refreshing native plugins compatible for Editor in 1.20 ms, found 3 plugins.
Native extension for Android target not found
Native extension for WindowsStandalone target not found
[Package Manager] Failed to launch server process. Reason: Unity was launched with the -noUpm command-line argument
[Package Manager] Unable to send message (not connected to server process).
[Package Manager] Cannot connect to Unity Package Manager local server
[Package Manager] Failed to launch server process. Reason: Unity was launched with the -noUpm command-line argument
[Package Manager] Unable to send message (not connected to server process).
[Package Manager] Cannot connect to Unity Package Manager local server
ScheduleIndexationOnStartup MainProcess:False IndexOnStartup:True
Mono: successfully reloaded assembly
- Finished resetting the current domain, in  1.785 seconds
Domain Reload Profiling: 3846ms
	BeginReloadAssembly (1300ms)
		ExecutionOrderSort (0ms)
		DisableScriptedObjects (10ms)
		BackupInstance (0ms)
		ReleaseScriptingObjects (0ms)
		CreateAndSetChildDomain (1065ms)
	RebuildCommonClasses (56ms)
	RebuildNativeTypeToScriptingClass (21ms)
	initialDomainReloadingComplete (37ms)
	LoadAllAssembliesAndSetupDomain (647ms)
		LoadAssemblies (500ms)
		RebuildTransferFunctionScriptingTraits (0ms)
		AnalyzeDomain (296ms)
			TypeCache.Refresh (9ms)
				TypeCache.ScanAssembly (0ms)
			BuildScriptInfoCaches (261ms)
			ResolveRequiredComponents (20ms)
	FinalizeReload (1785ms)
		ReleaseScriptCaches (0ms)
		RebuildScriptCaches (0ms)
		SetupLoadedEditorAssemblies (1323ms)
			LogAssemblyErrors (0ms)
			InitializePlatformSupportModulesInManaged (19ms)
			SetLoadedEditorAssemblies (11ms)
			BeforeProcessingInitializeOnLoad (315ms)
			ProcessInitializeOnLoadAttributes (776ms)
			ProcessInitializeOnLoadMethodAttributes (191ms)
			AfterProcessingInitializeOnLoad (10ms)
			EditorAssembliesLoaded (1ms)
		ExecutionOrderSort2 (0ms)
		AwakeInstancesAfterBackupRestoration (47ms)
Refreshing native plugins compatible for Editor in 1.42 ms, found 3 plugins.
Preloading 0 native plugins for Editor in 0.00 ms.
Unloading 17 Unused Serialized files (Serialized files now loaded: 0)
Unloading 6192 unused Assets / (5.0 MB). Loaded Objects now: 7100.
Memory consumption went from 157.4 MB to 152.4 MB.
Total: 31.803900 ms (FindLiveObjects: 5.749000 ms CreateObjectMapping: 3.340000 ms MarkObjects: 9.515700 ms  DeleteObjects: 13.183800 ms)

Prepare: number of updated asset objects reloaded= 0
========================================================================
Received Prepare
Begin MonoManager ReloadAssembly
[Licensing::Client] Successfully resolved entitlement details
ADTM: Control thread waiting for realtime thread timed out, have to lock...
- Loaded All Assemblies, in  2.200 seconds
Refreshing native plugins compatible for Editor in 0.65 ms, found 3 plugins.
Native extension for Android target not found
Native extension for WindowsStandalone target not found
[Package Manager] Failed to launch server process. Reason: Unity was launched with the -noUpm command-line argument
[Package Manager] Unable to send message (not connected to server process).
[Package Manager] Cannot connect to Unity Package Manager local server
[Package Manager] Failed to launch server process. Reason: Unity was launched with the -noUpm command-line argument
[Package Manager] Unable to send message (not connected to server process).
[Package Manager] Cannot connect to Unity Package Manager local server
ScheduleIndexationOnStartup MainProcess:False IndexOnStartup:True
Mono: successfully reloaded assembly
- Finished resetting the current domain, in  0.996 seconds
Domain Reload Profiling: 3200ms
	BeginReloadAssembly (1302ms)
		ExecutionOrderSort (0ms)
		DisableScriptedObjects (8ms)
		BackupInstance (0ms)
		ReleaseScriptingObjects (0ms)
		CreateAndSetChildDomain (1074ms)
	RebuildCommonClasses (56ms)
	RebuildNativeTypeToScriptingClass (22ms)
	initialDomainReloadingComplete (42ms)
	LoadAllAssembliesAndSetupDomain (781ms)
		LoadAssemblies (565ms)
		RebuildTransferFunctionScriptingTraits (0ms)
		AnalyzeDomain (350ms)
			TypeCache.Refresh (33ms)
				TypeCache.ScanAssembly (1ms)
			BuildScriptInfoCaches (297ms)
			ResolveRequiredComponents (15ms)
	FinalizeReload (997ms)
		ReleaseScriptCaches (0ms)
		RebuildScriptCaches (0ms)
		SetupLoadedEditorAssemblies (754ms)
			LogAssemblyErrors (0ms)
			InitializePlatformSupportModulesInManaged (12ms)
			SetLoadedEditorAssemblies (8ms)
			BeforeProcessingInitializeOnLoad (200ms)
			ProcessInitializeOnLoadAttributes (423ms)
			ProcessInitializeOnLoadMethodAttributes (106ms)
			AfterProcessingInitializeOnLoad (5ms)
			EditorAssembliesLoaded (0ms)
		ExecutionOrderSort2 (0ms)
		AwakeInstancesAfterBackupRestoration (32ms)
Refreshing native plugins compatible for Editor in 1.02 ms, found 3 plugins.
Preloading 0 native plugins for Editor in 0.00 ms.
Unloading 17 Unused Serialized files (Serialized files now loaded: 0)
Unloading 6192 unused Assets / (5.2 MB). Loaded Objects now: 7103.
Memory consumption went from 157.4 MB to 152.3 MB.
Total: 18.145300 ms (FindLiveObjects: 1.442000 ms CreateObjectMapping: 2.179400 ms MarkObjects: 9.089300 ms  DeleteObjects: 5.433400 ms)

Prepare: number of updated asset objects reloaded= 0
========================================================================
Received Prepare
Begin MonoManager ReloadAssembly
ADTM: Control thread waiting for realtime thread timed out, have to lock...
- Loaded All Assemblies, in  2.075 seconds
Refreshing native plugins compatible for Editor in 1.10 ms, found 3 plugins.
Native extension for Android target not found
Native extension for WindowsStandalone target not found
[Package Manager] Failed to launch server process. Reason: Unity was launched with the -noUpm command-line argument
[Package Manager] Unable to send message (not connected to server process).
[Package Manager] Cannot connect to Unity Package Manager local server
[Package Manager] Failed to launch server process. Reason: Unity was launched with the -noUpm command-line argument
[Package Manager] Unable to send message (not connected to server process).
[Package Manager] Cannot connect to Unity Package Manager local server
ScheduleIndexationOnStartup MainProcess:False IndexOnStartup:True
Mono: successfully reloaded assembly
- Finished resetting the current domain, in  1.508 seconds
Domain Reload Profiling: 3585ms
	BeginReloadAssembly (1298ms)
		ExecutionOrderSort (0ms)
		DisableScriptedObjects (7ms)
		BackupInstance (0ms)
		ReleaseScriptingObjects (0ms)
		CreateAndSetChildDomain (1065ms)
	RebuildCommonClasses (61ms)
	RebuildNativeTypeToScriptingClass (19ms)
	initialDomainReloadingComplete (46ms)
	LoadAllAssembliesAndSetupDomain (652ms)
		LoadAssemblies (508ms)
		RebuildTransferFunctionScriptingTraits (0ms)
		AnalyzeDomain (280ms)
			TypeCache.Refresh (11ms)
				TypeCache.ScanAssembly (0ms)
			BuildScriptInfoCaches (250ms)
			ResolveRequiredComponents (14ms)
	FinalizeReload (1509ms)
		ReleaseScriptCaches (0ms)
		RebuildScriptCaches (0ms)
		SetupLoadedEditorAssemblies (1209ms)
			LogAssemblyErrors (0ms)
			InitializePlatformSupportModulesInManaged (12ms)
			SetLoadedEditorAssemblies (8ms)
			BeforeProcessingInitializeOnLoad (290ms)
			ProcessInitializeOnLoadAttributes (715ms)
			ProcessInitializeOnLoadMethodAttributes (172ms)
			AfterProcessingInitializeOnLoad (12ms)
			EditorAssembliesLoaded (1ms)
		ExecutionOrderSort2 (0ms)
		AwakeInstancesAfterBackupRestoration (40ms)
Refreshing native plugins compatible for Editor in 1.13 ms, found 3 plugins.
Preloading 0 native plugins for Editor in 0.00 ms.
Unloading 17 Unused Serialized files (Serialized files now loaded: 0)
Unloading 6192 unused Assets / (4.6 MB). Loaded Objects now: 7106.
Memory consumption went from 157.5 MB to 152.9 MB.
Total: 24.425000 ms (FindLiveObjects: 1.327700 ms CreateObjectMapping: 3.315100 ms MarkObjects: 13.195600 ms  DeleteObjects: 6.585300 ms)

Prepare: number of updated asset objects reloaded= 0
========================================================================
Received Prepare
Begin MonoManager ReloadAssembly
[Licensing::Client] Successfully resolved entitlement details
ADTM: Control thread waiting for realtime thread timed out, have to lock...
- Loaded All Assemblies, in  2.102 seconds
Refreshing native plugins compatible for Editor in 0.66 ms, found 3 plugins.
Native extension for Android target not found
Native extension for WindowsStandalone target not found
[Package Manager] Failed to launch server process. Reason: Unity was launched with the -noUpm command-line argument
[Package Manager] Unable to send message (not connected to server process).
[Package Manager] Cannot connect to Unity Package Manager local server
[Package Manager] Failed to launch server process. Reason: Unity was launched with the -noUpm command-line argument
[Package Manager] Unable to send message (not connected to server process).
[Package Manager] Cannot connect to Unity Package Manager local server
ScheduleIndexationOnStartup MainProcess:False IndexOnStartup:True
Mono: successfully reloaded assembly
- Finished resetting the current domain, in  1.087 seconds
Domain Reload Profiling: 3193ms
	BeginReloadAssembly (1327ms)
		ExecutionOrderSort (0ms)
		DisableScriptedObjects (13ms)
		BackupInstance (0ms)
		ReleaseScriptingObjects (0ms)
		CreateAndSetChildDomain (1089ms)
	RebuildCommonClasses (62ms)
	RebuildNativeTypeToScriptingClass (20ms)
	initialDomainReloadingComplete (35ms)
	LoadAllAssembliesAndSetupDomain (663ms)
		LoadAssemblies (473ms)
		RebuildTransferFunctionScriptingTraits (0ms)
		AnalyzeDomain (333ms)
			TypeCache.Refresh (16ms)
				TypeCache.ScanAssembly (0ms)
			BuildScriptInfoCaches (287ms)
			ResolveRequiredComponents (23ms)
	FinalizeReload (1087ms)
		ReleaseScriptCaches (0ms)
		RebuildScriptCaches (0ms)
		SetupLoadedEditorAssemblies (801ms)
			LogAssemblyErrors (0ms)
			InitializePlatformSupportModulesInManaged (10ms)
			SetLoadedEditorAssemblies (6ms)
			BeforeProcessingInitializeOnLoad (215ms)
			ProcessInitializeOnLoadAttributes (460ms)
			ProcessInitializeOnLoadMethodAttributes (106ms)
			AfterProcessingInitializeOnLoad (4ms)
			EditorAssembliesLoaded (0ms)
		ExecutionOrderSort2 (0ms)
		AwakeInstancesAfterBackupRestoration (22ms)
Refreshing native plugins compatible for Editor in 0.74 ms, found 3 plugins.
Preloading 0 native plugins for Editor in 0.00 ms.
Unloading 17 Unused Serialized files (Serialized files now loaded: 0)
Unloading 6192 unused Assets / (4.6 MB). Loaded Objects now: 7109.
Memory consumption went from 157.5 MB to 152.9 MB.
Total: 14.388600 ms (FindLiveObjects: 1.035100 ms CreateObjectMapping: 1.714300 ms MarkObjects: 6.927000 ms  DeleteObjects: 4.709900 ms)

Prepare: number of updated asset objects reloaded= 0
========================================================================
Received Prepare
Begin MonoManager ReloadAssembly
ADTM: Control thread waiting for realtime thread timed out, have to lock...
- Loaded All Assemblies, in  2.076 seconds
Refreshing native plugins compatible for Editor in 1.47 ms, found 3 plugins.
Native extension for Android target not found
Native extension for WindowsStandalone target not found
[Package Manager] Failed to launch server process. Reason: Unity was launched with the -noUpm command-line argument
[Package Manager] Unable to send message (not connected to server process).
[Package Manager] Cannot connect to Unity Package Manager local server
[Package Manager] Failed to launch server process. Reason: Unity was launched with the -noUpm command-line argument
[Package Manager] Unable to send message (not connected to server process).
[Package Manager] Cannot connect to Unity Package Manager local server
ScheduleIndexationOnStartup MainProcess:False IndexOnStartup:True
Mono: successfully reloaded assembly
- Finished resetting the current domain, in  1.722 seconds
Domain Reload Profiling: 3804ms
	BeginReloadAssembly (1311ms)
		ExecutionOrderSort (0ms)
		DisableScriptedObjects (7ms)
		BackupInstance (0ms)
		ReleaseScriptingObjects (0ms)
		CreateAndSetChildDomain (1083ms)
	RebuildCommonClasses (65ms)
	RebuildNativeTypeToScriptingClass (30ms)
	initialDomainReloadingComplete (39ms)
	LoadAllAssembliesAndSetupDomain (635ms)
		LoadAssemblies (483ms)
		RebuildTransferFunctionScriptingTraits (0ms)
		AnalyzeDomain (292ms)
			TypeCache.Refresh (14ms)
				TypeCache.ScanAssembly (0ms)
			BuildScriptInfoCaches (252ms)
			ResolveRequiredComponents (19ms)
	FinalizeReload (1724ms)
		ReleaseScriptCaches (0ms)
		RebuildScriptCaches (0ms)
		SetupLoadedEditorAssemblies (1266ms)
			LogAssemblyErrors (0ms)
			InitializePlatformSupportModulesInManaged (19ms)
			SetLoadedEditorAssemblies (13ms)
			BeforeProcessingInitializeOnLoad (346ms)
			ProcessInitializeOnLoadAttributes (725ms)
			ProcessInitializeOnLoadMethodAttributes (156ms)
			AfterProcessingInitializeOnLoad (7ms)
			EditorAssembliesLoaded (1ms)
		ExecutionOrderSort2 (0ms)
		AwakeInstancesAfterBackupRestoration (37ms)
Refreshing native plugins compatible for Editor in 1.75 ms, found 3 plugins.
Preloading 0 native plugins for Editor in 0.00 ms.
Unloading 17 Unused Serialized files (Serialized files now loaded: 0)
Unloading 6192 unused Assets / (7.3 MB). Loaded Objects now: 7112.
Memory consumption went from 157.6 MB to 150.3 MB.
Total: 73.434500 ms (FindLiveObjects: 20.859800 ms CreateObjectMapping: 4.382200 ms MarkObjects: 27.376200 ms  DeleteObjects: 20.812700 ms)

Prepare: number of updated asset objects reloaded= 0
========================================================================
Received Import Request.
  Time since last request: 4819.233832 seconds.
  path: Assets/_Barking_Dog/_3D Scifi Base Vol 1/Textures/Wall_Atlas_08_Norm_02.png
  artifactKey: Guid(8a4cf87b3a81047a7b1fc23d2e1c27cd) Importer(815301076,1909f56bfc062723c751e8b465ee728b)
Start importing Assets/_Barking_Dog/_3D Scifi Base Vol 1/Textures/Wall_Atlas_08_Norm_02.png using Guid(8a4cf87b3a81047a7b1fc23d2e1c27cd) Importer(815301076,1909f56bfc062723c751e8b465ee728b) (PreviewImporter) -> (artifact id: 'e509ae99885009c268828302663cb9bc') in 1.27923 seconds
Number of updated asset objects reloaded before import = 0Number of asset objects unloaded after import = 2

========================================================================
Received Import Request.
  Time since last request: 22.498832 seconds.
  path: Assets/_Barking_Dog/_3D Scifi Base Vol 1/Textures/Wall_Atlas_08_Metal.tif
  artifactKey: Guid(a42bd411cc499418a82e219cc9221546) Importer(815301076,1909f56bfc062723c751e8b465ee728b)
Start importing Assets/_Barking_Dog/_3D Scifi Base Vol 1/Textures/Wall_Atlas_08_Metal.tif using Guid(a42bd411cc499418a82e219cc9221546) Importer(815301076,1909f56bfc062723c751e8b465ee728b) (PreviewImporter) -> (artifact id: 'ef0abb9f032f2cd15bb3458d91804a2d') in 0.3161654 seconds
Number of updated asset objects reloaded before import = 0Number of asset objects unloaded after import = 2

========================================================================
Received Import Request.
  Time since last request: 0.000023 seconds.
  path: Assets/_Barking_Dog/_3D Scifi Base Vol 1/Textures/Wall_Atlas_07_Metal.tif
  artifactKey: Guid(5a2bc66a898f24f53ad931f313f01771) Importer(815301076,1909f56bfc062723c751e8b465ee728b)
Start importing Assets/_Barking_Dog/_3D Scifi Base Vol 1/Textures/Wall_Atlas_07_Metal.tif using Guid(5a2bc66a898f24f53ad931f313f01771) Importer(815301076,1909f56bfc062723c751e8b465ee728b) (PreviewImporter) -> (artifact id: 'b20f5cffd2c16e35fc893109723730db') in 0.2217604 seconds
Number of updated asset objects reloaded before import = 0Number of asset objects unloaded after import = 2

========================================================================
Received Import Request.
  Time since last request: 0.000031 seconds.
  path: Assets/_Barking_Dog/_3D Scifi Base Vol 1/Textures/Wall_Atlas_07_Dif.png
  artifactKey: Guid(f1ad2f9dc3d4642d58fe19feee252256) Importer(815301076,1909f56bfc062723c751e8b465ee728b)
Start importing Assets/_Barking_Dog/_3D Scifi Base Vol 1/Textures/Wall_Atlas_07_Dif.png using Guid(f1ad2f9dc3d4642d58fe19feee252256) Importer(815301076,1909f56bfc062723c751e8b465ee728b) (PreviewImporter) -> (artifact id: 'a5e33079b87ebf85e45daed9cd87c2a3') in 0.27143 seconds
Number of updated asset objects reloaded before import = 0Number of asset objects unloaded after import = 2

========================================================================
Received Import Request.
  Time since last request: 0.000026 seconds.
  path: Assets/_Barking_Dog/_3D Scifi Base Vol 1/Textures/Wall_Atlas_05_Dif.png
  artifactKey: Guid(6074e2bd9dbbe42f3b17053388997ce1) Importer(815301076,1909f56bfc062723c751e8b465ee728b)
Start importing Assets/_Barking_Dog/_3D Scifi Base Vol 1/Textures/Wall_Atlas_05_Dif.png using Guid(6074e2bd9dbbe42f3b17053388997ce1) Importer(815301076,1909f56bfc062723c751e8b465ee728b) (PreviewImporter) -> (artifact id: '550f481b3cee411bac89ff87c533188e') in 0.2796526 seconds
Number of updated asset objects reloaded before import = 0Number of asset objects unloaded after import = 2

========================================================================
Received Import Request.
  Time since last request: 0.000027 seconds.
  path: Assets/_Barking_Dog/_3D Scifi Base Vol 1/Textures/Wall_Atlas_02_Illum.png
  artifactKey: Guid(f78a950db2df44ebf99280f0358fa78e) Importer(815301076,1909f56bfc062723c751e8b465ee728b)
Start importing Assets/_Barking_Dog/_3D Scifi Base Vol 1/Textures/Wall_Atlas_02_Illum.png using Guid(f78a950db2df44ebf99280f0358fa78e) Importer(815301076,1909f56bfc062723c751e8b465ee728b) (PreviewImporter) -> (artifact id: '8ec5f2ff8afad7d58db8e2bb63f6583b') in 0.2832386 seconds
Number of updated asset objects reloaded before import = 0Number of asset objects unloaded after import = 2

========================================================================
Received Import Request.
  Time since last request: 0.000025 seconds.
  path: Assets/_Barking_Dog/_3D Scifi Base Vol 1/Textures/Wall_Atlas_04_Norm_02.png
  artifactKey: Guid(1996eaf55498b432db56bed7738880a6) Importer(815301076,1909f56bfc062723c751e8b465ee728b)
Start importing Assets/_Barking_Dog/_3D Scifi Base Vol 1/Textures/Wall_Atlas_04_Norm_02.png using Guid(1996eaf55498b432db56bed7738880a6) Importer(815301076,1909f56bfc062723c751e8b465ee728b) (PreviewImporter) -> (artifact id: '506945ca1a0375c73ea45fd3faebacae') in 0.2363915 seconds
Number of updated asset objects reloaded before import = 0Number of asset objects unloaded after import = 2

========================================================================
Received Import Request.
  Time since last request: 0.000045 seconds.
  path: Assets/_Barking_Dog/_3D Scifi Base Vol 1/Textures/Wall_Atlas_01_Illum.png
  artifactKey: Guid(46bb27d443a6947b485dff4cc713a17a) Importer(815301076,1909f56bfc062723c751e8b465ee728b)
Start importing Assets/_Barking_Dog/_3D Scifi Base Vol 1/Textures/Wall_Atlas_01_Illum.png using Guid(46bb27d443a6947b485dff4cc713a17a) Importer(815301076,1909f56bfc062723c751e8b465ee728b) (PreviewImporter) -> (artifact id: '49b25e59f743562fc1721d021d7b44f9') in 0.1493085 seconds
Number of updated asset objects reloaded before import = 0Number of asset objects unloaded after import = 2

========================================================================
Received Import Request.
  Time since last request: 0.000020 seconds.
  path: Assets/_Barking_Dog/_3D Scifi Base Vol 1/Textures/Wall_Atlas_01_Metal_02.tif
  artifactKey: Guid(c9aad34050af442e1be8c66d993cf261) Importer(815301076,1909f56bfc062723c751e8b465ee728b)
Start importing Assets/_Barking_Dog/_3D Scifi Base Vol 1/Textures/Wall_Atlas_01_Metal_02.tif using Guid(c9aad34050af442e1be8c66d993cf261) Importer(815301076,1909f56bfc062723c751e8b465ee728b) (PreviewImporter) -> (artifact id: '756425e3e0e54a2c3cf88add3a2378a3') in 0.2457763 seconds
Number of updated asset objects reloaded before import = 0Number of asset objects unloaded after import = 2

========================================================================
Received Import Request.
  Time since last request: 0.000023 seconds.
  path: Assets/_Barking_Dog/_3D Scifi Base Vol 1/Textures/Wall_Atlas_07_Ao.png
  artifactKey: Guid(f923bbd07860b4752a186db9ac46b0b9) Importer(815301076,1909f56bfc062723c751e8b465ee728b)
Start importing Assets/_Barking_Dog/_3D Scifi Base Vol 1/Textures/Wall_Atlas_07_Ao.png using Guid(f923bbd07860b4752a186db9ac46b0b9) Importer(815301076,1909f56bfc062723c751e8b465ee728b) (PreviewImporter) -> (artifact id: '78c6c7b67d80daa9b6e0f70e6d96399b') in 0.2313313 seconds
Number of updated asset objects reloaded before import = 0Number of asset objects unloaded after import = 2

========================================================================
Received Import Request.
  Time since last request: 0.000038 seconds.
  path: Assets/_Barking_Dog/_3D Scifi Base Vol 1/Textures/Wall_Atlas_05_Illum.png
  artifactKey: Guid(80c3968b117d54160925e9d8e5ff03dc) Importer(815301076,1909f56bfc062723c751e8b465ee728b)
Start importing Assets/_Barking_Dog/_3D Scifi Base Vol 1/Textures/Wall_Atlas_05_Illum.png using Guid(80c3968b117d54160925e9d8e5ff03dc) Importer(815301076,1909f56bfc062723c751e8b465ee728b) (PreviewImporter) -> (artifact id: '57576f9805820688a3a5a948dc71a7bc') in 0.3299016 seconds
Number of updated asset objects reloaded before import = 0Number of asset objects unloaded after import = 2

========================================================================
Received Import Request.
  Time since last request: 0.000043 seconds.
  path: Assets/_Barking_Dog/_3D Scifi Base Vol 1/Textures/Wall_Atlas_06_Dif.png
  artifactKey: Guid(9beed25e81683476a986a7df82b4baf1) Importer(815301076,1909f56bfc062723c751e8b465ee728b)
Start importing Assets/_Barking_Dog/_3D Scifi Base Vol 1/Textures/Wall_Atlas_06_Dif.png using Guid(9beed25e81683476a986a7df82b4baf1) Importer(815301076,1909f56bfc062723c751e8b465ee728b) (PreviewImporter) -> (artifact id: '5bdb0379c1d897003c4f982e5a0e8f6f') in 0.261689 seconds
Number of updated asset objects reloaded before import = 0Number of asset objects unloaded after import = 2

========================================================================
Received Import Request.
  Time since last request: 0.000063 seconds.
  path: Assets/_Barking_Dog/_3D Scifi Base Vol 1/Splat/Grass_01_Norm.png
  artifactKey: Guid(0ed484181414c4063823935b366bfae2) Importer(815301076,1909f56bfc062723c751e8b465ee728b)
Start importing Assets/_Barking_Dog/_3D Scifi Base Vol 1/Splat/Grass_01_Norm.png using Guid(0ed484181414c4063823935b366bfae2) Importer(815301076,1909f56bfc062723c751e8b465ee728b) (PreviewImporter) -> (artifact id: '5016af6cc93035df20535d346104555d') in 0.0313048 seconds
Number of updated asset objects reloaded before import = 0Number of asset objects unloaded after import = 2

========================================================================
Received Import Request.
  Time since last request: 0.000023 seconds.
  path: Assets/_Barking_Dog/_3D Scifi Base Vol 1/Splat/Grass_01.png
  artifactKey: Guid(b0a6b149162290d478d6289483442d12) Importer(815301076,1909f56bfc062723c751e8b465ee728b)
Start importing Assets/_Barking_Dog/_3D Scifi Base Vol 1/Splat/Grass_01.png using Guid(b0a6b149162290d478d6289483442d12) Importer(815301076,1909f56bfc062723c751e8b465ee728b) (PreviewImporter) -> (artifact id: '392e163564af457b1b0ee433e7295037') in 0.0347954 seconds
Number of updated asset objects reloaded before import = 0Number of asset objects unloaded after import = 2

========================================================================
Received Import Request.
  Time since last request: 0.000036 seconds.
  path: Assets/_Barking_Dog/_3D Scifi Base Vol 1/Textures/Wall_Atlas_04_Illum.png
  artifactKey: Guid(0989d8b38d8d34317908d0041a61a809) Importer(815301076,1909f56bfc062723c751e8b465ee728b)
Start importing Assets/_Barking_Dog/_3D Scifi Base Vol 1/Textures/Wall_Atlas_04_Illum.png using Guid(0989d8b38d8d34317908d0041a61a809) Importer(815301076,1909f56bfc062723c751e8b465ee728b) (PreviewImporter) -> (artifact id: '4d2d93ae77af9815b67aecc877dc6146') in 0.2444218 seconds
Number of updated asset objects reloaded before import = 0Number of asset objects unloaded after import = 2

========================================================================
Received Import Request.
  Time since last request: 0.000033 seconds.
  path: Assets/_Barking_Dog/_3D Scifi Base Vol 1/Textures/Wall_Atlas_06_Norm.png
  artifactKey: Guid(6100598b9ce994e3792eeb0b75e9784c) Importer(815301076,1909f56bfc062723c751e8b465ee728b)
Start importing Assets/_Barking_Dog/_3D Scifi Base Vol 1/Textures/Wall_Atlas_06_Norm.png using Guid(6100598b9ce994e3792eeb0b75e9784c) Importer(815301076,1909f56bfc062723c751e8b465ee728b) (PreviewImporter) -> (artifact id: '98aa4f5946ca63acf7aa154f3805e2dd') in 0.2222048 seconds
Number of updated asset objects reloaded before import = 0Number of asset objects unloaded after import = 2

========================================================================
Received Import Request.
  Time since last request: 0.000041 seconds.
  path: Assets/_Barking_Dog/_3D Scifi Base Vol 1/Textures/Wall_Atlas_02_Ao.png
  artifactKey: Guid(bbd9684a8be8c43e19a7433d58d87b7f) Importer(815301076,1909f56bfc062723c751e8b465ee728b)
Start importing Assets/_Barking_Dog/_3D Scifi Base Vol 1/Textures/Wall_Atlas_02_Ao.png using Guid(bbd9684a8be8c43e19a7433d58d87b7f) Importer(815301076,1909f56bfc062723c751e8b465ee728b) (PreviewImporter) -> (artifact id: '3741006695ba459d17cc47b0cf09ff30') in 0.212737 seconds
Number of updated asset objects reloaded before import = 0Number of asset objects unloaded after import = 2

========================================================================
Received Import Request.
  Time since last request: 0.000083 seconds.
  path: Assets/_Barking_Dog/_3D Scifi Base Vol 1/Textures/Wall_Atlas_06_Ao.png
  artifactKey: Guid(b19b3ec52610b4a32ae93ba63edfdd9d) Importer(815301076,1909f56bfc062723c751e8b465ee728b)
Start importing Assets/_Barking_Dog/_3D Scifi Base Vol 1/Textures/Wall_Atlas_06_Ao.png using Guid(b19b3ec52610b4a32ae93ba63edfdd9d) Importer(815301076,1909f56bfc062723c751e8b465ee728b) (PreviewImporter) -> (artifact id: 'dc47a44d206757696dd0c486c99d7289') in 0.2700024 seconds
Number of updated asset objects reloaded before import = 0Number of asset objects unloaded after import = 2

========================================================================
Received Import Request.
  Time since last request: 0.000076 seconds.
  path: Assets/_Barking_Dog/_3D Scifi Base Vol 1/Textures/Wall_Atlas_06_Metal_02.tif
  artifactKey: Guid(4996bb5d1b17a4dedaa5ed5df39b0bf0) Importer(815301076,1909f56bfc062723c751e8b465ee728b)
Start importing Assets/_Barking_Dog/_3D Scifi Base Vol 1/Textures/Wall_Atlas_06_Metal_02.tif using Guid(4996bb5d1b17a4dedaa5ed5df39b0bf0) Importer(815301076,1909f56bfc062723c751e8b465ee728b) (PreviewImporter) -> (artifact id: 'd3f64989024681a1b63a97fc2b532115') in 0.193215 seconds
Number of updated asset objects reloaded before import = 0Number of asset objects unloaded after import = 2

========================================================================
Received Import Request.
  Time since last request: 0.000033 seconds.
  path: Assets/_Barking_Dog/_3D Scifi Base Vol 1/Textures/Wall_Atlas_07_Illum.png
  artifactKey: Guid(2fa2f247eb16049f48417217e1f0cead) Importer(815301076,1909f56bfc062723c751e8b465ee728b)
Start importing Assets/_Barking_Dog/_3D Scifi Base Vol 1/Textures/Wall_Atlas_07_Illum.png using Guid(2fa2f247eb16049f48417217e1f0cead) Importer(815301076,1909f56bfc062723c751e8b465ee728b) (PreviewImporter) -> (artifact id: '8c0ed536da50f72cecb86f151d045365') in 0.1205352 seconds
Number of updated asset objects reloaded before import = 0Number of asset objects unloaded after import = 2

========================================================================
Received Import Request.
  Time since last request: 0.000034 seconds.
  path: Assets/_Barking_Dog/_3D Scifi Base Vol 1/Textures/Wall_Atlas_08_Metal_02.tif
  artifactKey: Guid(1a478ae3692494fbd9e87601a42782ac) Importer(815301076,1909f56bfc062723c751e8b465ee728b)
Start importing Assets/_Barking_Dog/_3D Scifi Base Vol 1/Textures/Wall_Atlas_08_Metal_02.tif using Guid(1a478ae3692494fbd9e87601a42782ac) Importer(815301076,1909f56bfc062723c751e8b465ee728b) (PreviewImporter) -> (artifact id: 'd84fecfae885acb77b4bba1a9ad6114f') in 0.307698 seconds
Number of updated asset objects reloaded before import = 0Number of asset objects unloaded after import = 2

========================================================================
Received Import Request.
  Time since last request: 0.000055 seconds.
  path: Assets/TutorialInfo/Icons/URP.png
  artifactKey: Guid(727a75301c3d24613a3ebcec4a24c2c8) Importer(815301076,1909f56bfc062723c751e8b465ee728b)
Start importing Assets/TutorialInfo/Icons/URP.png using Guid(727a75301c3d24613a3ebcec4a24c2c8) Importer(815301076,1909f56bfc062723c751e8b465ee728b) (PreviewImporter) -> (artifact id: '7a2146c33f79d0dc51214aaff4d4a6ae') in 0.1379917 seconds
Number of updated asset objects reloaded before import = 0Number of asset objects unloaded after import = 2

========================================================================
Received Import Request.
  Time since last request: 0.000036 seconds.
  path: Assets/_Barking_Dog/_3D Scifi Base Vol 1/Textures/Wall_Atlas_07_Norm_02.png
  artifactKey: Guid(c60588a49b4c949d8ac0b5a317fca483) Importer(815301076,1909f56bfc062723c751e8b465ee728b)
Start importing Assets/_Barking_Dog/_3D Scifi Base Vol 1/Textures/Wall_Atlas_07_Norm_02.png using Guid(c60588a49b4c949d8ac0b5a317fca483) Importer(815301076,1909f56bfc062723c751e8b465ee728b) (PreviewImporter) -> (artifact id: 'fb2add657d0f1497cf48131eaefe58e4') in 0.3471184 seconds
Number of updated asset objects reloaded before import = 0Number of asset objects unloaded after import = 2

========================================================================
Received Import Request.
  Time since last request: 0.000039 seconds.
  path: Assets/_Barking_Dog/_3D Scifi Base Vol 1/Textures/Sparc_04.png
  artifactKey: Guid(02eae3ae00c314db0b55cea4c93b19e6) Importer(815301076,1909f56bfc062723c751e8b465ee728b)
Start importing Assets/_Barking_Dog/_3D Scifi Base Vol 1/Textures/Sparc_04.png using Guid(02eae3ae00c314db0b55cea4c93b19e6) Importer(815301076,1909f56bfc062723c751e8b465ee728b) (PreviewImporter) -> (artifact id: '3225d82d8e2afdc339a3d6c904fb1f1f') in 0.016683 seconds
Number of updated asset objects reloaded before import = 0Number of asset objects unloaded after import = 2

========================================================================
Received Import Request.
  Time since last request: 0.000034 seconds.
  path: Assets/_Barking_Dog/_3D Scifi Base Vol 1/Textures/Wall_Atlas_01_Metal.tif
  artifactKey: Guid(45c2489e941914d04b7040c3145e9f28) Importer(815301076,1909f56bfc062723c751e8b465ee728b)
Start importing Assets/_Barking_Dog/_3D Scifi Base Vol 1/Textures/Wall_Atlas_01_Metal.tif using Guid(45c2489e941914d04b7040c3145e9f28) Importer(815301076,1909f56bfc062723c751e8b465ee728b) (PreviewImporter) -> (artifact id: '538f6c15421bfbece1550c46e54ff541') in 0.3632097 seconds
Number of updated asset objects reloaded before import = 0Number of asset objects unloaded after import = 2

========================================================================
Received Import Request.
  Time since last request: 0.000078 seconds.
  path: Assets/_Barking_Dog/_3D Scifi Base Vol 1/Textures/Wall_Atlas_05_Norm.png
  artifactKey: Guid(ef5190f5407324d2cb4fc69b1cc0e815) Importer(815301076,1909f56bfc062723c751e8b465ee728b)
Start importing Assets/_Barking_Dog/_3D Scifi Base Vol 1/Textures/Wall_Atlas_05_Norm.png using Guid(ef5190f5407324d2cb4fc69b1cc0e815) Importer(815301076,1909f56bfc062723c751e8b465ee728b) (PreviewImporter) -> (artifact id: 'a28e1270f4e5f964a6815137ff1abc56') in 0.2259209 seconds
Number of updated asset objects reloaded before import = 0Number of asset objects unloaded after import = 2

========================================================================
Received Import Request.
  Time since last request: 0.000045 seconds.
  path: Assets/_Barking_Dog/_3D Scifi Base Vol 1/Textures/Wall_Atlas_02_Dif.png
  artifactKey: Guid(696a6b5edea8f4738992d8982d8195a3) Importer(815301076,1909f56bfc062723c751e8b465ee728b)
Start importing Assets/_Barking_Dog/_3D Scifi Base Vol 1/Textures/Wall_Atlas_02_Dif.png using Guid(696a6b5edea8f4738992d8982d8195a3) Importer(815301076,1909f56bfc062723c751e8b465ee728b) (PreviewImporter) -> (artifact id: '8a83464cb3394498925b7632478bc875') in 0.3431845 seconds
Number of updated asset objects reloaded before import = 0Number of asset objects unloaded after import = 2

========================================================================
Received Import Request.
  Time since last request: 0.000037 seconds.
  path: Assets/_Barking_Dog/_3D Scifi Base Vol 1/Textures/Wall_Atlas_08_Dif_02.png
  artifactKey: Guid(cd8f40e27a82f4670bbcca2cdbac5f37) Importer(815301076,1909f56bfc062723c751e8b465ee728b)
Start importing Assets/_Barking_Dog/_3D Scifi Base Vol 1/Textures/Wall_Atlas_08_Dif_02.png using Guid(cd8f40e27a82f4670bbcca2cdbac5f37) Importer(815301076,1909f56bfc062723c751e8b465ee728b) (PreviewImporter) -> (artifact id: '8e367bf364a1cf30c6f22e88c6022ff3') in 0.1875208 seconds
Number of updated asset objects reloaded before import = 0Number of asset objects unloaded after import = 2

========================================================================
Received Import Request.
  Time since last request: 0.000046 seconds.
  path: Assets/_Barking_Dog/_3D Scifi Base Vol 1/Textures/Screen TV Sources.psd
  artifactKey: Guid(3589f786e3b3343c9b474952c3602fce) Importer(815301076,1909f56bfc062723c751e8b465ee728b)
Start importing Assets/_Barking_Dog/_3D Scifi Base Vol 1/Textures/Screen TV Sources.psd using Guid(3589f786e3b3343c9b474952c3602fce) Importer(815301076,1909f56bfc062723c751e8b465ee728b) (PreviewImporter) -> (artifact id: '474d205dd0d6afb1fe8d367a481c13ee') in 0.0186488 seconds
Number of updated asset objects reloaded before import = 0Number of asset objects unloaded after import = 2

========================================================================
Received Import Request.
  Time since last request: 0.000028 seconds.
  path: Assets/_Barking_Dog/_3D Scifi Base Vol 1/Textures/Wall_Atlas_04_Ao.png
  artifactKey: Guid(151fdcbf3023d44aabb77d9a1cbf8b05) Importer(815301076,1909f56bfc062723c751e8b465ee728b)
Start importing Assets/_Barking_Dog/_3D Scifi Base Vol 1/Textures/Wall_Atlas_04_Ao.png using Guid(151fdcbf3023d44aabb77d9a1cbf8b05) Importer(815301076,1909f56bfc062723c751e8b465ee728b) (PreviewImporter) -> (artifact id: '3e33feb80b113308ce24c2d495b5294b') in 0.1925625 seconds
Number of updated asset objects reloaded before import = 0Number of asset objects unloaded after import = 2

========================================================================
Received Import Request.
  Time since last request: 0.000030 seconds.
  path: Assets/_Barking_Dog/_3D Scifi Base Vol 1/Textures/Wall_Atlas_03_Ao.png
  artifactKey: Guid(aeb85b6727ec84c9789634b61236c546) Importer(815301076,1909f56bfc062723c751e8b465ee728b)
Start importing Assets/_Barking_Dog/_3D Scifi Base Vol 1/Textures/Wall_Atlas_03_Ao.png using Guid(aeb85b6727ec84c9789634b61236c546) Importer(815301076,1909f56bfc062723c751e8b465ee728b) (PreviewImporter) -> (artifact id: 'bfbf1ce574f768d110effb9598f4546a') in 0.0943591 seconds
Number of updated asset objects reloaded before import = 0Number of asset objects unloaded after import = 2

========================================================================
Received Import Request.
  Time since last request: 0.000043 seconds.
  path: Assets/_Barking_Dog/_3D Scifi Base Vol 1/Textures/Wall_Atlas_03_Metal_02.tif
  artifactKey: Guid(917e7bf58e0164cfb89e854a6a84b30d) Importer(815301076,1909f56bfc062723c751e8b465ee728b)
Start importing Assets/_Barking_Dog/_3D Scifi Base Vol 1/Textures/Wall_Atlas_03_Metal_02.tif using Guid(917e7bf58e0164cfb89e854a6a84b30d) Importer(815301076,1909f56bfc062723c751e8b465ee728b) (PreviewImporter) -> (artifact id: '411cb4a9569b4667f511554026d5e065') in 0.3224441 seconds
Number of updated asset objects reloaded before import = 0Number of asset objects unloaded after import = 2

========================================================================
Received Import Request.
  Time since last request: 0.000028 seconds.
  path: Assets/_Barking_Dog/_3D Scifi Base Vol 1/Textures/Wall_Atlas_02_Metal_02.tif
  artifactKey: Guid(58f9e59e5cc844c89abfada51b56e402) Importer(815301076,1909f56bfc062723c751e8b465ee728b)
Start importing Assets/_Barking_Dog/_3D Scifi Base Vol 1/Textures/Wall_Atlas_02_Metal_02.tif using Guid(58f9e59e5cc844c89abfada51b56e402) Importer(815301076,1909f56bfc062723c751e8b465ee728b) (PreviewImporter) -> (artifact id: '07b5e476bde002804db931300fb92097') in 0.4500258 seconds
Number of updated asset objects reloaded before import = 0Number of asset objects unloaded after import = 2

========================================================================
Received Import Request.
  Time since last request: 0.000048 seconds.
  path: Assets/_Barking_Dog/_3D Scifi Base Vol 1/SpeedTree/Conifer/Conifer_Desktop_Atlas_Billboards.tga
  artifactKey: Guid(612b65e0cd1576e4bbba0516d756a99d) Importer(815301076,1909f56bfc062723c751e8b465ee728b)
Start importing Assets/_Barking_Dog/_3D Scifi Base Vol 1/SpeedTree/Conifer/Conifer_Desktop_Atlas_Billboards.tga using Guid(612b65e0cd1576e4bbba0516d756a99d) Importer(815301076,1909f56bfc062723c751e8b465ee728b) (PreviewImporter) -> (artifact id: '5fcff930f1c16fbfaa1030995692cd4d') in 0.0096227 seconds
Number of updated asset objects reloaded before import = 0Number of asset objects unloaded after import = 2

========================================================================
Received Import Request.
  Time since last request: 0.000027 seconds.
  path: Assets/_Barking_Dog/_3D Scifi Base Vol 1/Textures/Wall_Atlas_01_Norm_02.png
  artifactKey: Guid(a7868c86844444054af9ef496a30b99b) Importer(815301076,1909f56bfc062723c751e8b465ee728b)
Start importing Assets/_Barking_Dog/_3D Scifi Base Vol 1/Textures/Wall_Atlas_01_Norm_02.png using Guid(a7868c86844444054af9ef496a30b99b) Importer(815301076,1909f56bfc062723c751e8b465ee728b) (PreviewImporter) -> (artifact id: 'b7640a0e48d9c2267cfd3222a28087e8') in 0.2718877 seconds
Number of updated asset objects reloaded before import = 0Number of asset objects unloaded after import = 2

========================================================================
Received Import Request.
  Time since last request: 0.000029 seconds.
  path: Assets/_Barking_Dog/_3D Scifi Base Vol 1/Textures/Wall_Atlas_07_Metal_02.tif
  artifactKey: Guid(d33c8b64b2f8c4e62803bea427077c5a) Importer(815301076,1909f56bfc062723c751e8b465ee728b)
Start importing Assets/_Barking_Dog/_3D Scifi Base Vol 1/Textures/Wall_Atlas_07_Metal_02.tif using Guid(d33c8b64b2f8c4e62803bea427077c5a) Importer(815301076,1909f56bfc062723c751e8b465ee728b) (PreviewImporter) -> (artifact id: '631ae08378d9c393eade360a2f9f3627') in 0.2215171 seconds
Number of updated asset objects reloaded before import = 0Number of asset objects unloaded after import = 2

========================================================================
Received Import Request.
  Time since last request: 0.000063 seconds.
  path: Assets/_Barking_Dog/_3D Scifi Base Vol 1/Textures/Wall_Atlas_08_Dif.png
  artifactKey: Guid(5a4100a7aad684429ad3cfd0a99d2302) Importer(815301076,1909f56bfc062723c751e8b465ee728b)
Start importing Assets/_Barking_Dog/_3D Scifi Base Vol 1/Textures/Wall_Atlas_08_Dif.png using Guid(5a4100a7aad684429ad3cfd0a99d2302) Importer(815301076,1909f56bfc062723c751e8b465ee728b) (PreviewImporter) -> (artifact id: '40bf223a712fb7d268f982595d2812c3') in 0.1773887 seconds
Number of updated asset objects reloaded before import = 0Number of asset objects unloaded after import = 2

========================================================================
Received Import Request.
  Time since last request: 0.000040 seconds.
  path: Assets/_Barking_Dog/_3D Scifi Base Vol 1/Textures/Wall_Atlas_04_Norm.png
  artifactKey: Guid(e3f90849ad8214e808e56a0a1bbecace) Importer(815301076,1909f56bfc062723c751e8b465ee728b)
Start importing Assets/_Barking_Dog/_3D Scifi Base Vol 1/Textures/Wall_Atlas_04_Norm.png using Guid(e3f90849ad8214e808e56a0a1bbecace) Importer(815301076,1909f56bfc062723c751e8b465ee728b) (PreviewImporter) -> (artifact id: 'ca38c89f68dbf23c23c0f599523f71eb') in 0.3400368 seconds
Number of updated asset objects reloaded before import = 0Number of asset objects unloaded after import = 2

========================================================================
Received Import Request.
  Time since last request: 0.000071 seconds.
  path: Assets/_Barking_Dog/_3D Scifi Base Vol 1/Textures/Wall_Atlas_08_Ao.png
  artifactKey: Guid(64bf301f148ff4ed494ceffa65862829) Importer(815301076,1909f56bfc062723c751e8b465ee728b)
Start importing Assets/_Barking_Dog/_3D Scifi Base Vol 1/Textures/Wall_Atlas_08_Ao.png using Guid(64bf301f148ff4ed494ceffa65862829) Importer(815301076,1909f56bfc062723c751e8b465ee728b) (PreviewImporter) -> (artifact id: 'fdb7c6dcb8dbef091facb0537d311004') in 0.1834448 seconds
Number of updated asset objects reloaded before import = 0Number of asset objects unloaded after import = 2

========================================================================
Received Prepare
Begin MonoManager ReloadAssembly
[Licensing::Client] Successfully resolved entitlement details
ADTM: Control thread waiting for realtime thread timed out, have to lock...
- Loaded All Assemblies, in  2.211 seconds
Refreshing native plugins compatible for Editor in 1.12 ms, found 3 plugins.
Native extension for Android target not found
Native extension for WindowsStandalone target not found
[Package Manager] Failed to launch server process. Reason: Unity was launched with the -noUpm command-line argument
[Package Manager] Unable to send message (not connected to server process).
[Package Manager] Cannot connect to Unity Package Manager local server
[Package Manager] Failed to launch server process. Reason: Unity was launched with the -noUpm command-line argument
[Package Manager] Unable to send message (not connected to server process).
[Package Manager] Cannot connect to Unity Package Manager local server
ScheduleIndexationOnStartup MainProcess:False IndexOnStartup:True
Mono: successfully reloaded assembly
- Finished resetting the current domain, in  1.699 seconds
Domain Reload Profiling: 3915ms
	BeginReloadAssembly (1349ms)
		ExecutionOrderSort (0ms)
		DisableScriptedObjects (8ms)
		BackupInstance (0ms)
		ReleaseScriptingObjects (0ms)
		CreateAndSetChildDomain (1081ms)
	RebuildCommonClasses (66ms)
	RebuildNativeTypeToScriptingClass (23ms)
	initialDomainReloadingComplete (45ms)
	LoadAllAssembliesAndSetupDomain (732ms)
		LoadAssemblies (610ms)
		RebuildTransferFunctionScriptingTraits (0ms)
		AnalyzeDomain (300ms)
			TypeCache.Refresh (15ms)
				TypeCache.ScanAssembly (0ms)
			BuildScriptInfoCaches (265ms)
			ResolveRequiredComponents (14ms)
	FinalizeReload (1701ms)
		ReleaseScriptCaches (0ms)
		RebuildScriptCaches (0ms)
		SetupLoadedEditorAssemblies (1285ms)
			LogAssemblyErrors (0ms)
			InitializePlatformSupportModulesInManaged (23ms)
			SetLoadedEditorAssemblies (11ms)
			BeforeProcessingInitializeOnLoad (311ms)
			ProcessInitializeOnLoadAttributes (774ms)
			ProcessInitializeOnLoadMethodAttributes (155ms)
			AfterProcessingInitializeOnLoad (9ms)
			EditorAssembliesLoaded (1ms)
		ExecutionOrderSort2 (0ms)
		AwakeInstancesAfterBackupRestoration (47ms)
Refreshing native plugins compatible for Editor in 1.57 ms, found 3 plugins.
Preloading 0 native plugins for Editor in 0.00 ms.
Unloading 17 Unused Serialized files (Serialized files now loaded: 0)
Unloading 6192 unused Assets / (4.9 MB). Loaded Objects now: 7117.
Memory consumption went from 157.6 MB to 152.7 MB.
Total: 24.686400 ms (FindLiveObjects: 1.397500 ms CreateObjectMapping: 2.418200 ms MarkObjects: 13.525500 ms  DeleteObjects: 7.342600 ms)

Prepare: number of updated asset objects reloaded= 0
========================================================================
Received Prepare
Begin MonoManager ReloadAssembly
[Licensing::Client] Successfully resolved entitlement details
ADTM: Control thread waiting for realtime thread timed out, have to lock...
- Loaded All Assemblies, in  2.500 seconds
Refreshing native plugins compatible for Editor in 1.18 ms, found 3 plugins.
Native extension for Android target not found
Native extension for WindowsStandalone target not found
[Package Manager] Failed to launch server process. Reason: Unity was launched with the -noUpm command-line argument
[Package Manager] Unable to send message (not connected to server process).
[Package Manager] Cannot connect to Unity Package Manager local server
[Package Manager] Failed to launch server process. Reason: Unity was launched with the -noUpm command-line argument
[Package Manager] Unable to send message (not connected to server process).
[Package Manager] Cannot connect to Unity Package Manager local server
ScheduleIndexationOnStartup MainProcess:False IndexOnStartup:True
Mono: successfully reloaded assembly
- Finished resetting the current domain, in  1.863 seconds
Domain Reload Profiling: 4375ms
	BeginReloadAssembly (1391ms)
		ExecutionOrderSort (0ms)
		DisableScriptedObjects (12ms)
		BackupInstance (0ms)
		ReleaseScriptingObjects (0ms)
		CreateAndSetChildDomain (1110ms)
	RebuildCommonClasses (85ms)
	RebuildNativeTypeToScriptingClass (29ms)
	initialDomainReloadingComplete (49ms)
	LoadAllAssembliesAndSetupDomain (953ms)
		LoadAssemblies (745ms)
		RebuildTransferFunctionScriptingTraits (0ms)
		AnalyzeDomain (378ms)
			TypeCache.Refresh (13ms)
				TypeCache.ScanAssembly (0ms)
			BuildScriptInfoCaches (345ms)
			ResolveRequiredComponents (15ms)
	FinalizeReload (1867ms)
		ReleaseScriptCaches (0ms)
		RebuildScriptCaches (0ms)
		SetupLoadedEditorAssemblies (1467ms)
			LogAssemblyErrors (0ms)
			InitializePlatformSupportModulesInManaged (18ms)
			SetLoadedEditorAssemblies (11ms)
			BeforeProcessingInitializeOnLoad (350ms)
			ProcessInitializeOnLoadAttributes (895ms)
			ProcessInitializeOnLoadMethodAttributes (182ms)
			AfterProcessingInitializeOnLoad (9ms)
			EditorAssembliesLoaded (2ms)
		ExecutionOrderSort2 (0ms)
		AwakeInstancesAfterBackupRestoration (42ms)
Refreshing native plugins compatible for Editor in 2.49 ms, found 3 plugins.
Preloading 0 native plugins for Editor in 0.00 ms.
Unloading 17 Unused Serialized files (Serialized files now loaded: 0)
Unloading 6192 unused Assets / (8.2 MB). Loaded Objects now: 7120.
Memory consumption went from 157.7 MB to 149.5 MB.
Total: 34.465200 ms (FindLiveObjects: 1.460600 ms CreateObjectMapping: 3.275500 ms MarkObjects: 11.818000 ms  DeleteObjects: 17.909300 ms)

Prepare: number of updated asset objects reloaded= 0
========================================================================
Received Prepare
Begin MonoManager ReloadAssembly
[Licensing::Client] Successfully resolved entitlement details
ADTM: Control thread waiting for realtime thread timed out, have to lock...
- Loaded All Assemblies, in  2.068 seconds
Refreshing native plugins compatible for Editor in 0.68 ms, found 3 plugins.
Native extension for Android target not found
Native extension for WindowsStandalone target not found
[Package Manager] Failed to launch server process. Reason: Unity was launched with the -noUpm command-line argument
[Package Manager] Unable to send message (not connected to server process).
[Package Manager] Cannot connect to Unity Package Manager local server
[Package Manager] Failed to launch server process. Reason: Unity was launched with the -noUpm command-line argument
[Package Manager] Unable to send message (not connected to server process).
[Package Manager] Cannot connect to Unity Package Manager local server
ScheduleIndexationOnStartup MainProcess:False IndexOnStartup:True
Mono: successfully reloaded assembly
- Finished resetting the current domain, in  1.583 seconds
Domain Reload Profiling: 3656ms
	BeginReloadAssembly (1304ms)
		ExecutionOrderSort (0ms)
		DisableScriptedObjects (9ms)
		BackupInstance (0ms)
		ReleaseScriptingObjects (0ms)
		CreateAndSetChildDomain (1068ms)
	RebuildCommonClasses (53ms)
	RebuildNativeTypeToScriptingClass (22ms)
	initialDomainReloadingComplete (36ms)
	LoadAllAssembliesAndSetupDomain (657ms)
		LoadAssemblies (516ms)
		RebuildTransferFunctionScriptingTraits (0ms)
		AnalyzeDomain (276ms)
			TypeCache.Refresh (14ms)
				TypeCache.ScanAssembly (0ms)
			BuildScriptInfoCaches (240ms)
			ResolveRequiredComponents (17ms)
	FinalizeReload (1584ms)
		ReleaseScriptCaches (0ms)
		RebuildScriptCaches (0ms)
		SetupLoadedEditorAssemblies (1282ms)
			LogAssemblyErrors (0ms)
			InitializePlatformSupportModulesInManaged (17ms)
			SetLoadedEditorAssemblies (9ms)
			BeforeProcessingInitializeOnLoad (308ms)
			ProcessInitializeOnLoadAttributes (747ms)
			ProcessInitializeOnLoadMethodAttributes (193ms)
			AfterProcessingInitializeOnLoad (8ms)
			EditorAssembliesLoaded (1ms)
		ExecutionOrderSort2 (0ms)
		AwakeInstancesAfterBackupRestoration (44ms)
Refreshing native plugins compatible for Editor in 1.37 ms, found 3 plugins.
Preloading 0 native plugins for Editor in 0.00 ms.
Unloading 17 Unused Serialized files (Serialized files now loaded: 0)
Unloading 6192 unused Assets / (5.4 MB). Loaded Objects now: 7123.
Memory consumption went from 157.7 MB to 152.3 MB.
Total: 29.818700 ms (FindLiveObjects: 2.867200 ms CreateObjectMapping: 3.765900 ms MarkObjects: 12.408600 ms  DeleteObjects: 10.775500 ms)

Prepare: number of updated asset objects reloaded= 0
========================================================================
Received Import Request.
  Time since last request: 3615.228893 seconds.
  path: Assets/_Barking_Dog/_3D Scifi Base Vol 1/Example_01.unity
  artifactKey: Guid(75e76ba4aa90548258615a2ef30ef30a) Importer(2089858483,b0f066a214c2f5e87bad3c948f4d605d)
Start importing Assets/_Barking_Dog/_3D Scifi Base Vol 1/Example_01.unity using Guid(75e76ba4aa90548258615a2ef30ef30a) Importer(2089858483,b0f066a214c2f5e87bad3c948f4d605d) (ScriptedImporter) -> (artifact id: 'f197d46ae9e7b9daf4d0a86838a08343') in 0.2995806 seconds
Number of updated asset objects reloaded before import = 0Number of asset objects unloaded after import = 1

========================================================================
Received Import Request.
  Time since last request: 0.000043 seconds.
  path: Assets/_Barking_Dog/_3D Scifi Base Vol 1/TerrainAutoUpgrade/layer_Rock_01Rock_01_Norm(8.000,8.000)(0.000,0.000)(0.000,0.000,0.000),0.530,0.393.terrainlayer
  artifactKey: Guid(c7ece9c614d19e64c8cdaf871965bcdd) Importer(2089858483,b0f066a214c2f5e87bad3c948f4d605d)
Start importing Assets/_Barking_Dog/_3D Scifi Base Vol 1/TerrainAutoUpgrade/layer_Rock_01Rock_01_Norm(8.000,8.000)(0.000,0.000)(0.000,0.000,0.000),0.530,0.393.terrainlayer using Guid(c7ece9c614d19e64c8cdaf871965bcdd) Importer(2089858483,b0f066a214c2f5e87bad3c948f4d605d) (ScriptedImporter) -> (artifact id: 'ade4794049a66de1fa8c41aeb5cce03e') in 0.0730822 seconds
Number of updated asset objects reloaded before import = 0Number of asset objects unloaded after import = 3

========================================================================
Received Import Request.
  Time since last request: 0.000065 seconds.
  path: Assets/Scenes/SampleScene.unity
  artifactKey: Guid(99c9720ab356a0642a771bea13969a05) Importer(2089858483,b0f066a214c2f5e87bad3c948f4d605d)
Start importing Assets/Scenes/SampleScene.unity using Guid(99c9720ab356a0642a771bea13969a05) Importer(2089858483,b0f066a214c2f5e87bad3c948f4d605d) (ScriptedImporter) -> (artifact id: '439b5047d5e4a51bce4d36e3fe62eb79') in 0.0394061 seconds
Number of updated asset objects reloaded before import = 0Number of asset objects unloaded after import = 1

========================================================================
Received Import Request.
  Time since last request: 15.556849 seconds.
  path: Assets/3D Models/Walking.fbx
  artifactKey: Guid(6415120ffc93d17418ddf88678ca9f4d) Importer(2089858483,b0f066a214c2f5e87bad3c948f4d605d)
Start importing Assets/3D Models/Walking.fbx using Guid(6415120ffc93d17418ddf88678ca9f4d) Importer(2089858483,b0f066a214c2f5e87bad3c948f4d605d) (ScriptedImporter) -> (artifact id: '78e0b590447200398bcd788f72220d2a') in 0.2113552 seconds
Number of updated asset objects reloaded before import = 0Number of asset objects unloaded after import = 266

========================================================================
Received Prepare
Begin MonoManager ReloadAssembly
[Licensing::Client] Successfully resolved entitlement details
ADTM: Control thread waiting for realtime thread timed out, have to lock...
- Loaded All Assemblies, in  2.921 seconds
Refreshing native plugins compatible for Editor in 0.78 ms, found 3 plugins.
Native extension for Android target not found
Native extension for WindowsStandalone target not found
[Package Manager] Failed to launch server process. Reason: Unity was launched with the -noUpm command-line argument
[Package Manager] Unable to send message (not connected to server process).
[Package Manager] Cannot connect to Unity Package Manager local server
[Package Manager] Failed to launch server process. Reason: Unity was launched with the -noUpm command-line argument
[Package Manager] Unable to send message (not connected to server process).
[Package Manager] Cannot connect to Unity Package Manager local server
ScheduleIndexationOnStartup MainProcess:False IndexOnStartup:True
Mono: successfully reloaded assembly
- Finished resetting the current domain, in  1.103 seconds
Domain Reload Profiling: 4037ms
	BeginReloadAssembly (1632ms)
		ExecutionOrderSort (0ms)
		DisableScriptedObjects (17ms)
		BackupInstance (0ms)
		ReleaseScriptingObjects (1ms)
		CreateAndSetChildDomain (1229ms)
	RebuildCommonClasses (80ms)
	RebuildNativeTypeToScriptingClass (34ms)
	initialDomainReloadingComplete (55ms)
	LoadAllAssembliesAndSetupDomain (1132ms)
		LoadAssemblies (882ms)
		RebuildTransferFunctionScriptingTraits (0ms)
		AnalyzeDomain (514ms)
			TypeCache.Refresh (26ms)
				TypeCache.ScanAssembly (1ms)
			BuildScriptInfoCaches (455ms)
			ResolveRequiredComponents (23ms)
	FinalizeReload (1104ms)
		ReleaseScriptCaches (0ms)
		RebuildScriptCaches (0ms)
		SetupLoadedEditorAssemblies (809ms)
			LogAssemblyErrors (0ms)
			InitializePlatformSupportModulesInManaged (15ms)
			SetLoadedEditorAssemblies (9ms)
			BeforeProcessingInitializeOnLoad (214ms)
			ProcessInitializeOnLoadAttributes (458ms)
			ProcessInitializeOnLoadMethodAttributes (106ms)
			AfterProcessingInitializeOnLoad (7ms)
			EditorAssembliesLoaded (0ms)
		ExecutionOrderSort2 (0ms)
		AwakeInstancesAfterBackupRestoration (22ms)
Refreshing native plugins compatible for Editor in 0.86 ms, found 3 plugins.
Preloading 0 native plugins for Editor in 0.00 ms.
Unloading 17 Unused Serialized files (Serialized files now loaded: 0)
Unloading 6194 unused Assets / (5.2 MB). Loaded Objects now: 7127.
Memory consumption went from 157.8 MB to 152.6 MB.
Total: 16.085800 ms (FindLiveObjects: 1.264200 ms CreateObjectMapping: 1.664100 ms MarkObjects: 7.613100 ms  DeleteObjects: 5.543000 ms)

Prepare: number of updated asset objects reloaded= 0
========================================================================
Received Prepare
Begin MonoManager ReloadAssembly
[Licensing::Client] Successfully resolved entitlement details
ADTM: Control thread waiting for realtime thread timed out, have to lock...
- Loaded All Assemblies, in  2.096 seconds
Refreshing native plugins compatible for Editor in 0.76 ms, found 3 plugins.
Native extension for Android target not found
Native extension for WindowsStandalone target not found
[Package Manager] Failed to launch server process. Reason: Unity was launched with the -noUpm command-line argument
[Package Manager] Unable to send message (not connected to server process).
[Package Manager] Cannot connect to Unity Package Manager local server
[Package Manager] Failed to launch server process. Reason: Unity was launched with the -noUpm command-line argument
[Package Manager] Unable to send message (not connected to server process).
[Package Manager] Cannot connect to Unity Package Manager local server
ScheduleIndexationOnStartup MainProcess:False IndexOnStartup:True
Mono: successfully reloaded assembly
- Finished resetting the current domain, in  1.369 seconds
Domain Reload Profiling: 3468ms
	BeginReloadAssembly (1326ms)
		ExecutionOrderSort (0ms)
		DisableScriptedObjects (9ms)
		BackupInstance (0ms)
		ReleaseScriptingObjects (0ms)
		CreateAndSetChildDomain (1075ms)
	RebuildCommonClasses (56ms)
	RebuildNativeTypeToScriptingClass (27ms)
	initialDomainReloadingComplete (39ms)
	LoadAllAssembliesAndSetupDomain (651ms)
		LoadAssemblies (515ms)
		RebuildTransferFunctionScriptingTraits (0ms)
		AnalyzeDomain (289ms)
			TypeCache.Refresh (10ms)
				TypeCache.ScanAssembly (0ms)
			BuildScriptInfoCaches (257ms)
			ResolveRequiredComponents (17ms)
	FinalizeReload (1370ms)
		ReleaseScriptCaches (0ms)
		RebuildScriptCaches (0ms)
		SetupLoadedEditorAssemblies (1076ms)
			LogAssemblyErrors (0ms)
			InitializePlatformSupportModulesInManaged (9ms)
			SetLoadedEditorAssemblies (6ms)
			BeforeProcessingInitializeOnLoad (210ms)
			ProcessInitializeOnLoadAttributes (693ms)
			ProcessInitializeOnLoadMethodAttributes (149ms)
			AfterProcessingInitializeOnLoad (8ms)
			EditorAssembliesLoaded (1ms)
		ExecutionOrderSort2 (0ms)
		AwakeInstancesAfterBackupRestoration (34ms)
Refreshing native plugins compatible for Editor in 2.39 ms, found 3 plugins.
Preloading 0 native plugins for Editor in 0.00 ms.
Unloading 17 Unused Serialized files (Serialized files now loaded: 0)
Unloading 6193 unused Assets / (4.9 MB). Loaded Objects now: 7130.
Memory consumption went from 157.8 MB to 152.9 MB.
Total: 19.294500 ms (FindLiveObjects: 2.226000 ms CreateObjectMapping: 2.479400 ms MarkObjects: 9.429600 ms  DeleteObjects: 5.157500 ms)

Prepare: number of updated asset objects reloaded= 0
========================================================================
Received Prepare
Begin MonoManager ReloadAssembly
[Licensing::Client] Successfully resolved entitlement details
ADTM: Control thread waiting for realtime thread timed out, have to lock...
- Loaded All Assemblies, in  2.071 seconds
Refreshing native plugins compatible for Editor in 0.71 ms, found 3 plugins.
Native extension for Android target not found
Native extension for WindowsStandalone target not found
[Package Manager] Failed to launch server process. Reason: Unity was launched with the -noUpm command-line argument
[Package Manager] Unable to send message (not connected to server process).
[Package Manager] Cannot connect to Unity Package Manager local server
[Package Manager] Failed to launch server process. Reason: Unity was launched with the -noUpm command-line argument
[Package Manager] Unable to send message (not connected to server process).
[Package Manager] Cannot connect to Unity Package Manager local server
ScheduleIndexationOnStartup MainProcess:False IndexOnStartup:True
Mono: successfully reloaded assembly
- Finished resetting the current domain, in  1.045 seconds
Domain Reload Profiling: 3122ms
	BeginReloadAssembly (1306ms)
		ExecutionOrderSort (0ms)
		DisableScriptedObjects (8ms)
		BackupInstance (0ms)
		ReleaseScriptingObjects (0ms)
		CreateAndSetChildDomain (1064ms)
	RebuildCommonClasses (53ms)
	RebuildNativeTypeToScriptingClass (23ms)
	initialDomainReloadingComplete (35ms)
	LoadAllAssembliesAndSetupDomain (659ms)
		LoadAssemblies (500ms)
		RebuildTransferFunctionScriptingTraits (0ms)
		AnalyzeDomain (308ms)
			TypeCache.Refresh (16ms)
				TypeCache.ScanAssembly (1ms)
			BuildScriptInfoCaches (266ms)
			ResolveRequiredComponents (18ms)
	FinalizeReload (1046ms)
		ReleaseScriptCaches (0ms)
		RebuildScriptCaches (0ms)
		SetupLoadedEditorAssemblies (818ms)
			LogAssemblyErrors (0ms)
			InitializePlatformSupportModulesInManaged (11ms)
			SetLoadedEditorAssemblies (9ms)
			BeforeProcessingInitializeOnLoad (196ms)
			ProcessInitializeOnLoadAttributes (498ms)
			ProcessInitializeOnLoadMethodAttributes (97ms)
			AfterProcessingInitializeOnLoad (6ms)
			EditorAssembliesLoaded (0ms)
		ExecutionOrderSort2 (0ms)
		AwakeInstancesAfterBackupRestoration (26ms)
Refreshing native plugins compatible for Editor in 1.22 ms, found 3 plugins.
Preloading 0 native plugins for Editor in 0.00 ms.
Unloading 17 Unused Serialized files (Serialized files now loaded: 0)
Unloading 6193 unused Assets / (5.2 MB). Loaded Objects now: 7133.
Memory consumption went from 157.9 MB to 152.7 MB.
Total: 13.199900 ms (FindLiveObjects: 1.317400 ms CreateObjectMapping: 1.458900 ms MarkObjects: 6.121500 ms  DeleteObjects: 4.300300 ms)

Prepare: number of updated asset objects reloaded= 0
========================================================================
Received Prepare
Begin MonoManager ReloadAssembly
ADTM: Control thread waiting for realtime thread timed out, have to lock...
- Loaded All Assemblies, in  2.137 seconds
Refreshing native plugins compatible for Editor in 0.93 ms, found 3 plugins.
Native extension for Android target not found
Native extension for WindowsStandalone target not found
[Package Manager] Failed to launch server process. Reason: Unity was launched with the -noUpm command-line argument
[Package Manager] Unable to send message (not connected to server process).
[Package Manager] Cannot connect to Unity Package Manager local server
[Package Manager] Failed to launch server process. Reason: Unity was launched with the -noUpm command-line argument
[Package Manager] Unable to send message (not connected to server process).
[Package Manager] Cannot connect to Unity Package Manager local server
ScheduleIndexationOnStartup MainProcess:False IndexOnStartup:True
Mono: successfully reloaded assembly
- Finished resetting the current domain, in  2.172 seconds
Domain Reload Profiling: 4313ms
	BeginReloadAssembly (1349ms)
		ExecutionOrderSort (0ms)
		DisableScriptedObjects (12ms)
		BackupInstance (0ms)
		ReleaseScriptingObjects (0ms)
		CreateAndSetChildDomain (1086ms)
	RebuildCommonClasses (69ms)
	RebuildNativeTypeToScriptingClass (26ms)
	initialDomainReloadingComplete (45ms)
	LoadAllAssembliesAndSetupDomain (651ms)
		LoadAssemblies (520ms)
		RebuildTransferFunctionScriptingTraits (0ms)
		AnalyzeDomain (305ms)
			TypeCache.Refresh (16ms)
				TypeCache.ScanAssembly (0ms)
			BuildScriptInfoCaches (269ms)
			ResolveRequiredComponents (15ms)
	FinalizeReload (2173ms)
		ReleaseScriptCaches (0ms)
		RebuildScriptCaches (0ms)
		SetupLoadedEditorAssemblies (1592ms)
			LogAssemblyErrors (0ms)
			InitializePlatformSupportModulesInManaged (25ms)
			SetLoadedEditorAssemblies (15ms)
			BeforeProcessingInitializeOnLoad (412ms)
			ProcessInitializeOnLoadAttributes (922ms)
			ProcessInitializeOnLoadMethodAttributes (209ms)
			AfterProcessingInitializeOnLoad (9ms)
			EditorAssembliesLoaded (1ms)
		ExecutionOrderSort2 (0ms)
		AwakeInstancesAfterBackupRestoration (41ms)
Refreshing native plugins compatible for Editor in 3.47 ms, found 3 plugins.
Preloading 0 native plugins for Editor in 0.00 ms.
Unloading 17 Unused Serialized files (Serialized files now loaded: 0)
Unloading 6193 unused Assets / (4.4 MB). Loaded Objects now: 7136.
Memory consumption went from 157.9 MB to 153.5 MB.
Total: 35.195000 ms (FindLiveObjects: 1.751500 ms CreateObjectMapping: 4.042500 ms MarkObjects: 19.302900 ms  DeleteObjects: 10.095700 ms)

Prepare: number of updated asset objects reloaded= 0
========================================================================
Received Prepare
Begin MonoManager ReloadAssembly
[Licensing::Client] Successfully resolved entitlement details
ADTM: Control thread waiting for realtime thread timed out, have to lock...
- Loaded All Assemblies, in  2.034 seconds
Refreshing native plugins compatible for Editor in 0.87 ms, found 3 plugins.
Native extension for Android target not found
Native extension for WindowsStandalone target not found
[Package Manager] Failed to launch server process. Reason: Unity was launched with the -noUpm command-line argument
[Package Manager] Unable to send message (not connected to server process).
[Package Manager] Cannot connect to Unity Package Manager local server
[Package Manager] Failed to launch server process. Reason: Unity was launched with the -noUpm command-line argument
[Package Manager] Unable to send message (not connected to server process).
[Package Manager] Cannot connect to Unity Package Manager local server
ScheduleIndexationOnStartup MainProcess:False IndexOnStartup:True
Mono: successfully reloaded assembly
- Finished resetting the current domain, in  1.675 seconds
Domain Reload Profiling: 3713ms
	BeginReloadAssembly (1309ms)
		ExecutionOrderSort (0ms)
		DisableScriptedObjects (13ms)
		BackupInstance (0ms)
		ReleaseScriptingObjects (0ms)
		CreateAndSetChildDomain (1064ms)
	RebuildCommonClasses (55ms)
	RebuildNativeTypeToScriptingClass (26ms)
	initialDomainReloadingComplete (36ms)
	LoadAllAssembliesAndSetupDomain (612ms)
		LoadAssemblies (494ms)
		RebuildTransferFunctionScriptingTraits (0ms)
		AnalyzeDomain (267ms)
			TypeCache.Refresh (11ms)
				TypeCache.ScanAssembly (0ms)
			BuildScriptInfoCaches (236ms)
			ResolveRequiredComponents (15ms)
	FinalizeReload (1676ms)
		ReleaseScriptCaches (0ms)
		RebuildScriptCaches (0ms)
		SetupLoadedEditorAssemblies (1278ms)
			LogAssemblyErrors (0ms)
			InitializePlatformSupportModulesInManaged (17ms)
			SetLoadedEditorAssemblies (10ms)
			BeforeProcessingInitializeOnLoad (327ms)
			ProcessInitializeOnLoadAttributes (751ms)
			ProcessInitializeOnLoadMethodAttributes (163ms)
			AfterProcessingInitializeOnLoad (9ms)
			EditorAssembliesLoaded (1ms)
		ExecutionOrderSort2 (0ms)
		AwakeInstancesAfterBackupRestoration (39ms)
Refreshing native plugins compatible for Editor in 4.95 ms, found 3 plugins.
Preloading 0 native plugins for Editor in 0.00 ms.
Unloading 17 Unused Serialized files (Serialized files now loaded: 0)
Unloading 6193 unused Assets / (5.8 MB). Loaded Objects now: 7139.
Memory consumption went from 158.0 MB to 152.2 MB.
Total: 27.708800 ms (FindLiveObjects: 1.928300 ms CreateObjectMapping: 3.508600 ms MarkObjects: 14.313600 ms  DeleteObjects: 7.956400 ms)

Prepare: number of updated asset objects reloaded= 0
========================================================================
Received Prepare
Begin MonoManager ReloadAssembly
ADTM: Control thread waiting for realtime thread timed out, have to lock...
- Loaded All Assemblies, in  2.097 seconds
Refreshing native plugins compatible for Editor in 0.76 ms, found 3 plugins.
Native extension for Android target not found
Native extension for WindowsStandalone target not found
[Package Manager] Failed to launch server process. Reason: Unity was launched with the -noUpm command-line argument
[Package Manager] Unable to send message (not connected to server process).
[Package Manager] Cannot connect to Unity Package Manager local server
[Package Manager] Failed to launch server process. Reason: Unity was launched with the -noUpm command-line argument
[Package Manager] Unable to send message (not connected to server process).
[Package Manager] Cannot connect to Unity Package Manager local server
ScheduleIndexationOnStartup MainProcess:False IndexOnStartup:True
Mono: successfully reloaded assembly
- Finished resetting the current domain, in  1.746 seconds
Domain Reload Profiling: 3846ms
	BeginReloadAssembly (1307ms)
		ExecutionOrderSort (0ms)
		DisableScriptedObjects (8ms)
		BackupInstance (0ms)
		ReleaseScriptingObjects (0ms)
		CreateAndSetChildDomain (1071ms)
	RebuildCommonClasses (63ms)
	RebuildNativeTypeToScriptingClass (23ms)
	initialDomainReloadingComplete (39ms)
	LoadAllAssembliesAndSetupDomain (668ms)
		LoadAssemblies (485ms)
		RebuildTransferFunctionScriptingTraits (0ms)
		AnalyzeDomain (328ms)
			TypeCache.Refresh (17ms)
				TypeCache.ScanAssembly (0ms)
			BuildScriptInfoCaches (292ms)
			ResolveRequiredComponents (14ms)
	FinalizeReload (1747ms)
		ReleaseScriptCaches (0ms)
		RebuildScriptCaches (0ms)
		SetupLoadedEditorAssemblies (1353ms)
			LogAssemblyErrors (0ms)
			InitializePlatformSupportModulesInManaged (17ms)
			SetLoadedEditorAssemblies (10ms)
			BeforeProcessingInitializeOnLoad (341ms)
			ProcessInitializeOnLoadAttributes (800ms)
			ProcessInitializeOnLoadMethodAttributes (177ms)
			AfterProcessingInitializeOnLoad (7ms)
			EditorAssembliesLoaded (1ms)
		ExecutionOrderSort2 (0ms)
		AwakeInstancesAfterBackupRestoration (40ms)
Refreshing native plugins compatible for Editor in 1.05 ms, found 3 plugins.
Preloading 0 native plugins for Editor in 0.00 ms.
Unloading 17 Unused Serialized files (Serialized files now loaded: 0)
Unloading 6193 unused Assets / (5.0 MB). Loaded Objects now: 7142.
Memory consumption went from 158.0 MB to 153.0 MB.
Total: 32.863200 ms (FindLiveObjects: 1.505800 ms CreateObjectMapping: 2.014800 ms MarkObjects: 19.038900 ms  DeleteObjects: 10.302500 ms)

Prepare: number of updated asset objects reloaded= 0
========================================================================
Received Prepare
Begin MonoManager ReloadAssembly
[Licensing::Client] Successfully resolved entitlement details
ADTM: Control thread waiting for realtime thread timed out, have to lock...
- Loaded All Assemblies, in  2.057 seconds
Refreshing native plugins compatible for Editor in 0.79 ms, found 3 plugins.
Native extension for Android target not found
Native extension for WindowsStandalone target not found
[Package Manager] Failed to launch server process. Reason: Unity was launched with the -noUpm command-line argument
[Package Manager] Unable to send message (not connected to server process).
[Package Manager] Cannot connect to Unity Package Manager local server
[Package Manager] Failed to launch server process. Reason: Unity was launched with the -noUpm command-line argument
[Package Manager] Unable to send message (not connected to server process).
[Package Manager] Cannot connect to Unity Package Manager local server
ScheduleIndexationOnStartup MainProcess:False IndexOnStartup:True
Mono: successfully reloaded assembly
- Finished resetting the current domain, in  1.587 seconds
Domain Reload Profiling: 3648ms
	BeginReloadAssembly (1308ms)
		ExecutionOrderSort (0ms)
		DisableScriptedObjects (8ms)
		BackupInstance (0ms)
		ReleaseScriptingObjects (0ms)
		CreateAndSetChildDomain (1062ms)
	RebuildCommonClasses (55ms)
	RebuildNativeTypeToScriptingClass (21ms)
	initialDomainReloadingComplete (35ms)
	LoadAllAssembliesAndSetupDomain (641ms)
		LoadAssemblies (492ms)
		RebuildTransferFunctionScriptingTraits (0ms)
		AnalyzeDomain (299ms)
			TypeCache.Refresh (14ms)
				TypeCache.ScanAssembly (0ms)
			BuildScriptInfoCaches (266ms)
			ResolveRequiredComponents (14ms)
	FinalizeReload (1588ms)
		ReleaseScriptCaches (0ms)
		RebuildScriptCaches (0ms)
		SetupLoadedEditorAssemblies (1268ms)
			LogAssemblyErrors (0ms)
			InitializePlatformSupportModulesInManaged (15ms)
			SetLoadedEditorAssemblies (8ms)
			BeforeProcessingInitializeOnLoad (320ms)
			ProcessInitializeOnLoadAttributes (750ms)
			ProcessInitializeOnLoadMethodAttributes (166ms)
			AfterProcessingInitializeOnLoad (8ms)
			EditorAssembliesLoaded (1ms)
		ExecutionOrderSort2 (0ms)
		AwakeInstancesAfterBackupRestoration (37ms)
Refreshing native plugins compatible for Editor in 1.12 ms, found 3 plugins.
Preloading 0 native plugins for Editor in 0.00 ms.
Unloading 17 Unused Serialized files (Serialized files now loaded: 0)
Unloading 6193 unused Assets / (5.3 MB). Loaded Objects now: 7145.
Memory consumption went from 158.1 MB to 152.8 MB.
Total: 21.614800 ms (FindLiveObjects: 2.868500 ms CreateObjectMapping: 2.090000 ms MarkObjects: 9.509100 ms  DeleteObjects: 7.145600 ms)

Prepare: number of updated asset objects reloaded= 0
========================================================================
Received Prepare
Begin MonoManager ReloadAssembly
[Licensing::Client] Successfully resolved entitlement details
ADTM: Control thread waiting for realtime thread timed out, have to lock...
- Loaded All Assemblies, in  2.103 seconds
Refreshing native plugins compatible for Editor in 0.73 ms, found 3 plugins.
Native extension for Android target not found
Native extension for WindowsStandalone target not found
[Package Manager] Failed to launch server process. Reason: Unity was launched with the -noUpm command-line argument
[Package Manager] Unable to send message (not connected to server process).
[Package Manager] Cannot connect to Unity Package Manager local server
[Package Manager] Failed to launch server process. Reason: Unity was launched with the -noUpm command-line argument
[Package Manager] Unable to send message (not connected to server process).
[Package Manager] Cannot connect to Unity Package Manager local server
ScheduleIndexationOnStartup MainProcess:False IndexOnStartup:True
Mono: successfully reloaded assembly
- Finished resetting the current domain, in  1.728 seconds
Domain Reload Profiling: 3836ms
	BeginReloadAssembly (1327ms)
		ExecutionOrderSort (0ms)
		DisableScriptedObjects (8ms)
		BackupInstance (0ms)
		ReleaseScriptingObjects (0ms)
		CreateAndSetChildDomain (1083ms)
	RebuildCommonClasses (68ms)
	RebuildNativeTypeToScriptingClass (33ms)
	initialDomainReloadingComplete (39ms)
	LoadAllAssembliesAndSetupDomain (638ms)
		LoadAssemblies (485ms)
		RebuildTransferFunctionScriptingTraits (0ms)
		AnalyzeDomain (303ms)
			TypeCache.Refresh (10ms)
				TypeCache.ScanAssembly (0ms)
			BuildScriptInfoCaches (273ms)
			ResolveRequiredComponents (14ms)
	FinalizeReload (1730ms)
		ReleaseScriptCaches (0ms)
		RebuildScriptCaches (0ms)
		SetupLoadedEditorAssemblies (1302ms)
			LogAssemblyErrors (0ms)
			InitializePlatformSupportModulesInManaged (18ms)
			SetLoadedEditorAssemblies (12ms)
			BeforeProcessingInitializeOnLoad (344ms)
			ProcessInitializeOnLoadAttributes (755ms)
			ProcessInitializeOnLoadMethodAttributes (163ms)
			AfterProcessingInitializeOnLoad (9ms)
			EditorAssembliesLoaded (1ms)
		ExecutionOrderSort2 (0ms)
		AwakeInstancesAfterBackupRestoration (50ms)
Refreshing native plugins compatible for Editor in 1.48 ms, found 3 plugins.
Preloading 0 native plugins for Editor in 0.00 ms.
Unloading 17 Unused Serialized files (Serialized files now loaded: 0)
Unloading 6193 unused Assets / (5.1 MB). Loaded Objects now: 7148.
Memory consumption went from 158.2 MB to 153.1 MB.
Total: 21.675900 ms (FindLiveObjects: 1.584800 ms CreateObjectMapping: 2.204300 ms MarkObjects: 10.501800 ms  DeleteObjects: 7.383300 ms)

Prepare: number of updated asset objects reloaded= 0
========================================================================
Received Prepare
Refreshing native plugins compatible for Editor in 1.59 ms, found 3 plugins.
Preloading 0 native plugins for Editor in 0.00 ms.
Unloading 17 Unused Serialized files (Serialized files now loaded: 0)
Unloading 6188 unused Assets / (5.3 MB). Loaded Objects now: 7149.
Memory consumption went from 158.4 MB to 153.1 MB.
Total: 30.295800 ms (FindLiveObjects: 2.480000 ms CreateObjectMapping: 4.879000 ms MarkObjects: 15.118500 ms  DeleteObjects: 7.816300 ms)

Prepare: number of updated asset objects reloaded= 0
========================================================================
Received Import Request.
  Time since last request: 3375.182775 seconds.
  path: Assets/_Barking_Dog/_3D Scifi Base Vol 1/Prefabs/_Legos/P_Corridor_Small_04.prefab
  artifactKey: Guid(5c69609b582f8433cbb6fc9fe10b12d6) Importer(815301076,1909f56bfc062723c751e8b465ee728b)
Start importing Assets/_Barking_Dog/_3D Scifi Base Vol 1/Prefabs/_Legos/P_Corridor_Small_04.prefab using Guid(5c69609b582f8433cbb6fc9fe10b12d6) Importer(815301076,1909f56bfc062723c751e8b465ee728b) (PreviewImporter) -> (artifact id: '17f48f4de57b5b76d83026e3034e5f32') in 2.8171447 seconds
Number of updated asset objects reloaded before import = 0Number of asset objects unloaded after import = 132

========================================================================
Received Import Request.
  Time since last request: 0.000068 seconds.
  path: Assets/_Barking_Dog/_3D Scifi Base Vol 1/Prefabs/_Legos/P_Corridor_WallAngle_03.prefab
  artifactKey: Guid(a01f50de58a42401fb71a0d5807975a3) Importer(815301076,1909f56bfc062723c751e8b465ee728b)
Start importing Assets/_Barking_Dog/_3D Scifi Base Vol 1/Prefabs/_Legos/P_Corridor_WallAngle_03.prefab using Guid(a01f50de58a42401fb71a0d5807975a3) Importer(815301076,1909f56bfc062723c751e8b465ee728b) (PreviewImporter) -> (artifact id: '37385bb716be17d436917f6c82fb46ca') in 0.6363393 seconds
Number of updated asset objects reloaded before import = 0Number of asset objects unloaded after import = 204

========================================================================
Received Import Request.
  Time since last request: 0.000060 seconds.
  path: Assets/_Barking_Dog/_3D Scifi Base Vol 1/Prefabs/_Legos/P_Corridor_WallAngle_02.prefab
  artifactKey: Guid(f8e391eab8e4d4b20b2eed1cdf640145) Importer(815301076,1909f56bfc062723c751e8b465ee728b)
Start importing Assets/_Barking_Dog/_3D Scifi Base Vol 1/Prefabs/_Legos/P_Corridor_WallAngle_02.prefab using Guid(f8e391eab8e4d4b20b2eed1cdf640145) Importer(815301076,1909f56bfc062723c751e8b465ee728b) (PreviewImporter) -> (artifact id: 'c7a94f9b9e3e128199d3f312a22d5239') in 0.4342339 seconds
Number of updated asset objects reloaded before import = 0Number of asset objects unloaded after import = 407

========================================================================
Received Import Request.
  Time since last request: 0.000090 seconds.
  path: Assets/_Barking_Dog/_3D Scifi Base Vol 1/Prefabs/_Legos/P_Small_Base_01.prefab
  artifactKey: Guid(6b64413353b83483d93aa4ca738c3ece) Importer(815301076,1909f56bfc062723c751e8b465ee728b)
Start importing Assets/_Barking_Dog/_3D Scifi Base Vol 1/Prefabs/_Legos/P_Small_Base_01.prefab using Guid(6b64413353b83483d93aa4ca738c3ece) Importer(815301076,1909f56bfc062723c751e8b465ee728b) (PreviewImporter) -> (artifact id: '261e39563083fba7e9c43310feca6242') in 2.6880012 seconds
Number of updated asset objects reloaded before import = 0Number of asset objects unloaded after import = 2583

========================================================================
Received Import Request.
  Time since last request: 0.000073 seconds.
  path: Assets/_Barking_Dog/_3D Scifi Base Vol 1/Prefabs/_Legos/P_Corridor_Small_07.prefab
  artifactKey: Guid(7dc4540c94faf41a09b41b78469293a8) Importer(815301076,1909f56bfc062723c751e8b465ee728b)
Start importing Assets/_Barking_Dog/_3D Scifi Base Vol 1/Prefabs/_Legos/P_Corridor_Small_07.prefab using Guid(7dc4540c94faf41a09b41b78469293a8) Importer(815301076,1909f56bfc062723c751e8b465ee728b) (PreviewImporter) -> (artifact id: '26ae025a8244d4a6ba3dc10c9e1813aa') in 0.5447173 seconds
Number of updated asset objects reloaded before import = 0Number of asset objects unloaded after import = 133

========================================================================
Received Import Request.
  Time since last request: 0.000765 seconds.
  path: Assets/_Barking_Dog/_3D Scifi Base Vol 1/Prefabs/_Legos/P_Plateform_Big_02.prefab
  artifactKey: Guid(7b54114cab7d448e38c75931ca7068da) Importer(815301076,1909f56bfc062723c751e8b465ee728b)
Start importing Assets/_Barking_Dog/_3D Scifi Base Vol 1/Prefabs/_Legos/P_Plateform_Big_02.prefab using Guid(7b54114cab7d448e38c75931ca7068da) Importer(815301076,1909f56bfc062723c751e8b465ee728b) (PreviewImporter) -> (artifact id: '37198ce87012529fefb690b60468f81c') in 0.3779308 seconds
Number of updated asset objects reloaded before import = 0Number of asset objects unloaded after import = 129

========================================================================
Received Import Request.
  Time since last request: 0.000152 seconds.
  path: Assets/_Barking_Dog/_3D Scifi Base Vol 1/Prefabs/_Legos/P_Small_Tower_Room_03.prefab
  artifactKey: Guid(aa8791d718efd40f9afdebe58249761a) Importer(815301076,1909f56bfc062723c751e8b465ee728b)
Start importing Assets/_Barking_Dog/_3D Scifi Base Vol 1/Prefabs/_Legos/P_Small_Tower_Room_03.prefab using Guid(aa8791d718efd40f9afdebe58249761a) Importer(815301076,1909f56bfc062723c751e8b465ee728b) (PreviewImporter) -> (artifact id: '661306dce7a45fdad93ac2ddd89cd9fb') in 0.6516563 seconds
Number of updated asset objects reloaded before import = 0Number of asset objects unloaded after import = 890

========================================================================
Received Import Request.
  Time since last request: 0.000065 seconds.
  path: Assets/_Barking_Dog/_3D Scifi Base Vol 1/Prefabs/_Legos/P_Small_Tower_Room_05.prefab
  artifactKey: Guid(b0aff7ca205964699bd00e81d1cd9286) Importer(815301076,1909f56bfc062723c751e8b465ee728b)
Start importing Assets/_Barking_Dog/_3D Scifi Base Vol 1/Prefabs/_Legos/P_Small_Tower_Room_05.prefab using Guid(b0aff7ca205964699bd00e81d1cd9286) Importer(815301076,1909f56bfc062723c751e8b465ee728b) (PreviewImporter) -> (artifact id: '44251ecd422c1204a6429488e57794b9') in 0.5911546 seconds
Number of updated asset objects reloaded before import = 0Number of asset objects unloaded after import = 824

========================================================================
Received Import Request.
  Time since last request: 0.000075 seconds.
  path: Assets/_Barking_Dog/_3D Scifi Base Vol 1/Prefabs/_Legos/P_Small_Dome_01.prefab
  artifactKey: Guid(bff83ac9399c84fd28bdf7bf99c213fd) Importer(815301076,1909f56bfc062723c751e8b465ee728b)
Start importing Assets/_Barking_Dog/_3D Scifi Base Vol 1/Prefabs/_Legos/P_Small_Dome_01.prefab using Guid(bff83ac9399c84fd28bdf7bf99c213fd) Importer(815301076,1909f56bfc062723c751e8b465ee728b) (PreviewImporter) -> (artifact id: 'e666186fa79f748cbbfca6ec3727ec77') in 0.2390101 seconds
Number of updated asset objects reloaded before import = 0Number of asset objects unloaded after import = 42

========================================================================
Received Import Request.
  Time since last request: 0.000041 seconds.
  path: Assets/_Barking_Dog/_3D Scifi Base Vol 1/Prefabs/_Legos/P_Small_Tower_Ring_02.prefab
  artifactKey: Guid(0f6e21efc36e743a7bcf80ae4b8789c0) Importer(815301076,1909f56bfc062723c751e8b465ee728b)
Start importing Assets/_Barking_Dog/_3D Scifi Base Vol 1/Prefabs/_Legos/P_Small_Tower_Ring_02.prefab using Guid(0f6e21efc36e743a7bcf80ae4b8789c0) Importer(815301076,1909f56bfc062723c751e8b465ee728b) (PreviewImporter) -> (artifact id: '7bc6221771b9ce382db6a22a8ab10e86') in 0.6687444 seconds
Number of updated asset objects reloaded before import = 0Number of asset objects unloaded after import = 847

========================================================================
Received Import Request.
  Time since last request: 0.000154 seconds.
  path: Assets/_Barking_Dog/_3D Scifi Base Vol 1/Prefabs/_Legos/P_Plateform_Big_04.prefab
  artifactKey: Guid(f62dadb546fe64e2dbfbca9b9b09f3ea) Importer(815301076,1909f56bfc062723c751e8b465ee728b)
Start importing Assets/_Barking_Dog/_3D Scifi Base Vol 1/Prefabs/_Legos/P_Plateform_Big_04.prefab using Guid(f62dadb546fe64e2dbfbca9b9b09f3ea) Importer(815301076,1909f56bfc062723c751e8b465ee728b) (PreviewImporter) -> (artifact id: 'ca27a14295beac9f0bf115659b9395c5') in 0.5388849 seconds
Number of updated asset objects reloaded before import = 0Number of asset objects unloaded after import = 753

========================================================================
Received Import Request.
  Time since last request: 0.000069 seconds.
  path: Assets/_Barking_Dog/_3D Scifi Base Vol 1/Prefabs/_Legos/P_Corridor_Small_05.prefab
  artifactKey: Guid(77faaea71e1084033aebafb65652362f) Importer(815301076,1909f56bfc062723c751e8b465ee728b)
Start importing Assets/_Barking_Dog/_3D Scifi Base Vol 1/Prefabs/_Legos/P_Corridor_Small_05.prefab using Guid(77faaea71e1084033aebafb65652362f) Importer(815301076,1909f56bfc062723c751e8b465ee728b) (PreviewImporter) -> (artifact id: '866e5d38116b32f2999978ef799f9964') in 0.3568181 seconds
Number of updated asset objects reloaded before import = 0Number of asset objects unloaded after import = 139

========================================================================
Received Import Request.
  Time since last request: 0.000074 seconds.
  path: Assets/_Barking_Dog/_3D Scifi Base Vol 1/Prefabs/_Legos/P_Small_Tower_Room_02.prefab
  artifactKey: Guid(bd72cb14278ad427ab5447cffdd7670a) Importer(815301076,1909f56bfc062723c751e8b465ee728b)
Start importing Assets/_Barking_Dog/_3D Scifi Base Vol 1/Prefabs/_Legos/P_Small_Tower_Room_02.prefab using Guid(bd72cb14278ad427ab5447cffdd7670a) Importer(815301076,1909f56bfc062723c751e8b465ee728b) (PreviewImporter) -> (artifact id: '216a0b296f73fa80f86943beac0323d8') in 0.6742079 seconds
Number of updated asset objects reloaded before import = 0Number of asset objects unloaded after import = 1000

========================================================================
Received Import Request.
  Time since last request: 0.000078 seconds.
  path: Assets/_Barking_Dog/_3D Scifi Base Vol 1/Prefabs/_Legos/P_Small_Tower_Room_04.prefab
  artifactKey: Guid(d57337a0331534e1e98f205e69978cef) Importer(815301076,1909f56bfc062723c751e8b465ee728b)
Start importing Assets/_Barking_Dog/_3D Scifi Base Vol 1/Prefabs/_Legos/P_Small_Tower_Room_04.prefab using Guid(d57337a0331534e1e98f205e69978cef) Importer(815301076,1909f56bfc062723c751e8b465ee728b) (PreviewImporter) -> (artifact id: '3e66d2f54c8b97c2636695c2a3a83df1') in 1.065964 seconds
Number of updated asset objects reloaded before import = 0Number of asset objects unloaded after import = 3196

========================================================================
Received Import Request.
  Time since last request: 0.000062 seconds.
  path: Assets/_Barking_Dog/_3D Scifi Base Vol 1/Prefabs/_Legos/P_Small_Tower_Ring_01.prefab
  artifactKey: Guid(be7ea5c3d41774b25ac3f8c47a950e4b) Importer(815301076,1909f56bfc062723c751e8b465ee728b)
Start importing Assets/_Barking_Dog/_3D Scifi Base Vol 1/Prefabs/_Legos/P_Small_Tower_Ring_01.prefab using Guid(be7ea5c3d41774b25ac3f8c47a950e4b) Importer(815301076,1909f56bfc062723c751e8b465ee728b) (PreviewImporter) -> (artifact id: 'bb3a8c0899059df5e8fdbefeec4b6ba6') in 0.622859 seconds
Number of updated asset objects reloaded before import = 0Number of asset objects unloaded after import = 852

========================================================================
Received Import Request.
  Time since last request: 0.000037 seconds.
  path: Assets/_Barking_Dog/_3D Scifi Base Vol 1/Prefabs/_Legos/P_Corridor_Small_06.prefab
  artifactKey: Guid(e7d722afd9fdb468d9fa4d7c86cd3302) Importer(815301076,1909f56bfc062723c751e8b465ee728b)
Start importing Assets/_Barking_Dog/_3D Scifi Base Vol 1/Prefabs/_Legos/P_Corridor_Small_06.prefab using Guid(e7d722afd9fdb468d9fa4d7c86cd3302) Importer(815301076,1909f56bfc062723c751e8b465ee728b) (PreviewImporter) -> (artifact id: 'd1e868de6e87e2970ffe6cc73e4c343d') in 0.3790846 seconds
Number of updated asset objects reloaded before import = 0Number of asset objects unloaded after import = 120

========================================================================
Received Import Request.
  Time since last request: 87.577102 seconds.
  path: Assets/Editor
  artifactKey: Guid(07b436a9a612a6444aba7fcc4aa59d15) Importer(2089858483,b0f066a214c2f5e87bad3c948f4d605d)
Start importing Assets/Editor using Guid(07b436a9a612a6444aba7fcc4aa59d15) Importer(2089858483,b0f066a214c2f5e87bad3c948f4d605d) (ScriptedImporter) -> (artifact id: '0747987793a0fbd535e56b8e0adc0ccf') in 0.0600969 seconds
Number of updated asset objects reloaded before import = 0Number of asset objects unloaded after import = 1

========================================================================
Received Import Request.
  Time since last request: 0.000034 seconds.
  path: Assets/Editor/ColliderFixer.cs
  artifactKey: Guid(26dd165ac58ea5d4ab47c92e6b682098) Importer(2089858483,b0f066a214c2f5e87bad3c948f4d605d)
Start importing Assets/Editor/ColliderFixer.cs using Guid(26dd165ac58ea5d4ab47c92e6b682098) Importer(2089858483,b0f066a214c2f5e87bad3c948f4d605d) (ScriptedImporter) -> (artifact id: 'd8121024c89ee54ad8a163a0346b931c') in 0.0481945 seconds
Number of updated asset objects reloaded before import = 0Number of asset objects unloaded after import = 0

========================================================================
Received Prepare
Begin MonoManager ReloadAssembly
[Licensing::Client] Successfully resolved entitlement details
ADTM: Control thread waiting for realtime thread timed out, have to lock...
- Loaded All Assemblies, in  2.285 seconds
Refreshing native plugins compatible for Editor in 0.69 ms, found 3 plugins.
Native extension for Android target not found
Native extension for WindowsStandalone target not found
[Package Manager] Failed to launch server process. Reason: Unity was launched with the -noUpm command-line argument
[Package Manager] Unable to send message (not connected to server process).
[Package Manager] Cannot connect to Unity Package Manager local server
[Package Manager] Failed to launch server process. Reason: Unity was launched with the -noUpm command-line argument
[Package Manager] Unable to send message (not connected to server process).
[Package Manager] Cannot connect to Unity Package Manager local server
ScheduleIndexationOnStartup MainProcess:False IndexOnStartup:True
Mono: successfully reloaded assembly
- Finished resetting the current domain, in  1.090 seconds
Domain Reload Profiling: 3381ms
	BeginReloadAssembly (1397ms)
		ExecutionOrderSort (0ms)
		DisableScriptedObjects (33ms)
		BackupInstance (0ms)
		ReleaseScriptingObjects (0ms)
		CreateAndSetChildDomain (1131ms)
	RebuildCommonClasses (62ms)
	RebuildNativeTypeToScriptingClass (27ms)
	initialDomainReloadingComplete (48ms)
	LoadAllAssembliesAndSetupDomain (757ms)
		LoadAssemblies (610ms)
		RebuildTransferFunctionScriptingTraits (0ms)
		AnalyzeDomain (303ms)
			TypeCache.Refresh (16ms)
				TypeCache.ScanAssembly (0ms)
			BuildScriptInfoCaches (262ms)
			ResolveRequiredComponents (17ms)
	FinalizeReload (1091ms)
		ReleaseScriptCaches (0ms)
		RebuildScriptCaches (0ms)
		SetupLoadedEditorAssemblies (830ms)
			LogAssemblyErrors (0ms)
			InitializePlatformSupportModulesInManaged (12ms)
			SetLoadedEditorAssemblies (6ms)
			BeforeProcessingInitializeOnLoad (205ms)
			ProcessInitializeOnLoadAttributes (476ms)
			ProcessInitializeOnLoadMethodAttributes (125ms)
			AfterProcessingInitializeOnLoad (5ms)
			EditorAssembliesLoaded (0ms)
		ExecutionOrderSort2 (0ms)
		AwakeInstancesAfterBackupRestoration (24ms)
Refreshing native plugins compatible for Editor in 1.23 ms, found 3 plugins.
Preloading 0 native plugins for Editor in 0.00 ms.
Unloading 17 Unused Serialized files (Serialized files now loaded: 0)
Unloading 6195 unused Assets / (5.5 MB). Loaded Objects now: 7173.
Memory consumption went from 158.9 MB to 153.3 MB.
Total: 24.062400 ms (FindLiveObjects: 1.650400 ms CreateObjectMapping: 2.063200 ms MarkObjects: 13.538800 ms  DeleteObjects: 6.808500 ms)

Prepare: number of updated asset objects reloaded= 0
========================================================================
Received Prepare
Begin MonoManager ReloadAssembly
[Licensing::Client] Successfully resolved entitlement details
ADTM: Control thread waiting for realtime thread timed out, have to lock...
- Loaded All Assemblies, in  2.133 seconds
Refreshing native plugins compatible for Editor in 0.95 ms, found 3 plugins.
Native extension for Android target not found
Native extension for WindowsStandalone target not found
[Package Manager] Failed to launch server process. Reason: Unity was launched with the -noUpm command-line argument
[Package Manager] Unable to send message (not connected to server process).
[Package Manager] Cannot connect to Unity Package Manager local server
[Package Manager] Failed to launch server process. Reason: Unity was launched with the -noUpm command-line argument
[Package Manager] Unable to send message (not connected to server process).
[Package Manager] Cannot connect to Unity Package Manager local server
ScheduleIndexationOnStartup MainProcess:False IndexOnStartup:True
Mono: successfully reloaded assembly
- Finished resetting the current domain, in  0.987 seconds
Domain Reload Profiling: 3123ms
	BeginReloadAssembly (1326ms)
		ExecutionOrderSort (0ms)
		DisableScriptedObjects (9ms)
		BackupInstance (0ms)
		ReleaseScriptingObjects (0ms)
		CreateAndSetChildDomain (1083ms)
	RebuildCommonClasses (61ms)
	RebuildNativeTypeToScriptingClass (22ms)
	initialDomainReloadingComplete (41ms)
	LoadAllAssembliesAndSetupDomain (685ms)
		LoadAssemblies (522ms)
		RebuildTransferFunctionScriptingTraits (0ms)
		AnalyzeDomain (320ms)
			TypeCache.Refresh (17ms)
				TypeCache.ScanAssembly (0ms)
			BuildScriptInfoCaches (282ms)
			ResolveRequiredComponents (15ms)
	FinalizeReload (988ms)
		ReleaseScriptCaches (0ms)
		RebuildScriptCaches (0ms)
		SetupLoadedEditorAssemblies (757ms)
			LogAssemblyErrors (0ms)
			InitializePlatformSupportModulesInManaged (9ms)
			SetLoadedEditorAssemblies (6ms)
			BeforeProcessingInitializeOnLoad (191ms)
			ProcessInitializeOnLoadAttributes (450ms)
			ProcessInitializeOnLoadMethodAttributes (96ms)
			AfterProcessingInitializeOnLoad (5ms)
			EditorAssembliesLoaded (0ms)
		ExecutionOrderSort2 (0ms)
		AwakeInstancesAfterBackupRestoration (26ms)
Refreshing native plugins compatible for Editor in 0.90 ms, found 3 plugins.
Preloading 0 native plugins for Editor in 0.00 ms.
Unloading 17 Unused Serialized files (Serialized files now loaded: 0)
Unloading 6194 unused Assets / (5.2 MB). Loaded Objects now: 7176.
Memory consumption went from 158.8 MB to 153.6 MB.
Total: 15.784800 ms (FindLiveObjects: 1.163700 ms CreateObjectMapping: 1.902700 ms MarkObjects: 7.790800 ms  DeleteObjects: 4.926300 ms)

Prepare: number of updated asset objects reloaded= 0
========================================================================
Received Prepare
Begin MonoManager ReloadAssembly
ADTM: Control thread waiting for realtime thread timed out, have to lock...
- Loaded All Assemblies, in  2.038 seconds
Refreshing native plugins compatible for Editor in 1.52 ms, found 3 plugins.
Native extension for Android target not found
Native extension for WindowsStandalone target not found
[Package Manager] Failed to launch server process. Reason: Unity was launched with the -noUpm command-line argument
[Package Manager] Unable to send message (not connected to server process).
[Package Manager] Cannot connect to Unity Package Manager local server
[Package Manager] Failed to launch server process. Reason: Unity was launched with the -noUpm command-line argument
[Package Manager] Unable to send message (not connected to server process).
[Package Manager] Cannot connect to Unity Package Manager local server
ScheduleIndexationOnStartup MainProcess:False IndexOnStartup:True
Mono: successfully reloaded assembly
- Finished resetting the current domain, in  1.704 seconds
Domain Reload Profiling: 3746ms
	BeginReloadAssembly (1302ms)
		ExecutionOrderSort (0ms)
		DisableScriptedObjects (7ms)
		BackupInstance (0ms)
		ReleaseScriptingObjects (0ms)
		CreateAndSetChildDomain (1081ms)
	RebuildCommonClasses (55ms)
	RebuildNativeTypeToScriptingClass (20ms)
	initialDomainReloadingComplete (35ms)
	LoadAllAssembliesAndSetupDomain (630ms)
		LoadAssemblies (473ms)
		RebuildTransferFunctionScriptingTraits (0ms)
		AnalyzeDomain (300ms)
			TypeCache.Refresh (11ms)
				TypeCache.ScanAssembly (0ms)
			BuildScriptInfoCaches (270ms)
			ResolveRequiredComponents (15ms)
	FinalizeReload (1705ms)
		ReleaseScriptCaches (0ms)
		RebuildScriptCaches (0ms)
		SetupLoadedEditorAssemblies (1286ms)
			LogAssemblyErrors (0ms)
			InitializePlatformSupportModulesInManaged (16ms)
			SetLoadedEditorAssemblies (9ms)
			BeforeProcessingInitializeOnLoad (328ms)
			ProcessInitializeOnLoadAttributes (752ms)
			ProcessInitializeOnLoadMethodAttributes (174ms)
			AfterProcessingInitializeOnLoad (7ms)
			EditorAssembliesLoaded (1ms)
		ExecutionOrderSort2 (0ms)
		AwakeInstancesAfterBackupRestoration (41ms)
Refreshing native plugins compatible for Editor in 1.61 ms, found 3 plugins.
Preloading 0 native plugins for Editor in 0.00 ms.
Unloading 17 Unused Serialized files (Serialized files now loaded: 0)
Unloading 6194 unused Assets / (5.3 MB). Loaded Objects now: 7179.
Memory consumption went from 158.8 MB to 153.6 MB.
Total: 32.474600 ms (FindLiveObjects: 2.221600 ms CreateObjectMapping: 3.373100 ms MarkObjects: 18.657500 ms  DeleteObjects: 8.219200 ms)

Prepare: number of updated asset objects reloaded= 0
========================================================================
Received Prepare
Begin MonoManager ReloadAssembly
[Licensing::Client] Successfully resolved entitlement details
ADTM: Control thread waiting for realtime thread timed out, have to lock...
- Loaded All Assemblies, in  2.068 seconds
Refreshing native plugins compatible for Editor in 0.73 ms, found 3 plugins.
Native extension for Android target not found
Native extension for WindowsStandalone target not found
[Package Manager] Failed to launch server process. Reason: Unity was launched with the -noUpm command-line argument
[Package Manager] Unable to send message (not connected to server process).
[Package Manager] Cannot connect to Unity Package Manager local server
[Package Manager] Failed to launch server process. Reason: Unity was launched with the -noUpm command-line argument
[Package Manager] Unable to send message (not connected to server process).
[Package Manager] Cannot connect to Unity Package Manager local server
ScheduleIndexationOnStartup MainProcess:False IndexOnStartup:True
Mono: successfully reloaded assembly
- Finished resetting the current domain, in  1.831 seconds
Domain Reload Profiling: 3903ms
	BeginReloadAssembly (1308ms)
		ExecutionOrderSort (0ms)
		DisableScriptedObjects (10ms)
		BackupInstance (0ms)
		ReleaseScriptingObjects (0ms)
		CreateAndSetChildDomain (1076ms)
	RebuildCommonClasses (57ms)
	RebuildNativeTypeToScriptingClass (21ms)
	initialDomainReloadingComplete (50ms)
	LoadAllAssembliesAndSetupDomain (636ms)
		LoadAssemblies (487ms)
		RebuildTransferFunctionScriptingTraits (0ms)
		AnalyzeDomain (284ms)
			TypeCache.Refresh (13ms)
				TypeCache.ScanAssembly (0ms)
			BuildScriptInfoCaches (252ms)
			ResolveRequiredComponents (13ms)
	FinalizeReload (1831ms)
		ReleaseScriptCaches (0ms)
		RebuildScriptCaches (0ms)
		SetupLoadedEditorAssemblies (1377ms)
			LogAssemblyErrors (0ms)
			InitializePlatformSupportModulesInManaged (20ms)
			SetLoadedEditorAssemblies (12ms)
			BeforeProcessingInitializeOnLoad (340ms)
			ProcessInitializeOnLoadAttributes (819ms)
			ProcessInitializeOnLoadMethodAttributes (175ms)
			AfterProcessingInitializeOnLoad (11ms)
			EditorAssembliesLoaded (1ms)
		ExecutionOrderSort2 (0ms)
		AwakeInstancesAfterBackupRestoration (49ms)
Refreshing native plugins compatible for Editor in 1.41 ms, found 3 plugins.
Preloading 0 native plugins for Editor in 0.00 ms.
Unloading 17 Unused Serialized files (Serialized files now loaded: 0)
Unloading 6194 unused Assets / (5.9 MB). Loaded Objects now: 7182.
Memory consumption went from 158.9 MB to 153.0 MB.
Total: 51.891200 ms (FindLiveObjects: 3.014300 ms CreateObjectMapping: 4.608200 ms MarkObjects: 22.204400 ms  DeleteObjects: 22.060600 ms)

Prepare: number of updated asset objects reloaded= 0
========================================================================
Received Prepare
Begin MonoManager ReloadAssembly
[Licensing::Client] Successfully resolved entitlement details
ADTM: Control thread waiting for realtime thread timed out, have to lock...
- Loaded All Assemblies, in  2.028 seconds
Refreshing native plugins compatible for Editor in 0.65 ms, found 3 plugins.
Native extension for Android target not found
Native extension for WindowsStandalone target not found
[Package Manager] Failed to launch server process. Reason: Unity was launched with the -noUpm command-line argument
[Package Manager] Unable to send message (not connected to server process).
[Package Manager] Cannot connect to Unity Package Manager local server
[Package Manager] Failed to launch server process. Reason: Unity was launched with the -noUpm command-line argument
[Package Manager] Unable to send message (not connected to server process).
[Package Manager] Cannot connect to Unity Package Manager local server
ScheduleIndexationOnStartup MainProcess:False IndexOnStartup:True
Mono: successfully reloaded assembly
- Finished resetting the current domain, in  1.023 seconds
Domain Reload Profiling: 3056ms
	BeginReloadAssembly (1303ms)
		ExecutionOrderSort (0ms)
		DisableScriptedObjects (8ms)
		BackupInstance (0ms)
		ReleaseScriptingObjects (0ms)
		CreateAndSetChildDomain (1073ms)
	RebuildCommonClasses (51ms)
	RebuildNativeTypeToScriptingClass (22ms)
	initialDomainReloadingComplete (35ms)
	LoadAllAssembliesAndSetupDomain (622ms)
		LoadAssemblies (486ms)
		RebuildTransferFunctionScriptingTraits (0ms)
		AnalyzeDomain (275ms)
			TypeCache.Refresh (17ms)
				TypeCache.ScanAssembly (0ms)
			BuildScriptInfoCaches (239ms)
			ResolveRequiredComponents (14ms)
	FinalizeReload (1024ms)
		ReleaseScriptCaches (0ms)
		RebuildScriptCaches (0ms)
		SetupLoadedEditorAssemblies (789ms)
			LogAssemblyErrors (0ms)
			InitializePlatformSupportModulesInManaged (10ms)
			SetLoadedEditorAssemblies (8ms)
			BeforeProcessingInitializeOnLoad (211ms)
			ProcessInitializeOnLoadAttributes (460ms)
			ProcessInitializeOnLoadMethodAttributes (95ms)
			AfterProcessingInitializeOnLoad (5ms)
			EditorAssembliesLoaded (0ms)
		ExecutionOrderSort2 (0ms)
		AwakeInstancesAfterBackupRestoration (27ms)
Refreshing native plugins compatible for Editor in 0.92 ms, found 3 plugins.
Preloading 0 native plugins for Editor in 0.00 ms.
Unloading 17 Unused Serialized files (Serialized files now loaded: 0)
Unloading 6194 unused Assets / (5.2 MB). Loaded Objects now: 7185.
Memory consumption went from 158.9 MB to 153.7 MB.
Total: 15.367600 ms (FindLiveObjects: 1.109900 ms CreateObjectMapping: 1.588000 ms MarkObjects: 7.641200 ms  DeleteObjects: 5.026700 ms)

Prepare: number of updated asset objects reloaded= 0
========================================================================
Received Prepare
Begin MonoManager ReloadAssembly
ADTM: Control thread waiting for realtime thread timed out, have to lock...
- Loaded All Assemblies, in  2.075 seconds
Refreshing native plugins compatible for Editor in 0.66 ms, found 3 plugins.
Native extension for Android target not found
Native extension for WindowsStandalone target not found
[Package Manager] Failed to launch server process. Reason: Unity was launched with the -noUpm command-line argument
[Package Manager] Unable to send message (not connected to server process).
[Package Manager] Cannot connect to Unity Package Manager local server
[Package Manager] Failed to launch server process. Reason: Unity was launched with the -noUpm command-line argument
[Package Manager] Unable to send message (not connected to server process).
[Package Manager] Cannot connect to Unity Package Manager local server
ScheduleIndexationOnStartup MainProcess:False IndexOnStartup:True
Mono: successfully reloaded assembly
- Finished resetting the current domain, in  1.453 seconds
Domain Reload Profiling: 3534ms
	BeginReloadAssembly (1295ms)
		ExecutionOrderSort (0ms)
		DisableScriptedObjects (7ms)
		BackupInstance (0ms)
		ReleaseScriptingObjects (0ms)
		CreateAndSetChildDomain (1062ms)
	RebuildCommonClasses (59ms)
	RebuildNativeTypeToScriptingClass (21ms)
	initialDomainReloadingComplete (37ms)
	LoadAllAssembliesAndSetupDomain (666ms)
		LoadAssemblies (482ms)
		RebuildTransferFunctionScriptingTraits (0ms)
		AnalyzeDomain (322ms)
			TypeCache.Refresh (13ms)
				TypeCache.ScanAssembly (0ms)
			BuildScriptInfoCaches (291ms)
			ResolveRequiredComponents (14ms)
	FinalizeReload (1455ms)
		ReleaseScriptCaches (0ms)
		RebuildScriptCaches (0ms)
		SetupLoadedEditorAssemblies (1178ms)
			LogAssemblyErrors (0ms)
			InitializePlatformSupportModulesInManaged (10ms)
			SetLoadedEditorAssemblies (5ms)
			BeforeProcessingInitializeOnLoad (254ms)
			ProcessInitializeOnLoadAttributes (731ms)
			ProcessInitializeOnLoadMethodAttributes (169ms)
			AfterProcessingInitializeOnLoad (8ms)
			EditorAssembliesLoaded (1ms)
		ExecutionOrderSort2 (0ms)
		AwakeInstancesAfterBackupRestoration (47ms)
Refreshing native plugins compatible for Editor in 2.32 ms, found 3 plugins.
Preloading 0 native plugins for Editor in 0.00 ms.
Unloading 17 Unused Serialized files (Serialized files now loaded: 0)
Unloading 6194 unused Assets / (5.0 MB). Loaded Objects now: 7188.
Memory consumption went from 159.0 MB to 154.0 MB.
Total: 25.064800 ms (FindLiveObjects: 1.714700 ms CreateObjectMapping: 2.034300 ms MarkObjects: 11.913500 ms  DeleteObjects: 9.399300 ms)

Prepare: number of updated asset objects reloaded= 0
========================================================================
Received Prepare
Begin MonoManager ReloadAssembly
[Licensing::Client] Successfully resolved entitlement details
ADTM: Control thread waiting for realtime thread timed out, have to lock...
- Loaded All Assemblies, in  2.275 seconds
Refreshing native plugins compatible for Editor in 0.65 ms, found 3 plugins.
Native extension for Android target not found
Native extension for WindowsStandalone target not found
[Package Manager] Failed to launch server process. Reason: Unity was launched with the -noUpm command-line argument
[Package Manager] Unable to send message (not connected to server process).
[Package Manager] Cannot connect to Unity Package Manager local server
[Package Manager] Failed to launch server process. Reason: Unity was launched with the -noUpm command-line argument
[Package Manager] Unable to send message (not connected to server process).
[Package Manager] Cannot connect to Unity Package Manager local server
ScheduleIndexationOnStartup MainProcess:False IndexOnStartup:True
Mono: successfully reloaded assembly
- Finished resetting the current domain, in  0.999 seconds
Domain Reload Profiling: 3277ms
	BeginReloadAssembly (1329ms)
		ExecutionOrderSort (0ms)
		DisableScriptedObjects (8ms)
		BackupInstance (0ms)
		ReleaseScriptingObjects (0ms)
		CreateAndSetChildDomain (1087ms)
	RebuildCommonClasses (50ms)
	RebuildNativeTypeToScriptingClass (33ms)
	initialDomainReloadingComplete (35ms)
	LoadAllAssembliesAndSetupDomain (829ms)
		LoadAssemblies (694ms)
		RebuildTransferFunctionScriptingTraits (0ms)
		AnalyzeDomain (280ms)
			TypeCache.Refresh (10ms)
				TypeCache.ScanAssembly (0ms)
			BuildScriptInfoCaches (247ms)
			ResolveRequiredComponents (17ms)
	FinalizeReload (1000ms)
		ReleaseScriptCaches (0ms)
		RebuildScriptCaches (0ms)
		SetupLoadedEditorAssemblies (755ms)
			LogAssemblyErrors (0ms)
			InitializePlatformSupportModulesInManaged (11ms)
			SetLoadedEditorAssemblies (6ms)
			BeforeProcessingInitializeOnLoad (212ms)
			ProcessInitializeOnLoadAttributes (417ms)
			ProcessInitializeOnLoadMethodAttributes (103ms)
			AfterProcessingInitializeOnLoad (6ms)
			EditorAssembliesLoaded (1ms)
		ExecutionOrderSort2 (0ms)
		AwakeInstancesAfterBackupRestoration (30ms)
Refreshing native plugins compatible for Editor in 0.79 ms, found 3 plugins.
Preloading 0 native plugins for Editor in 0.00 ms.
Unloading 17 Unused Serialized files (Serialized files now loaded: 0)
Unloading 6194 unused Assets / (5.2 MB). Loaded Objects now: 7191.
Memory consumption went from 159.0 MB to 153.8 MB.
Total: 14.253300 ms (FindLiveObjects: 1.159300 ms CreateObjectMapping: 1.884700 ms MarkObjects: 6.938400 ms  DeleteObjects: 4.269500 ms)

Prepare: number of updated asset objects reloaded= 0
========================================================================
Received Import Request.
  Time since last request: 1487.863538 seconds.
  path: Assets/_Barking_Dog/_3D Scifi Base Vol 1/Splat/TerrainData.asset
  artifactKey: Guid(2f7c2fd4a801c724c89f934b7ce0165f) Importer(2089858483,b0f066a214c2f5e87bad3c948f4d605d)
Start importing Assets/_Barking_Dog/_3D Scifi Base Vol 1/Splat/TerrainData.asset using Guid(2f7c2fd4a801c724c89f934b7ce0165f) Importer(2089858483,b0f066a214c2f5e87bad3c948f4d605d) (ScriptedImporter) -> (artifact id: 'abacaaabcee47cbdffa8ac4a17c1f7dd') in 0.4687021 seconds
Number of updated asset objects reloaded before import = 0Number of asset objects unloaded after import = 194

========================================================================
Received Prepare
Begin MonoManager ReloadAssembly
[Licensing::Client] Successfully resolved entitlement details
ADTM: Control thread waiting for realtime thread timed out, have to lock...
- Loaded All Assemblies, in  2.175 seconds
Refreshing native plugins compatible for Editor in 1.37 ms, found 3 plugins.
Native extension for Android target not found
Native extension for WindowsStandalone target not found
[Package Manager] Failed to launch server process. Reason: Unity was launched with the -noUpm command-line argument
[Package Manager] Unable to send message (not connected to server process).
[Package Manager] Cannot connect to Unity Package Manager local server
[Package Manager] Failed to launch server process. Reason: Unity was launched with the -noUpm command-line argument
[Package Manager] Unable to send message (not connected to server process).
[Package Manager] Cannot connect to Unity Package Manager local server
ScheduleIndexationOnStartup MainProcess:False IndexOnStartup:True
Mono: successfully reloaded assembly
- Finished resetting the current domain, in  1.977 seconds
Domain Reload Profiling: 4161ms
	BeginReloadAssembly (1337ms)
		ExecutionOrderSort (0ms)
		DisableScriptedObjects (12ms)
		BackupInstance (0ms)
		ReleaseScriptingObjects (0ms)
		CreateAndSetChildDomain (1088ms)
	RebuildCommonClasses (55ms)
	RebuildNativeTypeToScriptingClass (28ms)
	initialDomainReloadingComplete (38ms)
	LoadAllAssembliesAndSetupDomain (725ms)
		LoadAssemblies (533ms)
		RebuildTransferFunctionScriptingTraits (0ms)
		AnalyzeDomain (351ms)
			TypeCache.Refresh (13ms)
				TypeCache.ScanAssembly (0ms)
			BuildScriptInfoCaches (303ms)
			ResolveRequiredComponents (25ms)
	FinalizeReload (1978ms)
		ReleaseScriptCaches (0ms)
		RebuildScriptCaches (0ms)
		SetupLoadedEditorAssemblies (1509ms)
			LogAssemblyErrors (0ms)
			InitializePlatformSupportModulesInManaged (20ms)
			SetLoadedEditorAssemblies (8ms)
			BeforeProcessingInitializeOnLoad (377ms)
			ProcessInitializeOnLoadAttributes (894ms)
			ProcessInitializeOnLoadMethodAttributes (199ms)
			AfterProcessingInitializeOnLoad (9ms)
			EditorAssembliesLoaded (1ms)
		ExecutionOrderSort2 (0ms)
		AwakeInstancesAfterBackupRestoration (44ms)
Refreshing native plugins compatible for Editor in 1.65 ms, found 3 plugins.
Preloading 0 native plugins for Editor in 0.00 ms.
Unloading 17 Unused Serialized files (Serialized files now loaded: 0)
Unloading 6194 unused Assets / (4.9 MB). Loaded Objects now: 7194.
Memory consumption went from 159.1 MB to 154.2 MB.
Total: 28.936700 ms (FindLiveObjects: 2.093900 ms CreateObjectMapping: 4.382500 ms MarkObjects: 13.481900 ms  DeleteObjects: 8.975000 ms)

Prepare: number of updated asset objects reloaded= 0
========================================================================
Received Prepare
Begin MonoManager ReloadAssembly
[Licensing::Client] Successfully resolved entitlement details
ADTM: Control thread waiting for realtime thread timed out, have to lock...
- Loaded All Assemblies, in  2.085 seconds
Refreshing native plugins compatible for Editor in 0.82 ms, found 3 plugins.
Native extension for Android target not found
Native extension for WindowsStandalone target not found
[Package Manager] Failed to launch server process. Reason: Unity was launched with the -noUpm command-line argument
[Package Manager] Unable to send message (not connected to server process).
[Package Manager] Cannot connect to Unity Package Manager local server
[Package Manager] Failed to launch server process. Reason: Unity was launched with the -noUpm command-line argument
[Package Manager] Unable to send message (not connected to server process).
[Package Manager] Cannot connect to Unity Package Manager local server
ScheduleIndexationOnStartup MainProcess:False IndexOnStartup:True
Mono: successfully reloaded assembly
- Finished resetting the current domain, in  1.599 seconds
Domain Reload Profiling: 3690ms
	BeginReloadAssembly (1348ms)
		ExecutionOrderSort (0ms)
		DisableScriptedObjects (9ms)
		BackupInstance (0ms)
		ReleaseScriptingObjects (0ms)
		CreateAndSetChildDomain (1100ms)
	RebuildCommonClasses (50ms)
	RebuildNativeTypeToScriptingClass (20ms)
	initialDomainReloadingComplete (35ms)
	LoadAllAssembliesAndSetupDomain (637ms)
		LoadAssemblies (488ms)
		RebuildTransferFunctionScriptingTraits (0ms)
		AnalyzeDomain (295ms)
			TypeCache.Refresh (9ms)
				TypeCache.ScanAssembly (0ms)
			BuildScriptInfoCaches (265ms)
			ResolveRequiredComponents (14ms)
	FinalizeReload (1600ms)
		ReleaseScriptCaches (0ms)
		RebuildScriptCaches (0ms)
		SetupLoadedEditorAssemblies (1202ms)
			LogAssemblyErrors (0ms)
			InitializePlatformSupportModulesInManaged (20ms)
			SetLoadedEditorAssemblies (7ms)
			BeforeProcessingInitializeOnLoad (316ms)
			ProcessInitializeOnLoadAttributes (672ms)
			ProcessInitializeOnLoadMethodAttributes (175ms)
			AfterProcessingInitializeOnLoad (10ms)
			EditorAssembliesLoaded (1ms)
		ExecutionOrderSort2 (0ms)
		AwakeInstancesAfterBackupRestoration (44ms)
Refreshing native plugins compatible for Editor in 1.38 ms, found 3 plugins.
Preloading 0 native plugins for Editor in 0.00 ms.
Unloading 17 Unused Serialized files (Serialized files now loaded: 0)
Unloading 6194 unused Assets / (4.5 MB). Loaded Objects now: 7197.
Memory consumption went from 159.1 MB to 154.5 MB.
Total: 30.970300 ms (FindLiveObjects: 1.921800 ms CreateObjectMapping: 5.808600 ms MarkObjects: 13.691600 ms  DeleteObjects: 9.546300 ms)

Prepare: number of updated asset objects reloaded= 0
========================================================================
Received Import Request.
  Time since last request: 1318.971424 seconds.
  path: Assets/Scenes/Samplescene.unity
  artifactKey: Guid(aecba8389ccad2a479151b754b5b7529) Importer(2089858483,b0f066a214c2f5e87bad3c948f4d605d)
Start importing Assets/Scenes/Samplescene.unity using Guid(aecba8389ccad2a479151b754b5b7529) Importer(2089858483,b0f066a214c2f5e87bad3c948f4d605d) (ScriptedImporter) -> (artifact id: 'ddde6350a142d3e72fdafc2272ff1f41') in 0.1146151 seconds
Number of updated asset objects reloaded before import = 0Number of asset objects unloaded after import = 1

========================================================================
Received Prepare
Begin MonoManager ReloadAssembly
[Licensing::Client] Successfully resolved entitlement details
ADTM: Control thread waiting for realtime thread timed out, have to lock...
- Loaded All Assemblies, in  2.240 seconds
Refreshing native plugins compatible for Editor in 1.58 ms, found 3 plugins.
Native extension for Android target not found
Native extension for WindowsStandalone target not found
[Package Manager] Failed to launch server process. Reason: Unity was launched with the -noUpm command-line argument
[Package Manager] Unable to send message (not connected to server process).
[Package Manager] Cannot connect to Unity Package Manager local server
[Package Manager] Failed to launch server process. Reason: Unity was launched with the -noUpm command-line argument
[Package Manager] Unable to send message (not connected to server process).
[Package Manager] Cannot connect to Unity Package Manager local server
ScheduleIndexationOnStartup MainProcess:False IndexOnStartup:True
Mono: successfully reloaded assembly
- Finished resetting the current domain, in  1.829 seconds
Domain Reload Profiling: 4077ms
	BeginReloadAssembly (1318ms)
		ExecutionOrderSort (0ms)
		DisableScriptedObjects (8ms)
		BackupInstance (0ms)
		ReleaseScriptingObjects (0ms)
		CreateAndSetChildDomain (1075ms)
	RebuildCommonClasses (75ms)
	RebuildNativeTypeToScriptingClass (19ms)
	initialDomainReloadingComplete (43ms)
	LoadAllAssembliesAndSetupDomain (790ms)
		LoadAssemblies (593ms)
		RebuildTransferFunctionScriptingTraits (0ms)
		AnalyzeDomain (352ms)
			TypeCache.Refresh (17ms)
				TypeCache.ScanAssembly (0ms)
			BuildScriptInfoCaches (298ms)
			ResolveRequiredComponents (29ms)
	FinalizeReload (1831ms)
		ReleaseScriptCaches (0ms)
		RebuildScriptCaches (0ms)
		SetupLoadedEditorAssemblies (1365ms)
			LogAssemblyErrors (0ms)
			InitializePlatformSupportModulesInManaged (19ms)
			SetLoadedEditorAssemblies (10ms)
			BeforeProcessingInitializeOnLoad (372ms)
			ProcessInitializeOnLoadAttributes (787ms)
			ProcessInitializeOnLoadMethodAttributes (169ms)
			AfterProcessingInitializeOnLoad (8ms)
			EditorAssembliesLoaded (0ms)
		ExecutionOrderSort2 (0ms)
		AwakeInstancesAfterBackupRestoration (50ms)
Refreshing native plugins compatible for Editor in 1.49 ms, found 3 plugins.
Preloading 0 native plugins for Editor in 0.00 ms.
Unloading 17 Unused Serialized files (Serialized files now loaded: 0)
Unloading 6194 unused Assets / (5.3 MB). Loaded Objects now: 7200.
Memory consumption went from 159.1 MB to 153.8 MB.
Total: 27.457100 ms (FindLiveObjects: 1.182800 ms CreateObjectMapping: 3.723900 ms MarkObjects: 12.249000 ms  DeleteObjects: 10.299500 ms)

Prepare: number of updated asset objects reloaded= 0
========================================================================
Received Prepare
Begin MonoManager ReloadAssembly
[Licensing::Client] Successfully resolved entitlement details
ADTM: Control thread waiting for realtime thread timed out, have to lock...
- Loaded All Assemblies, in  2.129 seconds
Refreshing native plugins compatible for Editor in 2.48 ms, found 3 plugins.
Native extension for Android target not found
Native extension for WindowsStandalone target not found
[Package Manager] Failed to launch server process. Reason: Unity was launched with the -noUpm command-line argument
[Package Manager] Unable to send message (not connected to server process).
[Package Manager] Cannot connect to Unity Package Manager local server
[Package Manager] Failed to launch server process. Reason: Unity was launched with the -noUpm command-line argument
[Package Manager] Unable to send message (not connected to server process).
[Package Manager] Cannot connect to Unity Package Manager local server
ScheduleIndexationOnStartup MainProcess:False IndexOnStartup:True
Mono: successfully reloaded assembly
- Finished resetting the current domain, in  2.026 seconds
Domain Reload Profiling: 4160ms
	BeginReloadAssembly (1370ms)
		ExecutionOrderSort (0ms)
		DisableScriptedObjects (8ms)
		BackupInstance (0ms)
		ReleaseScriptingObjects (0ms)
		CreateAndSetChildDomain (1080ms)
	RebuildCommonClasses (62ms)
	RebuildNativeTypeToScriptingClass (21ms)
	initialDomainReloadingComplete (35ms)
	LoadAllAssembliesAndSetupDomain (644ms)
		LoadAssemblies (527ms)
		RebuildTransferFunctionScriptingTraits (0ms)
		AnalyzeDomain (312ms)
			TypeCache.Refresh (14ms)
				TypeCache.ScanAssembly (0ms)
			BuildScriptInfoCaches (274ms)
			ResolveRequiredComponents (18ms)
	FinalizeReload (2028ms)
		ReleaseScriptCaches (0ms)
		RebuildScriptCaches (0ms)
		SetupLoadedEditorAssemblies (1505ms)
			LogAssemblyErrors (0ms)
			InitializePlatformSupportModulesInManaged (24ms)
			SetLoadedEditorAssemblies (14ms)
			BeforeProcessingInitializeOnLoad (450ms)
			ProcessInitializeOnLoadAttributes (837ms)
			ProcessInitializeOnLoadMethodAttributes (170ms)
			AfterProcessingInitializeOnLoad (8ms)
			EditorAssembliesLoaded (1ms)
		ExecutionOrderSort2 (0ms)
		AwakeInstancesAfterBackupRestoration (45ms)
Refreshing native plugins compatible for Editor in 1.61 ms, found 3 plugins.
Preloading 0 native plugins for Editor in 0.00 ms.
Unloading 17 Unused Serialized files (Serialized files now loaded: 0)
Unloading 6194 unused Assets / (4.6 MB). Loaded Objects now: 7203.
Memory consumption went from 159.2 MB to 154.6 MB.
Total: 30.369700 ms (FindLiveObjects: 3.348700 ms CreateObjectMapping: 3.087500 ms MarkObjects: 15.370100 ms  DeleteObjects: 8.561300 ms)

Prepare: number of updated asset objects reloaded= 0
