[Licensing::Module] Trying to connect to existing licensing client channel...
Built from '6000.3/staging' branch; Version is '6000.3.12f1 (fca03ac9b0d5) revision 16556090'; Using compiler version '194234433'; Build Type 'Release'
OS: 'Windows 10  (10.0.19045) 64bit Core' Language: 'en' Physical Memory: 16339 MB
[Licensing::IpcConnector] Successfully connected to: "LicenseClient-User" at "2026-05-26T15:21:56.7925539Z"
BatchMode: 1, IsHumanControllingUs: 0, StartBugReporterOnCrash: 0, Is64bit: 1
System  architecture: x64
Process architecture: x64
Date: 2026-05-26T15:21:56Z

COMMAND LINE ARGUMENTS:
D:\Unity\Unity Hub\Editor\6000.3.12f1\Editor\Unity.exe
-adb2
-batchMode
-noUpm
-name
AssetImportWorker0
-projectPath
D:/UNhub/VR game/TDM/TDM
-logFile
Logs/AssetImportWorker0.log
-srvPort
50146
-licensingIpc
LicenseClient-User
-job-worker-count
3
-background-job-worker-count
8
-gc-helper-count
1
-name
AssetImport
Successfully changed project path to: D:/UNhub/VR game/TDM/TDM
D:/UNhub/VR game/TDM/TDM
[UnityMemory] Configuration Parameters - Can be set up in boot.config
    "memorysetup-temp-allocator-size-nav-mesh-worker=65536"
    "memorysetup-temp-allocator-size-audio-worker=65536"
    "memorysetup-temp-allocator-size-gfx=262144"
    "memorysetup-allocator-temp-initial-block-size-main=262144"
    "memorysetup-allocator-temp-initial-block-size-worker=262144"
    "memorysetup-temp-allocator-size-background-worker=32768"
    "memorysetup-temp-allocator-size-job-worker=262144"
    "memorysetup-temp-allocator-size-preload-manager=33554432"
    "memorysetup-temp-allocator-size-gi-baking-worker=262144"
    "memorysetup-temp-allocator-size-gi-baking-worker=262144"
    "memorysetup-temp-allocator-size-gi-baking-worker=262144"
    "memorysetup-temp-allocator-size-gi-baking-worker=262144"
    "memorysetup-temp-allocator-size-gi-baking-worker=262144"
    "memorysetup-bucket-allocator-granularity=16"
    "memorysetup-bucket-allocator-bucket-count=8"
    "memorysetup-bucket-allocator-block-size=33554432"
    "memorysetup-bucket-allocator-block-count=8"
    "memorysetup-main-allocator-block-size=16777216"
    "memorysetup-thread-allocator-block-size=16777216"
    "memorysetup-gfx-main-allocator-block-size=16777216"
    "memorysetup-gfx-thread-allocator-block-size=16777216"
    "memorysetup-cache-allocator-block-size=4194304"
    "memorysetup-typetree-allocator-block-size=2097152"
    "memorysetup-profiler-bucket-allocator-granularity=16"
    "memorysetup-profiler-bucket-allocator-bucket-count=8"
    "memorysetup-profiler-bucket-allocator-block-size=33554432"
    "memorysetup-profiler-bucket-allocator-block-count=8"
    "memorysetup-profiler-allocator-block-size=16777216"
    "memorysetup-profiler-editor-allocator-block-size=1048576"
    "memorysetup-temp-allocator-size-main=16777216"
    "memorysetup-job-temp-allocator-block-size=2097152"
    "memorysetup-job-temp-allocator-block-size-background=1048576"
    "memorysetup-job-temp-allocator-reduction-small-platforms=262144"
    "memorysetup-temp-allocator-size-cloud-worker=32768"
Player connection [7524]  Target information:

Player connection [7524]  * "[IP] 192.168.1.10 [Port] 0 [Flags] 2 [Guid] 2724023854 [EditorId] 2724023854 [Version] 1048832 [Id] WindowsEditor(7,DESKTOP-EQH4NV0) [Debug] 1 [PackageName] WindowsEditor [ProjectName] Editor" 

Player connection [7524] Host joined multi-casting on [225.0.0.222:54997]...
Player connection [7524] Host joined alternative multi-casting on [225.0.0.222:34997]...
JobSystem: Creating JobQueue using job-worker-count value 3
Input System module state changed to: Initialized.
[Physics::Module] Initialized fallback backend.
[Physics::Module] Id: 0xdecafbad
Library Redirect Path: Library/
[Physics::Module] Selected backend.
[Physics::Module] Name: PhysX
[Physics::Module] Id: 0xf2b8ea05
[Physics::Module] SDK Version: 4.1.2
[Physics::Module] Integration Version: 1.0.0
[Physics::Module] Threading Mode: Multi-Threaded
Refreshing native plugins compatible for Editor in 49.71 ms, found 3 plugins.
Preloading 0 native plugins for Editor in 0.00 ms.
Initialize engine version: 6000.3.12f1 (fca03ac9b0d5)
[Subsystems] Discovering subsystems at path D:/Unity/Unity Hub/Editor/6000.3.12f1/Editor/Data/Resources/UnitySubsystems
[Subsystems] Discovering subsystems at path D:/UNhub/VR game/TDM/TDM/Assets
GfxDevice: creating device client; kGfxThreadingModeNonThreaded
Direct3D:
    Version:  Direct3D 11.0 [level 11.1]
    Renderer: NVIDIA GeForce GTX 1070 (ID=0x1b81)
    Vendor:   NVIDIA
    VRAM:     8067 MB
    Driver:   32.0.15.8157
Initialize mono
Mono path[0] = 'D:/Unity/Unity Hub/Editor/6000.3.12f1/Editor/Data/Managed'
Mono path[1] = 'D:/Unity/Unity Hub/Editor/6000.3.12f1/Editor/Data/MonoBleedingEdge/lib/mono/unityjit-win32'
Mono config path = 'D:/Unity/Unity Hub/Editor/6000.3.12f1/Editor/Data/MonoBleedingEdge/etc'
Using monoOptions --debugger-agent=transport=dt_socket,embedding=1,server=y,suspend=n,address=127.0.0.1:56092
Begin MonoManager ReloadAssembly
Registering precompiled unity dll's ...
Register platform support module: D:/Unity/Unity Hub/Editor/6000.3.12f1/Editor/Data/PlaybackEngines/WindowsStandaloneSupport/UnityEditor.WindowsStandalone.Extensions.dll
[Licensing::Module] Licensing is not yet initialized.
[Licensing::Client] Error: HandshakeResponse reported an error:
	ResponseCode: 505
	ResponseStatus: Unsupported protocol version '1.18.1'.
[Licensing::Module] Error: Failed to handshake to channel: "LicenseClient-User"
[Licensing::IpcConnector] LicenseClient-User channel disconnected successfully.
[Licensing::IpcConnector] Successfully connected to: "LicenseClient-User-6000.3.12" at "2026-05-26T15:22:05.0653003Z"
[Licensing::Client] Handshaking with LicensingClient:
  Version:                 1.18.1+9fbee8e
  Session Id:              64e75f727f5846fa82d7b6429ba1be02
  Correlation Id:          9cf1ddf224c911eb9f9d2b7aeab422b1
  External correlation Id: 7312904217627429599
  Machine Id:              B26MIHeHbUICW1unGgyxjxIIfOo=
[Licensing::Module] Successfully connected to LicensingClient on channel: "LicenseClient-User-6000.3.12" (connect: 0.00s, validation: 0.00s, handshake: 4.62s)
[Licensing::IpcConnector] Successfully connected to: "LicenseClient-User-6000.3.12-notifications" at "2026-05-26T15:22:09.6862113Z"
[Licensing::Module] Licensing Background thread has ended after 12.89s
[Licensing::Module] Licensing is initialized (took 5.32s).
[Licensing::Client] Successfully resolved entitlement details
[Licensing::Module] License group:
  Id: 18968316713825-UnityPersXXXX
  Product: Unity Personal
  Type: Assigned
  Expiration: Unlimited
Register platform support module: D:/Unity/Unity Hub/Editor/6000.3.12f1/Editor/Data/PlaybackEngines/AndroidPlayer/UnityEditor.Android.Extensions.dll
Registered in 5.401929 seconds.
- Loaded All Assemblies, in  8.503 seconds
Native extension for Android target not found
Native extension for WindowsStandalone target not found
Package Manager log level set to [2]
[Package Manager] Failed to launch server process. Reason: Unity was launched with the -noUpm command-line argument
[Package Manager] Unable to send message (not connected to server process).
[Package Manager] Cannot connect to Unity Package Manager local server
ScheduleIndexationOnStartup MainProcess:False IndexOnStartup:True
Mono: successfully reloaded assembly
- Finished resetting the current domain, in  1.416 seconds
Domain Reload Profiling: 9919ms
	BeginReloadAssembly (2354ms)
		ExecutionOrderSort (0ms)
		DisableScriptedObjects (0ms)
		BackupInstance (0ms)
		ReleaseScriptingObjects (0ms)
		CreateAndSetChildDomain (1ms)
	RebuildCommonClasses (81ms)
	RebuildNativeTypeToScriptingClass (22ms)
	initialDomainReloadingComplete (5507ms)
	LoadAllAssembliesAndSetupDomain (538ms)
		LoadAssemblies (2374ms)
		RebuildTransferFunctionScriptingTraits (0ms)
		AnalyzeDomain (512ms)
			TypeCache.Refresh (510ms)
				TypeCache.ScanAssembly (474ms)
			BuildScriptInfoCaches (0ms)
			ResolveRequiredComponents (1ms)
	FinalizeReload (1417ms)
		ReleaseScriptCaches (0ms)
		RebuildScriptCaches (0ms)
		SetupLoadedEditorAssemblies (1346ms)
			LogAssemblyErrors (0ms)
			InitializePlatformSupportModulesInManaged (90ms)
			SetLoadedEditorAssemblies (6ms)
			BeforeProcessingInitializeOnLoad (143ms)
			ProcessInitializeOnLoadAttributes (219ms)
			ProcessInitializeOnLoadMethodAttributes (887ms)
			AfterProcessingInitializeOnLoad (0ms)
			EditorAssembliesLoaded (0ms)
		ExecutionOrderSort2 (0ms)
		AwakeInstancesAfterBackupRestoration (0ms)
========================================================================
Worker process is ready to serve import requests
Import Worker Mode flag is 0x00
Begin MonoManager ReloadAssembly
[Licensing::Client] Successfully resolved entitlement details
- Loaded All Assemblies, in  1.931 seconds
Refreshing native plugins compatible for Editor in 1.00 ms, found 3 plugins.
Native extension for Android target not found
Native extension for WindowsStandalone target not found
[Package Manager] Failed to launch server process. Reason: Unity was launched with the -noUpm command-line argument
[Package Manager] Unable to send message (not connected to server process).
[Package Manager] Cannot connect to Unity Package Manager local server
[Package Manager] Failed to launch server process. Reason: Unity was launched with the -noUpm command-line argument
[Package Manager] Unable to send message (not connected to server process).
[Package Manager] Cannot connect to Unity Package Manager local server
ScheduleIndexationOnStartup MainProcess:False IndexOnStartup:True
Mono: successfully reloaded assembly
- Finished resetting the current domain, in  1.778 seconds
Domain Reload Profiling: 3708ms
	BeginReloadAssembly (281ms)
		ExecutionOrderSort (0ms)
		DisableScriptedObjects (7ms)
		BackupInstance (0ms)
		ReleaseScriptingObjects (0ms)
		CreateAndSetChildDomain (43ms)
	RebuildCommonClasses (60ms)
	RebuildNativeTypeToScriptingClass (23ms)
	initialDomainReloadingComplete (50ms)
	LoadAllAssembliesAndSetupDomain (1514ms)
		LoadAssemblies (1265ms)
		RebuildTransferFunctionScriptingTraits (0ms)
		AnalyzeDomain (410ms)
			TypeCache.Refresh (295ms)
				TypeCache.ScanAssembly (266ms)
			BuildScriptInfoCaches (94ms)
			ResolveRequiredComponents (15ms)
	FinalizeReload (1779ms)
		ReleaseScriptCaches (0ms)
		RebuildScriptCaches (0ms)
		SetupLoadedEditorAssemblies (906ms)
			LogAssemblyErrors (0ms)
			InitializePlatformSupportModulesInManaged (11ms)
			SetLoadedEditorAssemblies (7ms)
			BeforeProcessingInitializeOnLoad (203ms)
			ProcessInitializeOnLoadAttributes (569ms)
			ProcessInitializeOnLoadMethodAttributes (113ms)
			AfterProcessingInitializeOnLoad (3ms)
			EditorAssembliesLoaded (0ms)
		ExecutionOrderSort2 (0ms)
		AwakeInstancesAfterBackupRestoration (10ms)
Launched and connected shader compiler UnityShaderCompiler.exe after 0.06 seconds
Refreshing native plugins compatible for Editor in 1.15 ms, found 3 plugins.
Preloading 0 native plugins for Editor in 0.00 ms.
Unloading 16 Unused Serialized files (Serialized files now loaded: 0)
Unloading 6197 unused Assets / (4.8 MB). Loaded Objects now: 7017.
Memory consumption went from 154.7 MB to 149.9 MB.
Total: 22.042800 ms (FindLiveObjects: 2.715300 ms CreateObjectMapping: 1.818800 ms MarkObjects: 10.292300 ms  DeleteObjects: 7.214200 ms)

========================================================================
Received Import Request.
  Time since last request: 7019.581709 seconds.
  path: Assets/TDM animation/Walking.fbx
  artifactKey: Guid(e3328a33f8890ee44a5a55202755dd39) Importer(815301076,1909f56bfc062723c751e8b465ee728b)
Start importing Assets/TDM animation/Walking.fbx using Guid(e3328a33f8890ee44a5a55202755dd39) Importer(815301076,1909f56bfc062723c751e8b465ee728b) (PreviewImporter) -> (artifact id: '1656b6b5d663091d674cf8657f4666c9') in 0.1033058 seconds
Number of updated asset objects reloaded before import = 0Number of asset objects unloaded after import = 139

========================================================================
Received Import Request.
  Time since last request: 0.000028 seconds.
  path: Assets/TDM animation
  artifactKey: Guid(d762e715c1be6a3498242de0fec1b853) Importer(2089858483,b0f066a214c2f5e87bad3c948f4d605d)
Start importing Assets/TDM animation using Guid(d762e715c1be6a3498242de0fec1b853) Importer(2089858483,b0f066a214c2f5e87bad3c948f4d605d) (ScriptedImporter) -> (artifact id: 'c9a74dab6dc502f0fa4c1abc2dd5cacd') in 0.11976 seconds
Number of updated asset objects reloaded before import = 0Number of asset objects unloaded after import = 1

========================================================================
Received Import Request.
  Time since last request: 0.000040 seconds.
  path: Assets/TDM animation
  artifactKey: Guid(d762e715c1be6a3498242de0fec1b853) Importer(815301076,1909f56bfc062723c751e8b465ee728b)
Start importing Assets/TDM animation using Guid(d762e715c1be6a3498242de0fec1b853) Importer(815301076,1909f56bfc062723c751e8b465ee728b) (PreviewImporter) -> (artifact id: 'ddeaf6ecddfe36dfaeca4732826f30d9') in 0.0010367 seconds
Number of updated asset objects reloaded before import = 0Number of asset objects unloaded after import = 0

========================================================================
Received Import Request.
  Time since last request: 0.000038 seconds.
  path: Assets/TDM animation/Idle Transition.fbx
  artifactKey: Guid(fe8810beb92ce1342b65de8581ee93f6) Importer(815301076,1909f56bfc062723c751e8b465ee728b)
Start importing Assets/TDM animation/Idle Transition.fbx using Guid(fe8810beb92ce1342b65de8581ee93f6) Importer(815301076,1909f56bfc062723c751e8b465ee728b) (PreviewImporter) -> (artifact id: 'a2891cb24e8f2e8cc2ca7c48be6f3ae6') in 1.4390031 seconds
Number of updated asset objects reloaded before import = 0Number of asset objects unloaded after import = 146

========================================================================
Received Import Request.
  Time since last request: 0.000036 seconds.
  path: Assets/TDM animation/Walking.fbx
  artifactKey: Guid(e3328a33f8890ee44a5a55202755dd39) Importer(2089858483,b0f066a214c2f5e87bad3c948f4d605d)
Start importing Assets/TDM animation/Walking.fbx using Guid(e3328a33f8890ee44a5a55202755dd39) Importer(2089858483,b0f066a214c2f5e87bad3c948f4d605d) (ScriptedImporter) -> (artifact id: '319deabc0af219c694bbfc58d4cc9ff1') in 0.1129096 seconds
Number of updated asset objects reloaded before import = 0Number of asset objects unloaded after import = 139

========================================================================
Received Import Request.
  Time since last request: 0.000057 seconds.
  path: Assets/TDM animation/Female Walk-2.fbx
  artifactKey: Guid(80ad392ce50e73f469e92a88a98ee0ef) Importer(815301076,1909f56bfc062723c751e8b465ee728b)
Start importing Assets/TDM animation/Female Walk-2.fbx using Guid(80ad392ce50e73f469e92a88a98ee0ef) Importer(815301076,1909f56bfc062723c751e8b465ee728b) (PreviewImporter) -> (artifact id: 'd37c7d1d723f81d94f90bbf7bcf941c5') in 0.0899197 seconds
Number of updated asset objects reloaded before import = 0Number of asset objects unloaded after import = 144

========================================================================
Received Import Request.
  Time since last request: 0.000039 seconds.
  path: Assets/TDM animation/Female Walk.fbx
  artifactKey: Guid(3dfd403f2ea256b44aa6038d44ef6218) Importer(2089858483,b0f066a214c2f5e87bad3c948f4d605d)
Start importing Assets/TDM animation/Female Walk.fbx using Guid(3dfd403f2ea256b44aa6038d44ef6218) Importer(2089858483,b0f066a214c2f5e87bad3c948f4d605d) (ScriptedImporter) -> (artifact id: 'db84d5f8b8ad5d4801e2bce4bf703c98') in 0.0112166 seconds
Number of updated asset objects reloaded before import = 0Number of asset objects unloaded after import = 135

========================================================================
Received Import Request.
  Time since last request: 0.000039 seconds.
  path: Assets/TDM animation/Female Start Walking.fbx
  artifactKey: Guid(bafe9d6d8b128bf4db74451ce66becac) Importer(2089858483,b0f066a214c2f5e87bad3c948f4d605d)
Start importing Assets/TDM animation/Female Start Walking.fbx using Guid(bafe9d6d8b128bf4db74451ce66becac) Importer(2089858483,b0f066a214c2f5e87bad3c948f4d605d) (ScriptedImporter) -> (artifact id: '701bcb91dd3943cd8df1eedbacc7e4ee') in 0.0244368 seconds
Number of updated asset objects reloaded before import = 0Number of asset objects unloaded after import = 135

========================================================================
Received Import Request.
  Time since last request: 0.000055 seconds.
  path: Assets/TDM animation/Happy Idle.fbx
  artifactKey: Guid(b337bf55d89d3a347a44c93dc4bb53ce) Importer(2089858483,b0f066a214c2f5e87bad3c948f4d605d)
Start importing Assets/TDM animation/Happy Idle.fbx using Guid(b337bf55d89d3a347a44c93dc4bb53ce) Importer(2089858483,b0f066a214c2f5e87bad3c948f4d605d) (ScriptedImporter) -> (artifact id: 'd575eb8b5707d7c18119d04ee7ccc19c') in 0.0169061 seconds
Number of updated asset objects reloaded before import = 0Number of asset objects unloaded after import = 139

========================================================================
Received Import Request.
  Time since last request: 0.000060 seconds.
  path: Assets/TDM animation/Female Start Walking.fbx
  artifactKey: Guid(bafe9d6d8b128bf4db74451ce66becac) Importer(815301076,1909f56bfc062723c751e8b465ee728b)
Start importing Assets/TDM animation/Female Start Walking.fbx using Guid(bafe9d6d8b128bf4db74451ce66becac) Importer(815301076,1909f56bfc062723c751e8b465ee728b) (PreviewImporter) -> (artifact id: '03c981cccb4f89fb871b4fce83b8567a') in 0.0055808 seconds
Number of updated asset objects reloaded before import = 0Number of asset objects unloaded after import = 135

========================================================================
Received Import Request.
  Time since last request: 20.902279 seconds.
  path: Assets/TDM animation/Female Walk-2.fbx
  artifactKey: Guid(80ad392ce50e73f469e92a88a98ee0ef) Importer(815301076,1909f56bfc062723c751e8b465ee728b)
Start importing Assets/TDM animation/Female Walk-2.fbx using Guid(80ad392ce50e73f469e92a88a98ee0ef) Importer(815301076,1909f56bfc062723c751e8b465ee728b) (PreviewImporter) -> (artifact id: '51f8bf03419b9ba741a2fde825b65b45') in 0.0416286 seconds
Number of updated asset objects reloaded before import = 0Number of asset objects unloaded after import = 146

========================================================================
Received Import Request.
  Time since last request: 0.853105 seconds.
  path: Assets/TDM animation/Female Walk-2.fbx
  artifactKey: Guid(80ad392ce50e73f469e92a88a98ee0ef) Importer(2089858483,b0f066a214c2f5e87bad3c948f4d605d)
Start importing Assets/TDM animation/Female Walk-2.fbx using Guid(80ad392ce50e73f469e92a88a98ee0ef) Importer(2089858483,b0f066a214c2f5e87bad3c948f4d605d) (ScriptedImporter) -> (artifact id: '5dd2ba5ddfbdcf8e7f2dc3a8cfc03606') in 0.0376846 seconds
Number of updated asset objects reloaded before import = 0Number of asset objects unloaded after import = 146

========================================================================
Received Import Request.
  Time since last request: 79.754594 seconds.
  path: Assets/TDM animation/Female Walk-2.fbx
  artifactKey: Guid(80ad392ce50e73f469e92a88a98ee0ef) Importer(815301076,1909f56bfc062723c751e8b465ee728b)
Start importing Assets/TDM animation/Female Walk-2.fbx using Guid(80ad392ce50e73f469e92a88a98ee0ef) Importer(815301076,1909f56bfc062723c751e8b465ee728b) (PreviewImporter) -> (artifact id: 'e99cd25c283dc2c943c52519d30041e9') in 0.0341339 seconds
Number of updated asset objects reloaded before import = 0Number of asset objects unloaded after import = 146

========================================================================
Received Import Request.
  Time since last request: 0.899323 seconds.
  path: Assets/TDM animation/Female Walk-2.fbx
  artifactKey: Guid(80ad392ce50e73f469e92a88a98ee0ef) Importer(2089858483,b0f066a214c2f5e87bad3c948f4d605d)
Start importing Assets/TDM animation/Female Walk-2.fbx using Guid(80ad392ce50e73f469e92a88a98ee0ef) Importer(2089858483,b0f066a214c2f5e87bad3c948f4d605d) (ScriptedImporter) -> (artifact id: '0a0b9b9626d62c0944d8f365457ed603') in 0.0171795 seconds
Number of updated asset objects reloaded before import = 0Number of asset objects unloaded after import = 146

========================================================================
Received Import Request.
  Time since last request: 46.973428 seconds.
  path: Assets/TDM animation/Happy Idle.fbx
  artifactKey: Guid(b337bf55d89d3a347a44c93dc4bb53ce) Importer(815301076,1909f56bfc062723c751e8b465ee728b)
Start importing Assets/TDM animation/Happy Idle.fbx using Guid(b337bf55d89d3a347a44c93dc4bb53ce) Importer(815301076,1909f56bfc062723c751e8b465ee728b) (PreviewImporter) -> (artifact id: '1c1e37390c55d40944db17ca8235e977') in 0.0055642 seconds
Number of updated asset objects reloaded before import = 0Number of asset objects unloaded after import = 139

========================================================================
Received Import Request.
  Time since last request: 0.911524 seconds.
  path: Assets/TDM animation/Happy Idle.fbx
  artifactKey: Guid(b337bf55d89d3a347a44c93dc4bb53ce) Importer(2089858483,b0f066a214c2f5e87bad3c948f4d605d)
Start importing Assets/TDM animation/Happy Idle.fbx using Guid(b337bf55d89d3a347a44c93dc4bb53ce) Importer(2089858483,b0f066a214c2f5e87bad3c948f4d605d) (ScriptedImporter) -> (artifact id: '6b6e9195d7cee7737b90723a5d57bd92') in 0.0209462 seconds
Number of updated asset objects reloaded before import = 0Number of asset objects unloaded after import = 140

========================================================================
Received Import Request.
  Time since last request: 21.828170 seconds.
  path: Assets/TDM animation/Idle Transition.fbx
  artifactKey: Guid(fe8810beb92ce1342b65de8581ee93f6) Importer(815301076,1909f56bfc062723c751e8b465ee728b)
Start importing Assets/TDM animation/Idle Transition.fbx using Guid(fe8810beb92ce1342b65de8581ee93f6) Importer(815301076,1909f56bfc062723c751e8b465ee728b) (PreviewImporter) -> (artifact id: '30b0ce2e77cfe3239cd475a2536b53c9') in 0.0614646 seconds
Number of updated asset objects reloaded before import = 0Number of asset objects unloaded after import = 145

========================================================================
Received Import Request.
  Time since last request: 0.839991 seconds.
  path: Assets/TDM animation/Idle Transition.fbx
  artifactKey: Guid(fe8810beb92ce1342b65de8581ee93f6) Importer(2089858483,b0f066a214c2f5e87bad3c948f4d605d)
Start importing Assets/TDM animation/Idle Transition.fbx using Guid(fe8810beb92ce1342b65de8581ee93f6) Importer(2089858483,b0f066a214c2f5e87bad3c948f4d605d) (ScriptedImporter) -> (artifact id: 'b29098848865984a36134c477289fdff') in 0.0229856 seconds
Number of updated asset objects reloaded before import = 0Number of asset objects unloaded after import = 146

========================================================================
Received Import Request.
  Time since last request: 50.459212 seconds.
  path: Assets/TDM animation/Idle Transition.fbx
  artifactKey: Guid(fe8810beb92ce1342b65de8581ee93f6) Importer(815301076,1909f56bfc062723c751e8b465ee728b)
Start importing Assets/TDM animation/Idle Transition.fbx using Guid(fe8810beb92ce1342b65de8581ee93f6) Importer(815301076,1909f56bfc062723c751e8b465ee728b) (PreviewImporter) -> (artifact id: 'bd20a74e04803bf2e6a2398b73458b57') in 0.0706956 seconds
Number of updated asset objects reloaded before import = 0Number of asset objects unloaded after import = 148

========================================================================
Received Import Request.
  Time since last request: 0.843964 seconds.
  path: Assets/TDM animation/Idle Transition.fbx
  artifactKey: Guid(fe8810beb92ce1342b65de8581ee93f6) Importer(2089858483,b0f066a214c2f5e87bad3c948f4d605d)
Start importing Assets/TDM animation/Idle Transition.fbx using Guid(fe8810beb92ce1342b65de8581ee93f6) Importer(2089858483,b0f066a214c2f5e87bad3c948f4d605d) (ScriptedImporter) -> (artifact id: '7a49466bf6fdb503ef203a84a85c385b') in 0.0291454 seconds
Number of updated asset objects reloaded before import = 0Number of asset objects unloaded after import = 148

========================================================================
Received Import Request.
  Time since last request: 111.153944 seconds.
  path: Assets/TDM animation/Happy Idle.fbx
  artifactKey: Guid(b337bf55d89d3a347a44c93dc4bb53ce) Importer(815301076,1909f56bfc062723c751e8b465ee728b)
Start importing Assets/TDM animation/Happy Idle.fbx using Guid(b337bf55d89d3a347a44c93dc4bb53ce) Importer(815301076,1909f56bfc062723c751e8b465ee728b) (PreviewImporter) -> (artifact id: '650bee86d93c82450e9a50fc397b1f84') in 0.0059443 seconds
Number of updated asset objects reloaded before import = 0Number of asset objects unloaded after import = 139

========================================================================
Received Import Request.
  Time since last request: 0.906318 seconds.
  path: Assets/TDM animation/Happy Idle.fbx
  artifactKey: Guid(b337bf55d89d3a347a44c93dc4bb53ce) Importer(2089858483,b0f066a214c2f5e87bad3c948f4d605d)
Start importing Assets/TDM animation/Happy Idle.fbx using Guid(b337bf55d89d3a347a44c93dc4bb53ce) Importer(2089858483,b0f066a214c2f5e87bad3c948f4d605d) (ScriptedImporter) -> (artifact id: '7d4472bd59da26e8683fe4c3234e4c3b') in 0.0187491 seconds
Number of updated asset objects reloaded before import = 0Number of asset objects unloaded after import = 140

========================================================================
Received Import Request.
  Time since last request: 501.044772 seconds.
  path: Assets/TDM animation/Dreyar By M.Aure.fbx
  artifactKey: Guid(a09db10a402f3614cad876a3ee0f8dab) Importer(815301076,1909f56bfc062723c751e8b465ee728b)
Start importing Assets/TDM animation/Dreyar By M.Aure.fbx using Guid(a09db10a402f3614cad876a3ee0f8dab) Importer(815301076,1909f56bfc062723c751e8b465ee728b) (PreviewImporter) -> (artifact id: 'a0f7e0b1abf41e2aba8ec8054146c0f8') in 0.0711457 seconds
Number of updated asset objects reloaded before import = 0Number of asset objects unloaded after import = 144

========================================================================
Received Import Request.
  Time since last request: 0.907595 seconds.
  path: Assets/TDM animation/Dreyar By M.Aure.fbx
  artifactKey: Guid(a09db10a402f3614cad876a3ee0f8dab) Importer(2089858483,b0f066a214c2f5e87bad3c948f4d605d)
Start importing Assets/TDM animation/Dreyar By M.Aure.fbx using Guid(a09db10a402f3614cad876a3ee0f8dab) Importer(2089858483,b0f066a214c2f5e87bad3c948f4d605d) (ScriptedImporter) -> (artifact id: '55351509076a22d27402f244466b1cdb') in 0.0180292 seconds
Number of updated asset objects reloaded before import = 0Number of asset objects unloaded after import = 144

========================================================================
Received Import Request.
  Time since last request: 2.693168 seconds.
  path: Assets/TDM animation/Ch48_nonPBR.fbx
  artifactKey: Guid(bd1e4f6b0a80ae94781cd692a93d5140) Importer(815301076,1909f56bfc062723c751e8b465ee728b)
Start importing Assets/TDM animation/Ch48_nonPBR.fbx using Guid(bd1e4f6b0a80ae94781cd692a93d5140) Importer(815301076,1909f56bfc062723c751e8b465ee728b) (PreviewImporter) -> (artifact id: '063deffa9dc015f164691f66cc661e57') in 0.0780552 seconds
Number of updated asset objects reloaded before import = 0Number of asset objects unloaded after import = 146

========================================================================
Received Import Request.
  Time since last request: 0.918582 seconds.
  path: Assets/TDM animation/Ch48_nonPBR.fbx
  artifactKey: Guid(bd1e4f6b0a80ae94781cd692a93d5140) Importer(2089858483,b0f066a214c2f5e87bad3c948f4d605d)
Start importing Assets/TDM animation/Ch48_nonPBR.fbx using Guid(bd1e4f6b0a80ae94781cd692a93d5140) Importer(2089858483,b0f066a214c2f5e87bad3c948f4d605d) (ScriptedImporter) -> (artifact id: 'e7e3ea9cd963b84be367af221c42bdc2') in 0.0249503 seconds
Number of updated asset objects reloaded before import = 0Number of asset objects unloaded after import = 146

========================================================================
Received Import Request.
  Time since last request: 29.790613 seconds.
  path: Assets/TDM animation/Idle Transition.controller
  artifactKey: Guid(f07b3c05a2a542942b79815ad30c4e47) Importer(2089858483,b0f066a214c2f5e87bad3c948f4d605d)
Start importing Assets/TDM animation/Idle Transition.controller using Guid(f07b3c05a2a542942b79815ad30c4e47) Importer(2089858483,b0f066a214c2f5e87bad3c948f4d605d) (ScriptedImporter) -> (artifact id: 'ca7d135977590014bab6c0fb75403915') in 0.0079337 seconds
Number of updated asset objects reloaded before import = 0Number of asset objects unloaded after import = 4

========================================================================
Received Import Request.
  Time since last request: 16.530199 seconds.
  path: Assets/Scenes/SampleScene.unity
  artifactKey: Guid(aecba8389ccad2a479151b754b5b7529) Importer(2089858483,e11c23a36db5f54750b8cd40eac0985b)
Start importing Assets/Scenes/SampleScene.unity using Guid(aecba8389ccad2a479151b754b5b7529) Importer(2089858483,e11c23a36db5f54750b8cd40eac0985b) (ScriptedImporter)Opening scene 'Assets/Scenes/SampleScene.unity additively'
Lighting data asset ‘LightingData’ is incompatible with the current Unity version because the scene it was baked for was not serialized. Please use Generate Lighting to rebuild the lighting data, or assign the target scene to the Lighting Data Asset in the inspector.
UnityEngine.Debug:ExtractStackTraceNoAlloc (byte*,int,string)
UnityEngine.StackTraceUtility:ExtractStackTrace ()
UnityEditor.SceneManagement.EditorSceneManager:OpenScene (string,UnityEditor.SceneManagement.OpenSceneMode)
UnityEditor.Search.AssetIndexer:IndexScene (string,bool)
UnityEditor.Search.AssetIndexer:IndexSceneDocument (string,bool)
UnityEditor.Search.AssetIndexer:IndexDocument (string,bool)
UnityEditor.Search.SearchIndexArtifactImporter:OnImportAsset (UnityEditor.AssetImporters.AssetImportContext)
UnityEditor.AssetImporters.ScriptedImporter:GenerateAssetData (UnityEditor.AssetImporters.AssetImportContext)

[C:\build\output\unity\unity\Editor\Src\GI\Enlighten\LightingDataAsset.cpp line 458]

Loaded scene 'Assets/Scenes/SampleScene.unity'
	Deserialize:            14.829 ms
	Integration:            980.799 ms
	Integration of assets:  0.011 ms
	Thread Wait Time:       0.048 ms
	Total Operation Time:   995.688 ms
 -> (artifact id: '80a7e3c94afd59aa6aecdb1493b83241') in 4.5720631 seconds
Number of updated asset objects reloaded before import = 0Number of asset objects unloaded after import = 5358

========================================================================
Received Import Request.
  Time since last request: 40.520843 seconds.
  path: Assets/Scenes/SampleScene.unity
  artifactKey: Guid(aecba8389ccad2a479151b754b5b7529) Importer(2089858483,b0f066a214c2f5e87bad3c948f4d605d)
Start importing Assets/Scenes/SampleScene.unity using Guid(aecba8389ccad2a479151b754b5b7529) Importer(2089858483,b0f066a214c2f5e87bad3c948f4d605d) (ScriptedImporter) -> (artifact id: 'cd38d02cfdec1330fe2bea315f812f66') in 0.0113851 seconds
Number of updated asset objects reloaded before import = 0Number of asset objects unloaded after import = 1

========================================================================
Received Import Request.
  Time since last request: 93.653293 seconds.
  path: Assets/TDM animation/Ch48_nonPBR@Shoved Reaction With Spin.fbx
  artifactKey: Guid(a51f51c88c8629e41972ccd0981444c9) Importer(815301076,1909f56bfc062723c751e8b465ee728b)
Start importing Assets/TDM animation/Ch48_nonPBR@Shoved Reaction With Spin.fbx using Guid(a51f51c88c8629e41972ccd0981444c9) Importer(815301076,1909f56bfc062723c751e8b465ee728b) (PreviewImporter) -> (artifact id: 'faae0c0c073679f2aa988702bfd05261') in 0.004145 seconds
Number of updated asset objects reloaded before import = 0Number of asset objects unloaded after import = 135

========================================================================
Received Import Request.
  Time since last request: 0.965398 seconds.
  path: Assets/TDM animation/Ch48_nonPBR@Shoved Reaction With Spin.fbx
  artifactKey: Guid(a51f51c88c8629e41972ccd0981444c9) Importer(2089858483,b0f066a214c2f5e87bad3c948f4d605d)
Start importing Assets/TDM animation/Ch48_nonPBR@Shoved Reaction With Spin.fbx using Guid(a51f51c88c8629e41972ccd0981444c9) Importer(2089858483,b0f066a214c2f5e87bad3c948f4d605d) (ScriptedImporter) -> (artifact id: '4e52bf8bfc87ca575bc8be9c04b2cb4d') in 0.0156505 seconds
Number of updated asset objects reloaded before import = 0Number of asset objects unloaded after import = 135

========================================================================
Received Import Request.
  Time since last request: 55.054581 seconds.
  path: Assets/TDM animation/Ch48_nonPBR.fbx
  artifactKey: Guid(bd1e4f6b0a80ae94781cd692a93d5140) Importer(815301076,1909f56bfc062723c751e8b465ee728b)
Start importing Assets/TDM animation/Ch48_nonPBR.fbx using Guid(bd1e4f6b0a80ae94781cd692a93d5140) Importer(815301076,1909f56bfc062723c751e8b465ee728b) (PreviewImporter) -> (artifact id: '8183368e8702fb5d14bf1076eb1707c0') in 0.0555103 seconds
Number of updated asset objects reloaded before import = 0Number of asset objects unloaded after import = 289

========================================================================
Received Import Request.
  Time since last request: 0.858673 seconds.
  path: Assets/TDM animation/Ch48_nonPBR.fbx
  artifactKey: Guid(bd1e4f6b0a80ae94781cd692a93d5140) Importer(2089858483,b0f066a214c2f5e87bad3c948f4d605d)
Start importing Assets/TDM animation/Ch48_nonPBR.fbx using Guid(bd1e4f6b0a80ae94781cd692a93d5140) Importer(2089858483,b0f066a214c2f5e87bad3c948f4d605d) (ScriptedImporter) -> (artifact id: '8a8b293c1df568f40a8c7d1a6e0d8d00') in 0.0244176 seconds
Number of updated asset objects reloaded before import = 0Number of asset objects unloaded after import = 143

========================================================================
Received Import Request.
  Time since last request: 22.202353 seconds.
  path: Assets/TDM animation/girl body.mat
  artifactKey: Guid(fc0cc72049dd72346957eb36fcb6077a) Importer(815301076,1909f56bfc062723c751e8b465ee728b)
Start importing Assets/TDM animation/girl body.mat using Guid(fc0cc72049dd72346957eb36fcb6077a) Importer(815301076,1909f56bfc062723c751e8b465ee728b) (PreviewImporter) -> (artifact id: '2e7aed3a286558cf936d77e32a7dd010') in 0.0119015 seconds
Number of updated asset objects reloaded before import = 0Number of asset objects unloaded after import = 1

========================================================================
Received Import Request.
  Time since last request: 0.884762 seconds.
  path: Assets/TDM animation/girl body.mat
  artifactKey: Guid(fc0cc72049dd72346957eb36fcb6077a) Importer(2089858483,b0f066a214c2f5e87bad3c948f4d605d)
Start importing Assets/TDM animation/girl body.mat using Guid(fc0cc72049dd72346957eb36fcb6077a) Importer(2089858483,b0f066a214c2f5e87bad3c948f4d605d) (ScriptedImporter) -> (artifact id: 'f81d71f9110a536593d848206a110355') in 0.0053968 seconds
Number of updated asset objects reloaded before import = 0Number of asset objects unloaded after import = 1

========================================================================
Received Import Request.
  Time since last request: 32.446947 seconds.
  path: Assets/TDM animation/Idle Transition.fbx
  artifactKey: Guid(fe8810beb92ce1342b65de8581ee93f6) Importer(815301076,1909f56bfc062723c751e8b465ee728b)
Start importing Assets/TDM animation/Idle Transition.fbx using Guid(fe8810beb92ce1342b65de8581ee93f6) Importer(815301076,1909f56bfc062723c751e8b465ee728b) (PreviewImporter) -> (artifact id: '29280c937a21bf09b37e38729f31d778') in 0.0745573 seconds
Number of updated asset objects reloaded before import = 0Number of asset objects unloaded after import = 148

========================================================================
Received Import Request.
  Time since last request: 0.803497 seconds.
  path: Assets/TDM animation/Idle Transition.fbx
  artifactKey: Guid(fe8810beb92ce1342b65de8581ee93f6) Importer(2089858483,b0f066a214c2f5e87bad3c948f4d605d)
Start importing Assets/TDM animation/Idle Transition.fbx using Guid(fe8810beb92ce1342b65de8581ee93f6) Importer(2089858483,b0f066a214c2f5e87bad3c948f4d605d) (ScriptedImporter) -> (artifact id: 'd7c5b2c96beada72f21e7cbb2e04c41b') in 0.0193096 seconds
Number of updated asset objects reloaded before import = 0Number of asset objects unloaded after import = 148

========================================================================
Received Import Request.
  Time since last request: 287.488281 seconds.
  path: Assets/Ch48_nonPBR.fbx
  artifactKey: Guid(ff682d9b2a9d0fc43b09b80eeaacf7fb) Importer(815301076,1909f56bfc062723c751e8b465ee728b)
Start importing Assets/Ch48_nonPBR.fbx using Guid(ff682d9b2a9d0fc43b09b80eeaacf7fb) Importer(815301076,1909f56bfc062723c751e8b465ee728b) (PreviewImporter) -> (artifact id: '2fda71b971fb103a0c5d6d0fc5a0a033') in 0.0623403 seconds
Number of updated asset objects reloaded before import = 0Number of asset objects unloaded after import = 146

========================================================================
Received Import Request.
  Time since last request: 0.850974 seconds.
  path: Assets/Ch48_nonPBR.fbx
  artifactKey: Guid(ff682d9b2a9d0fc43b09b80eeaacf7fb) Importer(2089858483,b0f066a214c2f5e87bad3c948f4d605d)
Start importing Assets/Ch48_nonPBR.fbx using Guid(ff682d9b2a9d0fc43b09b80eeaacf7fb) Importer(2089858483,b0f066a214c2f5e87bad3c948f4d605d) (ScriptedImporter) -> (artifact id: 'a039cc6424d7d2dd6b014c4d839f1387') in 0.0206798 seconds
Number of updated asset objects reloaded before import = 0Number of asset objects unloaded after import = 146

========================================================================
Received Import Request.
  Time since last request: 5.911831 seconds.
  path: Assets/New Folder
  artifactKey: Guid(9f18e0da517e8fa43963007ebc9de19d) Importer(815301076,1909f56bfc062723c751e8b465ee728b)
Start importing Assets/New Folder using Guid(9f18e0da517e8fa43963007ebc9de19d) Importer(815301076,1909f56bfc062723c751e8b465ee728b) (PreviewImporter) -> (artifact id: '51d97c0530805f1aa85aa968988cd61d') in 0.001464 seconds
Number of updated asset objects reloaded before import = 0Number of asset objects unloaded after import = 0

========================================================================
Received Import Request.
  Time since last request: 0.901921 seconds.
  path: Assets/New Folder
  artifactKey: Guid(9f18e0da517e8fa43963007ebc9de19d) Importer(2089858483,b0f066a214c2f5e87bad3c948f4d605d)
Start importing Assets/New Folder using Guid(9f18e0da517e8fa43963007ebc9de19d) Importer(2089858483,b0f066a214c2f5e87bad3c948f4d605d) (ScriptedImporter) -> (artifact id: '47795ca3a32fde9adf76aa0a0042232d') in 0.0033809 seconds
Number of updated asset objects reloaded before import = 0Number of asset objects unloaded after import = 1

========================================================================
Received Import Request.
  Time since last request: 1.890355 seconds.
  path: Assets/New Folder/Ch48_nonPBR.fbx
  artifactKey: Guid(ff682d9b2a9d0fc43b09b80eeaacf7fb) Importer(2089858483,b0f066a214c2f5e87bad3c948f4d605d)
Start importing Assets/New Folder/Ch48_nonPBR.fbx using Guid(ff682d9b2a9d0fc43b09b80eeaacf7fb) Importer(2089858483,b0f066a214c2f5e87bad3c948f4d605d) (ScriptedImporter) -> (artifact id: '256e5d7c5d181038291daa5d0c353d87') in 0.0210877 seconds
Number of updated asset objects reloaded before import = 0Number of asset objects unloaded after import = 146

========================================================================
Received Import Request.
  Time since last request: 4.259589 seconds.
  path: Assets/New Folder/Ch48_nonPBR@Shoved Reaction With Spin.fbx
  artifactKey: Guid(5fafdfdc97a250242a252533159a801d) Importer(815301076,1909f56bfc062723c751e8b465ee728b)
Start importing Assets/New Folder/Ch48_nonPBR@Shoved Reaction With Spin.fbx using Guid(5fafdfdc97a250242a252533159a801d) Importer(815301076,1909f56bfc062723c751e8b465ee728b) (PreviewImporter) -> (artifact id: '313a85231f03dc34f7ad5965fecd0f6b') in 0.0073618 seconds
Number of updated asset objects reloaded before import = 0Number of asset objects unloaded after import = 135

========================================================================
Received Import Request.
  Time since last request: 0.969767 seconds.
  path: Assets/New Folder/Ch48_nonPBR@Shoved Reaction With Spin.fbx
  artifactKey: Guid(5fafdfdc97a250242a252533159a801d) Importer(2089858483,b0f066a214c2f5e87bad3c948f4d605d)
Start importing Assets/New Folder/Ch48_nonPBR@Shoved Reaction With Spin.fbx using Guid(5fafdfdc97a250242a252533159a801d) Importer(2089858483,b0f066a214c2f5e87bad3c948f4d605d) (ScriptedImporter) -> (artifact id: 'a52aaf7aa84667094d295cf80a209c5d') in 0.0147612 seconds
Number of updated asset objects reloaded before import = 0Number of asset objects unloaded after import = 135

========================================================================
Received Import Request.
  Time since last request: 22.856821 seconds.
  path: Assets/New Folder/Ch48_nonPBR.fbx
  artifactKey: Guid(ff682d9b2a9d0fc43b09b80eeaacf7fb) Importer(815301076,1909f56bfc062723c751e8b465ee728b)
Start importing Assets/New Folder/Ch48_nonPBR.fbx using Guid(ff682d9b2a9d0fc43b09b80eeaacf7fb) Importer(815301076,1909f56bfc062723c751e8b465ee728b) (PreviewImporter) -> (artifact id: 'eb15c0c69d511ae0d3b54f338ba7b8db') in 0.0631058 seconds
Number of updated asset objects reloaded before import = 0Number of asset objects unloaded after import = 148

========================================================================
Received Import Request.
  Time since last request: 0.840543 seconds.
  path: Assets/New Folder/Ch48_nonPBR.fbx
  artifactKey: Guid(ff682d9b2a9d0fc43b09b80eeaacf7fb) Importer(2089858483,b0f066a214c2f5e87bad3c948f4d605d)
Start importing Assets/New Folder/Ch48_nonPBR.fbx using Guid(ff682d9b2a9d0fc43b09b80eeaacf7fb) Importer(2089858483,b0f066a214c2f5e87bad3c948f4d605d) (ScriptedImporter) -> (artifact id: '1ee318747e002a6af8af6ce4c08fd4b8') in 0.0270154 seconds
Number of updated asset objects reloaded before import = 0Number of asset objects unloaded after import = 148

========================================================================
Received Import Request.
  Time since last request: 19.940264 seconds.
  path: Assets/New Folder/Ch48_nonPBR@Shoved Reaction With Spin.fbx
  artifactKey: Guid(5fafdfdc97a250242a252533159a801d) Importer(815301076,1909f56bfc062723c751e8b465ee728b)
Start importing Assets/New Folder/Ch48_nonPBR@Shoved Reaction With Spin.fbx using Guid(5fafdfdc97a250242a252533159a801d) Importer(815301076,1909f56bfc062723c751e8b465ee728b) (PreviewImporter) -> (artifact id: '77d3246998426cb0b6c5a5c6f6a83a20') in 0.0072244 seconds
Number of updated asset objects reloaded before import = 0Number of asset objects unloaded after import = 135

========================================================================
Received Import Request.
  Time since last request: 0.911304 seconds.
  path: Assets/New Folder/Ch48_nonPBR@Shoved Reaction With Spin.fbx
  artifactKey: Guid(5fafdfdc97a250242a252533159a801d) Importer(2089858483,b0f066a214c2f5e87bad3c948f4d605d)
Start importing Assets/New Folder/Ch48_nonPBR@Shoved Reaction With Spin.fbx using Guid(5fafdfdc97a250242a252533159a801d) Importer(2089858483,b0f066a214c2f5e87bad3c948f4d605d) (ScriptedImporter) -> (artifact id: 'a2a2494c4ef59e7deec5565ff6274f7a') in 0.0164134 seconds
Number of updated asset objects reloaded before import = 0Number of asset objects unloaded after import = 136

========================================================================
Received Import Request.
  Time since last request: 376.957520 seconds.
  path: Assets/Lizard man/Polygonmaker - Shader/Textures/ToonCubemap.psd
  artifactKey: Guid(0cbb31394caf24e4babe0d1fb4350bc2) Importer(2089858483,b0f066a214c2f5e87bad3c948f4d605d)
Start importing Assets/Lizard man/Polygonmaker - Shader/Textures/ToonCubemap.psd using Guid(0cbb31394caf24e4babe0d1fb4350bc2) Importer(2089858483,b0f066a214c2f5e87bad3c948f4d605d) (ScriptedImporter)[Licensing::Client] Successfully resolved entitlement details
 -> (artifact id: '2b55cd6499b27194f39f1cc56c96e204') in 1.522801 seconds
Number of updated asset objects reloaded before import = 0Number of asset objects unloaded after import = 1

========================================================================
Received Import Request.
  Time since last request: 0.000054 seconds.
  path: Assets/Lizard man/Medieval Series/Lizard Men/Weapons/Source/Materials/Shield-Horde_1.mat
  artifactKey: Guid(481559429f758134da7d0eefd8ef3afd) Importer(2089858483,b0f066a214c2f5e87bad3c948f4d605d)
Start importing Assets/Lizard man/Medieval Series/Lizard Men/Weapons/Source/Materials/Shield-Horde_1.mat using Guid(481559429f758134da7d0eefd8ef3afd) Importer(2089858483,b0f066a214c2f5e87bad3c948f4d605d) (ScriptedImporter) -> (artifact id: '4f55d7bb3e1c402676bbb199c8d202a6') in 0.3544062 seconds
Number of updated asset objects reloaded before import = 0Number of asset objects unloaded after import = 5

========================================================================
Received Import Request.
  Time since last request: 0.000036 seconds.
  path: Assets/Lizard man/Medieval Series/Lizard Men/Source/Materials/Lizard Man_Cloth_Blue.mat
  artifactKey: Guid(cedadf37fa93587498ecb8a8d494b103) Importer(2089858483,b0f066a214c2f5e87bad3c948f4d605d)
Start importing Assets/Lizard man/Medieval Series/Lizard Men/Source/Materials/Lizard Man_Cloth_Blue.mat using Guid(cedadf37fa93587498ecb8a8d494b103) Importer(2089858483,b0f066a214c2f5e87bad3c948f4d605d) (ScriptedImporter) -> (artifact id: '7a93368857296a71eabee60545c64a32') in 0.4143578 seconds
Number of updated asset objects reloaded before import = 0Number of asset objects unloaded after import = 7

========================================================================
Received Import Request.
  Time since last request: 0.000056 seconds.
  path: Assets/Lizard man/Medieval Series/Lizard Men/Animations/Anim_LizardMan@run.FBX
  artifactKey: Guid(5872243c224be614498a05ded94330b4) Importer(2089858483,b0f066a214c2f5e87bad3c948f4d605d)
Start importing Assets/Lizard man/Medieval Series/Lizard Men/Animations/Anim_LizardMan@run.FBX using Guid(5872243c224be614498a05ded94330b4) Importer(2089858483,b0f066a214c2f5e87bad3c948f4d605d) (ScriptedImporter) -> (artifact id: 'f5e410f902fdb4c4363da42e48a9f409') in 0.0209457 seconds
Number of updated asset objects reloaded before import = 0Number of asset objects unloaded after import = 203

========================================================================
Received Import Request.
  Time since last request: 0.000032 seconds.
  path: Assets/Lizard man/Polygonmaker - Shader/Shaders
  artifactKey: Guid(2b21264aabd754c43a8800b96cbf93b7) Importer(2089858483,b0f066a214c2f5e87bad3c948f4d605d)
Start importing Assets/Lizard man/Polygonmaker - Shader/Shaders using Guid(2b21264aabd754c43a8800b96cbf93b7) Importer(2089858483,b0f066a214c2f5e87bad3c948f4d605d) (ScriptedImporter) -> (artifact id: 'f382a3dc4af1a6f718caf72228b8a796') in 0.0037596 seconds
Number of updated asset objects reloaded before import = 0Number of asset objects unloaded after import = 1

========================================================================
Received Import Request.
  Time since last request: 0.000059 seconds.
  path: Assets/Lizard man/Polygonmaker - Shader/Shaders/Polygonmaker-AS-Glass.shader
  artifactKey: Guid(6699dfaf55a1b184197d71398774a53c) Importer(2089858483,b0f066a214c2f5e87bad3c948f4d605d)
Start importing Assets/Lizard man/Polygonmaker - Shader/Shaders/Polygonmaker-AS-Glass.shader using Guid(6699dfaf55a1b184197d71398774a53c) Importer(2089858483,b0f066a214c2f5e87bad3c948f4d605d) (ScriptedImporter) -> (artifact id: 'be6374356df7ebcb7aacc293f1004273') in 0.0250626 seconds
Number of updated asset objects reloaded before import = 0Number of asset objects unloaded after import = 1

========================================================================
Received Import Request.
  Time since last request: 0.000053 seconds.
  path: Assets/Lizard man/Medieval Series/Lizard Men/Weapons/Textures/T_Club-Horde_02_N.tga
  artifactKey: Guid(55bb5524169fd8f479aa65d01b6f4f64) Importer(2089858483,b0f066a214c2f5e87bad3c948f4d605d)
Start importing Assets/Lizard man/Medieval Series/Lizard Men/Weapons/Textures/T_Club-Horde_02_N.tga using Guid(55bb5524169fd8f479aa65d01b6f4f64) Importer(2089858483,b0f066a214c2f5e87bad3c948f4d605d) (ScriptedImporter) -> (artifact id: 'a1842ec00cf6be3ce4acbf4aed94b65d') in 0.0383559 seconds
Number of updated asset objects reloaded before import = 0Number of asset objects unloaded after import = 1

========================================================================
Received Import Request.
  Time since last request: 0.000049 seconds.
  path: Assets/Lizard man/Polygonmaker - Shader/Scene/Source/Main Camera Profile.asset
  artifactKey: Guid(a41c78dac4ad7a54db3a59279601d1af) Importer(2089858483,b0f066a214c2f5e87bad3c948f4d605d)
Start importing Assets/Lizard man/Polygonmaker - Shader/Scene/Source/Main Camera Profile.asset using Guid(a41c78dac4ad7a54db3a59279601d1af) Importer(2089858483,b0f066a214c2f5e87bad3c948f4d605d) (ScriptedImporter) -> (artifact id: '5663c7bab88d07a58bd530e0af5ab39c') in 0.0048733 seconds
Number of updated asset objects reloaded before import = 0Number of asset objects unloaded after import = 1

========================================================================
Received Import Request.
  Time since last request: 0.000036 seconds.
  path: Assets/Lizard man/Polygonmaker - Shader/Scene/Main.unity
  artifactKey: Guid(af06af37576d293468fb3bf1fdcd59bd) Importer(2089858483,b0f066a214c2f5e87bad3c948f4d605d)
Start importing Assets/Lizard man/Polygonmaker - Shader/Scene/Main.unity using Guid(af06af37576d293468fb3bf1fdcd59bd) Importer(2089858483,b0f066a214c2f5e87bad3c948f4d605d) (ScriptedImporter) -> (artifact id: '77911728597cc39d11efc71dfe694c56') in 0.0057925 seconds
Number of updated asset objects reloaded before import = 0Number of asset objects unloaded after import = 1

========================================================================
Received Import Request.
  Time since last request: 0.000029 seconds.
  path: Assets/Lizard man/Medieval Series/Lizard Men/Weapons/Source/Shield-Horde_1.FBX
  artifactKey: Guid(19684b6165b75994d8af0139ce953e97) Importer(2089858483,b0f066a214c2f5e87bad3c948f4d605d)
Start importing Assets/Lizard man/Medieval Series/Lizard Men/Weapons/Source/Shield-Horde_1.FBX using Guid(19684b6165b75994d8af0139ce953e97) Importer(2089858483,b0f066a214c2f5e87bad3c948f4d605d) (ScriptedImporter) -> (artifact id: '99cb33cd76aea029ef1164f06d9d7652') in 0.0645853 seconds
Number of updated asset objects reloaded before import = 0Number of asset objects unloaded after import = 20

========================================================================
Received Import Request.
  Time since last request: 0.000031 seconds.
  path: Assets/Lizard man/Medieval Series/Lizard Men/Animations/Anim_LizardMan@run_inplace.FBX
  artifactKey: Guid(b7ea04a7679629340a622dd21fcf1326) Importer(2089858483,b0f066a214c2f5e87bad3c948f4d605d)
Start importing Assets/Lizard man/Medieval Series/Lizard Men/Animations/Anim_LizardMan@run_inplace.FBX using Guid(b7ea04a7679629340a622dd21fcf1326) Importer(2089858483,b0f066a214c2f5e87bad3c948f4d605d) (ScriptedImporter) -> (artifact id: '6ad038303f2a6e62e3031e3254ca1194') in 0.0237736 seconds
Number of updated asset objects reloaded before import = 0Number of asset objects unloaded after import = 217

========================================================================
Received Import Request.
  Time since last request: 0.000042 seconds.
  path: Assets/Lizard man/Medieval Series/Lizard Men/Scenes/Source/Ground.png
  artifactKey: Guid(5494a00d74b3052499f21a61e6512319) Importer(2089858483,b0f066a214c2f5e87bad3c948f4d605d)
Start importing Assets/Lizard man/Medieval Series/Lizard Men/Scenes/Source/Ground.png using Guid(5494a00d74b3052499f21a61e6512319) Importer(2089858483,b0f066a214c2f5e87bad3c948f4d605d) (ScriptedImporter) -> (artifact id: '8038f1a82b8b18710028dd3a1ede9068') in 0.0123181 seconds
Number of updated asset objects reloaded before import = 0Number of asset objects unloaded after import = 1

========================================================================
Received Import Request.
  Time since last request: 0.000026 seconds.
  path: Assets/Lizard man/Medieval Series/Lizard Men/Source/Textures/Lizard_Man_1 [Albedo].tga
  artifactKey: Guid(3f8852f9b483be442b404355f9d17959) Importer(2089858483,b0f066a214c2f5e87bad3c948f4d605d)
Start importing Assets/Lizard man/Medieval Series/Lizard Men/Source/Textures/Lizard_Man_1 [Albedo].tga using Guid(3f8852f9b483be442b404355f9d17959) Importer(2089858483,b0f066a214c2f5e87bad3c948f4d605d) (ScriptedImporter) -> (artifact id: 'e712804aed6fac2ae01cb96d33bfc41e') in 0.0332252 seconds
Number of updated asset objects reloaded before import = 0Number of asset objects unloaded after import = 1

========================================================================
Received Import Request.
  Time since last request: 0.000025 seconds.
  path: Assets/Lizard man/Medieval Series/Lizard Men/Weapons/Source/Club-Horde_2.FBX
  artifactKey: Guid(7a8f0333b274b9c459af488dd5db3baf) Importer(2089858483,b0f066a214c2f5e87bad3c948f4d605d)
Start importing Assets/Lizard man/Medieval Series/Lizard Men/Weapons/Source/Club-Horde_2.FBX using Guid(7a8f0333b274b9c459af488dd5db3baf) Importer(2089858483,b0f066a214c2f5e87bad3c948f4d605d) (ScriptedImporter) -> (artifact id: '6bdf79773853ba95b881eac404dd60c9') in 0.0175181 seconds
Number of updated asset objects reloaded before import = 0Number of asset objects unloaded after import = 20

========================================================================
Received Import Request.
  Time since last request: 0.000036 seconds.
  path: Assets/Lizard man/Medieval Series/Lizard Men/Weapons/Textures
  artifactKey: Guid(45408b18b6d4f4c4aad4c14b604b835d) Importer(2089858483,b0f066a214c2f5e87bad3c948f4d605d)
Start importing Assets/Lizard man/Medieval Series/Lizard Men/Weapons/Textures using Guid(45408b18b6d4f4c4aad4c14b604b835d) Importer(2089858483,b0f066a214c2f5e87bad3c948f4d605d) (ScriptedImporter) -> (artifact id: '8e4749a156f9ecc735dedeff491d7689') in 0.0046583 seconds
Number of updated asset objects reloaded before import = 0Number of asset objects unloaded after import = 1

========================================================================
Received Import Request.
  Time since last request: 0.000046 seconds.
  path: Assets/Lizard man/Polygonmaker - Shader/Shaders/Polygonmaker-AS-BasicPBR_Cutout.shader
  artifactKey: Guid(bee9aa95508eca3429d6c571e5e8fad6) Importer(2089858483,b0f066a214c2f5e87bad3c948f4d605d)
Start importing Assets/Lizard man/Polygonmaker - Shader/Shaders/Polygonmaker-AS-BasicPBR_Cutout.shader using Guid(bee9aa95508eca3429d6c571e5e8fad6) Importer(2089858483,b0f066a214c2f5e87bad3c948f4d605d) (ScriptedImporter)Shader 'Polygonmaker/Basic-PBR (Cutout Single Side)': fallback shader '-1' not found
 -> (artifact id: '7815ea8352bb7d2b5a4e3ac92f644eb3') in 0.0096443 seconds
Number of updated asset objects reloaded before import = 0Number of asset objects unloaded after import = 1

========================================================================
Received Import Request.
  Time since last request: 0.000048 seconds.
  path: Assets/Lizard man/Polygonmaker - Shader/Materials/Polygonmaker-Skin Defered.mat
  artifactKey: Guid(609dc1fa31e5bfc4ea8d618a1c8554be) Importer(2089858483,b0f066a214c2f5e87bad3c948f4d605d)
Start importing Assets/Lizard man/Polygonmaker - Shader/Materials/Polygonmaker-Skin Defered.mat using Guid(609dc1fa31e5bfc4ea8d618a1c8554be) Importer(2089858483,b0f066a214c2f5e87bad3c948f4d605d) (ScriptedImporter) -> (artifact id: 'a97773e58661abf556a1dfeda2507fee') in 0.2590732 seconds
Number of updated asset objects reloaded before import = 0Number of asset objects unloaded after import = 6

========================================================================
Received Import Request.
  Time since last request: 0.000042 seconds.
  path: Assets/Lizard man/Medieval Series/Lizard Men/Weapons/Textures/T_Shield-Tribal_01_D.tga
  artifactKey: Guid(1308310e9c979874582c1fbe53f9ed93) Importer(2089858483,b0f066a214c2f5e87bad3c948f4d605d)
Start importing Assets/Lizard man/Medieval Series/Lizard Men/Weapons/Textures/T_Shield-Tribal_01_D.tga using Guid(1308310e9c979874582c1fbe53f9ed93) Importer(2089858483,b0f066a214c2f5e87bad3c948f4d605d) (ScriptedImporter) -> (artifact id: '5005cc8825a08893ef5f85ca81ee4faf') in 0.0307279 seconds
Number of updated asset objects reloaded before import = 0Number of asset objects unloaded after import = 1

========================================================================
Received Import Request.
  Time since last request: 0.000044 seconds.
  path: Assets/Lizard man/Medieval Series/Lizard Men/Source/Textures/Lizard_Man_3 [Normal].tga
  artifactKey: Guid(efca007c64d80e3479e741cfaffa3103) Importer(2089858483,b0f066a214c2f5e87bad3c948f4d605d)
Start importing Assets/Lizard man/Medieval Series/Lizard Men/Source/Textures/Lizard_Man_3 [Normal].tga using Guid(efca007c64d80e3479e741cfaffa3103) Importer(2089858483,b0f066a214c2f5e87bad3c948f4d605d) (ScriptedImporter) -> (artifact id: 'ad5ab811bb47057075e5f8b32bc28143') in 0.0345661 seconds
Number of updated asset objects reloaded before import = 0Number of asset objects unloaded after import = 1

========================================================================
Received Import Request.
  Time since last request: 0.000032 seconds.
  path: Assets/Lizard man/Medieval Series/Lizard Men/Weapons/Textures/T_Shield-Orc_1_D.tga
  artifactKey: Guid(a32f84fa43a7edb4aa2320150f3b046e) Importer(2089858483,b0f066a214c2f5e87bad3c948f4d605d)
Start importing Assets/Lizard man/Medieval Series/Lizard Men/Weapons/Textures/T_Shield-Orc_1_D.tga using Guid(a32f84fa43a7edb4aa2320150f3b046e) Importer(2089858483,b0f066a214c2f5e87bad3c948f4d605d) (ScriptedImporter) -> (artifact id: '97ac692894347acd2f67bffd8f5068a4') in 0.0177629 seconds
Number of updated asset objects reloaded before import = 0Number of asset objects unloaded after import = 1

========================================================================
Received Import Request.
  Time since last request: 0.000037 seconds.
  path: Assets/Lizard man/Polygonmaker - Shader/Shaders/Polygonmaker-AS-Ice.shader
  artifactKey: Guid(8af7c8bdcd1e6c548bda65ab13c4c394) Importer(2089858483,b0f066a214c2f5e87bad3c948f4d605d)
Start importing Assets/Lizard man/Polygonmaker - Shader/Shaders/Polygonmaker-AS-Ice.shader using Guid(8af7c8bdcd1e6c548bda65ab13c4c394) Importer(2089858483,b0f066a214c2f5e87bad3c948f4d605d) (ScriptedImporter) -> (artifact id: '0e5650868a69cf90ef2c77b59056fdf2') in 0.0100164 seconds
Number of updated asset objects reloaded before import = 0Number of asset objects unloaded after import = 1

========================================================================
Received Import Request.
  Time since last request: 0.000034 seconds.
  path: Assets/Lizard man/Medieval Series/Lizard Men/Source/Materials/Mobile/Lizard_1_Mobile.mat
  artifactKey: Guid(6b9d8d471a275594488d4729cf6f15d1) Importer(2089858483,b0f066a214c2f5e87bad3c948f4d605d)
Start importing Assets/Lizard man/Medieval Series/Lizard Men/Source/Materials/Mobile/Lizard_1_Mobile.mat using Guid(6b9d8d471a275594488d4729cf6f15d1) Importer(2089858483,b0f066a214c2f5e87bad3c948f4d605d) (ScriptedImporter) -> (artifact id: '1907080750a1c8163b692bf4a8fe7cab') in 0.0135096 seconds
Number of updated asset objects reloaded before import = 0Number of asset objects unloaded after import = 2

========================================================================
Received Import Request.
  Time since last request: 0.000085 seconds.
  path: Assets/Lizard man/Medieval Series/Lizard Men/Weapons/Shield-Tribal_1.prefab
  artifactKey: Guid(3c1a70a935c0ba54587e00d88029bfca) Importer(2089858483,b0f066a214c2f5e87bad3c948f4d605d)
Start importing Assets/Lizard man/Medieval Series/Lizard Men/Weapons/Shield-Tribal_1.prefab using Guid(3c1a70a935c0ba54587e00d88029bfca) Importer(2089858483,b0f066a214c2f5e87bad3c948f4d605d) (ScriptedImporter) -> (artifact id: '5dd6313662939c7311728933fb938dfa') in 0.0072498 seconds
Number of updated asset objects reloaded before import = 0Number of asset objects unloaded after import = 20

========================================================================
Received Import Request.
  Time since last request: 0.000028 seconds.
  path: Assets/Lizard man/Medieval Series/Lizard Men/Source/Materials/Lizard Man_2_var.mat
  artifactKey: Guid(a14bdd24c72bc704eb320174f432b3a8) Importer(2089858483,b0f066a214c2f5e87bad3c948f4d605d)
Start importing Assets/Lizard man/Medieval Series/Lizard Men/Source/Materials/Lizard Man_2_var.mat using Guid(a14bdd24c72bc704eb320174f432b3a8) Importer(2089858483,b0f066a214c2f5e87bad3c948f4d605d) (ScriptedImporter)Shader 'Polygonmaker/Skin': fallback shader '-1' not found
 -> (artifact id: 'bd268b80b57864c0d8f1bec9cd14694b') in 0.3670096 seconds
Number of updated asset objects reloaded before import = 0Number of asset objects unloaded after import = 7

========================================================================
Received Import Request.
  Time since last request: 0.000035 seconds.
  path: Assets/Lizard man/Medieval Series/Lizard Men/Source/Textures/Mobile
  artifactKey: Guid(10a2fe178af0c354f9a95b39b561c385) Importer(2089858483,b0f066a214c2f5e87bad3c948f4d605d)
Start importing Assets/Lizard man/Medieval Series/Lizard Men/Source/Textures/Mobile using Guid(10a2fe178af0c354f9a95b39b561c385) Importer(2089858483,b0f066a214c2f5e87bad3c948f4d605d) (ScriptedImporter) -> (artifact id: '9c4be5a332d915b7a432ced6a0e90671') in 0.0095658 seconds
Number of updated asset objects reloaded before import = 0Number of asset objects unloaded after import = 1

========================================================================
Received Import Request.
  Time since last request: 0.000046 seconds.
  path: Assets/Lizard man/Polygonmaker - Shader/Materials/Polygonmaker-Glass.mat
  artifactKey: Guid(ddc21ccf0d79e0649a712ed736bf51b1) Importer(2089858483,b0f066a214c2f5e87bad3c948f4d605d)
Start importing Assets/Lizard man/Polygonmaker - Shader/Materials/Polygonmaker-Glass.mat using Guid(ddc21ccf0d79e0649a712ed736bf51b1) Importer(2089858483,b0f066a214c2f5e87bad3c948f4d605d) (ScriptedImporter) -> (artifact id: '2c95885994060082f9ccdfd3a3cb6399') in 0.299376 seconds
Number of updated asset objects reloaded before import = 0Number of asset objects unloaded after import = 6

========================================================================
Received Import Request.
  Time since last request: 0.000053 seconds.
  path: Assets/Lizard man/Medieval Series/Lizard Men/Source/Textures/Lizard_Man_4 [Normal].tga
  artifactKey: Guid(76b8faa37918fa34ea38b3c7445c0219) Importer(2089858483,b0f066a214c2f5e87bad3c948f4d605d)
Start importing Assets/Lizard man/Medieval Series/Lizard Men/Source/Textures/Lizard_Man_4 [Normal].tga using Guid(76b8faa37918fa34ea38b3c7445c0219) Importer(2089858483,b0f066a214c2f5e87bad3c948f4d605d) (ScriptedImporter) -> (artifact id: 'cbe25e70fe8be5e73c32198c2963bdd6') in 0.0294089 seconds
Number of updated asset objects reloaded before import = 0Number of asset objects unloaded after import = 1

========================================================================
Received Import Request.
  Time since last request: 0.000043 seconds.
  path: Assets/Lizard man/Medieval Series/Lizard Men/Characters/LizardMan_1.prefab
  artifactKey: Guid(f46682d13678aeb489e79a919596c33c) Importer(2089858483,b0f066a214c2f5e87bad3c948f4d605d)
Start importing Assets/Lizard man/Medieval Series/Lizard Men/Characters/LizardMan_1.prefab using Guid(f46682d13678aeb489e79a919596c33c) Importer(2089858483,b0f066a214c2f5e87bad3c948f4d605d) (ScriptedImporter) -> (artifact id: '58599eac43948b980045c1703c2f3837') in 0.023554 seconds
Number of updated asset objects reloaded before import = 0Number of asset objects unloaded after import = 741

========================================================================
Received Import Request.
  Time since last request: 0.000034 seconds.
  path: Assets/Lizard man/Medieval Series/Lizard Men/Source/Textures/Lizard_Man_2 [Normal].tga
  artifactKey: Guid(012f12296031cdf46b7f67c6ec98efe5) Importer(2089858483,b0f066a214c2f5e87bad3c948f4d605d)
Start importing Assets/Lizard man/Medieval Series/Lizard Men/Source/Textures/Lizard_Man_2 [Normal].tga using Guid(012f12296031cdf46b7f67c6ec98efe5) Importer(2089858483,b0f066a214c2f5e87bad3c948f4d605d) (ScriptedImporter) -> (artifact id: '015f6fbcc9d0e8f254aca43bc8f306e9') in 0.0330864 seconds
Number of updated asset objects reloaded before import = 0Number of asset objects unloaded after import = 1

========================================================================
Received Import Request.
  Time since last request: 0.000030 seconds.
  path: Assets/Lizard man/Medieval Series/Lizard Men/Animations/Anim_LizardMan@StrafeL.FBX
  artifactKey: Guid(8550cf8397f7c1942b66ac8ebc98f874) Importer(2089858483,b0f066a214c2f5e87bad3c948f4d605d)
Start importing Assets/Lizard man/Medieval Series/Lizard Men/Animations/Anim_LizardMan@StrafeL.FBX using Guid(8550cf8397f7c1942b66ac8ebc98f874) Importer(2089858483,b0f066a214c2f5e87bad3c948f4d605d) (ScriptedImporter) -> (artifact id: '4d189588578ff73ecfae6bff7eef9331') in 0.0188512 seconds
Number of updated asset objects reloaded before import = 0Number of asset objects unloaded after import = 221

========================================================================
Received Import Request.
  Time since last request: 0.000046 seconds.
  path: Assets/Lizard man/Medieval Series/Lizard Men/Weapons/Source/Spear-Primitive_1.FBX
  artifactKey: Guid(02226407821757c4d82dfbca2c4db849) Importer(2089858483,b0f066a214c2f5e87bad3c948f4d605d)
Start importing Assets/Lizard man/Medieval Series/Lizard Men/Weapons/Source/Spear-Primitive_1.FBX using Guid(02226407821757c4d82dfbca2c4db849) Importer(2089858483,b0f066a214c2f5e87bad3c948f4d605d) (ScriptedImporter) -> (artifact id: 'fd1ba3802bf7fe00d8c883203d897df6') in 0.0131495 seconds
Number of updated asset objects reloaded before import = 0Number of asset objects unloaded after import = 20

========================================================================
Received Import Request.
  Time since last request: 0.000061 seconds.
  path: Assets/Lizard man/Medieval Series/Lizard Men/Instructions - 3.6.pdf
  artifactKey: Guid(91d9802e7f5fcfe4891aa7b31b6421bc) Importer(2089858483,b0f066a214c2f5e87bad3c948f4d605d)
Start importing Assets/Lizard man/Medieval Series/Lizard Men/Instructions - 3.6.pdf using Guid(91d9802e7f5fcfe4891aa7b31b6421bc) Importer(2089858483,b0f066a214c2f5e87bad3c948f4d605d) (ScriptedImporter) -> (artifact id: 'bbfd1c2c6d3156993a9047a5b02201f2') in 0.0041384 seconds
Number of updated asset objects reloaded before import = 0Number of asset objects unloaded after import = 1

========================================================================
Received Import Request.
  Time since last request: 0.000032 seconds.
  path: Assets/Lizard man/Polygonmaker - Shader/Textures/ToonLitGradient.tga
  artifactKey: Guid(c171e60cbc20ce241be9bacff3cdca86) Importer(2089858483,b0f066a214c2f5e87bad3c948f4d605d)
Start importing Assets/Lizard man/Polygonmaker - Shader/Textures/ToonLitGradient.tga using Guid(c171e60cbc20ce241be9bacff3cdca86) Importer(2089858483,b0f066a214c2f5e87bad3c948f4d605d) (ScriptedImporter) -> (artifact id: 'dc05a7c33077c00d300a3c68e08cfd20') in 0.0128674 seconds
Number of updated asset objects reloaded before import = 0Number of asset objects unloaded after import = 1

========================================================================
Received Import Request.
  Time since last request: 0.000031 seconds.
  path: Assets/Lizard man/Polygonmaker - Shader/Scene/Source/Ground.png
  artifactKey: Guid(13be42e420ed447428bdf257420fcb9f) Importer(2089858483,b0f066a214c2f5e87bad3c948f4d605d)
Start importing Assets/Lizard man/Polygonmaker - Shader/Scene/Source/Ground.png using Guid(13be42e420ed447428bdf257420fcb9f) Importer(2089858483,b0f066a214c2f5e87bad3c948f4d605d) (ScriptedImporter) -> (artifact id: '6a79ee0af9d5fed93343ad9cc5f691bb') in 0.0126729 seconds
Number of updated asset objects reloaded before import = 0Number of asset objects unloaded after import = 1

========================================================================
Received Import Request.
  Time since last request: 0.000049 seconds.
  path: Assets/Lizard man/Medieval Series/Lizard Men/Animations/Anim_LizardMan@walk_inplace.FBX
  artifactKey: Guid(9db095c216c8e1a4da3c50f7643e4f8e) Importer(2089858483,b0f066a214c2f5e87bad3c948f4d605d)
Start importing Assets/Lizard man/Medieval Series/Lizard Men/Animations/Anim_LizardMan@walk_inplace.FBX using Guid(9db095c216c8e1a4da3c50f7643e4f8e) Importer(2089858483,b0f066a214c2f5e87bad3c948f4d605d) (ScriptedImporter) -> (artifact id: '1ba349028865137cb3cbb561a5f4bbb0') in 0.0279884 seconds
Number of updated asset objects reloaded before import = 0Number of asset objects unloaded after import = 217

========================================================================
Received Import Request.
  Time since last request: 0.000038 seconds.
  path: Assets/Lizard man/Medieval Series/Lizard Men/Weapons/Textures/T_Shield-Horde_01_N.tga
  artifactKey: Guid(accdc2d215668234fbee0ee2bb432fa5) Importer(2089858483,b0f066a214c2f5e87bad3c948f4d605d)
Start importing Assets/Lizard man/Medieval Series/Lizard Men/Weapons/Textures/T_Shield-Horde_01_N.tga using Guid(accdc2d215668234fbee0ee2bb432fa5) Importer(2089858483,b0f066a214c2f5e87bad3c948f4d605d) (ScriptedImporter) -> (artifact id: '6fb8c146e0ef264a674ba10835d85652') in 0.0117301 seconds
Number of updated asset objects reloaded before import = 0Number of asset objects unloaded after import = 1

========================================================================
Received Import Request.
  Time since last request: 0.000034 seconds.
  path: Assets/Lizard man/Medieval Series/Lizard Men/Weapons/Axe-Wraith_1.prefab
  artifactKey: Guid(1fd502842757f6b4286e8bb5330c3bc3) Importer(2089858483,b0f066a214c2f5e87bad3c948f4d605d)
Start importing Assets/Lizard man/Medieval Series/Lizard Men/Weapons/Axe-Wraith_1.prefab using Guid(1fd502842757f6b4286e8bb5330c3bc3) Importer(2089858483,b0f066a214c2f5e87bad3c948f4d605d) (ScriptedImporter) -> (artifact id: '85e7e10782a69c966b3340682acbeb39') in 0.0068235 seconds
Number of updated asset objects reloaded before import = 0Number of asset objects unloaded after import = 20

========================================================================
Received Import Request.
  Time since last request: 0.000061 seconds.
  path: Assets/Lizard man/Medieval Series/Lizard Men/Source/Materials/Lizard Man_5.mat
  artifactKey: Guid(c1b2fa49e721671408481b6eb9dfbe91) Importer(2089858483,b0f066a214c2f5e87bad3c948f4d605d)
Start importing Assets/Lizard man/Medieval Series/Lizard Men/Source/Materials/Lizard Man_5.mat using Guid(c1b2fa49e721671408481b6eb9dfbe91) Importer(2089858483,b0f066a214c2f5e87bad3c948f4d605d) (ScriptedImporter)Shader 'Polygonmaker/Skin': fallback shader '-1' not found
 -> (artifact id: '36d53ef189798abeec8b1229a9b3dbc4') in 0.1092292 seconds
Number of updated asset objects reloaded before import = 0Number of asset objects unloaded after import = 7

========================================================================
Received Import Request.
  Time since last request: 0.000046 seconds.
  path: Assets/Lizard man/Polygonmaker - Shader/HDRP_2020.2.3f1
  artifactKey: Guid(ef604a51bbf0b9343a8f908534371bf1) Importer(2089858483,b0f066a214c2f5e87bad3c948f4d605d)
Start importing Assets/Lizard man/Polygonmaker - Shader/HDRP_2020.2.3f1 using Guid(ef604a51bbf0b9343a8f908534371bf1) Importer(2089858483,b0f066a214c2f5e87bad3c948f4d605d) (ScriptedImporter) -> (artifact id: 'b36d489444003ae4482a9ddc8efe20a5') in 0.0042827 seconds
Number of updated asset objects reloaded before import = 0Number of asset objects unloaded after import = 1

========================================================================
Received Import Request.
  Time since last request: 0.000038 seconds.
  path: Assets/Lizard man/Medieval Series/Lizard Men/Source/Textures/Lizard_Man_4 [Albedo].tga
  artifactKey: Guid(aea2249ca27c6cd4c8e78db22d4c1cf2) Importer(2089858483,b0f066a214c2f5e87bad3c948f4d605d)
Start importing Assets/Lizard man/Medieval Series/Lizard Men/Source/Textures/Lizard_Man_4 [Albedo].tga using Guid(aea2249ca27c6cd4c8e78db22d4c1cf2) Importer(2089858483,b0f066a214c2f5e87bad3c948f4d605d) (ScriptedImporter) -> (artifact id: '0fbf281d8daf78a2c7b89b5357e8bb30') in 0.0369755 seconds
Number of updated asset objects reloaded before import = 0Number of asset objects unloaded after import = 1

========================================================================
Received Import Request.
  Time since last request: 0.000037 seconds.
  path: Assets/Lizard man/Medieval Series/Lizard Men/Source/Textures/Lizard2.mat
  artifactKey: Guid(cef6acfc3233b0841bc98a240b18cd9e) Importer(2089858483,b0f066a214c2f5e87bad3c948f4d605d)
Start importing Assets/Lizard man/Medieval Series/Lizard Men/Source/Textures/Lizard2.mat using Guid(cef6acfc3233b0841bc98a240b18cd9e) Importer(2089858483,b0f066a214c2f5e87bad3c948f4d605d) (ScriptedImporter) -> (artifact id: '042a12dd39c24920b34122cddbd22f9d') in 0.0816983 seconds
Number of updated asset objects reloaded before import = 0Number of asset objects unloaded after import = 4

========================================================================
Received Import Request.
  Time since last request: 0.000038 seconds.
  path: Assets/Lizard man/Medieval Series/Lizard Men/Source/Materials/Lizard Man_Cloth_Red.mat
  artifactKey: Guid(45a4cf324ad77a34da08a7a3fcc0518c) Importer(2089858483,b0f066a214c2f5e87bad3c948f4d605d)
Start importing Assets/Lizard man/Medieval Series/Lizard Men/Source/Materials/Lizard Man_Cloth_Red.mat using Guid(45a4cf324ad77a34da08a7a3fcc0518c) Importer(2089858483,b0f066a214c2f5e87bad3c948f4d605d) (ScriptedImporter) -> (artifact id: '594405408e439ae5aac226acb3aa024a') in 0.1148354 seconds
Number of updated asset objects reloaded before import = 0Number of asset objects unloaded after import = 7

========================================================================
Received Import Request.
  Time since last request: 0.000055 seconds.
  path: Assets/Lizard man/Polygonmaker - Shader/URP/Shaders URP.unitypackage
  artifactKey: Guid(8ad42cd7348dde04d937bb423695fc13) Importer(2089858483,b0f066a214c2f5e87bad3c948f4d605d)
Start importing Assets/Lizard man/Polygonmaker - Shader/URP/Shaders URP.unitypackage using Guid(8ad42cd7348dde04d937bb423695fc13) Importer(2089858483,b0f066a214c2f5e87bad3c948f4d605d) (ScriptedImporter) -> (artifact id: 'ae4fd692860bd2aea640062e041f2115') in 0.0049747 seconds
Number of updated asset objects reloaded before import = 0Number of asset objects unloaded after import = 1

========================================================================
Received Import Request.
  Time since last request: 0.000041 seconds.
  path: Assets/Lizard man/Medieval Series/Lizard Men/Weapons
  artifactKey: Guid(3c4a28adccee2584ab0f17b7b16ce74f) Importer(2089858483,b0f066a214c2f5e87bad3c948f4d605d)
Start importing Assets/Lizard man/Medieval Series/Lizard Men/Weapons using Guid(3c4a28adccee2584ab0f17b7b16ce74f) Importer(2089858483,b0f066a214c2f5e87bad3c948f4d605d) (ScriptedImporter) -> (artifact id: 'f09ba0937c33d38a3f661e77985e5861') in 0.0037815 seconds
Number of updated asset objects reloaded before import = 0Number of asset objects unloaded after import = 1

========================================================================
Received Import Request.
  Time since last request: 0.000024 seconds.
  path: Assets/Lizard man
  artifactKey: Guid(1b35e433802723941835bf97d112ba21) Importer(2089858483,b0f066a214c2f5e87bad3c948f4d605d)
Start importing Assets/Lizard man using Guid(1b35e433802723941835bf97d112ba21) Importer(2089858483,b0f066a214c2f5e87bad3c948f4d605d) (ScriptedImporter) -> (artifact id: '101fabbc520f62bd110031d326f976d1') in 0.0043958 seconds
Number of updated asset objects reloaded before import = 0Number of asset objects unloaded after import = 1

========================================================================
Received Import Request.
  Time since last request: 0.000035 seconds.
  path: Assets/Lizard man/Medieval Series/Lizard Men/Weapons/Source/Materials/Spear-Horde_1.mat
  artifactKey: Guid(061627832b55e744593ddec7362a6417) Importer(2089858483,b0f066a214c2f5e87bad3c948f4d605d)
Start importing Assets/Lizard man/Medieval Series/Lizard Men/Weapons/Source/Materials/Spear-Horde_1.mat using Guid(061627832b55e744593ddec7362a6417) Importer(2089858483,b0f066a214c2f5e87bad3c948f4d605d) (ScriptedImporter) -> (artifact id: '1e5944018e0ec9fb5f0fd9d798812dda') in 0.0142155 seconds
Number of updated asset objects reloaded before import = 0Number of asset objects unloaded after import = 5

========================================================================
Received Import Request.
  Time since last request: 0.000061 seconds.
  path: Assets/Lizard man/Medieval Series/Lizard Men/Weapons/Textures/T_Club-Horde_02_MS.tga
  artifactKey: Guid(080acee155bbb3e45a48aa66da1b05ce) Importer(2089858483,b0f066a214c2f5e87bad3c948f4d605d)
Start importing Assets/Lizard man/Medieval Series/Lizard Men/Weapons/Textures/T_Club-Horde_02_MS.tga using Guid(080acee155bbb3e45a48aa66da1b05ce) Importer(2089858483,b0f066a214c2f5e87bad3c948f4d605d) (ScriptedImporter) -> (artifact id: '6cd0dad73fc86e0a31c76593e87bfc31') in 0.0317125 seconds
Number of updated asset objects reloaded before import = 0Number of asset objects unloaded after import = 1

========================================================================
Received Import Request.
  Time since last request: 0.000065 seconds.
  path: Assets/Lizard man/Medieval Series/Lizard Men/Animations/Anim_LizardMan@walk-back_inplace.FBX
  artifactKey: Guid(e3bd0204b244497488f16e7c6e24e55b) Importer(2089858483,b0f066a214c2f5e87bad3c948f4d605d)
Start importing Assets/Lizard man/Medieval Series/Lizard Men/Animations/Anim_LizardMan@walk-back_inplace.FBX using Guid(e3bd0204b244497488f16e7c6e24e55b) Importer(2089858483,b0f066a214c2f5e87bad3c948f4d605d) (ScriptedImporter) -> (artifact id: 'aeb4be938df93a5cc29495ea1c9998f9') in 0.0189555 seconds
Number of updated asset objects reloaded before import = 0Number of asset objects unloaded after import = 203

========================================================================
Received Import Request.
  Time since last request: 0.000041 seconds.
  path: Assets/Lizard man/Medieval Series/Lizard Men/Weapons/Source/Shield-Orc_1.FBX
  artifactKey: Guid(5a3beeb245c2d3542918491f7ba5b54a) Importer(2089858483,b0f066a214c2f5e87bad3c948f4d605d)
Start importing Assets/Lizard man/Medieval Series/Lizard Men/Weapons/Source/Shield-Orc_1.FBX using Guid(5a3beeb245c2d3542918491f7ba5b54a) Importer(2089858483,b0f066a214c2f5e87bad3c948f4d605d) (ScriptedImporter) -> (artifact id: '04d8e632792f1d728ef1ffd4df4eeed0') in 0.0145607 seconds
Number of updated asset objects reloaded before import = 0Number of asset objects unloaded after import = 20

========================================================================
Received Import Request.
  Time since last request: 0.000031 seconds.
  path: Assets/Lizard man/Medieval Series/Lizard Men/Animations
  artifactKey: Guid(7bd1f96200069214f8162b54496fe703) Importer(2089858483,b0f066a214c2f5e87bad3c948f4d605d)
Start importing Assets/Lizard man/Medieval Series/Lizard Men/Animations using Guid(7bd1f96200069214f8162b54496fe703) Importer(2089858483,b0f066a214c2f5e87bad3c948f4d605d) (ScriptedImporter) -> (artifact id: '903423a6cfcee8bf1d4688ad846df357') in 0.0039731 seconds
Number of updated asset objects reloaded before import = 0Number of asset objects unloaded after import = 1

========================================================================
Received Import Request.
  Time since last request: 0.000029 seconds.
  path: Assets/Lizard man/Polygonmaker - Shader/Materials/Polygonmaker-Toon.mat
  artifactKey: Guid(8306c821483e10a479f3990e086a7724) Importer(2089858483,b0f066a214c2f5e87bad3c948f4d605d)
Start importing Assets/Lizard man/Polygonmaker - Shader/Materials/Polygonmaker-Toon.mat using Guid(8306c821483e10a479f3990e086a7724) Importer(2089858483,b0f066a214c2f5e87bad3c948f4d605d) (ScriptedImporter) -> (artifact id: 'e7da89df8f314872fc8fdc2b63e7f1cf') in 0.2792318 seconds
Number of updated asset objects reloaded before import = 0Number of asset objects unloaded after import = 7

========================================================================
Received Import Request.
  Time since last request: 0.000031 seconds.
  path: Assets/Lizard man/Polygonmaker - Shader/Source/GolemMesh Variant.prefab
  artifactKey: Guid(2f0a3a28c854d2140b1b3145c9f3182b) Importer(2089858483,b0f066a214c2f5e87bad3c948f4d605d)
Start importing Assets/Lizard man/Polygonmaker - Shader/Source/GolemMesh Variant.prefab using Guid(2f0a3a28c854d2140b1b3145c9f3182b) Importer(2089858483,b0f066a214c2f5e87bad3c948f4d605d) (ScriptedImporter) -> (artifact id: '410a9da22e506824187224bd3eacdce8') in 0.0111674 seconds
Number of updated asset objects reloaded before import = 0Number of asset objects unloaded after import = 15

========================================================================
Received Import Request.
  Time since last request: 0.000052 seconds.
  path: Assets/Lizard man/Medieval Series/Lizard Men/Weapons/Source/Spear-Horde_1.FBX
  artifactKey: Guid(16f7d0f82d7ef754493fcc01e2a4cdfb) Importer(2089858483,b0f066a214c2f5e87bad3c948f4d605d)
Start importing Assets/Lizard man/Medieval Series/Lizard Men/Weapons/Source/Spear-Horde_1.FBX using Guid(16f7d0f82d7ef754493fcc01e2a4cdfb) Importer(2089858483,b0f066a214c2f5e87bad3c948f4d605d) (ScriptedImporter) -> (artifact id: 'f47577f52f435cd8be2303ffee606e48') in 0.0168847 seconds
Number of updated asset objects reloaded before import = 0Number of asset objects unloaded after import = 20

========================================================================
Received Import Request.
  Time since last request: 0.000035 seconds.
  path: Assets/Lizard man/Polygonmaker - Shader/HDRP_2020.3.0f1/Shaders HDRP_2020.3.0f1.unitypackage
  artifactKey: Guid(53b46d8c5ad5a8c4cbfc674c29299482) Importer(2089858483,b0f066a214c2f5e87bad3c948f4d605d)
Start importing Assets/Lizard man/Polygonmaker - Shader/HDRP_2020.3.0f1/Shaders HDRP_2020.3.0f1.unitypackage using Guid(53b46d8c5ad5a8c4cbfc674c29299482) Importer(2089858483,b0f066a214c2f5e87bad3c948f4d605d) (ScriptedImporter) -> (artifact id: 'ee81e7c8a7cd8f2f9304ca660f46ceab') in 0.005318 seconds
Number of updated asset objects reloaded before import = 0Number of asset objects unloaded after import = 1

========================================================================
Received Import Request.
  Time since last request: 0.000027 seconds.
  path: Assets/Lizard man/Medieval Series/Lizard Men/Source/Materials/Lizard Man_2.mat
  artifactKey: Guid(6233cf363b5992c4c91c45f96ebc0c4e) Importer(2089858483,b0f066a214c2f5e87bad3c948f4d605d)
Start importing Assets/Lizard man/Medieval Series/Lizard Men/Source/Materials/Lizard Man_2.mat using Guid(6233cf363b5992c4c91c45f96ebc0c4e) Importer(2089858483,b0f066a214c2f5e87bad3c948f4d605d) (ScriptedImporter)Shader 'Polygonmaker/Skin': fallback shader '-1' not found
 -> (artifact id: 'b419266fd34df92d42f3b0eea238f85d') in 0.1245812 seconds
Number of updated asset objects reloaded before import = 0Number of asset objects unloaded after import = 7

========================================================================
Received Import Request.
  Time since last request: 0.000050 seconds.
  path: Assets/Lizard man/Polygonmaker - Shader/Materials/Polygonmaker-SkinCutout DoubleSided.mat
  artifactKey: Guid(551c768af52a1a6489b05e8478a9a421) Importer(2089858483,b0f066a214c2f5e87bad3c948f4d605d)
Start importing Assets/Lizard man/Polygonmaker - Shader/Materials/Polygonmaker-SkinCutout DoubleSided.mat using Guid(551c768af52a1a6489b05e8478a9a421) Importer(2089858483,b0f066a214c2f5e87bad3c948f4d605d) (ScriptedImporter) -> (artifact id: 'b6968dc61ee6dc71fdf11608aa54d62f') in 0.0152964 seconds
Number of updated asset objects reloaded before import = 0Number of asset objects unloaded after import = 7

========================================================================
Received Import Request.
  Time since last request: 0.000071 seconds.
  path: Assets/Lizard man/Medieval Series/Lizard Men/Animations/Anim_LizardMan@runL.fbx
  artifactKey: Guid(dc7798963bd992641b2ce354263c3766) Importer(2089858483,b0f066a214c2f5e87bad3c948f4d605d)
Start importing Assets/Lizard man/Medieval Series/Lizard Men/Animations/Anim_LizardMan@runL.fbx using Guid(dc7798963bd992641b2ce354263c3766) Importer(2089858483,b0f066a214c2f5e87bad3c948f4d605d) (ScriptedImporter) -> (artifact id: '1e9aed2f8d9c294fa18280d8d419fe4e') in 0.0169613 seconds
Number of updated asset objects reloaded before import = 0Number of asset objects unloaded after import = 203

========================================================================
Received Import Request.
  Time since last request: 0.000037 seconds.
  path: Assets/Lizard man/Medieval Series/Lizard Men/Source/Textures/Mobile/Helmet [Diffuse].tga
  artifactKey: Guid(49d9976c298cca14ba04f5467c719271) Importer(2089858483,b0f066a214c2f5e87bad3c948f4d605d)
Start importing Assets/Lizard man/Medieval Series/Lizard Men/Source/Textures/Mobile/Helmet [Diffuse].tga using Guid(49d9976c298cca14ba04f5467c719271) Importer(2089858483,b0f066a214c2f5e87bad3c948f4d605d) (ScriptedImporter) -> (artifact id: 'f70793df5c120dd85e18501b2035abf8') in 0.0102812 seconds
Number of updated asset objects reloaded before import = 0Number of asset objects unloaded after import = 1

========================================================================
Received Import Request.
  Time since last request: 0.000028 seconds.
  path: Assets/Lizard man/Medieval Series/Lizard Men/Animations/Anim_Lizardman@spearupattack.FBX
  artifactKey: Guid(7370e925266168441bf9d582e090a855) Importer(2089858483,b0f066a214c2f5e87bad3c948f4d605d)
Start importing Assets/Lizard man/Medieval Series/Lizard Men/Animations/Anim_Lizardman@spearupattack.FBX using Guid(7370e925266168441bf9d582e090a855) Importer(2089858483,b0f066a214c2f5e87bad3c948f4d605d) (ScriptedImporter) -> (artifact id: '5c3b237db0d9d72699502652d00306c0') in 0.0219464 seconds
Number of updated asset objects reloaded before import = 0Number of asset objects unloaded after import = 203

========================================================================
Received Import Request.
  Time since last request: 0.000037 seconds.
  path: Assets/Lizard man/Medieval Series/Lizard Men/Scenes/Source
  artifactKey: Guid(3836b60b7dd3ac64fb2c834d90eb7e11) Importer(2089858483,b0f066a214c2f5e87bad3c948f4d605d)
Start importing Assets/Lizard man/Medieval Series/Lizard Men/Scenes/Source using Guid(3836b60b7dd3ac64fb2c834d90eb7e11) Importer(2089858483,b0f066a214c2f5e87bad3c948f4d605d) (ScriptedImporter) -> (artifact id: 'b6a801f1a6d6e193fa80d797d7f979b1') in 0.0038551 seconds
Number of updated asset objects reloaded before import = 0Number of asset objects unloaded after import = 1

========================================================================
Received Import Request.
  Time since last request: 0.000049 seconds.
  path: Assets/Lizard man/Polygonmaker - Shader/Shaders/Polygonmaker-AS-SkinCutout DoubleSided.shader
  artifactKey: Guid(b3e929332e0a8ae4880c782057e229b6) Importer(2089858483,b0f066a214c2f5e87bad3c948f4d605d)
Start importing Assets/Lizard man/Polygonmaker - Shader/Shaders/Polygonmaker-AS-SkinCutout DoubleSided.shader using Guid(b3e929332e0a8ae4880c782057e229b6) Importer(2089858483,b0f066a214c2f5e87bad3c948f4d605d) (ScriptedImporter) -> (artifact id: '85cc7095448402127e083a31aab20c05') in 0.0068909 seconds
Number of updated asset objects reloaded before import = 0Number of asset objects unloaded after import = 1

========================================================================
Received Import Request.
  Time since last request: 0.000024 seconds.
  path: Assets/Lizard man/Medieval Series/Lizard Men/Weapons/Textures/T_Spear-Horde_01_D.tga
  artifactKey: Guid(77fa267dbc5591c4fba4a9032c8152a8) Importer(2089858483,b0f066a214c2f5e87bad3c948f4d605d)
Start importing Assets/Lizard man/Medieval Series/Lizard Men/Weapons/Textures/T_Spear-Horde_01_D.tga using Guid(77fa267dbc5591c4fba4a9032c8152a8) Importer(2089858483,b0f066a214c2f5e87bad3c948f4d605d) (ScriptedImporter) -> (artifact id: '186648f2f3f5f33db02bc678b0911ba2') in 0.0115301 seconds
Number of updated asset objects reloaded before import = 0Number of asset objects unloaded after import = 1

========================================================================
Received Import Request.
  Time since last request: 0.000026 seconds.
  path: Assets/Lizard man/Medieval Series
  artifactKey: Guid(81488368f0d77bd4ab39c22b4faafb31) Importer(2089858483,b0f066a214c2f5e87bad3c948f4d605d)
Start importing Assets/Lizard man/Medieval Series using Guid(81488368f0d77bd4ab39c22b4faafb31) Importer(2089858483,b0f066a214c2f5e87bad3c948f4d605d) (ScriptedImporter) -> (artifact id: '3967f9f02ffa3d155613f8aa089812fc') in 0.0037232 seconds
Number of updated asset objects reloaded before import = 0Number of asset objects unloaded after import = 1

========================================================================
Received Import Request.
  Time since last request: 0.000026 seconds.
  path: Assets/Lizard man/Polygonmaker - Shader/Scene/Source/Skybox.mat
  artifactKey: Guid(2f2490b12c098844e822a75eae125ebb) Importer(2089858483,b0f066a214c2f5e87bad3c948f4d605d)
Start importing Assets/Lizard man/Polygonmaker - Shader/Scene/Source/Skybox.mat using Guid(2f2490b12c098844e822a75eae125ebb) Importer(2089858483,b0f066a214c2f5e87bad3c948f4d605d) (ScriptedImporter) -> (artifact id: '3b89e763fe8d49158b1955f63e0127a7') in 0.0065419 seconds
Number of updated asset objects reloaded before import = 0Number of asset objects unloaded after import = 2

========================================================================
Received Import Request.
  Time since last request: 0.000039 seconds.
  path: Assets/Lizard man/Polygonmaker - Shader/Polygonmaker Shader.pdf
  artifactKey: Guid(06bad9733edc10b4fae16933518cd052) Importer(2089858483,b0f066a214c2f5e87bad3c948f4d605d)
Start importing Assets/Lizard man/Polygonmaker - Shader/Polygonmaker Shader.pdf using Guid(06bad9733edc10b4fae16933518cd052) Importer(2089858483,b0f066a214c2f5e87bad3c948f4d605d) (ScriptedImporter) -> (artifact id: 'a0315b4163dec304cd2888e3f08fe1b5') in 0.003321 seconds
Number of updated asset objects reloaded before import = 0Number of asset objects unloaded after import = 1

========================================================================
Received Import Request.
  Time since last request: 0.000055 seconds.
  path: Assets/Lizard man/Polygonmaker - Shader/Shaders/Polygonmaker-AS-Toon.shader
  artifactKey: Guid(dfed721d1fa8f71438733b477135f9dc) Importer(2089858483,b0f066a214c2f5e87bad3c948f4d605d)
Start importing Assets/Lizard man/Polygonmaker - Shader/Shaders/Polygonmaker-AS-Toon.shader using Guid(dfed721d1fa8f71438733b477135f9dc) Importer(2089858483,b0f066a214c2f5e87bad3c948f4d605d) (ScriptedImporter) -> (artifact id: 'd4a28487de01f70bd7614f084f68097f') in 0.0067545 seconds
Number of updated asset objects reloaded before import = 0Number of asset objects unloaded after import = 1

========================================================================
Received Import Request.
  Time since last request: 0.000037 seconds.
  path: Assets/Lizard man/Medieval Series/Lizard Men/Weapons/Textures/T_Shield-Horde_01_MS.tga
  artifactKey: Guid(233b475288390ab44814d30d96e70121) Importer(2089858483,b0f066a214c2f5e87bad3c948f4d605d)
Start importing Assets/Lizard man/Medieval Series/Lizard Men/Weapons/Textures/T_Shield-Horde_01_MS.tga using Guid(233b475288390ab44814d30d96e70121) Importer(2089858483,b0f066a214c2f5e87bad3c948f4d605d) (ScriptedImporter) -> (artifact id: 'ac55cb8af6a6df46948f80ccaa84f106') in 0.0214383 seconds
Number of updated asset objects reloaded before import = 0Number of asset objects unloaded after import = 1

========================================================================
Received Import Request.
  Time since last request: 0.000072 seconds.
  path: Assets/Lizard man/Medieval Series
  artifactKey: Guid(81488368f0d77bd4ab39c22b4faafb31) Importer(815301076,1909f56bfc062723c751e8b465ee728b)
Start importing Assets/Lizard man/Medieval Series using Guid(81488368f0d77bd4ab39c22b4faafb31) Importer(815301076,1909f56bfc062723c751e8b465ee728b) (PreviewImporter) -> (artifact id: '27d342b083e3f095e30d56e847d4c703') in 0.0015598 seconds
Number of updated asset objects reloaded before import = 0Number of asset objects unloaded after import = 0

========================================================================
Received Import Request.
  Time since last request: 0.000044 seconds.
  path: Assets/Lizard man/Medieval Series/Lizard Men/Source/Materials/Lizard Man_Cloth.mat
  artifactKey: Guid(00b1c4070d635984fba5ac46203b78bf) Importer(2089858483,b0f066a214c2f5e87bad3c948f4d605d)
Start importing Assets/Lizard man/Medieval Series/Lizard Men/Source/Materials/Lizard Man_Cloth.mat using Guid(00b1c4070d635984fba5ac46203b78bf) Importer(2089858483,b0f066a214c2f5e87bad3c948f4d605d) (ScriptedImporter) -> (artifact id: '0941b639f5df2d1ae24e8d5a73946f5e') in 0.0982076 seconds
Number of updated asset objects reloaded before import = 0Number of asset objects unloaded after import = 6

========================================================================
Received Import Request.
  Time since last request: 0.000065 seconds.
  path: Assets/Lizard man/Medieval Series/Lizard Men/Source/Materials/Mobile
  artifactKey: Guid(d1418c397be7aff40a35e6bf7b676251) Importer(2089858483,b0f066a214c2f5e87bad3c948f4d605d)
Start importing Assets/Lizard man/Medieval Series/Lizard Men/Source/Materials/Mobile using Guid(d1418c397be7aff40a35e6bf7b676251) Importer(2089858483,b0f066a214c2f5e87bad3c948f4d605d) (ScriptedImporter) -> (artifact id: 'eec032bfe768fdda81cfa8a2c6e34d83') in 0.0052922 seconds
Number of updated asset objects reloaded before import = 0Number of asset objects unloaded after import = 1

========================================================================
Received Import Request.
  Time since last request: 0.000025 seconds.
  path: Assets/Lizard man/Medieval Series/Lizard Men/Source/Materials/Lizard Man_3.mat
  artifactKey: Guid(6bb3e91e699fda8478e86d3dc12c3a69) Importer(2089858483,b0f066a214c2f5e87bad3c948f4d605d)
Start importing Assets/Lizard man/Medieval Series/Lizard Men/Source/Materials/Lizard Man_3.mat using Guid(6bb3e91e699fda8478e86d3dc12c3a69) Importer(2089858483,b0f066a214c2f5e87bad3c948f4d605d) (ScriptedImporter)Shader 'Polygonmaker/Skin': fallback shader '-1' not found
 -> (artifact id: 'c5f405fb819af9421d1f8faef8e76d78') in 0.1117633 seconds
Number of updated asset objects reloaded before import = 0Number of asset objects unloaded after import = 7

========================================================================
Received Import Request.
  Time since last request: 0.000065 seconds.
  path: Assets/Lizard man/Medieval Series/Lizard Men/Animations/Anim_LizardMan@StrafeL_inplace.FBX
  artifactKey: Guid(10d6f7c5ef3c0ac49951be95de55efae) Importer(2089858483,b0f066a214c2f5e87bad3c948f4d605d)
Start importing Assets/Lizard man/Medieval Series/Lizard Men/Animations/Anim_LizardMan@StrafeL_inplace.FBX using Guid(10d6f7c5ef3c0ac49951be95de55efae) Importer(2089858483,b0f066a214c2f5e87bad3c948f4d605d) (ScriptedImporter) -> (artifact id: '2bbe3d67f264cf0af0d1fc42b3adcc96') in 0.0200266 seconds
Number of updated asset objects reloaded before import = 0Number of asset objects unloaded after import = 217

========================================================================
Received Import Request.
  Time since last request: 0.000056 seconds.
  path: Assets/Lizard man/Medieval Series/Lizard Men/Scenes/Source/Ground.mat
  artifactKey: Guid(2a81a74f3d01d9642bf5f209ce49388f) Importer(2089858483,b0f066a214c2f5e87bad3c948f4d605d)
Start importing Assets/Lizard man/Medieval Series/Lizard Men/Scenes/Source/Ground.mat using Guid(2a81a74f3d01d9642bf5f209ce49388f) Importer(2089858483,b0f066a214c2f5e87bad3c948f4d605d) (ScriptedImporter) -> (artifact id: 'fc3b3d93b54d275984145d98c7749c2b') in 0.0125289 seconds
Number of updated asset objects reloaded before import = 0Number of asset objects unloaded after import = 4

========================================================================
Received Import Request.
  Time since last request: 0.000046 seconds.
  path: Assets/Lizard man/Medieval Series/Lizard Men/Source/Materials/Lizard Man_4.mat
  artifactKey: Guid(f123f5824abf9744b804f4d10a9417f6) Importer(2089858483,b0f066a214c2f5e87bad3c948f4d605d)
Start importing Assets/Lizard man/Medieval Series/Lizard Men/Source/Materials/Lizard Man_4.mat using Guid(f123f5824abf9744b804f4d10a9417f6) Importer(2089858483,b0f066a214c2f5e87bad3c948f4d605d) (ScriptedImporter)Shader 'Polygonmaker/Skin': fallback shader '-1' not found
 -> (artifact id: 'e84efc6ba42bf2777c5db6666206773d') in 0.1384282 seconds
Number of updated asset objects reloaded before import = 0Number of asset objects unloaded after import = 7

========================================================================
Received Import Request.
  Time since last request: 0.000039 seconds.
  path: Assets/Lizard man/Medieval Series/Lizard Men/Animations/Anim_LizardMan@jump.FBX
  artifactKey: Guid(abc98c6eee377fa4882c1ff3b32dd663) Importer(2089858483,b0f066a214c2f5e87bad3c948f4d605d)
Start importing Assets/Lizard man/Medieval Series/Lizard Men/Animations/Anim_LizardMan@jump.FBX using Guid(abc98c6eee377fa4882c1ff3b32dd663) Importer(2089858483,b0f066a214c2f5e87bad3c948f4d605d) (ScriptedImporter) -> (artifact id: '354f00c4746159e6b1925ed3db9e24ff') in 0.017813 seconds
Number of updated asset objects reloaded before import = 0Number of asset objects unloaded after import = 217

========================================================================
Received Import Request.
  Time since last request: 0.000062 seconds.
  path: Assets/Lizard man/Polygonmaker - Shader/Source
  artifactKey: Guid(0d0c8b634943a3241b377bc192b63a05) Importer(2089858483,b0f066a214c2f5e87bad3c948f4d605d)
Start importing Assets/Lizard man/Polygonmaker - Shader/Source using Guid(0d0c8b634943a3241b377bc192b63a05) Importer(2089858483,b0f066a214c2f5e87bad3c948f4d605d) (ScriptedImporter) -> (artifact id: '6aea01ded98639adf70b1cc5ebca5bf3') in 0.0054595 seconds
Number of updated asset objects reloaded before import = 0Number of asset objects unloaded after import = 1

========================================================================
Received Import Request.
  Time since last request: 0.000027 seconds.
  path: Assets/Lizard man/Polygonmaker - Shader/HDRP_2020.3.16f1
  artifactKey: Guid(ca0d5b7cd8b3d594eb2ec452097b0baa) Importer(2089858483,b0f066a214c2f5e87bad3c948f4d605d)
Start importing Assets/Lizard man/Polygonmaker - Shader/HDRP_2020.3.16f1 using Guid(ca0d5b7cd8b3d594eb2ec452097b0baa) Importer(2089858483,b0f066a214c2f5e87bad3c948f4d605d) (ScriptedImporter) -> (artifact id: 'db3dcb480ebf9402c660f791164ca4f1') in 0.003043 seconds
Number of updated asset objects reloaded before import = 0Number of asset objects unloaded after import = 1

========================================================================
Received Import Request.
  Time since last request: 0.000056 seconds.
  path: Assets/Lizard man/Medieval Series/Lizard Men/Weapons/Textures/T_Axe-Wraith_01_N.tga
  artifactKey: Guid(03e18cafd63aeac41a69d256b126eda7) Importer(2089858483,b0f066a214c2f5e87bad3c948f4d605d)
Start importing Assets/Lizard man/Medieval Series/Lizard Men/Weapons/Textures/T_Axe-Wraith_01_N.tga using Guid(03e18cafd63aeac41a69d256b126eda7) Importer(2089858483,b0f066a214c2f5e87bad3c948f4d605d) (ScriptedImporter) -> (artifact id: '50e5258ef68e42847c3c88b5a51b1b9f') in 0.0179533 seconds
Number of updated asset objects reloaded before import = 0Number of asset objects unloaded after import = 1

========================================================================
Received Import Request.
  Time since last request: 0.000026 seconds.
  path: Assets/Lizard man/Medieval Series/Lizard Men/Source/Materials/Mobile/Lizard_2_Mobile.mat
  artifactKey: Guid(7e4599d5ee805444ebee058668832af7) Importer(2089858483,b0f066a214c2f5e87bad3c948f4d605d)
Start importing Assets/Lizard man/Medieval Series/Lizard Men/Source/Materials/Mobile/Lizard_2_Mobile.mat using Guid(7e4599d5ee805444ebee058668832af7) Importer(2089858483,b0f066a214c2f5e87bad3c948f4d605d) (ScriptedImporter) -> (artifact id: 'f35784beb463d167a4ef8a9b8d860878') in 0.0120046 seconds
Number of updated asset objects reloaded before import = 0Number of asset objects unloaded after import = 2

========================================================================
Received Import Request.
  Time since last request: 0.000062 seconds.
  path: Assets/Lizard man/Polygonmaker - Shader/Source/GolemMesh.FBX
  artifactKey: Guid(a486a2d256ae73741a152016cb5cda73) Importer(2089858483,b0f066a214c2f5e87bad3c948f4d605d)
Start importing Assets/Lizard man/Polygonmaker - Shader/Source/GolemMesh.FBX using Guid(a486a2d256ae73741a152016cb5cda73) Importer(2089858483,b0f066a214c2f5e87bad3c948f4d605d) (ScriptedImporter) -> (artifact id: '019f9d348ce2f9cb88a6c5180d3af182') in 0.0183408 seconds
Number of updated asset objects reloaded before import = 0Number of asset objects unloaded after import = 9

========================================================================
Received Import Request.
  Time since last request: 0.000062 seconds.
  path: Assets/Lizard man/Medieval Series/Lizard Men/Animations/Anim_LizardMan@StrafeR.FBX
  artifactKey: Guid(5dba9713acdb5bd4e888702dbd28ae48) Importer(2089858483,b0f066a214c2f5e87bad3c948f4d605d)
Start importing Assets/Lizard man/Medieval Series/Lizard Men/Animations/Anim_LizardMan@StrafeR.FBX using Guid(5dba9713acdb5bd4e888702dbd28ae48) Importer(2089858483,b0f066a214c2f5e87bad3c948f4d605d) (ScriptedImporter) -> (artifact id: 'a1b92d702a3b1da7e19d2eea5de8f70a') in 0.0240265 seconds
Number of updated asset objects reloaded before import = 0Number of asset objects unloaded after import = 221

========================================================================
Received Import Request.
  Time since last request: 0.000042 seconds.
  path: Assets/Lizard man/Medieval Series/Lizard Men/Scenes/Source/Skybox.mat
  artifactKey: Guid(d90be9c4bb5a4d043a4ba74a00db5ffd) Importer(2089858483,b0f066a214c2f5e87bad3c948f4d605d)
Start importing Assets/Lizard man/Medieval Series/Lizard Men/Scenes/Source/Skybox.mat using Guid(d90be9c4bb5a4d043a4ba74a00db5ffd) Importer(2089858483,b0f066a214c2f5e87bad3c948f4d605d) (ScriptedImporter) -> (artifact id: '6a2e33e24e8b18c3d7756d4b7b033e6a') in 0.021876 seconds
Number of updated asset objects reloaded before import = 0Number of asset objects unloaded after import = 2

========================================================================
Received Import Request.
  Time since last request: 0.000041 seconds.
  path: Assets/Lizard man/Medieval Series/Lizard Men/LizardMan_Base.prefab
  artifactKey: Guid(6813b42f76db6d1439723354128d85f9) Importer(815301076,1909f56bfc062723c751e8b465ee728b)
Start importing Assets/Lizard man/Medieval Series/Lizard Men/LizardMan_Base.prefab using Guid(6813b42f76db6d1439723354128d85f9) Importer(815301076,1909f56bfc062723c751e8b465ee728b) (PreviewImporter)Shader 'Polygonmaker/Skin': fallback shader '-1' not found
 -> (artifact id: 'd2e2f045ad381904267cc619a31bc3d1') in 2.0801653 seconds
Number of updated asset objects reloaded before import = 0Number of asset objects unloaded after import = 512

========================================================================
Received Import Request.
  Time since last request: 0.000049 seconds.
  path: Assets/Lizard man/Medieval Series/Lizard Men/Characters/LizardMan_2.prefab
  artifactKey: Guid(eaf85e9e193a96d44b43f623d36cf7e9) Importer(815301076,1909f56bfc062723c751e8b465ee728b)
Start importing Assets/Lizard man/Medieval Series/Lizard Men/Characters/LizardMan_2.prefab using Guid(eaf85e9e193a96d44b43f623d36cf7e9) Importer(815301076,1909f56bfc062723c751e8b465ee728b) (PreviewImporter)Shader 'Polygonmaker/Skin': fallback shader '-1' not found
 -> (artifact id: 'a498b9669a2e583b1e6bad8ce65ae249') in 0.2203192 seconds
Number of updated asset objects reloaded before import = 0Number of asset objects unloaded after import = 760

========================================================================
Received Import Request.
  Time since last request: 0.000066 seconds.
  path: Assets/Lizard man/Medieval Series/Lizard Men/Characters/LizardMan_5.prefab
  artifactKey: Guid(1b8e6a7dc0106a8488fcff095a6c5053) Importer(815301076,1909f56bfc062723c751e8b465ee728b)
Start importing Assets/Lizard man/Medieval Series/Lizard Men/Characters/LizardMan_5.prefab using Guid(1b8e6a7dc0106a8488fcff095a6c5053) Importer(815301076,1909f56bfc062723c751e8b465ee728b) (PreviewImporter)Shader 'Polygonmaker/Skin': fallback shader '-1' not found
 -> (artifact id: '5f03c42bf5edff8ceed573bbe48d3965') in 0.2219709 seconds
Number of updated asset objects reloaded before import = 0Number of asset objects unloaded after import = 516

========================================================================
Received Import Request.
  Time since last request: 0.000074 seconds.
  path: Assets/Lizard man/Medieval Series/Lizard Men/Characters/LizardMan_3_var.prefab
  artifactKey: Guid(814b5dc489590c844a6a544d6a28ffd2) Importer(815301076,1909f56bfc062723c751e8b465ee728b)
Start importing Assets/Lizard man/Medieval Series/Lizard Men/Characters/LizardMan_3_var.prefab using Guid(814b5dc489590c844a6a544d6a28ffd2) Importer(815301076,1909f56bfc062723c751e8b465ee728b) (PreviewImporter)Shader 'Polygonmaker/Skin': fallback shader '-1' not found
 -> (artifact id: 'c17d076c42dd79982f219c7c096affd1') in 0.2245509 seconds
Number of updated asset objects reloaded before import = 0Number of asset objects unloaded after import = 760

========================================================================
Received Import Request.
  Time since last request: 0.000050 seconds.
  path: Assets/Lizard man/Medieval Series/Lizard Men/Characters/LizardMan_1.prefab
  artifactKey: Guid(f46682d13678aeb489e79a919596c33c) Importer(815301076,1909f56bfc062723c751e8b465ee728b)
Start importing Assets/Lizard man/Medieval Series/Lizard Men/Characters/LizardMan_1.prefab using Guid(f46682d13678aeb489e79a919596c33c) Importer(815301076,1909f56bfc062723c751e8b465ee728b) (PreviewImporter)Shader 'Polygonmaker/Skin': fallback shader '-1' not found
 -> (artifact id: 'f5917d0ef8e955d8d4f22acb9cb5661b') in 0.1398695 seconds
Number of updated asset objects reloaded before import = 0Number of asset objects unloaded after import = 756

========================================================================
Received Import Request.
  Time since last request: 0.000050 seconds.
  path: Assets/Lizard man/Medieval Series/Lizard Men/Characters/LizardMan_3.prefab
  artifactKey: Guid(f3f2345ca553e534c880dd00d950c6d7) Importer(815301076,1909f56bfc062723c751e8b465ee728b)
Start importing Assets/Lizard man/Medieval Series/Lizard Men/Characters/LizardMan_3.prefab using Guid(f3f2345ca553e534c880dd00d950c6d7) Importer(815301076,1909f56bfc062723c751e8b465ee728b) (PreviewImporter)Shader 'Polygonmaker/Skin': fallback shader '-1' not found
 -> (artifact id: '0acd6d5668513b48106c70146e6f53be') in 0.2196949 seconds
Number of updated asset objects reloaded before import = 0Number of asset objects unloaded after import = 760

========================================================================
Received Import Request.
  Time since last request: 0.000039 seconds.
  path: Assets/Lizard man/Medieval Series/Lizard Men/Characters/LizardMan_4.prefab
  artifactKey: Guid(8b97cdddbd31e8943b4d0675d4f3d33a) Importer(815301076,1909f56bfc062723c751e8b465ee728b)
Start importing Assets/Lizard man/Medieval Series/Lizard Men/Characters/LizardMan_4.prefab using Guid(8b97cdddbd31e8943b4d0675d4f3d33a) Importer(815301076,1909f56bfc062723c751e8b465ee728b) (PreviewImporter)Shader 'Polygonmaker/Skin': fallback shader '-1' not found
 -> (artifact id: '224f44e9172aa69074dbdd4fbb2b011e') in 0.2557858 seconds
Number of updated asset objects reloaded before import = 0Number of asset objects unloaded after import = 760

========================================================================
Received Import Request.
  Time since last request: 0.000050 seconds.
  path: Assets/Lizard man/Medieval Series/Lizard Men/Characters/LizardMan_1_var.prefab
  artifactKey: Guid(8146206ec1185e045b9996c7eb78d27a) Importer(815301076,1909f56bfc062723c751e8b465ee728b)
Start importing Assets/Lizard man/Medieval Series/Lizard Men/Characters/LizardMan_1_var.prefab using Guid(8146206ec1185e045b9996c7eb78d27a) Importer(815301076,1909f56bfc062723c751e8b465ee728b) (PreviewImporter)Shader 'Polygonmaker/Skin': fallback shader '-1' not found
 -> (artifact id: '51563e2376aad4831e78476ca910b122') in 0.1379268 seconds
Number of updated asset objects reloaded before import = 0Number of asset objects unloaded after import = 757

========================================================================
Received Import Request.
  Time since last request: 0.000073 seconds.
  path: Assets/Lizard man/Medieval Series/Lizard Men/Source/Materials/Lizard Man_1_var.mat
  artifactKey: Guid(c2a3d88142518ca428eba4e4e373f55a) Importer(2089858483,b0f066a214c2f5e87bad3c948f4d605d)
Start importing Assets/Lizard man/Medieval Series/Lizard Men/Source/Materials/Lizard Man_1_var.mat using Guid(c2a3d88142518ca428eba4e4e373f55a) Importer(2089858483,b0f066a214c2f5e87bad3c948f4d605d) (ScriptedImporter)Shader 'Polygonmaker/Skin': fallback shader '-1' not found
 -> (artifact id: '5bbf22093b603a5ea7335f54558cc363') in 0.1082785 seconds
Number of updated asset objects reloaded before import = 0Number of asset objects unloaded after import = 6

========================================================================
Received Import Request.
  Time since last request: 0.000038 seconds.
  path: Assets/Lizard man/Medieval Series/Lizard Men/Weapons/Source/Materials/Axe-Wraith_1.mat
  artifactKey: Guid(2cb653bd462ffc0418b24c9926cfed23) Importer(2089858483,b0f066a214c2f5e87bad3c948f4d605d)
Start importing Assets/Lizard man/Medieval Series/Lizard Men/Weapons/Source/Materials/Axe-Wraith_1.mat using Guid(2cb653bd462ffc0418b24c9926cfed23) Importer(2089858483,b0f066a214c2f5e87bad3c948f4d605d) (ScriptedImporter) -> (artifact id: '9a113cd0e9b875a736836e914b1f1220') in 0.0232548 seconds
Number of updated asset objects reloaded before import = 0Number of asset objects unloaded after import = 5

========================================================================
Received Import Request.
  Time since last request: 0.000048 seconds.
  path: Assets/Lizard man/Medieval Series/Lizard Men/Animations/Anim_Lizardman@fishing.FBX
  artifactKey: Guid(25aaac7aae0ccd645b3b0f36b095c765) Importer(2089858483,b0f066a214c2f5e87bad3c948f4d605d)
Start importing Assets/Lizard man/Medieval Series/Lizard Men/Animations/Anim_Lizardman@fishing.FBX using Guid(25aaac7aae0ccd645b3b0f36b095c765) Importer(2089858483,b0f066a214c2f5e87bad3c948f4d605d) (ScriptedImporter) -> (artifact id: '5817ee9c2195fbc65d52f12a055fb8eb') in 0.0155899 seconds
Number of updated asset objects reloaded before import = 0Number of asset objects unloaded after import = 203

========================================================================
Received Import Request.
  Time since last request: 0.000042 seconds.
  path: Assets/Lizard man/Medieval Series/Lizard Men/Characters/LizardMan_Female_1.prefab
  artifactKey: Guid(1e82916daea7b7c43a471a102ef70b3c) Importer(815301076,1909f56bfc062723c751e8b465ee728b)
Start importing Assets/Lizard man/Medieval Series/Lizard Men/Characters/LizardMan_Female_1.prefab using Guid(1e82916daea7b7c43a471a102ef70b3c) Importer(815301076,1909f56bfc062723c751e8b465ee728b) (PreviewImporter)Shader 'Polygonmaker/Skin': fallback shader '-1' not found
 -> (artifact id: '16d8d2cb57478be876521326b5dc1a52') in 0.180569 seconds
Number of updated asset objects reloaded before import = 0Number of asset objects unloaded after import = 760

========================================================================
Received Import Request.
  Time since last request: 0.000035 seconds.
  path: Assets/Lizard man/Polygonmaker - Shader/HDRP_2020.3.0f1
  artifactKey: Guid(30c7782ee9ea76d44b67e8ce5cc2436e) Importer(2089858483,b0f066a214c2f5e87bad3c948f4d605d)
Start importing Assets/Lizard man/Polygonmaker - Shader/HDRP_2020.3.0f1 using Guid(30c7782ee9ea76d44b67e8ce5cc2436e) Importer(2089858483,b0f066a214c2f5e87bad3c948f4d605d) (ScriptedImporter) -> (artifact id: '2f0954d3c25718adb5fb1ce269bf9092') in 0.0035158 seconds
Number of updated asset objects reloaded before import = 0Number of asset objects unloaded after import = 1

========================================================================
Received Import Request.
  Time since last request: 0.000046 seconds.
  path: Assets/Lizard man/Medieval Series/Lizard Men/Source/Materials/Lizard Man_1.mat
  artifactKey: Guid(f9adaa6993b4a914b802c6d9cd1cfd0f) Importer(2089858483,b0f066a214c2f5e87bad3c948f4d605d)
Start importing Assets/Lizard man/Medieval Series/Lizard Men/Source/Materials/Lizard Man_1.mat using Guid(f9adaa6993b4a914b802c6d9cd1cfd0f) Importer(2089858483,b0f066a214c2f5e87bad3c948f4d605d) (ScriptedImporter)Shader 'Polygonmaker/Skin': fallback shader '-1' not found
 -> (artifact id: 'a5a16e5e5191bc1f9a6895dff295637e') in 0.0916356 seconds
Number of updated asset objects reloaded before import = 0Number of asset objects unloaded after import = 6

========================================================================
Received Import Request.
  Time since last request: 0.000056 seconds.
  path: Assets/Lizard man/Medieval Series/Lizard Men/Source
  artifactKey: Guid(686110916f475284fa3780e780394c43) Importer(2089858483,b0f066a214c2f5e87bad3c948f4d605d)
Start importing Assets/Lizard man/Medieval Series/Lizard Men/Source using Guid(686110916f475284fa3780e780394c43) Importer(2089858483,b0f066a214c2f5e87bad3c948f4d605d) (ScriptedImporter) -> (artifact id: '7c716478596e1d5889e1506eae938329') in 0.0053775 seconds
Number of updated asset objects reloaded before import = 0Number of asset objects unloaded after import = 1

========================================================================
Received Import Request.
  Time since last request: 0.000037 seconds.
  path: Assets/Lizard man/Medieval Series/Lizard Men/Animations/Lizard1.controller
  artifactKey: Guid(358f668bccaa30d4b9223992cb28045b) Importer(2089858483,b0f066a214c2f5e87bad3c948f4d605d)
Start importing Assets/Lizard man/Medieval Series/Lizard Men/Animations/Lizard1.controller using Guid(358f668bccaa30d4b9223992cb28045b) Importer(2089858483,b0f066a214c2f5e87bad3c948f4d605d) (ScriptedImporter) -> (artifact id: '57f3a34cdb5a42e67a908ce8bb34a725') in 0.011658 seconds
Number of updated asset objects reloaded before import = 0Number of asset objects unloaded after import = 22

========================================================================
Received Import Request.
  Time since last request: 0.000062 seconds.
  path: Assets/Lizard man/Medieval Series/Lizard Men/Weapons/Textures/T_Shield-Tribal_01_N.tga
  artifactKey: Guid(4dfe9540388373a4586cd19cb0e79fbd) Importer(2089858483,b0f066a214c2f5e87bad3c948f4d605d)
Start importing Assets/Lizard man/Medieval Series/Lizard Men/Weapons/Textures/T_Shield-Tribal_01_N.tga using Guid(4dfe9540388373a4586cd19cb0e79fbd) Importer(2089858483,b0f066a214c2f5e87bad3c948f4d605d) (ScriptedImporter) -> (artifact id: 'a87dc0dcb3ef0eee16ce1ea0d0f5451b') in 0.0372822 seconds
Number of updated asset objects reloaded before import = 0Number of asset objects unloaded after import = 1

========================================================================
Received Import Request.
  Time since last request: 0.000033 seconds.
  path: Assets/Lizard man/Medieval Series/Lizard Men/Weapons/Textures/T_Spear-Primitive_01_N.tga
  artifactKey: Guid(c72269421dfd5a44790aed0b159fc778) Importer(2089858483,b0f066a214c2f5e87bad3c948f4d605d)
Start importing Assets/Lizard man/Medieval Series/Lizard Men/Weapons/Textures/T_Spear-Primitive_01_N.tga using Guid(c72269421dfd5a44790aed0b159fc778) Importer(2089858483,b0f066a214c2f5e87bad3c948f4d605d) (ScriptedImporter) -> (artifact id: '64ae70e1134ccf15d22c5ff8f2c4b07c') in 0.0099785 seconds
Number of updated asset objects reloaded before import = 0Number of asset objects unloaded after import = 1

========================================================================
Received Import Request.
  Time since last request: 0.000033 seconds.
  path: Assets/Lizard man/Polygonmaker - Shader/Materials
  artifactKey: Guid(8c5f58f0069d9564f8e13d1f257f44da) Importer(2089858483,b0f066a214c2f5e87bad3c948f4d605d)
Start importing Assets/Lizard man/Polygonmaker - Shader/Materials using Guid(8c5f58f0069d9564f8e13d1f257f44da) Importer(2089858483,b0f066a214c2f5e87bad3c948f4d605d) (ScriptedImporter) -> (artifact id: 'c45ba672008d31a18d9ede8366cc0ecf') in 0.00346 seconds
Number of updated asset objects reloaded before import = 0Number of asset objects unloaded after import = 1

========================================================================
Received Import Request.
  Time since last request: 0.000042 seconds.
  path: Assets/Lizard man/Medieval Series/Lizard Men/Animations/Anim_LizardMan@idle.FBX
  artifactKey: Guid(93d1886728351fd48af291e67e46e1af) Importer(2089858483,b0f066a214c2f5e87bad3c948f4d605d)
Start importing Assets/Lizard man/Medieval Series/Lizard Men/Animations/Anim_LizardMan@idle.FBX using Guid(93d1886728351fd48af291e67e46e1af) Importer(2089858483,b0f066a214c2f5e87bad3c948f4d605d) (ScriptedImporter) -> (artifact id: '065af380995bf56d1f35211f3eb66188') in 0.0221883 seconds
Number of updated asset objects reloaded before import = 0Number of asset objects unloaded after import = 217

========================================================================
Received Import Request.
  Time since last request: 0.000059 seconds.
  path: Assets/Lizard man/Polygonmaker - Shader/Source/T_Golem-Crystal_MS.tga
  artifactKey: Guid(2b3127d2659588140b7c072e4a17e58d) Importer(2089858483,b0f066a214c2f5e87bad3c948f4d605d)
Start importing Assets/Lizard man/Polygonmaker - Shader/Source/T_Golem-Crystal_MS.tga using Guid(2b3127d2659588140b7c072e4a17e58d) Importer(2089858483,b0f066a214c2f5e87bad3c948f4d605d) (ScriptedImporter) -> (artifact id: '265b10cf33480ab040f270ed5fb218cd') in 0.0104107 seconds
Number of updated asset objects reloaded before import = 0Number of asset objects unloaded after import = 1

========================================================================
Received Import Request.
  Time since last request: 0.000042 seconds.
  path: Assets/Lizard man/Medieval Series/Lizard Men/Source/Textures/Helmet [Normal].tga
  artifactKey: Guid(d4695d79b25820640a4ca59543b33a9d) Importer(2089858483,b0f066a214c2f5e87bad3c948f4d605d)
Start importing Assets/Lizard man/Medieval Series/Lizard Men/Source/Textures/Helmet [Normal].tga using Guid(d4695d79b25820640a4ca59543b33a9d) Importer(2089858483,b0f066a214c2f5e87bad3c948f4d605d) (ScriptedImporter) -> (artifact id: '2fc67bdd00ac77c86d45bfee5a9baa65') in 0.0160339 seconds
Number of updated asset objects reloaded before import = 0Number of asset objects unloaded after import = 1

========================================================================
Received Import Request.
  Time since last request: 0.000030 seconds.
  path: Assets/Lizard man/Medieval Series/Lizard Men/Source/Textures/T_Lizard_Man_1_MS.tga
  artifactKey: Guid(087863d4dde58da4ab10a01044cbe6b8) Importer(2089858483,b0f066a214c2f5e87bad3c948f4d605d)
Start importing Assets/Lizard man/Medieval Series/Lizard Men/Source/Textures/T_Lizard_Man_1_MS.tga using Guid(087863d4dde58da4ab10a01044cbe6b8) Importer(2089858483,b0f066a214c2f5e87bad3c948f4d605d) (ScriptedImporter) -> (artifact id: 'a4955711ce064675696a28309af47338') in 0.0305057 seconds
Number of updated asset objects reloaded before import = 0Number of asset objects unloaded after import = 1

========================================================================
Received Import Request.
  Time since last request: 55.876098 seconds.
  path: Assets/Lizard man/Medieval Series/Lizard Men/Animations
  artifactKey: Guid(7bd1f96200069214f8162b54496fe703) Importer(815301076,1909f56bfc062723c751e8b465ee728b)
Start importing Assets/Lizard man/Medieval Series/Lizard Men/Animations using Guid(7bd1f96200069214f8162b54496fe703) Importer(815301076,1909f56bfc062723c751e8b465ee728b) (PreviewImporter) -> (artifact id: '61d3cec3cd96b6eda3928e4fc0131709') in 0.0012199 seconds
Number of updated asset objects reloaded before import = 0Number of asset objects unloaded after import = 0

========================================================================
Received Import Request.
  Time since last request: 0.440920 seconds.
  path: Assets/Lizard man/Medieval Series/Lizard Men/Animations/Anim_LizardMan@attack1.FBX
  artifactKey: Guid(ad318aacda57c3046af952dc0db83f6f) Importer(815301076,1909f56bfc062723c751e8b465ee728b)
Start importing Assets/Lizard man/Medieval Series/Lizard Men/Animations/Anim_LizardMan@attack1.FBX using Guid(ad318aacda57c3046af952dc0db83f6f) Importer(815301076,1909f56bfc062723c751e8b465ee728b) (PreviewImporter) -> (artifact id: '57f03e0e6c8dea58282b62da809af9c1') in 0.0570231 seconds
Number of updated asset objects reloaded before import = 0Number of asset objects unloaded after import = 216

========================================================================
Received Import Request.
  Time since last request: 0.000029 seconds.
  path: Assets/Lizard man/Medieval Series/Lizard Men/Animations/Anim_LizardMan@walk.FBX
  artifactKey: Guid(7b5ba13a24f106243b9fb84b5320005d) Importer(815301076,1909f56bfc062723c751e8b465ee728b)
Start importing Assets/Lizard man/Medieval Series/Lizard Men/Animations/Anim_LizardMan@walk.FBX using Guid(7b5ba13a24f106243b9fb84b5320005d) Importer(815301076,1909f56bfc062723c751e8b465ee728b) (PreviewImporter) -> (artifact id: 'c964513b3e36bcfceb690a43260bc99e') in 0.0361919 seconds
Number of updated asset objects reloaded before import = 0Number of asset objects unloaded after import = 202

========================================================================
Received Import Request.
  Time since last request: 0.000034 seconds.
  path: Assets/Lizard man/Medieval Series/Lizard Men/Animations/Anim_LizardMan@walk_inplace.FBX
  artifactKey: Guid(9db095c216c8e1a4da3c50f7643e4f8e) Importer(815301076,1909f56bfc062723c751e8b465ee728b)
Start importing Assets/Lizard man/Medieval Series/Lizard Men/Animations/Anim_LizardMan@walk_inplace.FBX using Guid(9db095c216c8e1a4da3c50f7643e4f8e) Importer(815301076,1909f56bfc062723c751e8b465ee728b) (PreviewImporter) -> (artifact id: '723f94b451f6d3af70a291409beb6179') in 0.0360484 seconds
Number of updated asset objects reloaded before import = 0Number of asset objects unloaded after import = 216

========================================================================
Received Import Request.
  Time since last request: 0.000058 seconds.
  path: Assets/Lizard man/Medieval Series/Lizard Men/Animations/Anim_LizardMan@StrafeR_inplace.FBX
  artifactKey: Guid(21c5639d4f9536c49b4be5301c933c66) Importer(815301076,1909f56bfc062723c751e8b465ee728b)
Start importing Assets/Lizard man/Medieval Series/Lizard Men/Animations/Anim_LizardMan@StrafeR_inplace.FBX using Guid(21c5639d4f9536c49b4be5301c933c66) Importer(815301076,1909f56bfc062723c751e8b465ee728b) (PreviewImporter) -> (artifact id: 'ee098f0034998fcbf810e75d956ff161') in 0.0377573 seconds
Number of updated asset objects reloaded before import = 0Number of asset objects unloaded after import = 216

========================================================================
Received Import Request.
  Time since last request: 0.000029 seconds.
  path: Assets/Lizard man/Medieval Series/Lizard Men/Animations/Anim_Lizardman@spearupidle.FBX
  artifactKey: Guid(ce3eae45ff274f24ca9645c3a7e70778) Importer(815301076,1909f56bfc062723c751e8b465ee728b)
Start importing Assets/Lizard man/Medieval Series/Lizard Men/Animations/Anim_Lizardman@spearupidle.FBX using Guid(ce3eae45ff274f24ca9645c3a7e70778) Importer(815301076,1909f56bfc062723c751e8b465ee728b) (PreviewImporter) -> (artifact id: 'd84e50a332d84b7e43b58f88dfedb178') in 0.0332092 seconds
Number of updated asset objects reloaded before import = 0Number of asset objects unloaded after import = 202

========================================================================
Received Import Request.
  Time since last request: 0.000031 seconds.
  path: Assets/Lizard man/Medieval Series/Lizard Men/Animations/Anim_LizardMan@run_inplace.FBX
  artifactKey: Guid(b7ea04a7679629340a622dd21fcf1326) Importer(815301076,1909f56bfc062723c751e8b465ee728b)
Start importing Assets/Lizard man/Medieval Series/Lizard Men/Animations/Anim_LizardMan@run_inplace.FBX using Guid(b7ea04a7679629340a622dd21fcf1326) Importer(815301076,1909f56bfc062723c751e8b465ee728b) (PreviewImporter) -> (artifact id: '6ecb8f66692ff0117cf74750af775aef') in 0.0322981 seconds
Number of updated asset objects reloaded before import = 0Number of asset objects unloaded after import = 216

========================================================================
Received Import Request.
  Time since last request: 0.000037 seconds.
  path: Assets/Lizard man/Medieval Series/Lizard Men/Animations/Anim_Lizardman@fishing.FBX
  artifactKey: Guid(25aaac7aae0ccd645b3b0f36b095c765) Importer(815301076,1909f56bfc062723c751e8b465ee728b)
Start importing Assets/Lizard man/Medieval Series/Lizard Men/Animations/Anim_Lizardman@fishing.FBX using Guid(25aaac7aae0ccd645b3b0f36b095c765) Importer(815301076,1909f56bfc062723c751e8b465ee728b) (PreviewImporter) -> (artifact id: '7a16347e33714900343c7cb38fb56115') in 0.0316676 seconds
Number of updated asset objects reloaded before import = 0Number of asset objects unloaded after import = 202

========================================================================
Received Import Request.
  Time since last request: 0.000057 seconds.
  path: Assets/Lizard man/Medieval Series/Lizard Men/Animations/Anim_LizardMan@taunt.FBX
  artifactKey: Guid(0f544c9573f37bd4c9e1873ccf29d5e7) Importer(815301076,1909f56bfc062723c751e8b465ee728b)
Start importing Assets/Lizard man/Medieval Series/Lizard Men/Animations/Anim_LizardMan@taunt.FBX using Guid(0f544c9573f37bd4c9e1873ccf29d5e7) Importer(815301076,1909f56bfc062723c751e8b465ee728b) (PreviewImporter) -> (artifact id: 'dbba28c8852751df07512b732b006505') in 0.0355665 seconds
Number of updated asset objects reloaded before import = 0Number of asset objects unloaded after import = 216

========================================================================
Received Import Request.
  Time since last request: 0.000029 seconds.
  path: Assets/Lizard man/Medieval Series/Lizard Men/Animations/Anim_LizardMan@jump.FBX
  artifactKey: Guid(abc98c6eee377fa4882c1ff3b32dd663) Importer(815301076,1909f56bfc062723c751e8b465ee728b)
Start importing Assets/Lizard man/Medieval Series/Lizard Men/Animations/Anim_LizardMan@jump.FBX using Guid(abc98c6eee377fa4882c1ff3b32dd663) Importer(815301076,1909f56bfc062723c751e8b465ee728b) (PreviewImporter) -> (artifact id: '4b4d6d06efc4a2a74405231510e006ff') in 0.0401567 seconds
Number of updated asset objects reloaded before import = 0Number of asset objects unloaded after import = 216

========================================================================
Received Import Request.
  Time since last request: 0.000032 seconds.
  path: Assets/Lizard man/Medieval Series/Lizard Men/Animations/Anim_LizardMan@runR.fbx
  artifactKey: Guid(ee7f0ff4a50bab74c92100fda2945e57) Importer(815301076,1909f56bfc062723c751e8b465ee728b)
Start importing Assets/Lizard man/Medieval Series/Lizard Men/Animations/Anim_LizardMan@runR.fbx using Guid(ee7f0ff4a50bab74c92100fda2945e57) Importer(815301076,1909f56bfc062723c751e8b465ee728b) (PreviewImporter) -> (artifact id: '57729439ba4a13cf1ac2511638162f33') in 0.0432809 seconds
Number of updated asset objects reloaded before import = 0Number of asset objects unloaded after import = 202

========================================================================
Received Import Request.
  Time since last request: 0.000039 seconds.
  path: Assets/Lizard man/Medieval Series/Lizard Men/Animations/Anim_Lizardman@spearupthrow.FBX
  artifactKey: Guid(9c97b548084ccd6438702e5612193b68) Importer(815301076,1909f56bfc062723c751e8b465ee728b)
Start importing Assets/Lizard man/Medieval Series/Lizard Men/Animations/Anim_Lizardman@spearupthrow.FBX using Guid(9c97b548084ccd6438702e5612193b68) Importer(815301076,1909f56bfc062723c751e8b465ee728b) (PreviewImporter) -> (artifact id: '17700fbcf3b2561ac2674991f884f447') in 0.0445698 seconds
Number of updated asset objects reloaded before import = 0Number of asset objects unloaded after import = 202

========================================================================
Received Import Request.
  Time since last request: 0.000039 seconds.
  path: Assets/Lizard man/Medieval Series/Lizard Men/Animations/Anim_LizardMan@attack3.FBX
  artifactKey: Guid(2f78ddb67225352478cbadb81286a3bf) Importer(815301076,1909f56bfc062723c751e8b465ee728b)
Start importing Assets/Lizard man/Medieval Series/Lizard Men/Animations/Anim_LizardMan@attack3.FBX using Guid(2f78ddb67225352478cbadb81286a3bf) Importer(815301076,1909f56bfc062723c751e8b465ee728b) (PreviewImporter) -> (artifact id: 'b944b54d7a54c2916e1aa3992e5fc2bd') in 0.0340944 seconds
Number of updated asset objects reloaded before import = 0Number of asset objects unloaded after import = 216

========================================================================
Received Import Request.
  Time since last request: 0.000032 seconds.
  path: Assets/Lizard man/Medieval Series/Lizard Men/Animations/Anim_LizardMan@death.FBX
  artifactKey: Guid(08f00d5d7cf50664f8ca4e4ad5eff3c2) Importer(815301076,1909f56bfc062723c751e8b465ee728b)
Start importing Assets/Lizard man/Medieval Series/Lizard Men/Animations/Anim_LizardMan@death.FBX using Guid(08f00d5d7cf50664f8ca4e4ad5eff3c2) Importer(815301076,1909f56bfc062723c751e8b465ee728b) (PreviewImporter) -> (artifact id: '236c51cb69069ae642bd45d0589fa907') in 0.0334956 seconds
Number of updated asset objects reloaded before import = 0Number of asset objects unloaded after import = 216

========================================================================
Received Import Request.
  Time since last request: 0.000053 seconds.
  path: Assets/Lizard man/Medieval Series/Lizard Men/Animations/Anim_LizardMan@walk-back.FBX
  artifactKey: Guid(166cee65487cbcf40b4c05f1df6a3d58) Importer(815301076,1909f56bfc062723c751e8b465ee728b)
Start importing Assets/Lizard man/Medieval Series/Lizard Men/Animations/Anim_LizardMan@walk-back.FBX using Guid(166cee65487cbcf40b4c05f1df6a3d58) Importer(815301076,1909f56bfc062723c751e8b465ee728b) (PreviewImporter) -> (artifact id: 'b36cab40467acf51dbbe866b2e4a170e') in 0.0374213 seconds
Number of updated asset objects reloaded before import = 0Number of asset objects unloaded after import = 202

========================================================================
Received Prepare
Begin MonoManager ReloadAssembly
[Licensing::Client] Successfully resolved entitlement details
ADTM: Control thread waiting for realtime thread timed out, have to lock...
- Loaded All Assemblies, in  1.999 seconds
Refreshing native plugins compatible for Editor in 0.71 ms, found 3 plugins.
Native extension for Android target not found
Native extension for WindowsStandalone target not found
[Package Manager] Failed to launch server process. Reason: Unity was launched with the -noUpm command-line argument
[Package Manager] Unable to send message (not connected to server process).
[Package Manager] Cannot connect to Unity Package Manager local server
[Package Manager] Failed to launch server process. Reason: Unity was launched with the -noUpm command-line argument
[Package Manager] Unable to send message (not connected to server process).
[Package Manager] Cannot connect to Unity Package Manager local server
ScheduleIndexationOnStartup MainProcess:False IndexOnStartup:True
Mono: successfully reloaded assembly
- Finished resetting the current domain, in  1.548 seconds
Domain Reload Profiling: 3550ms
	BeginReloadAssembly (1313ms)
		ExecutionOrderSort (0ms)
		DisableScriptedObjects (33ms)
		BackupInstance (0ms)
		ReleaseScriptingObjects (0ms)
		CreateAndSetChildDomain (1078ms)
	RebuildCommonClasses (52ms)
	RebuildNativeTypeToScriptingClass (19ms)
	initialDomainReloadingComplete (32ms)
	LoadAllAssembliesAndSetupDomain (586ms)
		LoadAssemblies (443ms)
		RebuildTransferFunctionScriptingTraits (0ms)
		AnalyzeDomain (271ms)
			TypeCache.Refresh (8ms)
				TypeCache.ScanAssembly (0ms)
			BuildScriptInfoCaches (243ms)
			ResolveRequiredComponents (14ms)
	FinalizeReload (1548ms)
		ReleaseScriptCaches (0ms)
		RebuildScriptCaches (0ms)
		SetupLoadedEditorAssemblies (1284ms)
			LogAssemblyErrors (0ms)
			InitializePlatformSupportModulesInManaged (14ms)
			SetLoadedEditorAssemblies (8ms)
			BeforeProcessingInitializeOnLoad (280ms)
			ProcessInitializeOnLoadAttributes (796ms)
			ProcessInitializeOnLoadMethodAttributes (179ms)
			AfterProcessingInitializeOnLoad (7ms)
			EditorAssembliesLoaded (1ms)
		ExecutionOrderSort2 (0ms)
		AwakeInstancesAfterBackupRestoration (39ms)
Shader 'Polygonmaker/Basic-PBR (Cutout Single Side)': fallback shader '-1' not found
Shader 'Polygonmaker/Skin': fallback shader '-1' not found
Refreshing native plugins compatible for Editor in 1.96 ms, found 3 plugins.
Preloading 0 native plugins for Editor in 0.00 ms.
Unloading 24 Unused Serialized files (Serialized files now loaded: 0)
Unloading 6200 unused Assets / (5.5 MB). Loaded Objects now: 7109.
Memory consumption went from 175.9 MB to 170.4 MB.
Total: 22.833400 ms (FindLiveObjects: 1.379300 ms CreateObjectMapping: 1.800200 ms MarkObjects: 12.049000 ms  DeleteObjects: 7.602700 ms)

Prepare: number of updated asset objects reloaded= 0
========================================================================
Received Prepare
Begin MonoManager ReloadAssembly
ADTM: Control thread waiting for realtime thread timed out, have to lock...
- Loaded All Assemblies, in  2.083 seconds
Refreshing native plugins compatible for Editor in 1.94 ms, found 3 plugins.
Native extension for Android target not found
Native extension for WindowsStandalone target not found
[Package Manager] Failed to launch server process. Reason: Unity was launched with the -noUpm command-line argument
[Package Manager] Unable to send message (not connected to server process).
[Package Manager] Cannot connect to Unity Package Manager local server
[Package Manager] Failed to launch server process. Reason: Unity was launched with the -noUpm command-line argument
[Package Manager] Unable to send message (not connected to server process).
[Package Manager] Cannot connect to Unity Package Manager local server
ScheduleIndexationOnStartup MainProcess:False IndexOnStartup:True
Mono: successfully reloaded assembly
- Finished resetting the current domain, in  1.604 seconds
Domain Reload Profiling: 3694ms
	BeginReloadAssembly (1261ms)
		ExecutionOrderSort (0ms)
		DisableScriptedObjects (8ms)
		BackupInstance (0ms)
		ReleaseScriptingObjects (0ms)
		CreateAndSetChildDomain (1058ms)
	RebuildCommonClasses (60ms)
	RebuildNativeTypeToScriptingClass (24ms)
	initialDomainReloadingComplete (34ms)
	LoadAllAssembliesAndSetupDomain (709ms)
		LoadAssemblies (438ms)
		RebuildTransferFunctionScriptingTraits (0ms)
		AnalyzeDomain (396ms)
			TypeCache.Refresh (9ms)
				TypeCache.ScanAssembly (0ms)
			BuildScriptInfoCaches (357ms)
			ResolveRequiredComponents (23ms)
	FinalizeReload (1605ms)
		ReleaseScriptCaches (0ms)
		RebuildScriptCaches (0ms)
		SetupLoadedEditorAssemblies (1186ms)
			LogAssemblyErrors (0ms)
			InitializePlatformSupportModulesInManaged (21ms)
			SetLoadedEditorAssemblies (10ms)
			BeforeProcessingInitializeOnLoad (291ms)
			ProcessInitializeOnLoadAttributes (708ms)
			ProcessInitializeOnLoadMethodAttributes (149ms)
			AfterProcessingInitializeOnLoad (7ms)
			EditorAssembliesLoaded (1ms)
		ExecutionOrderSort2 (0ms)
		AwakeInstancesAfterBackupRestoration (37ms)
Shader 'Polygonmaker/Skin': fallback shader '-1' not found
Shader 'Polygonmaker/Basic-PBR (Cutout Single Side)': fallback shader '-1' not found
Refreshing native plugins compatible for Editor in 0.90 ms, found 3 plugins.
Preloading 0 native plugins for Editor in 0.00 ms.
Unloading 18 Unused Serialized files (Serialized files now loaded: 0)
Unloading 6195 unused Assets / (5.1 MB). Loaded Objects now: 7112.
Memory consumption went from 174.3 MB to 169.2 MB.
Total: 23.553200 ms (FindLiveObjects: 1.674500 ms CreateObjectMapping: 2.923100 ms MarkObjects: 10.029400 ms  DeleteObjects: 8.924600 ms)

Prepare: number of updated asset objects reloaded= 0
========================================================================
Received Import Request.
  Time since last request: 210.856344 seconds.
  path: Assets/3D Asserts
  artifactKey: Guid(ae2f8e8ce1c4be748bc5880315b0ca8d) Importer(815301076,1909f56bfc062723c751e8b465ee728b)
Start importing Assets/3D Asserts using Guid(ae2f8e8ce1c4be748bc5880315b0ca8d) Importer(815301076,1909f56bfc062723c751e8b465ee728b) (PreviewImporter) -> (artifact id: '8b3815c41c98ba4e39097d0534b1b8d5') in 0.0372372 seconds
Number of updated asset objects reloaded before import = 0Number of asset objects unloaded after import = 0

========================================================================
Received Import Request.
  Time since last request: 0.819808 seconds.
  path: Assets/3D Asserts
  artifactKey: Guid(ae2f8e8ce1c4be748bc5880315b0ca8d) Importer(2089858483,b0f066a214c2f5e87bad3c948f4d605d)
Start importing Assets/3D Asserts using Guid(ae2f8e8ce1c4be748bc5880315b0ca8d) Importer(2089858483,b0f066a214c2f5e87bad3c948f4d605d) (ScriptedImporter) -> (artifact id: '5f91095c4b9393f0993d31906ae7ca23') in 0.0626402 seconds
Number of updated asset objects reloaded before import = 0Number of asset objects unloaded after import = 1

========================================================================
Received Import Request.
  Time since last request: 4.917876 seconds.
  path: Assets/3D Asserts/Lizard man/Medieval Series/Lizard Men/Weapons/Textures
  artifactKey: Guid(45408b18b6d4f4c4aad4c14b604b835d) Importer(2089858483,b0f066a214c2f5e87bad3c948f4d605d)
Start importing Assets/3D Asserts/Lizard man/Medieval Series/Lizard Men/Weapons/Textures using Guid(45408b18b6d4f4c4aad4c14b604b835d) Importer(2089858483,b0f066a214c2f5e87bad3c948f4d605d) (ScriptedImporter) -> (artifact id: '36061210170c7614daeb47d4f10dc86e') in 0.0048223 seconds
Number of updated asset objects reloaded before import = 0Number of asset objects unloaded after import = 1

========================================================================
Received Import Request.
  Time since last request: 0.000028 seconds.
  path: Assets/3D Asserts/Lizard man/Medieval Series/Lizard Men/Weapons/Source/Materials/Shield-Horde_1.mat
  artifactKey: Guid(481559429f758134da7d0eefd8ef3afd) Importer(2089858483,b0f066a214c2f5e87bad3c948f4d605d)
Start importing Assets/3D Asserts/Lizard man/Medieval Series/Lizard Men/Weapons/Source/Materials/Shield-Horde_1.mat using Guid(481559429f758134da7d0eefd8ef3afd) Importer(2089858483,b0f066a214c2f5e87bad3c948f4d605d) (ScriptedImporter) -> (artifact id: 'b1e71a4f643f569ab011dedcfa8ecc30') in 0.093346 seconds
Number of updated asset objects reloaded before import = 0Number of asset objects unloaded after import = 4

========================================================================
Received Import Request.
  Time since last request: 0.000029 seconds.
  path: Assets/3D Asserts/Lizard man/Polygonmaker - Shader/Shaders
  artifactKey: Guid(2b21264aabd754c43a8800b96cbf93b7) Importer(2089858483,b0f066a214c2f5e87bad3c948f4d605d)
Start importing Assets/3D Asserts/Lizard man/Polygonmaker - Shader/Shaders using Guid(2b21264aabd754c43a8800b96cbf93b7) Importer(2089858483,b0f066a214c2f5e87bad3c948f4d605d) (ScriptedImporter) -> (artifact id: '4545cf8b1fd95818d6ddc5475e0c2802') in 0.0045562 seconds
Number of updated asset objects reloaded before import = 0Number of asset objects unloaded after import = 1

========================================================================
Received Import Request.
  Time since last request: 0.000031 seconds.
  path: Assets/3D Asserts/Lizard man/Medieval Series/Lizard Men/Source/Textures/T_Lizard_Man_4_MS.tga
  artifactKey: Guid(e82c5a650fc9da24f99876c7f4c67d9a) Importer(2089858483,b0f066a214c2f5e87bad3c948f4d605d)
Start importing Assets/3D Asserts/Lizard man/Medieval Series/Lizard Men/Source/Textures/T_Lizard_Man_4_MS.tga using Guid(e82c5a650fc9da24f99876c7f4c67d9a) Importer(2089858483,b0f066a214c2f5e87bad3c948f4d605d) (ScriptedImporter) -> (artifact id: '3fab536190b316203e50842673cbef18') in 0.1018946 seconds
Number of updated asset objects reloaded before import = 0Number of asset objects unloaded after import = 1

========================================================================
Received Import Request.
  Time since last request: 0.000018 seconds.
  path: Assets/3D Asserts/Lizard man/Medieval Series/Lizard Men/Source/Textures/Mobile/Lizard_Man_1 [Diffuse].tga
  artifactKey: Guid(9b619dc211316434c860fc728cf5f424) Importer(2089858483,b0f066a214c2f5e87bad3c948f4d605d)
Start importing Assets/3D Asserts/Lizard man/Medieval Series/Lizard Men/Source/Textures/Mobile/Lizard_Man_1 [Diffuse].tga using Guid(9b619dc211316434c860fc728cf5f424) Importer(2089858483,b0f066a214c2f5e87bad3c948f4d605d) (ScriptedImporter) -> (artifact id: 'b72dc70f023dc3a97960183ff6d1485e') in 0.0162777 seconds
Number of updated asset objects reloaded before import = 0Number of asset objects unloaded after import = 1

========================================================================
Received Import Request.
  Time since last request: 0.000024 seconds.
  path: Assets/3D Asserts/Lizard man/Medieval Series/Lizard Men/Weapons/Source/Materials/Shield-Tribal_1.mat
  artifactKey: Guid(ed222653154886a4ab5f645835f5df57) Importer(2089858483,b0f066a214c2f5e87bad3c948f4d605d)
Start importing Assets/3D Asserts/Lizard man/Medieval Series/Lizard Men/Weapons/Source/Materials/Shield-Tribal_1.mat using Guid(ed222653154886a4ab5f645835f5df57) Importer(2089858483,b0f066a214c2f5e87bad3c948f4d605d) (ScriptedImporter) -> (artifact id: '95dbeb9b5035c0bec8971700865352dc') in 0.0828012 seconds
Number of updated asset objects reloaded before import = 0Number of asset objects unloaded after import = 4

========================================================================
Received Import Request.
  Time since last request: 0.000061 seconds.
  path: Assets/3D Asserts/Lizard man/Medieval Series/Lizard Men/Weapons/Source/Shield-Horde_1.FBX
  artifactKey: Guid(19684b6165b75994d8af0139ce953e97) Importer(2089858483,b0f066a214c2f5e87bad3c948f4d605d)
Start importing Assets/3D Asserts/Lizard man/Medieval Series/Lizard Men/Weapons/Source/Shield-Horde_1.FBX using Guid(19684b6165b75994d8af0139ce953e97) Importer(2089858483,b0f066a214c2f5e87bad3c948f4d605d) (ScriptedImporter) -> (artifact id: '165d82f55a6bc881d11f9143da8be282') in 0.0677906 seconds
Number of updated asset objects reloaded before import = 0Number of asset objects unloaded after import = 20

========================================================================
Received Import Request.
  Time since last request: 0.000037 seconds.
  path: Assets/3D Asserts/Lizard man/Polygonmaker - Shader/Shaders/Polygonmaker-AS-BasicPBR_Cutout.shader
  artifactKey: Guid(bee9aa95508eca3429d6c571e5e8fad6) Importer(2089858483,b0f066a214c2f5e87bad3c948f4d605d)
Start importing Assets/3D Asserts/Lizard man/Polygonmaker - Shader/Shaders/Polygonmaker-AS-BasicPBR_Cutout.shader using Guid(bee9aa95508eca3429d6c571e5e8fad6) Importer(2089858483,b0f066a214c2f5e87bad3c948f4d605d) (ScriptedImporter)Shader 'Polygonmaker/Basic-PBR (Cutout Single Side)': fallback shader '-1' not found
 -> (artifact id: 'a8ba0306ec62c36dea3d0ce71caad217') in 0.021199 seconds
Number of updated asset objects reloaded before import = 0Number of asset objects unloaded after import = 1

========================================================================
Received Import Request.
  Time since last request: 0.000025 seconds.
  path: Assets/3D Asserts/Lizard man/Medieval Series/Lizard Men/Source/Materials
  artifactKey: Guid(469bb73615bde254a9dee8a0d05d26f1) Importer(2089858483,b0f066a214c2f5e87bad3c948f4d605d)
Start importing Assets/3D Asserts/Lizard man/Medieval Series/Lizard Men/Source/Materials using Guid(469bb73615bde254a9dee8a0d05d26f1) Importer(2089858483,b0f066a214c2f5e87bad3c948f4d605d) (ScriptedImporter) -> (artifact id: '6dc000866455da3e930766762bed2004') in 0.0099084 seconds
Number of updated asset objects reloaded before import = 0Number of asset objects unloaded after import = 1

========================================================================
Received Import Request.
  Time since last request: 0.000100 seconds.
  path: Assets/3D Asserts/Lizard man/Polygonmaker - Shader/Textures
  artifactKey: Guid(cee741c53a27783478d5f483c3312488) Importer(2089858483,b0f066a214c2f5e87bad3c948f4d605d)
Start importing Assets/3D Asserts/Lizard man/Polygonmaker - Shader/Textures using Guid(cee741c53a27783478d5f483c3312488) Importer(2089858483,b0f066a214c2f5e87bad3c948f4d605d) (ScriptedImporter) -> (artifact id: '47b8254b4f8d19818504818520c47633') in 0.0042675 seconds
Number of updated asset objects reloaded before import = 0Number of asset objects unloaded after import = 1

========================================================================
Received Import Request.
  Time since last request: 0.000026 seconds.
  path: Assets/3D Asserts/Lizard man/Medieval Series/Lizard Men/Source/Materials/Lizard Man_Cloth_Blue.mat
  artifactKey: Guid(cedadf37fa93587498ecb8a8d494b103) Importer(2089858483,b0f066a214c2f5e87bad3c948f4d605d)
Start importing Assets/3D Asserts/Lizard man/Medieval Series/Lizard Men/Source/Materials/Lizard Man_Cloth_Blue.mat using Guid(cedadf37fa93587498ecb8a8d494b103) Importer(2089858483,b0f066a214c2f5e87bad3c948f4d605d) (ScriptedImporter) -> (artifact id: '48a5a6ade4d7edbe1fa6d7734c3a4619') in 0.1185607 seconds
Number of updated asset objects reloaded before import = 0Number of asset objects unloaded after import = 6

========================================================================
Received Import Request.
  Time since last request: 0.000045 seconds.
  path: Assets/3D Asserts/Lizard man/Medieval Series/Lizard Men/Source/Materials/Mobile/Lizard_1_Mobile.mat
  artifactKey: Guid(6b9d8d471a275594488d4729cf6f15d1) Importer(2089858483,b0f066a214c2f5e87bad3c948f4d605d)
Start importing Assets/3D Asserts/Lizard man/Medieval Series/Lizard Men/Source/Materials/Mobile/Lizard_1_Mobile.mat using Guid(6b9d8d471a275594488d4729cf6f15d1) Importer(2089858483,b0f066a214c2f5e87bad3c948f4d605d) (ScriptedImporter) -> (artifact id: '09f7f32ebe791b6a5f7c534c159d491a') in 0.0272957 seconds
Number of updated asset objects reloaded before import = 0Number of asset objects unloaded after import = 2

========================================================================
Received Import Request.
  Time since last request: 0.000041 seconds.
  path: Assets/3D Asserts/Lizard man/Medieval Series/Lizard Men/Source/Materials/Lizard Man_2_var.mat
  artifactKey: Guid(a14bdd24c72bc704eb320174f432b3a8) Importer(2089858483,b0f066a214c2f5e87bad3c948f4d605d)
Start importing Assets/3D Asserts/Lizard man/Medieval Series/Lizard Men/Source/Materials/Lizard Man_2_var.mat using Guid(a14bdd24c72bc704eb320174f432b3a8) Importer(2089858483,b0f066a214c2f5e87bad3c948f4d605d) (ScriptedImporter) -> (artifact id: '231209f050e7102861bae2d4c7939c64') in 0.1254874 seconds
Number of updated asset objects reloaded before import = 0Number of asset objects unloaded after import = 6

========================================================================
Received Import Request.
  Time since last request: 0.000025 seconds.
  path: Assets/3D Asserts/Lizard man/Medieval Series/Lizard Men/Source/Textures/Mobile
  artifactKey: Guid(10a2fe178af0c354f9a95b39b561c385) Importer(2089858483,b0f066a214c2f5e87bad3c948f4d605d)
Start importing Assets/3D Asserts/Lizard man/Medieval Series/Lizard Men/Source/Textures/Mobile using Guid(10a2fe178af0c354f9a95b39b561c385) Importer(2089858483,b0f066a214c2f5e87bad3c948f4d605d) (ScriptedImporter) -> (artifact id: '057d2f9af9caf0b5dfd0ebd891a30f05') in 0.0058639 seconds
Number of updated asset objects reloaded before import = 0Number of asset objects unloaded after import = 1

========================================================================
Received Import Request.
  Time since last request: 0.000033 seconds.
  path: Assets/3D Asserts/Lizard man/Medieval Series/Lizard Men/Characters/LizardMan_2_var.prefab
  artifactKey: Guid(ff1cec08a2d24ae4fa80193985eee512) Importer(2089858483,b0f066a214c2f5e87bad3c948f4d605d)
Start importing Assets/3D Asserts/Lizard man/Medieval Series/Lizard Men/Characters/LizardMan_2_var.prefab using Guid(ff1cec08a2d24ae4fa80193985eee512) Importer(2089858483,b0f066a214c2f5e87bad3c948f4d605d) (ScriptedImporter) -> (artifact id: '079a4a8b2a1ba04db41169f71b959280') in 0.0360451 seconds
Number of updated asset objects reloaded before import = 0Number of asset objects unloaded after import = 741

========================================================================
Received Import Request.
  Time since last request: 0.000024 seconds.
  path: Assets/3D Asserts/Lizard man/Medieval Series/Lizard Men/Source/Textures/Lizard_Man_5 [Albedo].tga
  artifactKey: Guid(396899e479acb84409ce8e3aa298cfda) Importer(2089858483,b0f066a214c2f5e87bad3c948f4d605d)
Start importing Assets/3D Asserts/Lizard man/Medieval Series/Lizard Men/Source/Textures/Lizard_Man_5 [Albedo].tga using Guid(396899e479acb84409ce8e3aa298cfda) Importer(2089858483,b0f066a214c2f5e87bad3c948f4d605d) (ScriptedImporter) -> (artifact id: 'd0857e6c389d020e7bf4baf15f1dca13') in 0.0619216 seconds
Number of updated asset objects reloaded before import = 0Number of asset objects unloaded after import = 1

========================================================================
Received Import Request.
  Time since last request: 0.000024 seconds.
  path: Assets/3D Asserts/Lizard man/Medieval Series/Lizard Men/Source/Textures/Lizard_Man_1 [Mask].tga
  artifactKey: Guid(3bca5a2241b29dd4b81ab710cb03da74) Importer(2089858483,b0f066a214c2f5e87bad3c948f4d605d)
Start importing Assets/3D Asserts/Lizard man/Medieval Series/Lizard Men/Source/Textures/Lizard_Man_1 [Mask].tga using Guid(3bca5a2241b29dd4b81ab710cb03da74) Importer(2089858483,b0f066a214c2f5e87bad3c948f4d605d) (ScriptedImporter) -> (artifact id: 'cf741a82a998601b60aec957135abc49') in 0.022806 seconds
Number of updated asset objects reloaded before import = 0Number of asset objects unloaded after import = 1

========================================================================
Received Import Request.
  Time since last request: 0.000038 seconds.
  path: Assets/3D Asserts/Lizard man/Medieval Series/Lizard Men/Characters/LizardMan_1.prefab
  artifactKey: Guid(f46682d13678aeb489e79a919596c33c) Importer(2089858483,b0f066a214c2f5e87bad3c948f4d605d)
Start importing Assets/3D Asserts/Lizard man/Medieval Series/Lizard Men/Characters/LizardMan_1.prefab using Guid(f46682d13678aeb489e79a919596c33c) Importer(2089858483,b0f066a214c2f5e87bad3c948f4d605d) (ScriptedImporter) -> (artifact id: '261c3061fbce01a4c3baefcbe16572d9') in 0.0272948 seconds
Number of updated asset objects reloaded before import = 0Number of asset objects unloaded after import = 741

========================================================================
Received Import Request.
  Time since last request: 0.000036 seconds.
  path: Assets/3D Asserts/Lizard man/Polygonmaker - Shader/Scene/Source
  artifactKey: Guid(fb94f42d99797ad42a42414c4e173d7a) Importer(2089858483,b0f066a214c2f5e87bad3c948f4d605d)
Start importing Assets/3D Asserts/Lizard man/Polygonmaker - Shader/Scene/Source using Guid(fb94f42d99797ad42a42414c4e173d7a) Importer(2089858483,b0f066a214c2f5e87bad3c948f4d605d) (ScriptedImporter) -> (artifact id: '0fe64675f425ae17e11079fb7c3e5347') in 0.0051769 seconds
Number of updated asset objects reloaded before import = 0Number of asset objects unloaded after import = 1

========================================================================
Received Import Request.
  Time since last request: 0.000023 seconds.
  path: Assets/3D Asserts/Lizard man/Polygonmaker - Shader/Materials/Polygonmaker-Skin.mat
  artifactKey: Guid(5b0c6288fb07d0843a2584f7d3bb556b) Importer(2089858483,b0f066a214c2f5e87bad3c948f4d605d)
Start importing Assets/3D Asserts/Lizard man/Polygonmaker - Shader/Materials/Polygonmaker-Skin.mat using Guid(5b0c6288fb07d0843a2584f7d3bb556b) Importer(2089858483,b0f066a214c2f5e87bad3c948f4d605d) (ScriptedImporter) -> (artifact id: 'abbda50bc412cd080174fdc287443bc9') in 0.0104642 seconds
Number of updated asset objects reloaded before import = 0Number of asset objects unloaded after import = 1

========================================================================
Received Import Request.
  Time since last request: 0.000053 seconds.
  path: Assets/3D Asserts/Lizard man/Medieval Series/Lizard Men/Animations/Anim_LizardMan@StrafeL.FBX
  artifactKey: Guid(8550cf8397f7c1942b66ac8ebc98f874) Importer(2089858483,b0f066a214c2f5e87bad3c948f4d605d)
Start importing Assets/3D Asserts/Lizard man/Medieval Series/Lizard Men/Animations/Anim_LizardMan@StrafeL.FBX using Guid(8550cf8397f7c1942b66ac8ebc98f874) Importer(2089858483,b0f066a214c2f5e87bad3c948f4d605d) (ScriptedImporter) -> (artifact id: '5c53f2db7ee5c9b1fdf63e987bb513db') in 0.0698366 seconds
Number of updated asset objects reloaded before import = 0Number of asset objects unloaded after import = 221

========================================================================
Received Import Request.
  Time since last request: 0.000035 seconds.
  path: Assets/3D Asserts/Lizard man/Polygonmaker - Shader/Textures/ToonCubemap.psd
  artifactKey: Guid(0cbb31394caf24e4babe0d1fb4350bc2) Importer(2089858483,b0f066a214c2f5e87bad3c948f4d605d)
Start importing Assets/3D Asserts/Lizard man/Polygonmaker - Shader/Textures/ToonCubemap.psd using Guid(0cbb31394caf24e4babe0d1fb4350bc2) Importer(2089858483,b0f066a214c2f5e87bad3c948f4d605d) (ScriptedImporter) -> (artifact id: '0eeb1cde3e9c8566c16e1787f9822447') in 0.0175093 seconds
Number of updated asset objects reloaded before import = 0Number of asset objects unloaded after import = 1

========================================================================
Received Import Request.
  Time since last request: 0.000020 seconds.
  path: Assets/3D Asserts/Lizard man/Medieval Series/Lizard Men/Source/Textures/Helmet [Albedo].tga
  artifactKey: Guid(e655bc88e272bbc4a93e387ac8235f6e) Importer(2089858483,b0f066a214c2f5e87bad3c948f4d605d)
Start importing Assets/3D Asserts/Lizard man/Medieval Series/Lizard Men/Source/Textures/Helmet [Albedo].tga using Guid(e655bc88e272bbc4a93e387ac8235f6e) Importer(2089858483,b0f066a214c2f5e87bad3c948f4d605d) (ScriptedImporter) -> (artifact id: '7134f83655eda5374a8d411e724dc604') in 0.0136461 seconds
Number of updated asset objects reloaded before import = 0Number of asset objects unloaded after import = 1

========================================================================
Received Import Request.
  Time since last request: 0.000020 seconds.
  path: Assets/3D Asserts/Lizard man/Polygonmaker - Shader/Scene/Source/Ground.png
  artifactKey: Guid(13be42e420ed447428bdf257420fcb9f) Importer(2089858483,b0f066a214c2f5e87bad3c948f4d605d)
Start importing Assets/3D Asserts/Lizard man/Polygonmaker - Shader/Scene/Source/Ground.png using Guid(13be42e420ed447428bdf257420fcb9f) Importer(2089858483,b0f066a214c2f5e87bad3c948f4d605d) (ScriptedImporter) -> (artifact id: '1f4eb12563ee658d34823eb623cb17bd') in 0.0161572 seconds
Number of updated asset objects reloaded before import = 0Number of asset objects unloaded after import = 1

========================================================================
Received Import Request.
  Time since last request: 0.000027 seconds.
  path: Assets/3D Asserts/Lizard man/Medieval Series/Lizard Men/Source/Textures/Lizard_Man_1 [Albedo].tga
  artifactKey: Guid(3f8852f9b483be442b404355f9d17959) Importer(2089858483,b0f066a214c2f5e87bad3c948f4d605d)
Start importing Assets/3D Asserts/Lizard man/Medieval Series/Lizard Men/Source/Textures/Lizard_Man_1 [Albedo].tga using Guid(3f8852f9b483be442b404355f9d17959) Importer(2089858483,b0f066a214c2f5e87bad3c948f4d605d) (ScriptedImporter) -> (artifact id: '184c42bdca7b92d349cd1a623e62d211') in 0.0563554 seconds
Number of updated asset objects reloaded before import = 0Number of asset objects unloaded after import = 1

========================================================================
Received Import Request.
  Time since last request: 0.000080 seconds.
  path: Assets/3D Asserts/Lizard man/Medieval Series/Lizard Men/Weapons/Shield-Tribal_1.prefab
  artifactKey: Guid(3c1a70a935c0ba54587e00d88029bfca) Importer(2089858483,b0f066a214c2f5e87bad3c948f4d605d)
Start importing Assets/3D Asserts/Lizard man/Medieval Series/Lizard Men/Weapons/Shield-Tribal_1.prefab using Guid(3c1a70a935c0ba54587e00d88029bfca) Importer(2089858483,b0f066a214c2f5e87bad3c948f4d605d) (ScriptedImporter) -> (artifact id: '9546d4fb9a7fd26c8bac3fc513e9d877') in 0.0083858 seconds
Number of updated asset objects reloaded before import = 0Number of asset objects unloaded after import = 20

========================================================================
Received Import Request.
  Time since last request: 0.000028 seconds.
  path: Assets/3D Asserts/Lizard man/Medieval Series/Lizard Men/Weapons/Textures/T_Shield-Horde_01_N.tga
  artifactKey: Guid(accdc2d215668234fbee0ee2bb432fa5) Importer(2089858483,b0f066a214c2f5e87bad3c948f4d605d)
Start importing Assets/3D Asserts/Lizard man/Medieval Series/Lizard Men/Weapons/Textures/T_Shield-Horde_01_N.tga using Guid(accdc2d215668234fbee0ee2bb432fa5) Importer(2089858483,b0f066a214c2f5e87bad3c948f4d605d) (ScriptedImporter) -> (artifact id: '0208d871e9da15fb87908e19e93aa476') in 0.0213893 seconds
Number of updated asset objects reloaded before import = 0Number of asset objects unloaded after import = 1

========================================================================
Received Import Request.
  Time since last request: 0.000022 seconds.
  path: Assets/3D Asserts/Lizard man/Medieval Series/Lizard Men/Source/Materials/Lizard Man_5.mat
  artifactKey: Guid(c1b2fa49e721671408481b6eb9dfbe91) Importer(2089858483,b0f066a214c2f5e87bad3c948f4d605d)
Start importing Assets/3D Asserts/Lizard man/Medieval Series/Lizard Men/Source/Materials/Lizard Man_5.mat using Guid(c1b2fa49e721671408481b6eb9dfbe91) Importer(2089858483,b0f066a214c2f5e87bad3c948f4d605d) (ScriptedImporter) -> (artifact id: '7ca44aa5e55f8db13348915e1b13d4f1') in 0.152713 seconds
Number of updated asset objects reloaded before import = 0Number of asset objects unloaded after import = 6

========================================================================
Received Import Request.
  Time since last request: 0.000033 seconds.
  path: Assets/3D Asserts/Lizard man/Polygonmaker - Shader/Scene/Source/Main Camera Profile.asset
  artifactKey: Guid(a41c78dac4ad7a54db3a59279601d1af) Importer(2089858483,b0f066a214c2f5e87bad3c948f4d605d)
Start importing Assets/3D Asserts/Lizard man/Polygonmaker - Shader/Scene/Source/Main Camera Profile.asset using Guid(a41c78dac4ad7a54db3a59279601d1af) Importer(2089858483,b0f066a214c2f5e87bad3c948f4d605d) (ScriptedImporter) -> (artifact id: '937acb2358efe1b1a92d5467641331c9') in 0.0081466 seconds
Number of updated asset objects reloaded before import = 0Number of asset objects unloaded after import = 1

========================================================================
Received Import Request.
  Time since last request: 0.000062 seconds.
  path: Assets/3D Asserts/Lizard man/Polygonmaker - Shader/HDRP_2020.2.3f1
  artifactKey: Guid(ef604a51bbf0b9343a8f908534371bf1) Importer(2089858483,b0f066a214c2f5e87bad3c948f4d605d)
Start importing Assets/3D Asserts/Lizard man/Polygonmaker - Shader/HDRP_2020.2.3f1 using Guid(ef604a51bbf0b9343a8f908534371bf1) Importer(2089858483,b0f066a214c2f5e87bad3c948f4d605d) (ScriptedImporter) -> (artifact id: 'e16625536d33e9354b9c6375f3c3f4d4') in 0.0070736 seconds
Number of updated asset objects reloaded before import = 0Number of asset objects unloaded after import = 1

========================================================================
Received Import Request.
  Time since last request: 0.000033 seconds.
  path: Assets/3D Asserts/Lizard man/Polygonmaker - Shader/Materials/Polygonmaker-Ice.mat
  artifactKey: Guid(a0b5ba09fa3deaf41ab17963122f0975) Importer(2089858483,b0f066a214c2f5e87bad3c948f4d605d)
Start importing Assets/3D Asserts/Lizard man/Polygonmaker - Shader/Materials/Polygonmaker-Ice.mat using Guid(a0b5ba09fa3deaf41ab17963122f0975) Importer(2089858483,b0f066a214c2f5e87bad3c948f4d605d) (ScriptedImporter) -> (artifact id: '815cd606f2a1d9dab4f4e956272a3e54') in 0.4751322 seconds
Number of updated asset objects reloaded before import = 0Number of asset objects unloaded after import = 6

========================================================================
Received Import Request.
  Time since last request: 0.000023 seconds.
  path: Assets/3D Asserts/Lizard man/Medieval Series/Lizard Men
  artifactKey: Guid(9946a89456406e846bb64781a849b10f) Importer(2089858483,b0f066a214c2f5e87bad3c948f4d605d)
Start importing Assets/3D Asserts/Lizard man/Medieval Series/Lizard Men using Guid(9946a89456406e846bb64781a849b10f) Importer(2089858483,b0f066a214c2f5e87bad3c948f4d605d) (ScriptedImporter) -> (artifact id: '00bb3333af13008ceb90675b193f377f') in 0.0220646 seconds
Number of updated asset objects reloaded before import = 0Number of asset objects unloaded after import = 1

========================================================================
Received Import Request.
  Time since last request: 0.000066 seconds.
  path: Assets/3D Asserts/Lizard man/Polygonmaker - Shader/URP/Shaders URP.unitypackage
  artifactKey: Guid(8ad42cd7348dde04d937bb423695fc13) Importer(2089858483,b0f066a214c2f5e87bad3c948f4d605d)
Start importing Assets/3D Asserts/Lizard man/Polygonmaker - Shader/URP/Shaders URP.unitypackage using Guid(8ad42cd7348dde04d937bb423695fc13) Importer(2089858483,b0f066a214c2f5e87bad3c948f4d605d) (ScriptedImporter) -> (artifact id: 'a843f3bb4b918db4a2360ea33c4d4f4e') in 0.0099317 seconds
Number of updated asset objects reloaded before import = 0Number of asset objects unloaded after import = 1

========================================================================
Received Import Request.
  Time since last request: 0.000088 seconds.
  path: Assets/3D Asserts/Lizard man/Polygonmaker - Shader/Source/T_Golem-Crystal_D.tga
  artifactKey: Guid(24b68c8b8149f3744b9c26a1069dac89) Importer(2089858483,b0f066a214c2f5e87bad3c948f4d605d)
Start importing Assets/3D Asserts/Lizard man/Polygonmaker - Shader/Source/T_Golem-Crystal_D.tga using Guid(24b68c8b8149f3744b9c26a1069dac89) Importer(2089858483,b0f066a214c2f5e87bad3c948f4d605d) (ScriptedImporter) -> (artifact id: '1b27daf0256fdaee301df6e6985d9b39') in 0.0196273 seconds
Number of updated asset objects reloaded before import = 0Number of asset objects unloaded after import = 1

========================================================================
Received Import Request.
  Time since last request: 0.000027 seconds.
  path: Assets/3D Asserts/Lizard man/Polygonmaker - Shader/Textures/ToonLitGradient.tga
  artifactKey: Guid(c171e60cbc20ce241be9bacff3cdca86) Importer(2089858483,b0f066a214c2f5e87bad3c948f4d605d)
Start importing Assets/3D Asserts/Lizard man/Polygonmaker - Shader/Textures/ToonLitGradient.tga using Guid(c171e60cbc20ce241be9bacff3cdca86) Importer(2089858483,b0f066a214c2f5e87bad3c948f4d605d) (ScriptedImporter) -> (artifact id: '2bb2b6090588f4d66ee90442ba98ab05') in 0.0246727 seconds
Number of updated asset objects reloaded before import = 0Number of asset objects unloaded after import = 1

========================================================================
Received Import Request.
  Time since last request: 0.000086 seconds.
  path: Assets/3D Asserts/Lizard man/Medieval Series/Lizard Men/Weapons
  artifactKey: Guid(3c4a28adccee2584ab0f17b7b16ce74f) Importer(2089858483,b0f066a214c2f5e87bad3c948f4d605d)
Start importing Assets/3D Asserts/Lizard man/Medieval Series/Lizard Men/Weapons using Guid(3c4a28adccee2584ab0f17b7b16ce74f) Importer(2089858483,b0f066a214c2f5e87bad3c948f4d605d) (ScriptedImporter) -> (artifact id: 'b403635759557cbb94cd9d8806c2f485') in 0.0117484 seconds
Number of updated asset objects reloaded before import = 0Number of asset objects unloaded after import = 1

========================================================================
Received Import Request.
  Time since last request: 0.000023 seconds.
  path: Assets/3D Asserts/Lizard man
  artifactKey: Guid(1b35e433802723941835bf97d112ba21) Importer(2089858483,b0f066a214c2f5e87bad3c948f4d605d)
Start importing Assets/3D Asserts/Lizard man using Guid(1b35e433802723941835bf97d112ba21) Importer(2089858483,b0f066a214c2f5e87bad3c948f4d605d) (ScriptedImporter) -> (artifact id: 'a217ffa1ec3ed377b59759acee280c6b') in 0.0054372 seconds
Number of updated asset objects reloaded before import = 0Number of asset objects unloaded after import = 1

========================================================================
Received Import Request.
  Time since last request: 0.000021 seconds.
  path: Assets/3D Asserts/Lizard man/Medieval Series/Lizard Men/Weapons/Textures/T_Club-Horde_02_MS.tga
  artifactKey: Guid(080acee155bbb3e45a48aa66da1b05ce) Importer(2089858483,b0f066a214c2f5e87bad3c948f4d605d)
Start importing Assets/3D Asserts/Lizard man/Medieval Series/Lizard Men/Weapons/Textures/T_Club-Horde_02_MS.tga using Guid(080acee155bbb3e45a48aa66da1b05ce) Importer(2089858483,b0f066a214c2f5e87bad3c948f4d605d) (ScriptedImporter) -> (artifact id: 'cd0127d60dfb762bdf72e1837f1c3a6d') in 0.0489608 seconds
Number of updated asset objects reloaded before import = 0Number of asset objects unloaded after import = 1

========================================================================
Received Import Request.
  Time since last request: 0.000037 seconds.
  path: Assets/3D Asserts/Lizard man/Medieval Series/Lizard Men/Source/Textures/Lizard_Man_3 [Normal].tga
  artifactKey: Guid(efca007c64d80e3479e741cfaffa3103) Importer(2089858483,b0f066a214c2f5e87bad3c948f4d605d)
Start importing Assets/3D Asserts/Lizard man/Medieval Series/Lizard Men/Source/Textures/Lizard_Man_3 [Normal].tga using Guid(efca007c64d80e3479e741cfaffa3103) Importer(2089858483,b0f066a214c2f5e87bad3c948f4d605d) (ScriptedImporter) -> (artifact id: '7b6a6dd67e244872c06a1a8d8eba4983') in 0.0526005 seconds
Number of updated asset objects reloaded before import = 0Number of asset objects unloaded after import = 1

========================================================================
Received Import Request.
  Time since last request: 0.000052 seconds.
  path: Assets/3D Asserts/Lizard man/Medieval Series/Lizard Men/Characters/LizardMan_3.prefab
  artifactKey: Guid(f3f2345ca553e534c880dd00d950c6d7) Importer(2089858483,b0f066a214c2f5e87bad3c948f4d605d)
Start importing Assets/3D Asserts/Lizard man/Medieval Series/Lizard Men/Characters/LizardMan_3.prefab using Guid(f3f2345ca553e534c880dd00d950c6d7) Importer(2089858483,b0f066a214c2f5e87bad3c948f4d605d) (ScriptedImporter) -> (artifact id: '3a9e74c4b49dee148b71ec42c296f2e6') in 0.0318472 seconds
Number of updated asset objects reloaded before import = 0Number of asset objects unloaded after import = 741

========================================================================
Received Import Request.
  Time since last request: 0.000050 seconds.
  path: Assets/3D Asserts/Lizard man/Polygonmaker - Shader/Source/T_Golem-Crystal_mask.tga
  artifactKey: Guid(2250949c6bd941c48acc7e6303bb5198) Importer(2089858483,b0f066a214c2f5e87bad3c948f4d605d)
Start importing Assets/3D Asserts/Lizard man/Polygonmaker - Shader/Source/T_Golem-Crystal_mask.tga using Guid(2250949c6bd941c48acc7e6303bb5198) Importer(2089858483,b0f066a214c2f5e87bad3c948f4d605d) (ScriptedImporter) -> (artifact id: '132afa65e058645b5c76c3c18e15a497') in 0.0190032 seconds
Number of updated asset objects reloaded before import = 0Number of asset objects unloaded after import = 1

========================================================================
Received Import Request.
  Time since last request: 0.000028 seconds.
  path: Assets/3D Asserts/Lizard man/Medieval Series/Lizard Men/Animations/Anim_LizardMan@walk-back_inplace.FBX
  artifactKey: Guid(e3bd0204b244497488f16e7c6e24e55b) Importer(2089858483,b0f066a214c2f5e87bad3c948f4d605d)
Start importing Assets/3D Asserts/Lizard man/Medieval Series/Lizard Men/Animations/Anim_LizardMan@walk-back_inplace.FBX using Guid(e3bd0204b244497488f16e7c6e24e55b) Importer(2089858483,b0f066a214c2f5e87bad3c948f4d605d) (ScriptedImporter) -> (artifact id: '1b54b1622604476889d1113625791cf6') in 0.0412554 seconds
Number of updated asset objects reloaded before import = 0Number of asset objects unloaded after import = 203

========================================================================
Received Import Request.
  Time since last request: 0.000063 seconds.
  path: Assets/3D Asserts/Lizard man/Medieval Series/Lizard Men/Source/Materials/Lizard Man_4_var.mat
  artifactKey: Guid(d101931d7bde15f4793dc7c544c1d062) Importer(2089858483,b0f066a214c2f5e87bad3c948f4d605d)
Start importing Assets/3D Asserts/Lizard man/Medieval Series/Lizard Men/Source/Materials/Lizard Man_4_var.mat using Guid(d101931d7bde15f4793dc7c544c1d062) Importer(2089858483,b0f066a214c2f5e87bad3c948f4d605d) (ScriptedImporter) -> (artifact id: 'b450ed2a7680e29b1c94107ec0b9be9c') in 0.1633566 seconds
Number of updated asset objects reloaded before import = 0Number of asset objects unloaded after import = 6

========================================================================
Received Import Request.
  Time since last request: 0.000061 seconds.
  path: Assets/3D Asserts/Lizard man/Medieval Series/Lizard Men/Characters/LizardMan_Female_1.prefab
  artifactKey: Guid(1e82916daea7b7c43a471a102ef70b3c) Importer(2089858483,b0f066a214c2f5e87bad3c948f4d605d)
Start importing Assets/3D Asserts/Lizard man/Medieval Series/Lizard Men/Characters/LizardMan_Female_1.prefab using Guid(1e82916daea7b7c43a471a102ef70b3c) Importer(2089858483,b0f066a214c2f5e87bad3c948f4d605d) (ScriptedImporter) -> (artifact id: 'b13e70e74afc7c58a0f5104b323d99d8') in 0.0495345 seconds
Number of updated asset objects reloaded before import = 0Number of asset objects unloaded after import = 741

========================================================================
Received Import Request.
  Time since last request: 0.000074 seconds.
  path: Assets/3D Asserts/Lizard man/Polygonmaker - Shader/Shaders 1.3.txt
  artifactKey: Guid(ba6c75c6a75cab246974ab22c0cf745d) Importer(2089858483,b0f066a214c2f5e87bad3c948f4d605d)
Start importing Assets/3D Asserts/Lizard man/Polygonmaker - Shader/Shaders 1.3.txt using Guid(ba6c75c6a75cab246974ab22c0cf745d) Importer(2089858483,b0f066a214c2f5e87bad3c948f4d605d) (ScriptedImporter) -> (artifact id: 'de3772a5118441594b2416fe55c997a2') in 0.0065562 seconds
Number of updated asset objects reloaded before import = 0Number of asset objects unloaded after import = 1

========================================================================
Received Import Request.
  Time since last request: 0.000026 seconds.
  path: Assets/3D Asserts/Lizard man/Medieval Series/Lizard Men/Animations/Anim_LizardMan@StrafeR_inplace.FBX
  artifactKey: Guid(21c5639d4f9536c49b4be5301c933c66) Importer(2089858483,b0f066a214c2f5e87bad3c948f4d605d)
Start importing Assets/3D Asserts/Lizard man/Medieval Series/Lizard Men/Animations/Anim_LizardMan@StrafeR_inplace.FBX using Guid(21c5639d4f9536c49b4be5301c933c66) Importer(2089858483,b0f066a214c2f5e87bad3c948f4d605d) (ScriptedImporter) -> (artifact id: '7d7ac20c5a8599d91d15a6380052482a') in 0.0275629 seconds
Number of updated asset objects reloaded before import = 0Number of asset objects unloaded after import = 217

========================================================================
Received Import Request.
  Time since last request: 0.000031 seconds.
  path: Assets/3D Asserts/Lizard man/Medieval Series/Lizard Men/Weapons/Source/Shield-Orc_1.FBX
  artifactKey: Guid(5a3beeb245c2d3542918491f7ba5b54a) Importer(2089858483,b0f066a214c2f5e87bad3c948f4d605d)
Start importing Assets/3D Asserts/Lizard man/Medieval Series/Lizard Men/Weapons/Source/Shield-Orc_1.FBX using Guid(5a3beeb245c2d3542918491f7ba5b54a) Importer(2089858483,b0f066a214c2f5e87bad3c948f4d605d) (ScriptedImporter) -> (artifact id: 'be133366f44a59aff8a9f837ace64224') in 0.0246125 seconds
Number of updated asset objects reloaded before import = 0Number of asset objects unloaded after import = 20

========================================================================
Received Import Request.
  Time since last request: 0.000044 seconds.
  path: Assets/3D Asserts/Lizard man/Polygonmaker - Shader/Materials/Polygonmaker-Toon.mat
  artifactKey: Guid(8306c821483e10a479f3990e086a7724) Importer(2089858483,b0f066a214c2f5e87bad3c948f4d605d)
Start importing Assets/3D Asserts/Lizard man/Polygonmaker - Shader/Materials/Polygonmaker-Toon.mat using Guid(8306c821483e10a479f3990e086a7724) Importer(2089858483,b0f066a214c2f5e87bad3c948f4d605d) (ScriptedImporter) -> (artifact id: 'e9800889f73adb67118b240ada10e021') in 0.0175234 seconds
Number of updated asset objects reloaded before import = 0Number of asset objects unloaded after import = 6

========================================================================
Received Import Request.
  Time since last request: 0.000036 seconds.
  path: Assets/3D Asserts/Lizard man/Medieval Series/Lizard Men/Source/Textures/Helmet [Specular].tga
  artifactKey: Guid(27f7fd7218eae1a44acdbd8ae4b472ad) Importer(2089858483,b0f066a214c2f5e87bad3c948f4d605d)
Start importing Assets/3D Asserts/Lizard man/Medieval Series/Lizard Men/Source/Textures/Helmet [Specular].tga using Guid(27f7fd7218eae1a44acdbd8ae4b472ad) Importer(2089858483,b0f066a214c2f5e87bad3c948f4d605d) (ScriptedImporter) -> (artifact id: 'a57985402953324a6534f31e59d42586') in 0.0264365 seconds
Number of updated asset objects reloaded before import = 0Number of asset objects unloaded after import = 1

========================================================================
Received Import Request.
  Time since last request: 0.000149 seconds.
  path: Assets/3D Asserts/Lizard man/Medieval Series/Lizard Men/Weapons/Textures/T_Shield-Tribal_01_D.tga
  artifactKey: Guid(1308310e9c979874582c1fbe53f9ed93) Importer(2089858483,b0f066a214c2f5e87bad3c948f4d605d)
Start importing Assets/3D Asserts/Lizard man/Medieval Series/Lizard Men/Weapons/Textures/T_Shield-Tribal_01_D.tga using Guid(1308310e9c979874582c1fbe53f9ed93) Importer(2089858483,b0f066a214c2f5e87bad3c948f4d605d) (ScriptedImporter) -> (artifact id: '3eb4e48494d190f277ea2fdf27594d8f') in 0.0419353 seconds
Number of updated asset objects reloaded before import = 0Number of asset objects unloaded after import = 1

========================================================================
Received Import Request.
  Time since last request: 0.000038 seconds.
  path: Assets/3D Asserts/Lizard man/Polygonmaker - Shader/Shaders/Polygonmaker-AS-Ice.shader
  artifactKey: Guid(8af7c8bdcd1e6c548bda65ab13c4c394) Importer(2089858483,b0f066a214c2f5e87bad3c948f4d605d)
Start importing Assets/3D Asserts/Lizard man/Polygonmaker - Shader/Shaders/Polygonmaker-AS-Ice.shader using Guid(8af7c8bdcd1e6c548bda65ab13c4c394) Importer(2089858483,b0f066a214c2f5e87bad3c948f4d605d) (ScriptedImporter) -> (artifact id: 'fa93743a4a8e43d120b0d7351e76cacd') in 0.0136671 seconds
Number of updated asset objects reloaded before import = 0Number of asset objects unloaded after import = 1

========================================================================
Received Import Request.
  Time since last request: 0.000030 seconds.
  path: Assets/3D Asserts/Lizard man/Medieval Series/Lizard Men/Characters/LizardMan_4.prefab
  artifactKey: Guid(8b97cdddbd31e8943b4d0675d4f3d33a) Importer(2089858483,b0f066a214c2f5e87bad3c948f4d605d)
Start importing Assets/3D Asserts/Lizard man/Medieval Series/Lizard Men/Characters/LizardMan_4.prefab using Guid(8b97cdddbd31e8943b4d0675d4f3d33a) Importer(2089858483,b0f066a214c2f5e87bad3c948f4d605d) (ScriptedImporter) -> (artifact id: '3695adbb8e3f1d3e0b48d08d116182a4') in 0.0302044 seconds
Number of updated asset objects reloaded before import = 0Number of asset objects unloaded after import = 741

========================================================================
Received Import Request.
  Time since last request: 0.000042 seconds.
  path: Assets/3D Asserts/Lizard man/Medieval Series/Lizard Men/Characters
  artifactKey: Guid(9f0b4b1f4238fcc42a528d2befe89c4c) Importer(2089858483,b0f066a214c2f5e87bad3c948f4d605d)
Start importing Assets/3D Asserts/Lizard man/Medieval Series/Lizard Men/Characters using Guid(9f0b4b1f4238fcc42a528d2befe89c4c) Importer(2089858483,b0f066a214c2f5e87bad3c948f4d605d) (ScriptedImporter) -> (artifact id: 'd26589f762c2e58fa88eefd12d561163') in 0.0064312 seconds
Number of updated asset objects reloaded before import = 0Number of asset objects unloaded after import = 1

========================================================================
Received Import Request.
  Time since last request: 0.000031 seconds.
  path: Assets/3D Asserts/Lizard man/Polygonmaker - Shader/HDRP_2020.2.3f1/Shaders HDRP_2020.2.3f1.unitypackage
  artifactKey: Guid(cb9853cd9afc08c46a4d7db85273bfcc) Importer(2089858483,b0f066a214c2f5e87bad3c948f4d605d)
Start importing Assets/3D Asserts/Lizard man/Polygonmaker - Shader/HDRP_2020.2.3f1/Shaders HDRP_2020.2.3f1.unitypackage using Guid(cb9853cd9afc08c46a4d7db85273bfcc) Importer(2089858483,b0f066a214c2f5e87bad3c948f4d605d) (ScriptedImporter) -> (artifact id: '6e2faccca51aacdacb25f2e4d0e0793c') in 0.0068257 seconds
Number of updated asset objects reloaded before import = 0Number of asset objects unloaded after import = 1

========================================================================
Received Import Request.
  Time since last request: 0.000045 seconds.
  path: Assets/3D Asserts/Lizard man/Medieval Series/Lizard Men/Source/Textures/Lizard_Man_2 [Albedo].tga
  artifactKey: Guid(f1b621c631c951c4f9349734bf264e74) Importer(2089858483,b0f066a214c2f5e87bad3c948f4d605d)
Start importing Assets/3D Asserts/Lizard man/Medieval Series/Lizard Men/Source/Textures/Lizard_Man_2 [Albedo].tga using Guid(f1b621c631c951c4f9349734bf264e74) Importer(2089858483,b0f066a214c2f5e87bad3c948f4d605d) (ScriptedImporter) -> (artifact id: '57f44dd780ef4e655de818c48f9c06b3') in 0.0446737 seconds
Number of updated asset objects reloaded before import = 0Number of asset objects unloaded after import = 1

========================================================================
Received Import Request.
  Time since last request: 0.000029 seconds.
  path: Assets/3D Asserts/Lizard man/Polygonmaker - Shader/HDRP_2020.3.0f1/Shaders HDRP_2020.3.0f1.unitypackage
  artifactKey: Guid(53b46d8c5ad5a8c4cbfc674c29299482) Importer(2089858483,b0f066a214c2f5e87bad3c948f4d605d)
Start importing Assets/3D Asserts/Lizard man/Polygonmaker - Shader/HDRP_2020.3.0f1/Shaders HDRP_2020.3.0f1.unitypackage using Guid(53b46d8c5ad5a8c4cbfc674c29299482) Importer(2089858483,b0f066a214c2f5e87bad3c948f4d605d) (ScriptedImporter) -> (artifact id: 'd7e3d1839251b776fd74929d21d1af7f') in 0.0085569 seconds
Number of updated asset objects reloaded before import = 0Number of asset objects unloaded after import = 1

========================================================================
Received Import Request.
  Time since last request: 0.000022 seconds.
  path: Assets/3D Asserts/Lizard man/Medieval Series/Lizard Men/Source/Materials/Lizard Man_2.mat
  artifactKey: Guid(6233cf363b5992c4c91c45f96ebc0c4e) Importer(2089858483,b0f066a214c2f5e87bad3c948f4d605d)
Start importing Assets/3D Asserts/Lizard man/Medieval Series/Lizard Men/Source/Materials/Lizard Man_2.mat using Guid(6233cf363b5992c4c91c45f96ebc0c4e) Importer(2089858483,b0f066a214c2f5e87bad3c948f4d605d) (ScriptedImporter) -> (artifact id: '17f28af3790d83e02e83d3d66ea00070') in 0.2098413 seconds
Number of updated asset objects reloaded before import = 0Number of asset objects unloaded after import = 6

========================================================================
Received Import Request.
  Time since last request: 0.000056 seconds.
  path: Assets/3D Asserts/Lizard man/Medieval Series/Lizard Men/Animations/Anim_Lizardman@spearupthrow.FBX
  artifactKey: Guid(9c97b548084ccd6438702e5612193b68) Importer(2089858483,b0f066a214c2f5e87bad3c948f4d605d)
Start importing Assets/3D Asserts/Lizard man/Medieval Series/Lizard Men/Animations/Anim_Lizardman@spearupthrow.FBX using Guid(9c97b548084ccd6438702e5612193b68) Importer(2089858483,b0f066a214c2f5e87bad3c948f4d605d) (ScriptedImporter) -> (artifact id: '0b68b1ab8ed85c094f9b183ce78a4b38') in 0.0511365 seconds
Number of updated asset objects reloaded before import = 0Number of asset objects unloaded after import = 203

========================================================================
Received Import Request.
  Time since last request: 0.000032 seconds.
  path: Assets/3D Asserts/Lizard man/Polygonmaker - Shader/Shaders/Polygonmaker-AS-Glass.shader
  artifactKey: Guid(6699dfaf55a1b184197d71398774a53c) Importer(2089858483,b0f066a214c2f5e87bad3c948f4d605d)
Start importing Assets/3D Asserts/Lizard man/Polygonmaker - Shader/Shaders/Polygonmaker-AS-Glass.shader using Guid(6699dfaf55a1b184197d71398774a53c) Importer(2089858483,b0f066a214c2f5e87bad3c948f4d605d) (ScriptedImporter) -> (artifact id: 'b4c5208d4b8e8cdf62bcccc8cb4a21a8') in 0.0055633 seconds
Number of updated asset objects reloaded before import = 0Number of asset objects unloaded after import = 1

========================================================================
Received Import Request.
  Time since last request: 0.000056 seconds.
  path: Assets/3D Asserts/Lizard man/Polygonmaker - Shader/Materials/Polygonmaker-Glass.mat
  artifactKey: Guid(ddc21ccf0d79e0649a712ed736bf51b1) Importer(2089858483,b0f066a214c2f5e87bad3c948f4d605d)
Start importing Assets/3D Asserts/Lizard man/Polygonmaker - Shader/Materials/Polygonmaker-Glass.mat using Guid(ddc21ccf0d79e0649a712ed736bf51b1) Importer(2089858483,b0f066a214c2f5e87bad3c948f4d605d) (ScriptedImporter) -> (artifact id: 'a16033de3b92ef1c3087a5181082c8e0') in 0.0221568 seconds
Number of updated asset objects reloaded before import = 0Number of asset objects unloaded after import = 5

========================================================================
Received Import Request.
  Time since last request: 0.000021 seconds.
  path: Assets/3D Asserts/Lizard man/Medieval Series/Lizard Men/Animations/Anim_LizardMan@runL.fbx
  artifactKey: Guid(dc7798963bd992641b2ce354263c3766) Importer(2089858483,b0f066a214c2f5e87bad3c948f4d605d)
Start importing Assets/3D Asserts/Lizard man/Medieval Series/Lizard Men/Animations/Anim_LizardMan@runL.fbx using Guid(dc7798963bd992641b2ce354263c3766) Importer(2089858483,b0f066a214c2f5e87bad3c948f4d605d) (ScriptedImporter) -> (artifact id: '330a29e5e1b470bc486eb6ab24bfe3c8') in 0.0524576 seconds
Number of updated asset objects reloaded before import = 0Number of asset objects unloaded after import = 203

========================================================================
Received Import Request.
  Time since last request: 0.000037 seconds.
  path: Assets/3D Asserts/Lizard man/Medieval Series/Lizard Men/Source/Textures/Mobile/Helmet [Diffuse].tga
  artifactKey: Guid(49d9976c298cca14ba04f5467c719271) Importer(2089858483,b0f066a214c2f5e87bad3c948f4d605d)
Start importing Assets/3D Asserts/Lizard man/Medieval Series/Lizard Men/Source/Textures/Mobile/Helmet [Diffuse].tga using Guid(49d9976c298cca14ba04f5467c719271) Importer(2089858483,b0f066a214c2f5e87bad3c948f4d605d) (ScriptedImporter) -> (artifact id: '16e294143d883002775277dbe361946e') in 0.0604834 seconds
Number of updated asset objects reloaded before import = 0Number of asset objects unloaded after import = 1

========================================================================
Received Import Request.
  Time since last request: 0.000037 seconds.
  path: Assets/3D Asserts/Lizard man/Medieval Series/Lizard Men/Animations/Anim_Lizardman@spearupattack.FBX
  artifactKey: Guid(7370e925266168441bf9d582e090a855) Importer(2089858483,b0f066a214c2f5e87bad3c948f4d605d)
Start importing Assets/3D Asserts/Lizard man/Medieval Series/Lizard Men/Animations/Anim_Lizardman@spearupattack.FBX using Guid(7370e925266168441bf9d582e090a855) Importer(2089858483,b0f066a214c2f5e87bad3c948f4d605d) (ScriptedImporter) -> (artifact id: 'da25b659996808cfdff92c98758aab76') in 0.0476768 seconds
Number of updated asset objects reloaded before import = 0Number of asset objects unloaded after import = 203

========================================================================
Received Import Request.
  Time since last request: 0.000029 seconds.
  path: Assets/3D Asserts/Lizard man/Medieval Series/Lizard Men/Scenes/Source
  artifactKey: Guid(3836b60b7dd3ac64fb2c834d90eb7e11) Importer(2089858483,b0f066a214c2f5e87bad3c948f4d605d)
Start importing Assets/3D Asserts/Lizard man/Medieval Series/Lizard Men/Scenes/Source using Guid(3836b60b7dd3ac64fb2c834d90eb7e11) Importer(2089858483,b0f066a214c2f5e87bad3c948f4d605d) (ScriptedImporter) -> (artifact id: '9b12d69129a35abf87d19c9261301343') in 0.0065758 seconds
Number of updated asset objects reloaded before import = 0Number of asset objects unloaded after import = 1

========================================================================
Received Import Request.
  Time since last request: 0.000055 seconds.
  path: Assets/3D Asserts/Lizard man/Medieval Series/Lizard Men/Weapons/Source/Materials/Spear-Primitive_1.mat
  artifactKey: Guid(bd394e54ca54a474cb5692d770bf9712) Importer(2089858483,b0f066a214c2f5e87bad3c948f4d605d)
Start importing Assets/3D Asserts/Lizard man/Medieval Series/Lizard Men/Weapons/Source/Materials/Spear-Primitive_1.mat using Guid(bd394e54ca54a474cb5692d770bf9712) Importer(2089858483,b0f066a214c2f5e87bad3c948f4d605d) (ScriptedImporter) -> (artifact id: '6abada32605adb31f394ae72087d7e5d') in 0.0516132 seconds
Number of updated asset objects reloaded before import = 0Number of asset objects unloaded after import = 4

========================================================================
Received Import Request.
  Time since last request: 0.000040 seconds.
  path: Assets/3D Asserts/Lizard man/Medieval Series/Lizard Men/Source/Textures
  artifactKey: Guid(942a2b62e3fc25747b2c378646c4f59d) Importer(2089858483,b0f066a214c2f5e87bad3c948f4d605d)
Start importing Assets/3D Asserts/Lizard man/Medieval Series/Lizard Men/Source/Textures using Guid(942a2b62e3fc25747b2c378646c4f59d) Importer(2089858483,b0f066a214c2f5e87bad3c948f4d605d) (ScriptedImporter) -> (artifact id: 'eaeda045050573c44a31fe91392e98ef') in 0.0048964 seconds
Number of updated asset objects reloaded before import = 0Number of asset objects unloaded after import = 1

========================================================================
Received Import Request.
  Time since last request: 0.000027 seconds.
  path: Assets/3D Asserts/Lizard man/Medieval Series/Lizard Men/Animations/Anim_LizardMan@runR.fbx
  artifactKey: Guid(ee7f0ff4a50bab74c92100fda2945e57) Importer(2089858483,b0f066a214c2f5e87bad3c948f4d605d)
Start importing Assets/3D Asserts/Lizard man/Medieval Series/Lizard Men/Animations/Anim_LizardMan@runR.fbx using Guid(ee7f0ff4a50bab74c92100fda2945e57) Importer(2089858483,b0f066a214c2f5e87bad3c948f4d605d) (ScriptedImporter) -> (artifact id: '8e3a8be6c3acd2113e7c610ada1092e1') in 0.0490405 seconds
Number of updated asset objects reloaded before import = 0Number of asset objects unloaded after import = 203

========================================================================
Received Import Request.
  Time since last request: 0.000030 seconds.
  path: Assets/3D Asserts/Lizard man/Medieval Series/Lizard Men/Animations/Anim_LizardMan@walkR.fbx
  artifactKey: Guid(a6224d305fc622a4eba3a169f1adf2f8) Importer(2089858483,b0f066a214c2f5e87bad3c948f4d605d)
Start importing Assets/3D Asserts/Lizard man/Medieval Series/Lizard Men/Animations/Anim_LizardMan@walkR.fbx using Guid(a6224d305fc622a4eba3a169f1adf2f8) Importer(2089858483,b0f066a214c2f5e87bad3c948f4d605d) (ScriptedImporter) -> (artifact id: '37863a6ec3f6fca17efdb66f6bcf8e38') in 0.0691856 seconds
Number of updated asset objects reloaded before import = 0Number of asset objects unloaded after import = 203

========================================================================
Received Import Request.
  Time since last request: 0.000056 seconds.
  path: Assets/3D Asserts/Lizard man/Medieval Series/Lizard Men/Animations/Anim_LizardMan@attack3.FBX
  artifactKey: Guid(2f78ddb67225352478cbadb81286a3bf) Importer(2089858483,b0f066a214c2f5e87bad3c948f4d605d)
Start importing Assets/3D Asserts/Lizard man/Medieval Series/Lizard Men/Animations/Anim_LizardMan@attack3.FBX using Guid(2f78ddb67225352478cbadb81286a3bf) Importer(2089858483,b0f066a214c2f5e87bad3c948f4d605d) (ScriptedImporter) -> (artifact id: 'ff4d1ca3922d1c465bfa87c309588b73') in 0.04238 seconds
Number of updated asset objects reloaded before import = 0Number of asset objects unloaded after import = 217

========================================================================
Received Import Request.
  Time since last request: 0.000026 seconds.
  path: Assets/3D Asserts/Lizard man/Medieval Series/Lizard Men/Source/Materials/Lizard Man_5_var.mat
  artifactKey: Guid(c6d2297b7ca770444bfb8555c7a14bb0) Importer(2089858483,b0f066a214c2f5e87bad3c948f4d605d)
Start importing Assets/3D Asserts/Lizard man/Medieval Series/Lizard Men/Source/Materials/Lizard Man_5_var.mat using Guid(c6d2297b7ca770444bfb8555c7a14bb0) Importer(2089858483,b0f066a214c2f5e87bad3c948f4d605d) (ScriptedImporter) -> (artifact id: '63105c3ed8c843af8a54b7b6d383af13') in 0.1400612 seconds
Number of updated asset objects reloaded before import = 0Number of asset objects unloaded after import = 6

========================================================================
Received Import Request.
  Time since last request: 0.000053 seconds.
  path: Assets/3D Asserts/Lizard man/Polygonmaker - Shader/Textures/Default Gray(A).tga
  artifactKey: Guid(d340fcb74c944e046b0860161abc4821) Importer(2089858483,b0f066a214c2f5e87bad3c948f4d605d)
Start importing Assets/3D Asserts/Lizard man/Polygonmaker - Shader/Textures/Default Gray(A).tga using Guid(d340fcb74c944e046b0860161abc4821) Importer(2089858483,b0f066a214c2f5e87bad3c948f4d605d) (ScriptedImporter) -> (artifact id: '14e8531f771d3a185bc7b4e526f19c8e') in 0.0324923 seconds
Number of updated asset objects reloaded before import = 0Number of asset objects unloaded after import = 1

========================================================================
Received Import Request.
  Time since last request: 0.000037 seconds.
  path: Assets/3D Asserts/Lizard man/Medieval Series/Lizard Men/Source/Materials/Helmet.mat
  artifactKey: Guid(82c4253b1068e9b4490b0d7f61fb237e) Importer(2089858483,b0f066a214c2f5e87bad3c948f4d605d)
Start importing Assets/3D Asserts/Lizard man/Medieval Series/Lizard Men/Source/Materials/Helmet.mat using Guid(82c4253b1068e9b4490b0d7f61fb237e) Importer(2089858483,b0f066a214c2f5e87bad3c948f4d605d) (ScriptedImporter) -> (artifact id: '3b266f5e148e92328d1ed858c8778cff') in 0.0728974 seconds
Number of updated asset objects reloaded before import = 0Number of asset objects unloaded after import = 4

========================================================================
Received Import Request.
  Time since last request: 0.000061 seconds.
  path: Assets/3D Asserts/Lizard man/Medieval Series/Lizard Men/Weapons/Club-Horde_2.prefab
  artifactKey: Guid(284eeaf0d9d16c145ad823c6b2bc223e) Importer(2089858483,b0f066a214c2f5e87bad3c948f4d605d)
Start importing Assets/3D Asserts/Lizard man/Medieval Series/Lizard Men/Weapons/Club-Horde_2.prefab using Guid(284eeaf0d9d16c145ad823c6b2bc223e) Importer(2089858483,b0f066a214c2f5e87bad3c948f4d605d) (ScriptedImporter) -> (artifact id: '839b5ea1eb8260378751eb9f468e943f') in 0.0250402 seconds
Number of updated asset objects reloaded before import = 0Number of asset objects unloaded after import = 20

========================================================================
Received Import Request.
  Time since last request: 0.000037 seconds.
  path: Assets/3D Asserts/Lizard man/Medieval Series/Lizard Men/Characters/LizardMan_4_var.prefab
  artifactKey: Guid(7ec4afed00c41324abe5e38415d03985) Importer(2089858483,b0f066a214c2f5e87bad3c948f4d605d)
Start importing Assets/3D Asserts/Lizard man/Medieval Series/Lizard Men/Characters/LizardMan_4_var.prefab using Guid(7ec4afed00c41324abe5e38415d03985) Importer(2089858483,b0f066a214c2f5e87bad3c948f4d605d) (ScriptedImporter) -> (artifact id: '1fbb5162f220afdc39b8596bf820f298') in 0.0395539 seconds
Number of updated asset objects reloaded before import = 0Number of asset objects unloaded after import = 741

========================================================================
Received Import Request.
  Time since last request: 0.000033 seconds.
  path: Assets/3D Asserts/Lizard man/Medieval Series/Lizard Men/Weapons/Source/Materials/Shield-Orc_1.mat
  artifactKey: Guid(ba8a1978814f07f46b6667206a35f20a) Importer(2089858483,b0f066a214c2f5e87bad3c948f4d605d)
Start importing Assets/3D Asserts/Lizard man/Medieval Series/Lizard Men/Weapons/Source/Materials/Shield-Orc_1.mat using Guid(ba8a1978814f07f46b6667206a35f20a) Importer(2089858483,b0f066a214c2f5e87bad3c948f4d605d) (ScriptedImporter) -> (artifact id: 'bcb45c534e3c0049f598293d2f474900') in 0.0979497 seconds
Number of updated asset objects reloaded before import = 0Number of asset objects unloaded after import = 4

========================================================================
Received Import Request.
  Time since last request: 0.000022 seconds.
  path: Assets/3D Asserts/Lizard man/Medieval Series/Lizard Men/Animations/Anim_LizardMan@walk-back.FBX
  artifactKey: Guid(166cee65487cbcf40b4c05f1df6a3d58) Importer(2089858483,b0f066a214c2f5e87bad3c948f4d605d)
Start importing Assets/3D Asserts/Lizard man/Medieval Series/Lizard Men/Animations/Anim_LizardMan@walk-back.FBX using Guid(166cee65487cbcf40b4c05f1df6a3d58) Importer(2089858483,b0f066a214c2f5e87bad3c948f4d605d) (ScriptedImporter) -> (artifact id: '2de18a54bc8401d9c056194c187e45fb') in 0.0432527 seconds
Number of updated asset objects reloaded before import = 0Number of asset objects unloaded after import = 203

========================================================================
Received Import Request.
  Time since last request: 0.000032 seconds.
  path: Assets/3D Asserts/Lizard man/Medieval Series/Lizard Men/Source/Materials/Lizard Man_3_var.mat
  artifactKey: Guid(cf39916b358c368478e4f86243f14a49) Importer(2089858483,b0f066a214c2f5e87bad3c948f4d605d)
Start importing Assets/3D Asserts/Lizard man/Medieval Series/Lizard Men/Source/Materials/Lizard Man_3_var.mat using Guid(cf39916b358c368478e4f86243f14a49) Importer(2089858483,b0f066a214c2f5e87bad3c948f4d605d) (ScriptedImporter) -> (artifact id: 'daa265644289271b8a4433e838cf3920') in 0.1424981 seconds
Number of updated asset objects reloaded before import = 0Number of asset objects unloaded after import = 6

========================================================================
Received Import Request.
  Time since last request: 0.000047 seconds.
  path: Assets/3D Asserts/Lizard man/Medieval Series/Lizard Men/Weapons/Shield-Horde_1.prefab
  artifactKey: Guid(85f00968b97a6b44a9b7de4a665a421b) Importer(2089858483,b0f066a214c2f5e87bad3c948f4d605d)
Start importing Assets/3D Asserts/Lizard man/Medieval Series/Lizard Men/Weapons/Shield-Horde_1.prefab using Guid(85f00968b97a6b44a9b7de4a665a421b) Importer(2089858483,b0f066a214c2f5e87bad3c948f4d605d) (ScriptedImporter) -> (artifact id: '4d5003d48a006d1944c8c8a4045fe4ac') in 0.0235267 seconds
Number of updated asset objects reloaded before import = 0Number of asset objects unloaded after import = 20

========================================================================
Received Import Request.
  Time since last request: 0.000019 seconds.
  path: Assets/3D Asserts/Lizard man/Polygonmaker - Shader/HDRP_2020.3.16f1
  artifactKey: Guid(ca0d5b7cd8b3d594eb2ec452097b0baa) Importer(2089858483,b0f066a214c2f5e87bad3c948f4d605d)
Start importing Assets/3D Asserts/Lizard man/Polygonmaker - Shader/HDRP_2020.3.16f1 using Guid(ca0d5b7cd8b3d594eb2ec452097b0baa) Importer(2089858483,b0f066a214c2f5e87bad3c948f4d605d) (ScriptedImporter) -> (artifact id: '4ef6fa321cecca16b029d4eeb3548a37') in 0.0036331 seconds
Number of updated asset objects reloaded before import = 0Number of asset objects unloaded after import = 1

========================================================================
Received Import Request.
  Time since last request: 0.000053 seconds.
  path: Assets/3D Asserts/Lizard man/Medieval Series/Lizard Men/LizardMan_Base.prefab
  artifactKey: Guid(6813b42f76db6d1439723354128d85f9) Importer(2089858483,b0f066a214c2f5e87bad3c948f4d605d)
Start importing Assets/3D Asserts/Lizard man/Medieval Series/Lizard Men/LizardMan_Base.prefab using Guid(6813b42f76db6d1439723354128d85f9) Importer(2089858483,b0f066a214c2f5e87bad3c948f4d605d) (ScriptedImporter) -> (artifact id: '8674b76d75cb210288e185787ab09ec9') in 0.0226536 seconds
Number of updated asset objects reloaded before import = 0Number of asset objects unloaded after import = 498

========================================================================
Received Import Request.
  Time since last request: 0.000042 seconds.
  path: Assets/3D Asserts/Lizard man/Medieval Series/Lizard Men/Source/Materials/Mobile/Lizard_2_Mobile.mat
  artifactKey: Guid(7e4599d5ee805444ebee058668832af7) Importer(2089858483,b0f066a214c2f5e87bad3c948f4d605d)
Start importing Assets/3D Asserts/Lizard man/Medieval Series/Lizard Men/Source/Materials/Mobile/Lizard_2_Mobile.mat using Guid(7e4599d5ee805444ebee058668832af7) Importer(2089858483,b0f066a214c2f5e87bad3c948f4d605d) (ScriptedImporter) -> (artifact id: '3874d4438cc0d59f7755c0906baddbce') in 0.0393778 seconds
Number of updated asset objects reloaded before import = 0Number of asset objects unloaded after import = 2

========================================================================
Received Import Request.
  Time since last request: 0.000049 seconds.
  path: Assets/3D Asserts/Lizard man/Medieval Series/Lizard Men/Animations/Anim_LizardMan@attack1.FBX
  artifactKey: Guid(ad318aacda57c3046af952dc0db83f6f) Importer(2089858483,b0f066a214c2f5e87bad3c948f4d605d)
Start importing Assets/3D Asserts/Lizard man/Medieval Series/Lizard Men/Animations/Anim_LizardMan@attack1.FBX using Guid(ad318aacda57c3046af952dc0db83f6f) Importer(2089858483,b0f066a214c2f5e87bad3c948f4d605d) (ScriptedImporter) -> (artifact id: '9d1b36e4c3e120837dfa98f8c0320673') in 0.0491726 seconds
Number of updated asset objects reloaded before import = 0Number of asset objects unloaded after import = 217

========================================================================
Received Import Request.
  Time since last request: 0.000029 seconds.
  path: Assets/3D Asserts/Lizard man/Medieval Series/Lizard Men/Animations/Anim_LizardMan@StrafeR.FBX
  artifactKey: Guid(5dba9713acdb5bd4e888702dbd28ae48) Importer(2089858483,b0f066a214c2f5e87bad3c948f4d605d)
Start importing Assets/3D Asserts/Lizard man/Medieval Series/Lizard Men/Animations/Anim_LizardMan@StrafeR.FBX using Guid(5dba9713acdb5bd4e888702dbd28ae48) Importer(2089858483,b0f066a214c2f5e87bad3c948f4d605d) (ScriptedImporter) -> (artifact id: '3781040ae81206081cac0541696e8071') in 0.0291324 seconds
Number of updated asset objects reloaded before import = 0Number of asset objects unloaded after import = 221

========================================================================
Received Import Request.
  Time since last request: 0.000028 seconds.
  path: Assets/3D Asserts/Lizard man/Medieval Series/Lizard Men/Weapons/Textures/T_Spear-Horde_01_MS.tga
  artifactKey: Guid(caba5cc33a438254a9971c2e94911749) Importer(2089858483,b0f066a214c2f5e87bad3c948f4d605d)
Start importing Assets/3D Asserts/Lizard man/Medieval Series/Lizard Men/Weapons/Textures/T_Spear-Horde_01_MS.tga using Guid(caba5cc33a438254a9971c2e94911749) Importer(2089858483,b0f066a214c2f5e87bad3c948f4d605d) (ScriptedImporter) -> (artifact id: 'c59e96b3bfe60cde7d5bfdc556ba02d5') in 0.0199473 seconds
Number of updated asset objects reloaded before import = 0Number of asset objects unloaded after import = 1

========================================================================
Received Import Request.
  Time since last request: 0.000053 seconds.
  path: Assets/3D Asserts/Lizard man/Medieval Series/Lizard Men/Scenes/Source/Skybox.hdr
  artifactKey: Guid(eb50ffd506ccd544491c37e9476bd0ec) Importer(2089858483,b0f066a214c2f5e87bad3c948f4d605d)
Start importing Assets/3D Asserts/Lizard man/Medieval Series/Lizard Men/Scenes/Source/Skybox.hdr using Guid(eb50ffd506ccd544491c37e9476bd0ec) Importer(2089858483,b0f066a214c2f5e87bad3c948f4d605d) (ScriptedImporter) -> (artifact id: 'e59f4e177f9a6e9e702b6d5b89c16608') in 0.008826 seconds
Number of updated asset objects reloaded before import = 0Number of asset objects unloaded after import = 1

========================================================================
Received Import Request.
  Time since last request: 0.000059 seconds.
  path: Assets/3D Asserts/Lizard man/Polygonmaker - Shader/Source/T_Golem-Crystal_O.tga
  artifactKey: Guid(d75cce210ed5233458b5a9ba2c0b6646) Importer(2089858483,b0f066a214c2f5e87bad3c948f4d605d)
Start importing Assets/3D Asserts/Lizard man/Polygonmaker - Shader/Source/T_Golem-Crystal_O.tga using Guid(d75cce210ed5233458b5a9ba2c0b6646) Importer(2089858483,b0f066a214c2f5e87bad3c948f4d605d) (ScriptedImporter) -> (artifact id: '2e5b378f6fe211af095b23f0d96a5add') in 0.0186183 seconds
Number of updated asset objects reloaded before import = 0Number of asset objects unloaded after import = 1

========================================================================
Received Import Request.
  Time since last request: 0.000032 seconds.
  path: Assets/3D Asserts/Lizard man/Medieval Series/Lizard Men/Source/Materials/Mobile/Lizard_4_Mobile.mat
  artifactKey: Guid(dbc0c1875f6201f42b0ab4dc621bf594) Importer(2089858483,b0f066a214c2f5e87bad3c948f4d605d)
Start importing Assets/3D Asserts/Lizard man/Medieval Series/Lizard Men/Source/Materials/Mobile/Lizard_4_Mobile.mat using Guid(dbc0c1875f6201f42b0ab4dc621bf594) Importer(2089858483,b0f066a214c2f5e87bad3c948f4d605d) (ScriptedImporter) -> (artifact id: '96b53d36d52d8089361dd7f5a932ed84') in 0.0651816 seconds
Number of updated asset objects reloaded before import = 0Number of asset objects unloaded after import = 2

========================================================================
Received Import Request.
  Time since last request: 0.000047 seconds.
  path: Assets/3D Asserts/Lizard man/Polygonmaker - Shader/Textures/T_Granite_Detail.png
  artifactKey: Guid(185984cae01789a40a2e1f08a4bedfa1) Importer(2089858483,b0f066a214c2f5e87bad3c948f4d605d)
Start importing Assets/3D Asserts/Lizard man/Polygonmaker - Shader/Textures/T_Granite_Detail.png using Guid(185984cae01789a40a2e1f08a4bedfa1) Importer(2089858483,b0f066a214c2f5e87bad3c948f4d605d) (ScriptedImporter) -> (artifact id: 'abf9704ff4bb0524afdffdcb859bc62e') in 0.0467558 seconds
Number of updated asset objects reloaded before import = 0Number of asset objects unloaded after import = 1

========================================================================
Received Import Request.
  Time since last request: 0.000035 seconds.
  path: Assets/3D Asserts/Lizard man/Medieval Series/Lizard Men/Weapons/Source/Materials
  artifactKey: Guid(bfc9211231122914bbd88460c47bf5e2) Importer(2089858483,b0f066a214c2f5e87bad3c948f4d605d)
Start importing Assets/3D Asserts/Lizard man/Medieval Series/Lizard Men/Weapons/Source/Materials using Guid(bfc9211231122914bbd88460c47bf5e2) Importer(2089858483,b0f066a214c2f5e87bad3c948f4d605d) (ScriptedImporter) -> (artifact id: '257adb949b2e11aaaf1df32dbffecb66') in 0.0076244 seconds
Number of updated asset objects reloaded before import = 0Number of asset objects unloaded after import = 1

========================================================================
Received Import Request.
  Time since last request: 0.000029 seconds.
  path: Assets/3D Asserts/Lizard man/Polygonmaker - Shader/Textures/Default Mettalic(A).tga
  artifactKey: Guid(d429806a7c48aed4499e84d6864feeb2) Importer(2089858483,b0f066a214c2f5e87bad3c948f4d605d)
Start importing Assets/3D Asserts/Lizard man/Polygonmaker - Shader/Textures/Default Mettalic(A).tga using Guid(d429806a7c48aed4499e84d6864feeb2) Importer(2089858483,b0f066a214c2f5e87bad3c948f4d605d) (ScriptedImporter) -> (artifact id: 'ef21e9d84b53441ac44614c26195c36b') in 0.0316774 seconds
Number of updated asset objects reloaded before import = 0Number of asset objects unloaded after import = 1

========================================================================
Received Import Request.
  Time since last request: 0.000040 seconds.
  path: Assets/3D Asserts/Lizard man/Medieval Series/Lizard Men/Weapons/Textures/T_Spear-Horde_01_N.tga
  artifactKey: Guid(4897e359de9187140b9a4e0999e8dacc) Importer(2089858483,b0f066a214c2f5e87bad3c948f4d605d)
Start importing Assets/3D Asserts/Lizard man/Medieval Series/Lizard Men/Weapons/Textures/T_Spear-Horde_01_N.tga using Guid(4897e359de9187140b9a4e0999e8dacc) Importer(2089858483,b0f066a214c2f5e87bad3c948f4d605d) (ScriptedImporter) -> (artifact id: '81057e5f9209d14ed6744e19b6a2b3d5') in 0.0190125 seconds
Number of updated asset objects reloaded before import = 0Number of asset objects unloaded after import = 1

========================================================================
Received Import Request.
  Time since last request: 0.000035 seconds.
  path: Assets/3D Asserts/Lizard man/Polygonmaker - Shader/Shaders/Polygonmaker-AS-Skin.shader
  artifactKey: Guid(0a80ced63300ac94caa0fdaccca6379c) Importer(2089858483,b0f066a214c2f5e87bad3c948f4d605d)
Start importing Assets/3D Asserts/Lizard man/Polygonmaker - Shader/Shaders/Polygonmaker-AS-Skin.shader using Guid(0a80ced63300ac94caa0fdaccca6379c) Importer(2089858483,b0f066a214c2f5e87bad3c948f4d605d) (ScriptedImporter) -> (artifact id: '93e40cf6759ec8a474ed1b57ae3cfa10') in 0.0222505 seconds
Number of updated asset objects reloaded before import = 0Number of asset objects unloaded after import = 1

========================================================================
Received Import Request.
  Time since last request: 0.000079 seconds.
  path: Assets/3D Asserts/Lizard man/Medieval Series/Lizard Men/Scenes
  artifactKey: Guid(34407d98c2e344a439e057a60e4b12af) Importer(2089858483,b0f066a214c2f5e87bad3c948f4d605d)
Start importing Assets/3D Asserts/Lizard man/Medieval Series/Lizard Men/Scenes using Guid(34407d98c2e344a439e057a60e4b12af) Importer(2089858483,b0f066a214c2f5e87bad3c948f4d605d) (ScriptedImporter) -> (artifact id: '6c0f7f2712f56641e728b27be2c819d6') in 0.0114661 seconds
Number of updated asset objects reloaded before import = 0Number of asset objects unloaded after import = 1

========================================================================
Received Import Request.
  Time since last request: 0.000033 seconds.
  path: Assets/3D Asserts/Lizard man/Medieval Series/Lizard Men/Weapons/Source/Materials/Axe-Wraith_1.mat
  artifactKey: Guid(2cb653bd462ffc0418b24c9926cfed23) Importer(2089858483,b0f066a214c2f5e87bad3c948f4d605d)
Start importing Assets/3D Asserts/Lizard man/Medieval Series/Lizard Men/Weapons/Source/Materials/Axe-Wraith_1.mat using Guid(2cb653bd462ffc0418b24c9926cfed23) Importer(2089858483,b0f066a214c2f5e87bad3c948f4d605d) (ScriptedImporter) -> (artifact id: 'fe6f4c50f1bbf71bc87f8cfb34766a53') in 0.0870643 seconds
Number of updated asset objects reloaded before import = 0Number of asset objects unloaded after import = 4

========================================================================
Received Import Request.
  Time since last request: 0.000075 seconds.
  path: Assets/3D Asserts/Lizard man/Medieval Series/Lizard Men/Animations/Anim_Lizardman@fishing.FBX
  artifactKey: Guid(25aaac7aae0ccd645b3b0f36b095c765) Importer(2089858483,b0f066a214c2f5e87bad3c948f4d605d)
Start importing Assets/3D Asserts/Lizard man/Medieval Series/Lizard Men/Animations/Anim_Lizardman@fishing.FBX using Guid(25aaac7aae0ccd645b3b0f36b095c765) Importer(2089858483,b0f066a214c2f5e87bad3c948f4d605d) (ScriptedImporter) -> (artifact id: '362bfdada4da728244bda04926d418d2') in 0.0329376 seconds
Number of updated asset objects reloaded before import = 0Number of asset objects unloaded after import = 203

========================================================================
Received Import Request.
  Time since last request: 0.000058 seconds.
  path: Assets/3D Asserts/Lizard man/Polygonmaker - Shader/Materials/Polygonmaker-PBR.mat
  artifactKey: Guid(cc79100f2dda7d54b96c5124a19cf6fa) Importer(2089858483,b0f066a214c2f5e87bad3c948f4d605d)
Start importing Assets/3D Asserts/Lizard man/Polygonmaker - Shader/Materials/Polygonmaker-PBR.mat using Guid(cc79100f2dda7d54b96c5124a19cf6fa) Importer(2089858483,b0f066a214c2f5e87bad3c948f4d605d) (ScriptedImporter) -> (artifact id: 'b14f1a953b84ed3e2e1157423801df7e') in 0.0298276 seconds
Number of updated asset objects reloaded before import = 0Number of asset objects unloaded after import = 6

========================================================================
Received Import Request.
  Time since last request: 0.000028 seconds.
  path: Assets/3D Asserts/Lizard man/Polygonmaker - Shader/HDRP_2020.3.0f1
  artifactKey: Guid(30c7782ee9ea76d44b67e8ce5cc2436e) Importer(2089858483,b0f066a214c2f5e87bad3c948f4d605d)
Start importing Assets/3D Asserts/Lizard man/Polygonmaker - Shader/HDRP_2020.3.0f1 using Guid(30c7782ee9ea76d44b67e8ce5cc2436e) Importer(2089858483,b0f066a214c2f5e87bad3c948f4d605d) (ScriptedImporter) -> (artifact id: '271b2d7b09f2a89297bc775463359e5a') in 0.0082959 seconds
Number of updated asset objects reloaded before import = 0Number of asset objects unloaded after import = 1

========================================================================
Received Import Request.
  Time since last request: 0.000023 seconds.
  path: Assets/3D Asserts/Lizard man/Medieval Series/Lizard Men/Characters/LizardMan_5.prefab
  artifactKey: Guid(1b8e6a7dc0106a8488fcff095a6c5053) Importer(2089858483,b0f066a214c2f5e87bad3c948f4d605d)
Start importing Assets/3D Asserts/Lizard man/Medieval Series/Lizard Men/Characters/LizardMan_5.prefab using Guid(1b8e6a7dc0106a8488fcff095a6c5053) Importer(2089858483,b0f066a214c2f5e87bad3c948f4d605d) (ScriptedImporter) -> (artifact id: 'e5eb28a8e187af7f1901b6d2998e471b') in 0.0377716 seconds
Number of updated asset objects reloaded before import = 0Number of asset objects unloaded after import = 498

========================================================================
Received Import Request.
  Time since last request: 0.000055 seconds.
  path: Assets/3D Asserts/Lizard man/Medieval Series/Lizard Men/Animations/Anim_LizardMan@walk.FBX
  artifactKey: Guid(7b5ba13a24f106243b9fb84b5320005d) Importer(2089858483,b0f066a214c2f5e87bad3c948f4d605d)
Start importing Assets/3D Asserts/Lizard man/Medieval Series/Lizard Men/Animations/Anim_LizardMan@walk.FBX using Guid(7b5ba13a24f106243b9fb84b5320005d) Importer(2089858483,b0f066a214c2f5e87bad3c948f4d605d) (ScriptedImporter) -> (artifact id: '5a077b5edabd24e6b40d556716700781') in 0.0776123 seconds
Number of updated asset objects reloaded before import = 0Number of asset objects unloaded after import = 203

========================================================================
Received Import Request.
  Time since last request: 0.000042 seconds.
  path: Assets/3D Asserts/Lizard man/Medieval Series/Lizard Men/Source
  artifactKey: Guid(686110916f475284fa3780e780394c43) Importer(2089858483,b0f066a214c2f5e87bad3c948f4d605d)
Start importing Assets/3D Asserts/Lizard man/Medieval Series/Lizard Men/Source using Guid(686110916f475284fa3780e780394c43) Importer(2089858483,b0f066a214c2f5e87bad3c948f4d605d) (ScriptedImporter) -> (artifact id: '24be10ddac758518ada0abc1f1fc4a4b') in 0.0074784 seconds
Number of updated asset objects reloaded before import = 0Number of asset objects unloaded after import = 1

========================================================================
Received Import Request.
  Time since last request: 0.000023 seconds.
  path: Assets/3D Asserts/Lizard man/Medieval Series/Lizard Men/Animations/Lizard1.controller
  artifactKey: Guid(358f668bccaa30d4b9223992cb28045b) Importer(2089858483,b0f066a214c2f5e87bad3c948f4d605d)
Start importing Assets/3D Asserts/Lizard man/Medieval Series/Lizard Men/Animations/Lizard1.controller using Guid(358f668bccaa30d4b9223992cb28045b) Importer(2089858483,b0f066a214c2f5e87bad3c948f4d605d) (ScriptedImporter) -> (artifact id: 'a94b0755b6eb22e29ecc626de14b0b1c') in 0.0382819 seconds
Number of updated asset objects reloaded before import = 0Number of asset objects unloaded after import = 22

========================================================================
Received Import Request.
  Time since last request: 0.000022 seconds.
  path: Assets/3D Asserts/Lizard man/Medieval Series/Lizard Men/Source/Textures/Lizard_Man_1 [Normal].tga
  artifactKey: Guid(decef80c2ada07e49abbedef03529fc2) Importer(2089858483,b0f066a214c2f5e87bad3c948f4d605d)
Start importing Assets/3D Asserts/Lizard man/Medieval Series/Lizard Men/Source/Textures/Lizard_Man_1 [Normal].tga using Guid(decef80c2ada07e49abbedef03529fc2) Importer(2089858483,b0f066a214c2f5e87bad3c948f4d605d) (ScriptedImporter) -> (artifact id: '6c8952be710078079f1e77586b33cf60') in 0.0699464 seconds
Number of updated asset objects reloaded before import = 0Number of asset objects unloaded after import = 1

========================================================================
Received Import Request.
  Time since last request: 0.000024 seconds.
  path: Assets/3D Asserts/Lizard man/Polygonmaker - Shader/Materials
  artifactKey: Guid(8c5f58f0069d9564f8e13d1f257f44da) Importer(2089858483,b0f066a214c2f5e87bad3c948f4d605d)
Start importing Assets/3D Asserts/Lizard man/Polygonmaker - Shader/Materials using Guid(8c5f58f0069d9564f8e13d1f257f44da) Importer(2089858483,b0f066a214c2f5e87bad3c948f4d605d) (ScriptedImporter) -> (artifact id: '302c09580f3e3c91f65f149c6f42cc36') in 0.0040609 seconds
Number of updated asset objects reloaded before import = 0Number of asset objects unloaded after import = 1

========================================================================
Received Import Request.
  Time since last request: 0.000028 seconds.
  path: Assets/3D Asserts/Lizard man/Medieval Series/Lizard Men/Source/Textures/Mobile/Lizard_Man_4 [Diffuse].tga
  artifactKey: Guid(47cbe16f058f83a44aa1409d0f1ec112) Importer(2089858483,b0f066a214c2f5e87bad3c948f4d605d)
Start importing Assets/3D Asserts/Lizard man/Medieval Series/Lizard Men/Source/Textures/Mobile/Lizard_Man_4 [Diffuse].tga using Guid(47cbe16f058f83a44aa1409d0f1ec112) Importer(2089858483,b0f066a214c2f5e87bad3c948f4d605d) (ScriptedImporter) -> (artifact id: 'c32d5dfb9c3ee617c4fe2c7327d0737a') in 0.0170462 seconds
Number of updated asset objects reloaded before import = 0Number of asset objects unloaded after import = 1

========================================================================
Received Import Request.
  Time since last request: 0.000015 seconds.
  path: Assets/3D Asserts/Lizard man/Medieval Series/Lizard Men/Animations/Anim_LizardMan@idle.FBX
  artifactKey: Guid(93d1886728351fd48af291e67e46e1af) Importer(2089858483,b0f066a214c2f5e87bad3c948f4d605d)
Start importing Assets/3D Asserts/Lizard man/Medieval Series/Lizard Men/Animations/Anim_LizardMan@idle.FBX using Guid(93d1886728351fd48af291e67e46e1af) Importer(2089858483,b0f066a214c2f5e87bad3c948f4d605d) (ScriptedImporter) -> (artifact id: '6f00a6a6dd7c6f494f35ca12dfd800b5') in 0.0331181 seconds
Number of updated asset objects reloaded before import = 0Number of asset objects unloaded after import = 217

========================================================================
Received Import Request.
  Time since last request: 0.000018 seconds.
  path: Assets/3D Asserts/Lizard man/Polygonmaker - Shader/Source/T_Golem-Crystal_MS.tga
  artifactKey: Guid(2b3127d2659588140b7c072e4a17e58d) Importer(2089858483,b0f066a214c2f5e87bad3c948f4d605d)
Start importing Assets/3D Asserts/Lizard man/Polygonmaker - Shader/Source/T_Golem-Crystal_MS.tga using Guid(2b3127d2659588140b7c072e4a17e58d) Importer(2089858483,b0f066a214c2f5e87bad3c948f4d605d) (ScriptedImporter) -> (artifact id: '9212acff151588e1721892ad9b2e448a') in 0.0126385 seconds
Number of updated asset objects reloaded before import = 0Number of asset objects unloaded after import = 1

========================================================================
Received Import Request.
  Time since last request: 0.000030 seconds.
  path: Assets/3D Asserts/Lizard man/Medieval Series/Lizard Men/Source/Textures/Helmet [Normal].tga
  artifactKey: Guid(d4695d79b25820640a4ca59543b33a9d) Importer(2089858483,b0f066a214c2f5e87bad3c948f4d605d)
Start importing Assets/3D Asserts/Lizard man/Medieval Series/Lizard Men/Source/Textures/Helmet [Normal].tga using Guid(d4695d79b25820640a4ca59543b33a9d) Importer(2089858483,b0f066a214c2f5e87bad3c948f4d605d) (ScriptedImporter) -> (artifact id: 'c5dd5f961761722ddcab254c4fb56c89') in 0.0159216 seconds
Number of updated asset objects reloaded before import = 0Number of asset objects unloaded after import = 1

========================================================================
Received Import Request.
  Time since last request: 0.000062 seconds.
  path: Assets/3D Asserts/Lizard man/Medieval Series/Lizard Men/Source/Textures/T_Lizard_Man_1_MS.tga
  artifactKey: Guid(087863d4dde58da4ab10a01044cbe6b8) Importer(2089858483,b0f066a214c2f5e87bad3c948f4d605d)
Start importing Assets/3D Asserts/Lizard man/Medieval Series/Lizard Men/Source/Textures/T_Lizard_Man_1_MS.tga using Guid(087863d4dde58da4ab10a01044cbe6b8) Importer(2089858483,b0f066a214c2f5e87bad3c948f4d605d) (ScriptedImporter) -> (artifact id: 'a52a088b869d94e007f36dee19b0fe77') in 0.0331103 seconds
Number of updated asset objects reloaded before import = 0Number of asset objects unloaded after import = 1

========================================================================
Received Import Request.
  Time since last request: 342.261138 seconds.
  path: Assets/Sci Fi Gun Light/Textures/ColorVar/Black
  artifactKey: Guid(a8da4d5529efaee4d88378f447849e12) Importer(2089858483,b0f066a214c2f5e87bad3c948f4d605d)
Start importing Assets/Sci Fi Gun Light/Textures/ColorVar/Black using Guid(a8da4d5529efaee4d88378f447849e12) Importer(2089858483,b0f066a214c2f5e87bad3c948f4d605d) (ScriptedImporter) -> (artifact id: 'eaedfbae6bd61eb74597c46416013806') in 0.0059122 seconds
Number of updated asset objects reloaded before import = 0Number of asset objects unloaded after import = 1

========================================================================
Received Import Request.
  Time since last request: 0.000025 seconds.
  path: Assets/Sci Fi Gun Light/Materials/SciFiGunLight/SciFiGunLight_Black.mat
  artifactKey: Guid(a501bb00c34251540a7cffaba4f07182) Importer(2089858483,b0f066a214c2f5e87bad3c948f4d605d)
Start importing Assets/Sci Fi Gun Light/Materials/SciFiGunLight/SciFiGunLight_Black.mat using Guid(a501bb00c34251540a7cffaba4f07182) Importer(2089858483,b0f066a214c2f5e87bad3c948f4d605d) (ScriptedImporter) -> (artifact id: 'be09de7ea02e5c0c8eec65e32a30db74') in 0.1991435 seconds
Number of updated asset objects reloaded before import = 0Number of asset objects unloaded after import = 5

========================================================================
Received Import Request.
  Time since last request: 0.000026 seconds.
  path: Assets/Sci Fi Gun Light/Materials/SciFiGunLight
  artifactKey: Guid(863fb030258283c4e907d0c4c51e96cf) Importer(2089858483,b0f066a214c2f5e87bad3c948f4d605d)
Start importing Assets/Sci Fi Gun Light/Materials/SciFiGunLight using Guid(863fb030258283c4e907d0c4c51e96cf) Importer(2089858483,b0f066a214c2f5e87bad3c948f4d605d) (ScriptedImporter) -> (artifact id: '8c146e1e313e1f77a8312e26efb3d6c2') in 0.0036349 seconds
Number of updated asset objects reloaded before import = 0Number of asset objects unloaded after import = 1

========================================================================
Received Import Request.
  Time since last request: 0.000035 seconds.
  path: Assets/Sci Fi Gun Light/Textures/ColorVar/Blue/SciFiGunLight_AlbedoTransparency.png
  artifactKey: Guid(a2c9f90052463784c81203a9224c59d9) Importer(2089858483,b0f066a214c2f5e87bad3c948f4d605d)
Start importing Assets/Sci Fi Gun Light/Textures/ColorVar/Blue/SciFiGunLight_AlbedoTransparency.png using Guid(a2c9f90052463784c81203a9224c59d9) Importer(2089858483,b0f066a214c2f5e87bad3c948f4d605d) (ScriptedImporter) -> (artifact id: 'd235146b644f450425869a45f90f5dd0') in 0.0348086 seconds
Number of updated asset objects reloaded before import = 0Number of asset objects unloaded after import = 1

========================================================================
Received Import Request.
  Time since last request: 0.000018 seconds.
  path: Assets/Sci Fi Gun Light/Textures/ColorVar/Black/SciFiGunLight_AlbedoTransparency.png
  artifactKey: Guid(bbee312efb984dc47903c8e700c25567) Importer(2089858483,b0f066a214c2f5e87bad3c948f4d605d)
Start importing Assets/Sci Fi Gun Light/Textures/ColorVar/Black/SciFiGunLight_AlbedoTransparency.png using Guid(bbee312efb984dc47903c8e700c25567) Importer(2089858483,b0f066a214c2f5e87bad3c948f4d605d) (ScriptedImporter) -> (artifact id: '3515feb88f5565a75682820bacf3bc2b') in 0.016748 seconds
Number of updated asset objects reloaded before import = 0Number of asset objects unloaded after import = 1

========================================================================
Received Import Request.
  Time since last request: 0.000018 seconds.
  path: Assets/Sci Fi Gun Light/Prefabs/SciFiGunLight/SciFiGunLight_Blue.prefab
  artifactKey: Guid(371711cf542f6d84bafd6596c502935b) Importer(2089858483,b0f066a214c2f5e87bad3c948f4d605d)
Start importing Assets/Sci Fi Gun Light/Prefabs/SciFiGunLight/SciFiGunLight_Blue.prefab using Guid(371711cf542f6d84bafd6596c502935b) Importer(2089858483,b0f066a214c2f5e87bad3c948f4d605d) (ScriptedImporter) -> (artifact id: 'a5b1ae66f87747822bb9f56dea15973c') in 0.02595 seconds
Number of updated asset objects reloaded before import = 0Number of asset objects unloaded after import = 8

========================================================================
Received Import Request.
  Time since last request: 0.000025 seconds.
  path: Assets/Sci Fi Gun Light/Textures/ColorVar/SciFiGunLight_Emission1.png
  artifactKey: Guid(b199bdf781c163b469823a86f9204ac9) Importer(2089858483,b0f066a214c2f5e87bad3c948f4d605d)
Start importing Assets/Sci Fi Gun Light/Textures/ColorVar/SciFiGunLight_Emission1.png using Guid(b199bdf781c163b469823a86f9204ac9) Importer(2089858483,b0f066a214c2f5e87bad3c948f4d605d) (ScriptedImporter) -> (artifact id: 'd7a3b7f3c6b447b42bb0da4e1f6ffabb') in 0.0123109 seconds
Number of updated asset objects reloaded before import = 0Number of asset objects unloaded after import = 1

========================================================================
Received Import Request.
  Time since last request: 0.000039 seconds.
  path: Assets/Sci Fi Gun Light/Materials/SciFiGunLight/SciFiGunLight_White.mat
  artifactKey: Guid(f59d38d7fdabd3048a6eec44cfa5365f) Importer(2089858483,b0f066a214c2f5e87bad3c948f4d605d)
Start importing Assets/Sci Fi Gun Light/Materials/SciFiGunLight/SciFiGunLight_White.mat using Guid(f59d38d7fdabd3048a6eec44cfa5365f) Importer(2089858483,b0f066a214c2f5e87bad3c948f4d605d) (ScriptedImporter) -> (artifact id: 'e1383044da83fc9bf5e3c27062b10088') in 0.0359022 seconds
Number of updated asset objects reloaded before import = 0Number of asset objects unloaded after import = 5

========================================================================
Received Import Request.
  Time since last request: 0.000039 seconds.
  path: Assets/Sci Fi Gun Light/Textures/ColorVar/White
  artifactKey: Guid(64663381d37a4a94080380716983729d) Importer(2089858483,b0f066a214c2f5e87bad3c948f4d605d)
Start importing Assets/Sci Fi Gun Light/Textures/ColorVar/White using Guid(64663381d37a4a94080380716983729d) Importer(2089858483,b0f066a214c2f5e87bad3c948f4d605d) (ScriptedImporter) -> (artifact id: 'fbaced33c5c76feecf650a1d77fea8aa') in 0.0047436 seconds
Number of updated asset objects reloaded before import = 0Number of asset objects unloaded after import = 1

========================================================================
Received Import Request.
  Time since last request: 0.000022 seconds.
  path: Assets/Sci Fi Gun Light/Prefabs/SciFiGunLight/SciFiGunLight_Yellow.prefab
  artifactKey: Guid(caf80fbf99570df45a028c3a3c6ff238) Importer(2089858483,b0f066a214c2f5e87bad3c948f4d605d)
Start importing Assets/Sci Fi Gun Light/Prefabs/SciFiGunLight/SciFiGunLight_Yellow.prefab using Guid(caf80fbf99570df45a028c3a3c6ff238) Importer(2089858483,b0f066a214c2f5e87bad3c948f4d605d) (ScriptedImporter) -> (artifact id: 'c9714e88d0aba66ad5c34a586f0cacb1') in 0.0083456 seconds
Number of updated asset objects reloaded before import = 0Number of asset objects unloaded after import = 8

========================================================================
Received Import Request.
  Time since last request: 0.000054 seconds.
  path: Assets/Sci Fi Gun Light/Textures/ColorVar/Blue
  artifactKey: Guid(8b184ddc0f1f98a43b5919988ab319c4) Importer(2089858483,b0f066a214c2f5e87bad3c948f4d605d)
Start importing Assets/Sci Fi Gun Light/Textures/ColorVar/Blue using Guid(8b184ddc0f1f98a43b5919988ab319c4) Importer(2089858483,b0f066a214c2f5e87bad3c948f4d605d) (ScriptedImporter) -> (artifact id: 'baa480f643148ab169b16b6c3347dd47') in 0.0035756 seconds
Number of updated asset objects reloaded before import = 0Number of asset objects unloaded after import = 1

========================================================================
Received Import Request.
  Time since last request: 0.000056 seconds.
  path: Assets/Sci Fi Gun Light/Prefabs/SciFiGunLight
  artifactKey: Guid(725e685d852ada3489cd8f7d9f441221) Importer(2089858483,b0f066a214c2f5e87bad3c948f4d605d)
Start importing Assets/Sci Fi Gun Light/Prefabs/SciFiGunLight using Guid(725e685d852ada3489cd8f7d9f441221) Importer(2089858483,b0f066a214c2f5e87bad3c948f4d605d) (ScriptedImporter) -> (artifact id: 'b4b69620f2653351c290d80435ea7034') in 0.0083464 seconds
Number of updated asset objects reloaded before import = 0Number of asset objects unloaded after import = 1

========================================================================
Received Import Request.
  Time since last request: 0.000029 seconds.
  path: Assets/Sci Fi Gun Light/Textures/ColorVar/White/SciFiGunLight_SpecularSmoothness.png
  artifactKey: Guid(18d6381b8c60f1e4face1868a1751af3) Importer(2089858483,b0f066a214c2f5e87bad3c948f4d605d)
Start importing Assets/Sci Fi Gun Light/Textures/ColorVar/White/SciFiGunLight_SpecularSmoothness.png using Guid(18d6381b8c60f1e4face1868a1751af3) Importer(2089858483,b0f066a214c2f5e87bad3c948f4d605d) (ScriptedImporter) -> (artifact id: 'e6a8ac418486bf61fcc4823f944984d7') in 0.0155465 seconds
Number of updated asset objects reloaded before import = 0Number of asset objects unloaded after import = 1

========================================================================
Received Import Request.
  Time since last request: 0.000021 seconds.
  path: Assets/Sci Fi Gun Light/Prefabs/SciFiGunLight/SciFiGunLight_White.prefab
  artifactKey: Guid(a1db201987255e14ebc8e3c4476a247f) Importer(2089858483,b0f066a214c2f5e87bad3c948f4d605d)
Start importing Assets/Sci Fi Gun Light/Prefabs/SciFiGunLight/SciFiGunLight_White.prefab using Guid(a1db201987255e14ebc8e3c4476a247f) Importer(2089858483,b0f066a214c2f5e87bad3c948f4d605d) (ScriptedImporter) -> (artifact id: 'fc719b9bb5ce8d837e4ad9bb3ef63801') in 0.0089296 seconds
Number of updated asset objects reloaded before import = 0Number of asset objects unloaded after import = 8

========================================================================
Received Import Request.
  Time since last request: 0.000035 seconds.
  path: Assets/Sci Fi Gun Light/Materials/SciFiGunLight/SciFiGunLight_Yellow.mat
  artifactKey: Guid(cbf658ed14edc5a4987f28f0eb9160ae) Importer(2089858483,b0f066a214c2f5e87bad3c948f4d605d)
Start importing Assets/Sci Fi Gun Light/Materials/SciFiGunLight/SciFiGunLight_Yellow.mat using Guid(cbf658ed14edc5a4987f28f0eb9160ae) Importer(2089858483,b0f066a214c2f5e87bad3c948f4d605d) (ScriptedImporter) -> (artifact id: 'c6648a0adb4c4ac1b7667c5cfed3e7af') in 0.0256244 seconds
Number of updated asset objects reloaded before import = 0Number of asset objects unloaded after import = 5

========================================================================
Received Import Request.
  Time since last request: 0.000035 seconds.
  path: Assets/Sci Fi Gun Light/Materials/SciFiGunLight/SciFiGunLight_Rad.mat
  artifactKey: Guid(9cadc8c5021163743861056c6e0fb83a) Importer(2089858483,b0f066a214c2f5e87bad3c948f4d605d)
Start importing Assets/Sci Fi Gun Light/Materials/SciFiGunLight/SciFiGunLight_Rad.mat using Guid(9cadc8c5021163743861056c6e0fb83a) Importer(2089858483,b0f066a214c2f5e87bad3c948f4d605d) (ScriptedImporter) -> (artifact id: 'fb710679542cb608367d5c8964663d70') in 0.0322784 seconds
Number of updated asset objects reloaded before import = 0Number of asset objects unloaded after import = 5

========================================================================
Received Import Request.
  Time since last request: 0.000055 seconds.
  path: Assets/Sci Fi Gun Light/Prefabs/SciFiGunLight/SciFiGunLight_Black.prefab
  artifactKey: Guid(d32892c82a841e34bb692140d685dcfc) Importer(2089858483,b0f066a214c2f5e87bad3c948f4d605d)
Start importing Assets/Sci Fi Gun Light/Prefabs/SciFiGunLight/SciFiGunLight_Black.prefab using Guid(d32892c82a841e34bb692140d685dcfc) Importer(2089858483,b0f066a214c2f5e87bad3c948f4d605d) (ScriptedImporter) -> (artifact id: '248ea42494cf268e5853f5e5ddea9ed8') in 0.0116231 seconds
Number of updated asset objects reloaded before import = 0Number of asset objects unloaded after import = 8

========================================================================
Received Import Request.
  Time since last request: 0.000023 seconds.
  path: Assets/Sci Fi Gun Light/Scenes/SciFiGunLight_Preview_Scene.unity
  artifactKey: Guid(1f8aa587b96c591469c11fa74f73028a) Importer(2089858483,b0f066a214c2f5e87bad3c948f4d605d)
Start importing Assets/Sci Fi Gun Light/Scenes/SciFiGunLight_Preview_Scene.unity using Guid(1f8aa587b96c591469c11fa74f73028a) Importer(2089858483,b0f066a214c2f5e87bad3c948f4d605d) (ScriptedImporter) -> (artifact id: '53e38366cbd96c9fdbb3af05c038ade9') in 0.0058356 seconds
Number of updated asset objects reloaded before import = 0Number of asset objects unloaded after import = 1

========================================================================
Received Import Request.
  Time since last request: 0.000024 seconds.
  path: Assets/Sci Fi Gun Light/Textures/ColorVar/Yellow/v_AlbedoTransparency.png
  artifactKey: Guid(88684fcb868b0cb4e86f8a405dcbd44e) Importer(2089858483,b0f066a214c2f5e87bad3c948f4d605d)
Start importing Assets/Sci Fi Gun Light/Textures/ColorVar/Yellow/v_AlbedoTransparency.png using Guid(88684fcb868b0cb4e86f8a405dcbd44e) Importer(2089858483,b0f066a214c2f5e87bad3c948f4d605d) (ScriptedImporter) -> (artifact id: '806939867cf503ab243c697a276ca4de') in 0.0170839 seconds
Number of updated asset objects reloaded before import = 0Number of asset objects unloaded after import = 1

========================================================================
Received Import Request.
  Time since last request: 6.361252 seconds.
  path: Assets/Sci Fi Gun Light
  artifactKey: Guid(7f2552ce5c0102c4797360cc4f760e74) Importer(815301076,1909f56bfc062723c751e8b465ee728b)
Start importing Assets/Sci Fi Gun Light using Guid(7f2552ce5c0102c4797360cc4f760e74) Importer(815301076,1909f56bfc062723c751e8b465ee728b) (PreviewImporter) -> (artifact id: '7f42d061753f0007c61cdd2f33da7f0a') in 0.0008793 seconds
Number of updated asset objects reloaded before import = 0Number of asset objects unloaded after import = 0

========================================================================
Received Import Request.
  Time since last request: 1.801122 seconds.
  path: Assets/Sci Fi Gun Light/Prefabs
  artifactKey: Guid(14dbb18d3678c234da1023e170abe6c5) Importer(815301076,1909f56bfc062723c751e8b465ee728b)
Start importing Assets/Sci Fi Gun Light/Prefabs using Guid(14dbb18d3678c234da1023e170abe6c5) Importer(815301076,1909f56bfc062723c751e8b465ee728b) (PreviewImporter) -> (artifact id: 'c1877bd534f5bc43830aab0e4c813efd') in 0.0009605 seconds
Number of updated asset objects reloaded before import = 0Number of asset objects unloaded after import = 0

========================================================================
Received Import Request.
  Time since last request: 1.090910 seconds.
  path: Assets/Sci Fi Gun Light/Prefabs/SciFiGunLight
  artifactKey: Guid(725e685d852ada3489cd8f7d9f441221) Importer(815301076,1909f56bfc062723c751e8b465ee728b)
Start importing Assets/Sci Fi Gun Light/Prefabs/SciFiGunLight using Guid(725e685d852ada3489cd8f7d9f441221) Importer(815301076,1909f56bfc062723c751e8b465ee728b) (PreviewImporter) -> (artifact id: '69d61362c12e3d0a01242777bb666e04') in 0.0007212 seconds
Number of updated asset objects reloaded before import = 0Number of asset objects unloaded after import = 0

========================================================================
Received Import Request.
  Time since last request: 0.263847 seconds.
  path: Assets/Sci Fi Gun Light/Prefabs/SciFiGunLight/SciFiGunLight_Black.prefab
  artifactKey: Guid(d32892c82a841e34bb692140d685dcfc) Importer(815301076,1909f56bfc062723c751e8b465ee728b)
Start importing Assets/Sci Fi Gun Light/Prefabs/SciFiGunLight/SciFiGunLight_Black.prefab using Guid(d32892c82a841e34bb692140d685dcfc) Importer(815301076,1909f56bfc062723c751e8b465ee728b) (PreviewImporter) -> (artifact id: '9a4f6de79fcc4a10bb4072cb2476f7d8') in 0.7135616 seconds
Number of updated asset objects reloaded before import = 0Number of asset objects unloaded after import = 12

========================================================================
Received Import Request.
  Time since last request: 0.000050 seconds.
  path: Assets/Sci Fi Gun Light/Prefabs/SciFiGunLight/SciFiGunLight_Rad.prefab
  artifactKey: Guid(460b09b3999f980448b54c53b41f5873) Importer(815301076,1909f56bfc062723c751e8b465ee728b)
Start importing Assets/Sci Fi Gun Light/Prefabs/SciFiGunLight/SciFiGunLight_Rad.prefab using Guid(460b09b3999f980448b54c53b41f5873) Importer(815301076,1909f56bfc062723c751e8b465ee728b) (PreviewImporter) -> (artifact id: 'f83fab3b8f3849721e12863cb3036f41') in 0.0320595 seconds
Number of updated asset objects reloaded before import = 0Number of asset objects unloaded after import = 12

========================================================================
Received Import Request.
  Time since last request: 0.000073 seconds.
  path: Assets/Sci Fi Gun Light/Prefabs/SciFiGunLight/SciFiGunLight_Yellow.prefab
  artifactKey: Guid(caf80fbf99570df45a028c3a3c6ff238) Importer(815301076,1909f56bfc062723c751e8b465ee728b)
Start importing Assets/Sci Fi Gun Light/Prefabs/SciFiGunLight/SciFiGunLight_Yellow.prefab using Guid(caf80fbf99570df45a028c3a3c6ff238) Importer(815301076,1909f56bfc062723c751e8b465ee728b) (PreviewImporter) -> (artifact id: '4aed43c86f294b29d056e66dda6fe7b8') in 0.0253971 seconds
Number of updated asset objects reloaded before import = 0Number of asset objects unloaded after import = 12

========================================================================
Received Import Request.
  Time since last request: 13.390434 seconds.
  path: Assets/Scenes/SampleScene.unity
  artifactKey: Guid(aecba8389ccad2a479151b754b5b7529) Importer(2089858483,e11c23a36db5f54750b8cd40eac0985b)
Start importing Assets/Scenes/SampleScene.unity using Guid(aecba8389ccad2a479151b754b5b7529) Importer(2089858483,e11c23a36db5f54750b8cd40eac0985b) (ScriptedImporter)Opening scene 'Assets/Scenes/SampleScene.unity additively'
Lighting data asset ‘LightingData’ is incompatible with the current Unity version because the scene it was baked for was not serialized. Please use Generate Lighting to rebuild the lighting data, or assign the target scene to the Lighting Data Asset in the inspector.
UnityEngine.Debug:ExtractStackTraceNoAlloc (byte*,int,string)
UnityEngine.StackTraceUtility:ExtractStackTrace ()
UnityEditor.SceneManagement.EditorSceneManager:OpenScene (string,UnityEditor.SceneManagement.OpenSceneMode)
UnityEditor.Search.AssetIndexer:IndexScene (string,bool)
UnityEditor.Search.AssetIndexer:IndexSceneDocument (string,bool)
UnityEditor.Search.AssetIndexer:IndexDocument (string,bool)
UnityEditor.Search.SearchIndexArtifactImporter:OnImportAsset (UnityEditor.AssetImporters.AssetImportContext)
UnityEditor.AssetImporters.ScriptedImporter:GenerateAssetData (UnityEditor.AssetImporters.AssetImportContext)

[C:\build\output\unity\unity\Editor\Src\GI\Enlighten\LightingDataAsset.cpp line 458]

Loaded scene 'Assets/Scenes/SampleScene.unity'
	Deserialize:            14.810 ms
	Integration:            1057.469 ms
	Integration of assets:  0.006 ms
	Thread Wait Time:       0.023 ms
	Total Operation Time:   1072.308 ms
 -> (artifact id: '4504d4094d5e664a9159303f420f2c2b') in 4.7280241 seconds
Number of updated asset objects reloaded before import = 0Number of asset objects unloaded after import = 5210

========================================================================
Received Import Request.
  Time since last request: 0.000088 seconds.
  path: Assets/3D Asserts/Lizard man/Medieval Series/Lizard Men/Characters/LizardMan_2_var.prefab
  artifactKey: Guid(ff1cec08a2d24ae4fa80193985eee512) Importer(2089858483,e11c23a36db5f54750b8cd40eac0985b)
Start importing Assets/3D Asserts/Lizard man/Medieval Series/Lizard Men/Characters/LizardMan_2_var.prefab using Guid(ff1cec08a2d24ae4fa80193985eee512) Importer(2089858483,e11c23a36db5f54750b8cd40eac0985b) (ScriptedImporter) -> (artifact id: 'd2d669386f7d617f219d59110b641eb8') in 0.1716283 seconds
Number of updated asset objects reloaded before import = 0Number of asset objects unloaded after import = 742

========================================================================
Received Import Request.
  Time since last request: 0.000043 seconds.
  path: Assets/3D Asserts/Lizard man/Medieval Series/Lizard Men/Weapons/Shield-Tribal_1.prefab
  artifactKey: Guid(3c1a70a935c0ba54587e00d88029bfca) Importer(2089858483,e11c23a36db5f54750b8cd40eac0985b)
Start importing Assets/3D Asserts/Lizard man/Medieval Series/Lizard Men/Weapons/Shield-Tribal_1.prefab using Guid(3c1a70a935c0ba54587e00d88029bfca) Importer(2089858483,e11c23a36db5f54750b8cd40eac0985b) (ScriptedImporter) -> (artifact id: 'ceb2710683927144a481b2871d5211ec') in 0.0259294 seconds
Number of updated asset objects reloaded before import = 0Number of asset objects unloaded after import = 21

========================================================================
Received Import Request.
  Time since last request: 100.494013 seconds.
  path: Assets/Sci Fi Gun Light/Prefabs/SciFiGunLight/SciFiGunLight_Black.prefab
  artifactKey: Guid(d32892c82a841e34bb692140d685dcfc) Importer(815301076,1909f56bfc062723c751e8b465ee728b)
Start importing Assets/Sci Fi Gun Light/Prefabs/SciFiGunLight/SciFiGunLight_Black.prefab using Guid(d32892c82a841e34bb692140d685dcfc) Importer(815301076,1909f56bfc062723c751e8b465ee728b) (PreviewImporter) -> (artifact id: 'dbee7d35d9025ce464b4890a823cc1ed') in 9.5727638 seconds
Number of updated asset objects reloaded before import = 0Number of asset objects unloaded after import = 12

========================================================================
Received Import Request.
  Time since last request: 0.000035 seconds.
  path: Assets/Sci Fi Gun Light/Prefabs/SciFiGunLight/SciFiGunLight_White.prefab
  artifactKey: Guid(a1db201987255e14ebc8e3c4476a247f) Importer(815301076,1909f56bfc062723c751e8b465ee728b)
Start importing Assets/Sci Fi Gun Light/Prefabs/SciFiGunLight/SciFiGunLight_White.prefab using Guid(a1db201987255e14ebc8e3c4476a247f) Importer(815301076,1909f56bfc062723c751e8b465ee728b) (PreviewImporter) -> (artifact id: '56cdbf658a9bd571bde9c58140fe2987') in 0.0552551 seconds
Number of updated asset objects reloaded before import = 0Number of asset objects unloaded after import = 12

========================================================================
Received Prepare
Begin MonoManager ReloadAssembly
[Licensing::Client] Successfully resolved entitlement details
ADTM: Control thread waiting for realtime thread timed out, have to lock...
- Loaded All Assemblies, in  2.232 seconds
Refreshing native plugins compatible for Editor in 0.70 ms, found 3 plugins.
Native extension for Android target not found
Native extension for WindowsStandalone target not found
[Package Manager] Failed to launch server process. Reason: Unity was launched with the -noUpm command-line argument
[Package Manager] Unable to send message (not connected to server process).
[Package Manager] Cannot connect to Unity Package Manager local server
[Package Manager] Failed to launch server process. Reason: Unity was launched with the -noUpm command-line argument
[Package Manager] Unable to send message (not connected to server process).
[Package Manager] Cannot connect to Unity Package Manager local server
ScheduleIndexationOnStartup MainProcess:False IndexOnStartup:True
Mono: successfully reloaded assembly
- Finished resetting the current domain, in  1.173 seconds
Domain Reload Profiling: 3408ms
	BeginReloadAssembly (1351ms)
		ExecutionOrderSort (0ms)
		DisableScriptedObjects (32ms)
		BackupInstance (0ms)
		ReleaseScriptingObjects (0ms)
		CreateAndSetChildDomain (1095ms)
	RebuildCommonClasses (60ms)
	RebuildNativeTypeToScriptingClass (20ms)
	initialDomainReloadingComplete (44ms)
	LoadAllAssembliesAndSetupDomain (760ms)
		LoadAssemblies (620ms)
		RebuildTransferFunctionScriptingTraits (0ms)
		AnalyzeDomain (287ms)
			TypeCache.Refresh (24ms)
				TypeCache.ScanAssembly (1ms)
			BuildScriptInfoCaches (246ms)
			ResolveRequiredComponents (14ms)
	FinalizeReload (1174ms)
		ReleaseScriptCaches (0ms)
		RebuildScriptCaches (0ms)
		SetupLoadedEditorAssemblies (963ms)
			LogAssemblyErrors (0ms)
			InitializePlatformSupportModulesInManaged (9ms)
			SetLoadedEditorAssemblies (6ms)
			BeforeProcessingInitializeOnLoad (220ms)
			ProcessInitializeOnLoadAttributes (618ms)
			ProcessInitializeOnLoadMethodAttributes (106ms)
			AfterProcessingInitializeOnLoad (4ms)
			EditorAssembliesLoaded (0ms)
		ExecutionOrderSort2 (0ms)
		AwakeInstancesAfterBackupRestoration (25ms)
Shader 'Polygonmaker/Skin': fallback shader '-1' not found
Shader 'Polygonmaker/Basic-PBR (Cutout Single Side)': fallback shader '-1' not found
Refreshing native plugins compatible for Editor in 0.70 ms, found 3 plugins.
Preloading 0 native plugins for Editor in 0.00 ms.
Unloading 18 Unused Serialized files (Serialized files now loaded: 0)
Unloading 6200 unused Assets / (4.7 MB). Loaded Objects now: 7138.
Memory consumption went from 174.8 MB to 170.1 MB.
Total: 11.898200 ms (FindLiveObjects: 0.869400 ms CreateObjectMapping: 1.125100 ms MarkObjects: 6.127300 ms  DeleteObjects: 3.774500 ms)

Prepare: number of updated asset objects reloaded= 0
========================================================================
Received Prepare
Begin MonoManager ReloadAssembly
[Licensing::Client] Successfully resolved entitlement details
ADTM: Control thread waiting for realtime thread timed out, have to lock...
- Loaded All Assemblies, in  2.003 seconds
Refreshing native plugins compatible for Editor in 1.28 ms, found 3 plugins.
Native extension for Android target not found
Native extension for WindowsStandalone target not found
[Package Manager] Failed to launch server process. Reason: Unity was launched with the -noUpm command-line argument
[Package Manager] Unable to send message (not connected to server process).
[Package Manager] Cannot connect to Unity Package Manager local server
[Package Manager] Failed to launch server process. Reason: Unity was launched with the -noUpm command-line argument
[Package Manager] Unable to send message (not connected to server process).
[Package Manager] Cannot connect to Unity Package Manager local server
ScheduleIndexationOnStartup MainProcess:False IndexOnStartup:True
Mono: successfully reloaded assembly
- Finished resetting the current domain, in  1.404 seconds
Domain Reload Profiling: 3410ms
	BeginReloadAssembly (1282ms)
		ExecutionOrderSort (0ms)
		DisableScriptedObjects (8ms)
		BackupInstance (0ms)
		ReleaseScriptingObjects (0ms)
		CreateAndSetChildDomain (1067ms)
	RebuildCommonClasses (48ms)
	RebuildNativeTypeToScriptingClass (19ms)
	initialDomainReloadingComplete (35ms)
	LoadAllAssembliesAndSetupDomain (620ms)
		LoadAssemblies (432ms)
		RebuildTransferFunctionScriptingTraits (0ms)
		AnalyzeDomain (317ms)
			TypeCache.Refresh (10ms)
				TypeCache.ScanAssembly (0ms)
			BuildScriptInfoCaches (283ms)
			ResolveRequiredComponents (19ms)
	FinalizeReload (1405ms)
		ReleaseScriptCaches (0ms)
		RebuildScriptCaches (0ms)
		SetupLoadedEditorAssemblies (1026ms)
			LogAssemblyErrors (0ms)
			InitializePlatformSupportModulesInManaged (17ms)
			SetLoadedEditorAssemblies (11ms)
			BeforeProcessingInitializeOnLoad (273ms)
			ProcessInitializeOnLoadAttributes (589ms)
			ProcessInitializeOnLoadMethodAttributes (128ms)
			AfterProcessingInitializeOnLoad (7ms)
			EditorAssembliesLoaded (1ms)
		ExecutionOrderSort2 (0ms)
		AwakeInstancesAfterBackupRestoration (27ms)
Shader 'Polygonmaker/Basic-PBR (Cutout Single Side)': fallback shader '-1' not found
Shader 'Polygonmaker/Skin': fallback shader '-1' not found
Refreshing native plugins compatible for Editor in 0.95 ms, found 3 plugins.
Preloading 0 native plugins for Editor in 0.00 ms.
Unloading 17 Unused Serialized files (Serialized files now loaded: 0)
Unloading 6196 unused Assets / (5.4 MB). Loaded Objects now: 7141.
Memory consumption went from 174.4 MB to 169.0 MB.
Total: 21.095200 ms (FindLiveObjects: 2.151700 ms CreateObjectMapping: 2.903200 ms MarkObjects: 8.410500 ms  DeleteObjects: 7.628700 ms)

Prepare: number of updated asset objects reloaded= 0
========================================================================
Received Prepare
Begin MonoManager ReloadAssembly
[Licensing::Client] Successfully resolved entitlement details
ADTM: Control thread waiting for realtime thread timed out, have to lock...
- Loaded All Assemblies, in  1.982 seconds
Refreshing native plugins compatible for Editor in 1.33 ms, found 3 plugins.
Native extension for Android target not found
Native extension for WindowsStandalone target not found
[Package Manager] Failed to launch server process. Reason: Unity was launched with the -noUpm command-line argument
[Package Manager] Unable to send message (not connected to server process).
[Package Manager] Cannot connect to Unity Package Manager local server
[Package Manager] Failed to launch server process. Reason: Unity was launched with the -noUpm command-line argument
[Package Manager] Unable to send message (not connected to server process).
[Package Manager] Cannot connect to Unity Package Manager local server
ScheduleIndexationOnStartup MainProcess:False IndexOnStartup:True
Mono: successfully reloaded assembly
- Finished resetting the current domain, in  1.568 seconds
Domain Reload Profiling: 3553ms
	BeginReloadAssembly (1309ms)
		ExecutionOrderSort (0ms)
		DisableScriptedObjects (8ms)
		BackupInstance (0ms)
		ReleaseScriptingObjects (0ms)
		CreateAndSetChildDomain (1071ms)
	RebuildCommonClasses (54ms)
	RebuildNativeTypeToScriptingClass (22ms)
	initialDomainReloadingComplete (31ms)
	LoadAllAssembliesAndSetupDomain (567ms)
		LoadAssemblies (449ms)
		RebuildTransferFunctionScriptingTraits (0ms)
		AnalyzeDomain (263ms)
			TypeCache.Refresh (8ms)
				TypeCache.ScanAssembly (0ms)
			BuildScriptInfoCaches (234ms)
			ResolveRequiredComponents (16ms)
	FinalizeReload (1569ms)
		ReleaseScriptCaches (0ms)
		RebuildScriptCaches (0ms)
		SetupLoadedEditorAssemblies (1153ms)
			LogAssemblyErrors (0ms)
			InitializePlatformSupportModulesInManaged (20ms)
			SetLoadedEditorAssemblies (10ms)
			BeforeProcessingInitializeOnLoad (292ms)
			ProcessInitializeOnLoadAttributes (672ms)
			ProcessInitializeOnLoadMethodAttributes (151ms)
			AfterProcessingInitializeOnLoad (8ms)
			EditorAssembliesLoaded (1ms)
		ExecutionOrderSort2 (0ms)
		AwakeInstancesAfterBackupRestoration (38ms)
Shader 'Polygonmaker/Basic-PBR (Cutout Single Side)': fallback shader '-1' not found
Shader 'Polygonmaker/Skin': fallback shader '-1' not found
Refreshing native plugins compatible for Editor in 2.56 ms, found 3 plugins.
Preloading 0 native plugins for Editor in 0.00 ms.
Unloading 17 Unused Serialized files (Serialized files now loaded: 0)
Unloading 6196 unused Assets / (4.8 MB). Loaded Objects now: 7144.
Memory consumption went from 174.6 MB to 169.8 MB.
Total: 19.353000 ms (FindLiveObjects: 1.580400 ms CreateObjectMapping: 1.562000 ms MarkObjects: 10.370700 ms  DeleteObjects: 5.838100 ms)

Prepare: number of updated asset objects reloaded= 0
========================================================================
Received Prepare
Begin MonoManager ReloadAssembly
[Licensing::Client] Successfully resolved entitlement details
ADTM: Control thread waiting for realtime thread timed out, have to lock...
- Loaded All Assemblies, in  2.081 seconds
Refreshing native plugins compatible for Editor in 0.79 ms, found 3 plugins.
Native extension for Android target not found
Native extension for WindowsStandalone target not found
[Package Manager] Failed to launch server process. Reason: Unity was launched with the -noUpm command-line argument
[Package Manager] Unable to send message (not connected to server process).
[Package Manager] Cannot connect to Unity Package Manager local server
[Package Manager] Failed to launch server process. Reason: Unity was launched with the -noUpm command-line argument
[Package Manager] Unable to send message (not connected to server process).
[Package Manager] Cannot connect to Unity Package Manager local server
ScheduleIndexationOnStartup MainProcess:False IndexOnStartup:True
Mono: successfully reloaded assembly
- Finished resetting the current domain, in  1.607 seconds
Domain Reload Profiling: 3694ms
	BeginReloadAssembly (1296ms)
		ExecutionOrderSort (0ms)
		DisableScriptedObjects (11ms)
		BackupInstance (0ms)
		ReleaseScriptingObjects (0ms)
		CreateAndSetChildDomain (1069ms)
	RebuildCommonClasses (61ms)
	RebuildNativeTypeToScriptingClass (19ms)
	initialDomainReloadingComplete (41ms)
	LoadAllAssembliesAndSetupDomain (670ms)
		LoadAssemblies (529ms)
		RebuildTransferFunctionScriptingTraits (0ms)
		AnalyzeDomain (281ms)
			TypeCache.Refresh (8ms)
				TypeCache.ScanAssembly (0ms)
			BuildScriptInfoCaches (251ms)
			ResolveRequiredComponents (17ms)
	FinalizeReload (1608ms)
		ReleaseScriptCaches (0ms)
		RebuildScriptCaches (0ms)
		SetupLoadedEditorAssemblies (1160ms)
			LogAssemblyErrors (0ms)
			InitializePlatformSupportModulesInManaged (21ms)
			SetLoadedEditorAssemblies (16ms)
			BeforeProcessingInitializeOnLoad (297ms)
			ProcessInitializeOnLoadAttributes (683ms)
			ProcessInitializeOnLoadMethodAttributes (137ms)
			AfterProcessingInitializeOnLoad (6ms)
			EditorAssembliesLoaded (0ms)
		ExecutionOrderSort2 (0ms)
		AwakeInstancesAfterBackupRestoration (32ms)
Shader 'Polygonmaker/Basic-PBR (Cutout Single Side)': fallback shader '-1' not found
Shader 'Polygonmaker/Skin': fallback shader '-1' not found
Refreshing native plugins compatible for Editor in 1.08 ms, found 3 plugins.
Preloading 0 native plugins for Editor in 0.00 ms.
Unloading 17 Unused Serialized files (Serialized files now loaded: 0)
Unloading 6196 unused Assets / (4.4 MB). Loaded Objects now: 7147.
Memory consumption went from 174.6 MB to 170.2 MB.
Total: 22.106400 ms (FindLiveObjects: 1.459100 ms CreateObjectMapping: 2.514400 ms MarkObjects: 12.536300 ms  DeleteObjects: 5.594600 ms)

Prepare: number of updated asset objects reloaded= 0
========================================================================
Received Prepare
Begin MonoManager ReloadAssembly
[Licensing::Client] Successfully resolved entitlement details
ADTM: Control thread waiting for realtime thread timed out, have to lock...
- Loaded All Assemblies, in  2.096 seconds
Refreshing native plugins compatible for Editor in 1.25 ms, found 3 plugins.
Native extension for Android target not found
Native extension for WindowsStandalone target not found
[Package Manager] Failed to launch server process. Reason: Unity was launched with the -noUpm command-line argument
[Package Manager] Unable to send message (not connected to server process).
[Package Manager] Cannot connect to Unity Package Manager local server
[Package Manager] Failed to launch server process. Reason: Unity was launched with the -noUpm command-line argument
[Package Manager] Unable to send message (not connected to server process).
[Package Manager] Cannot connect to Unity Package Manager local server
ScheduleIndexationOnStartup MainProcess:False IndexOnStartup:True
Mono: successfully reloaded assembly
- Finished resetting the current domain, in  1.602 seconds
Domain Reload Profiling: 3706ms
	BeginReloadAssembly (1285ms)
		ExecutionOrderSort (0ms)
		DisableScriptedObjects (7ms)
		BackupInstance (0ms)
		ReleaseScriptingObjects (0ms)
		CreateAndSetChildDomain (1071ms)
	RebuildCommonClasses (47ms)
	RebuildNativeTypeToScriptingClass (20ms)
	initialDomainReloadingComplete (30ms)
	LoadAllAssembliesAndSetupDomain (720ms)
		LoadAssemblies (442ms)
		RebuildTransferFunctionScriptingTraits (0ms)
		AnalyzeDomain (404ms)
			TypeCache.Refresh (8ms)
				TypeCache.ScanAssembly (0ms)
			BuildScriptInfoCaches (362ms)
			ResolveRequiredComponents (26ms)
	FinalizeReload (1603ms)
		ReleaseScriptCaches (0ms)
		RebuildScriptCaches (0ms)
		SetupLoadedEditorAssemblies (1154ms)
			LogAssemblyErrors (0ms)
			InitializePlatformSupportModulesInManaged (17ms)
			SetLoadedEditorAssemblies (9ms)
			BeforeProcessingInitializeOnLoad (317ms)
			ProcessInitializeOnLoadAttributes (667ms)
			ProcessInitializeOnLoadMethodAttributes (137ms)
			AfterProcessingInitializeOnLoad (6ms)
			EditorAssembliesLoaded (1ms)
		ExecutionOrderSort2 (0ms)
		AwakeInstancesAfterBackupRestoration (34ms)
Shader 'Polygonmaker/Basic-PBR (Cutout Single Side)': fallback shader '-1' not found
Shader 'Polygonmaker/Skin': fallback shader '-1' not found
Refreshing native plugins compatible for Editor in 1.25 ms, found 3 plugins.
Preloading 0 native plugins for Editor in 0.00 ms.
Unloading 17 Unused Serialized files (Serialized files now loaded: 0)
Unloading 6196 unused Assets / (4.4 MB). Loaded Objects now: 7150.
Memory consumption went from 174.6 MB to 170.2 MB.
Total: 21.156200 ms (FindLiveObjects: 1.874600 ms CreateObjectMapping: 2.052700 ms MarkObjects: 11.302700 ms  DeleteObjects: 5.924500 ms)

Prepare: number of updated asset objects reloaded= 0
========================================================================
Received Prepare
Begin MonoManager ReloadAssembly
ADTM: Control thread waiting for realtime thread timed out, have to lock...
- Loaded All Assemblies, in  1.997 seconds
Refreshing native plugins compatible for Editor in 1.23 ms, found 3 plugins.
Native extension for Android target not found
Native extension for WindowsStandalone target not found
[Package Manager] Failed to launch server process. Reason: Unity was launched with the -noUpm command-line argument
[Package Manager] Unable to send message (not connected to server process).
[Package Manager] Cannot connect to Unity Package Manager local server
[Package Manager] Failed to launch server process. Reason: Unity was launched with the -noUpm command-line argument
[Package Manager] Unable to send message (not connected to server process).
[Package Manager] Cannot connect to Unity Package Manager local server
ScheduleIndexationOnStartup MainProcess:False IndexOnStartup:True
Mono: successfully reloaded assembly
- Finished resetting the current domain, in  1.565 seconds
Domain Reload Profiling: 3564ms
	BeginReloadAssembly (1293ms)
		ExecutionOrderSort (0ms)
		DisableScriptedObjects (7ms)
		BackupInstance (0ms)
		ReleaseScriptingObjects (0ms)
		CreateAndSetChildDomain (1071ms)
	RebuildCommonClasses (50ms)
	RebuildNativeTypeToScriptingClass (19ms)
	initialDomainReloadingComplete (38ms)
	LoadAllAssembliesAndSetupDomain (598ms)
		LoadAssemblies (422ms)
		RebuildTransferFunctionScriptingTraits (0ms)
		AnalyzeDomain (304ms)
			TypeCache.Refresh (10ms)
				TypeCache.ScanAssembly (0ms)
			BuildScriptInfoCaches (271ms)
			ResolveRequiredComponents (18ms)
	FinalizeReload (1565ms)
		ReleaseScriptCaches (0ms)
		RebuildScriptCaches (0ms)
		SetupLoadedEditorAssemblies (1127ms)
			LogAssemblyErrors (0ms)
			InitializePlatformSupportModulesInManaged (16ms)
			SetLoadedEditorAssemblies (12ms)
			BeforeProcessingInitializeOnLoad (294ms)
			ProcessInitializeOnLoadAttributes (649ms)
			ProcessInitializeOnLoadMethodAttributes (148ms)
			AfterProcessingInitializeOnLoad (7ms)
			EditorAssembliesLoaded (1ms)
		ExecutionOrderSort2 (1ms)
		AwakeInstancesAfterBackupRestoration (35ms)
Shader 'Polygonmaker/Basic-PBR (Cutout Single Side)': fallback shader '-1' not found
Shader 'Polygonmaker/Skin': fallback shader '-1' not found
Refreshing native plugins compatible for Editor in 0.80 ms, found 3 plugins.
Preloading 0 native plugins for Editor in 0.00 ms.
Unloading 17 Unused Serialized files (Serialized files now loaded: 0)
Unloading 6196 unused Assets / (4.7 MB). Loaded Objects now: 7153.
Memory consumption went from 174.7 MB to 170.0 MB.
Total: 17.434300 ms (FindLiveObjects: 1.062500 ms CreateObjectMapping: 1.326400 ms MarkObjects: 8.948700 ms  DeleteObjects: 6.095200 ms)

Prepare: number of updated asset objects reloaded= 0
========================================================================
Received Prepare
Begin MonoManager ReloadAssembly
[Licensing::Client] Successfully resolved entitlement details
ADTM: Control thread waiting for realtime thread timed out, have to lock...
- Loaded All Assemblies, in  1.953 seconds
Refreshing native plugins compatible for Editor in 1.12 ms, found 3 plugins.
Native extension for Android target not found
Native extension for WindowsStandalone target not found
[Package Manager] Failed to launch server process. Reason: Unity was launched with the -noUpm command-line argument
[Package Manager] Unable to send message (not connected to server process).
[Package Manager] Cannot connect to Unity Package Manager local server
[Package Manager] Failed to launch server process. Reason: Unity was launched with the -noUpm command-line argument
[Package Manager] Unable to send message (not connected to server process).
[Package Manager] Cannot connect to Unity Package Manager local server
ScheduleIndexationOnStartup MainProcess:False IndexOnStartup:True
Mono: successfully reloaded assembly
- Finished resetting the current domain, in  1.486 seconds
Domain Reload Profiling: 3442ms
	BeginReloadAssembly (1287ms)
		ExecutionOrderSort (0ms)
		DisableScriptedObjects (7ms)
		BackupInstance (0ms)
		ReleaseScriptingObjects (0ms)
		CreateAndSetChildDomain (1062ms)
	RebuildCommonClasses (58ms)
	RebuildNativeTypeToScriptingClass (26ms)
	initialDomainReloadingComplete (31ms)
	LoadAllAssembliesAndSetupDomain (554ms)
		LoadAssemblies (412ms)
		RebuildTransferFunctionScriptingTraits (0ms)
		AnalyzeDomain (274ms)
			TypeCache.Refresh (9ms)
				TypeCache.ScanAssembly (0ms)
			BuildScriptInfoCaches (247ms)
			ResolveRequiredComponents (14ms)
	FinalizeReload (1486ms)
		ReleaseScriptCaches (0ms)
		RebuildScriptCaches (0ms)
		SetupLoadedEditorAssemblies (1103ms)
			LogAssemblyErrors (0ms)
			InitializePlatformSupportModulesInManaged (20ms)
			SetLoadedEditorAssemblies (10ms)
			BeforeProcessingInitializeOnLoad (256ms)
			ProcessInitializeOnLoadAttributes (669ms)
			ProcessInitializeOnLoadMethodAttributes (139ms)
			AfterProcessingInitializeOnLoad (7ms)
			EditorAssembliesLoaded (1ms)
		ExecutionOrderSort2 (0ms)
		AwakeInstancesAfterBackupRestoration (32ms)
Shader 'Polygonmaker/Skin': fallback shader '-1' not found
Shader 'Polygonmaker/Basic-PBR (Cutout Single Side)': fallback shader '-1' not found
Refreshing native plugins compatible for Editor in 0.98 ms, found 3 plugins.
Preloading 0 native plugins for Editor in 0.00 ms.
Unloading 17 Unused Serialized files (Serialized files now loaded: 0)
Unloading 6196 unused Assets / (4.6 MB). Loaded Objects now: 7156.
Memory consumption went from 174.7 MB to 170.0 MB.
Total: 20.161300 ms (FindLiveObjects: 1.416700 ms CreateObjectMapping: 2.795300 ms MarkObjects: 10.128600 ms  DeleteObjects: 5.819500 ms)

Prepare: number of updated asset objects reloaded= 0
========================================================================
Received Prepare
Begin MonoManager ReloadAssembly
[Licensing::Client] Successfully resolved entitlement details
ADTM: Control thread waiting for realtime thread timed out, have to lock...
- Loaded All Assemblies, in  1.982 seconds
Refreshing native plugins compatible for Editor in 1.18 ms, found 3 plugins.
Native extension for Android target not found
Native extension for WindowsStandalone target not found
[Package Manager] Failed to launch server process. Reason: Unity was launched with the -noUpm command-line argument
[Package Manager] Unable to send message (not connected to server process).
[Package Manager] Cannot connect to Unity Package Manager local server
[Package Manager] Failed to launch server process. Reason: Unity was launched with the -noUpm command-line argument
[Package Manager] Unable to send message (not connected to server process).
[Package Manager] Cannot connect to Unity Package Manager local server
ScheduleIndexationOnStartup MainProcess:False IndexOnStartup:True
Mono: successfully reloaded assembly
- Finished resetting the current domain, in  1.516 seconds
Domain Reload Profiling: 3503ms
	BeginReloadAssembly (1286ms)
		ExecutionOrderSort (0ms)
		DisableScriptedObjects (7ms)
		BackupInstance (0ms)
		ReleaseScriptingObjects (0ms)
		CreateAndSetChildDomain (1062ms)
	RebuildCommonClasses (47ms)
	RebuildNativeTypeToScriptingClass (23ms)
	initialDomainReloadingComplete (35ms)
	LoadAllAssembliesAndSetupDomain (594ms)
		LoadAssemblies (463ms)
		RebuildTransferFunctionScriptingTraits (0ms)
		AnalyzeDomain (277ms)
			TypeCache.Refresh (8ms)
				TypeCache.ScanAssembly (0ms)
			BuildScriptInfoCaches (250ms)
			ResolveRequiredComponents (14ms)
	FinalizeReload (1518ms)
		ReleaseScriptCaches (0ms)
		RebuildScriptCaches (0ms)
		SetupLoadedEditorAssemblies (1091ms)
			LogAssemblyErrors (0ms)
			InitializePlatformSupportModulesInManaged (19ms)
			SetLoadedEditorAssemblies (10ms)
			BeforeProcessingInitializeOnLoad (283ms)
			ProcessInitializeOnLoadAttributes (634ms)
			ProcessInitializeOnLoadMethodAttributes (138ms)
			AfterProcessingInitializeOnLoad (7ms)
			EditorAssembliesLoaded (1ms)
		ExecutionOrderSort2 (0ms)
		AwakeInstancesAfterBackupRestoration (39ms)
Shader 'Polygonmaker/Skin': fallback shader '-1' not found
Shader 'Polygonmaker/Basic-PBR (Cutout Single Side)': fallback shader '-1' not found
Refreshing native plugins compatible for Editor in 1.07 ms, found 3 plugins.
Preloading 0 native plugins for Editor in 0.00 ms.
Unloading 17 Unused Serialized files (Serialized files now loaded: 0)
Unloading 6196 unused Assets / (4.5 MB). Loaded Objects now: 7159.
Memory consumption went from 174.7 MB to 170.2 MB.
Total: 13.658300 ms (FindLiveObjects: 0.956500 ms CreateObjectMapping: 1.380800 ms MarkObjects: 6.137600 ms  DeleteObjects: 5.182200 ms)

Prepare: number of updated asset objects reloaded= 0
========================================================================
Received Prepare
Begin MonoManager ReloadAssembly
[Licensing::Client] Successfully resolved entitlement details
ADTM: Control thread waiting for realtime thread timed out, have to lock...
- Loaded All Assemblies, in  2.000 seconds
Refreshing native plugins compatible for Editor in 1.07 ms, found 3 plugins.
Native extension for Android target not found
Native extension for WindowsStandalone target not found
[Package Manager] Failed to launch server process. Reason: Unity was launched with the -noUpm command-line argument
[Package Manager] Unable to send message (not connected to server process).
[Package Manager] Cannot connect to Unity Package Manager local server
[Package Manager] Failed to launch server process. Reason: Unity was launched with the -noUpm command-line argument
[Package Manager] Unable to send message (not connected to server process).
[Package Manager] Cannot connect to Unity Package Manager local server
ScheduleIndexationOnStartup MainProcess:False IndexOnStartup:True
Mono: successfully reloaded assembly
- Finished resetting the current domain, in  1.572 seconds
Domain Reload Profiling: 3580ms
	BeginReloadAssembly (1289ms)
		ExecutionOrderSort (0ms)
		DisableScriptedObjects (8ms)
		BackupInstance (0ms)
		ReleaseScriptingObjects (0ms)
		CreateAndSetChildDomain (1072ms)
	RebuildCommonClasses (62ms)
	RebuildNativeTypeToScriptingClass (19ms)
	initialDomainReloadingComplete (32ms)
	LoadAllAssembliesAndSetupDomain (606ms)
		LoadAssemblies (441ms)
		RebuildTransferFunctionScriptingTraits (0ms)
		AnalyzeDomain (298ms)
			TypeCache.Refresh (10ms)
				TypeCache.ScanAssembly (0ms)
			BuildScriptInfoCaches (260ms)
			ResolveRequiredComponents (22ms)
	FinalizeReload (1573ms)
		ReleaseScriptCaches (0ms)
		RebuildScriptCaches (0ms)
		SetupLoadedEditorAssemblies (1145ms)
			LogAssemblyErrors (0ms)
			InitializePlatformSupportModulesInManaged (18ms)
			SetLoadedEditorAssemblies (10ms)
			BeforeProcessingInitializeOnLoad (296ms)
			ProcessInitializeOnLoadAttributes (673ms)
			ProcessInitializeOnLoadMethodAttributes (141ms)
			AfterProcessingInitializeOnLoad (7ms)
			EditorAssembliesLoaded (1ms)
		ExecutionOrderSort2 (0ms)
		AwakeInstancesAfterBackupRestoration (35ms)
Shader 'Polygonmaker/Basic-PBR (Cutout Single Side)': fallback shader '-1' not found
Shader 'Polygonmaker/Skin': fallback shader '-1' not found
Refreshing native plugins compatible for Editor in 0.82 ms, found 3 plugins.
Preloading 0 native plugins for Editor in 0.00 ms.
Unloading 17 Unused Serialized files (Serialized files now loaded: 0)
Unloading 6196 unused Assets / (4.6 MB). Loaded Objects now: 7162.
Memory consumption went from 174.8 MB to 170.1 MB.
Total: 19.917000 ms (FindLiveObjects: 2.402700 ms CreateObjectMapping: 2.505600 ms MarkObjects: 8.686800 ms  DeleteObjects: 6.320600 ms)

Prepare: number of updated asset objects reloaded= 0
========================================================================
Received Prepare
Begin MonoManager ReloadAssembly
ADTM: Control thread waiting for realtime thread timed out, have to lock...
- Loaded All Assemblies, in  1.989 seconds
Refreshing native plugins compatible for Editor in 1.23 ms, found 3 plugins.
Native extension for Android target not found
Native extension for WindowsStandalone target not found
[Package Manager] Failed to launch server process. Reason: Unity was launched with the -noUpm command-line argument
[Package Manager] Unable to send message (not connected to server process).
[Package Manager] Cannot connect to Unity Package Manager local server
[Package Manager] Failed to launch server process. Reason: Unity was launched with the -noUpm command-line argument
[Package Manager] Unable to send message (not connected to server process).
[Package Manager] Cannot connect to Unity Package Manager local server
ScheduleIndexationOnStartup MainProcess:False IndexOnStartup:True
Mono: successfully reloaded assembly
- Finished resetting the current domain, in  1.582 seconds
Domain Reload Profiling: 3573ms
	BeginReloadAssembly (1284ms)
		ExecutionOrderSort (0ms)
		DisableScriptedObjects (7ms)
		BackupInstance (0ms)
		ReleaseScriptingObjects (0ms)
		CreateAndSetChildDomain (1080ms)
	RebuildCommonClasses (46ms)
	RebuildNativeTypeToScriptingClass (24ms)
	initialDomainReloadingComplete (37ms)
	LoadAllAssembliesAndSetupDomain (600ms)
		LoadAssemblies (425ms)
		RebuildTransferFunctionScriptingTraits (0ms)
		AnalyzeDomain (302ms)
			TypeCache.Refresh (8ms)
				TypeCache.ScanAssembly (0ms)
			BuildScriptInfoCaches (272ms)
			ResolveRequiredComponents (17ms)
	FinalizeReload (1582ms)
		ReleaseScriptCaches (0ms)
		RebuildScriptCaches (0ms)
		SetupLoadedEditorAssemblies (1148ms)
			LogAssemblyErrors (0ms)
			InitializePlatformSupportModulesInManaged (17ms)
			SetLoadedEditorAssemblies (7ms)
			BeforeProcessingInitializeOnLoad (304ms)
			ProcessInitializeOnLoadAttributes (666ms)
			ProcessInitializeOnLoadMethodAttributes (146ms)
			AfterProcessingInitializeOnLoad (6ms)
			EditorAssembliesLoaded (1ms)
		ExecutionOrderSort2 (0ms)
		AwakeInstancesAfterBackupRestoration (37ms)
Shader 'Polygonmaker/Basic-PBR (Cutout Single Side)': fallback shader '-1' not found
Shader 'Polygonmaker/Skin': fallback shader '-1' not found
Refreshing native plugins compatible for Editor in 0.97 ms, found 3 plugins.
Preloading 0 native plugins for Editor in 0.00 ms.
Unloading 17 Unused Serialized files (Serialized files now loaded: 0)
Unloading 6196 unused Assets / (4.8 MB). Loaded Objects now: 7165.
Memory consumption went from 174.8 MB to 170.0 MB.
Total: 22.745500 ms (FindLiveObjects: 2.846000 ms CreateObjectMapping: 2.472500 ms MarkObjects: 9.708700 ms  DeleteObjects: 7.716600 ms)

Prepare: number of updated asset objects reloaded= 0
========================================================================
Received Prepare
Begin MonoManager ReloadAssembly
[Licensing::Client] Successfully resolved entitlement details
ADTM: Control thread waiting for realtime thread timed out, have to lock...
- Loaded All Assemblies, in  2.147 seconds
Refreshing native plugins compatible for Editor in 0.69 ms, found 3 plugins.
Native extension for Android target not found
Native extension for WindowsStandalone target not found
[Package Manager] Failed to launch server process. Reason: Unity was launched with the -noUpm command-line argument
[Package Manager] Unable to send message (not connected to server process).
[Package Manager] Cannot connect to Unity Package Manager local server
[Package Manager] Failed to launch server process. Reason: Unity was launched with the -noUpm command-line argument
[Package Manager] Unable to send message (not connected to server process).
[Package Manager] Cannot connect to Unity Package Manager local server
ScheduleIndexationOnStartup MainProcess:False IndexOnStartup:True
Mono: successfully reloaded assembly
- Finished resetting the current domain, in  0.954 seconds
Domain Reload Profiling: 3104ms
	BeginReloadAssembly (1312ms)
		ExecutionOrderSort (0ms)
		DisableScriptedObjects (8ms)
		BackupInstance (0ms)
		ReleaseScriptingObjects (0ms)
		CreateAndSetChildDomain (1085ms)
	RebuildCommonClasses (48ms)
	RebuildNativeTypeToScriptingClass (20ms)
	initialDomainReloadingComplete (41ms)
	LoadAllAssembliesAndSetupDomain (728ms)
		LoadAssemblies (579ms)
		RebuildTransferFunctionScriptingTraits (0ms)
		AnalyzeDomain (297ms)
			TypeCache.Refresh (14ms)
				TypeCache.ScanAssembly (0ms)
			BuildScriptInfoCaches (264ms)
			ResolveRequiredComponents (15ms)
	FinalizeReload (954ms)
		ReleaseScriptCaches (0ms)
		RebuildScriptCaches (0ms)
		SetupLoadedEditorAssemblies (714ms)
			LogAssemblyErrors (0ms)
			InitializePlatformSupportModulesInManaged (11ms)
			SetLoadedEditorAssemblies (8ms)
			BeforeProcessingInitializeOnLoad (171ms)
			ProcessInitializeOnLoadAttributes (427ms)
			ProcessInitializeOnLoadMethodAttributes (94ms)
			AfterProcessingInitializeOnLoad (4ms)
			EditorAssembliesLoaded (0ms)
		ExecutionOrderSort2 (0ms)
		AwakeInstancesAfterBackupRestoration (23ms)
Shader 'Polygonmaker/Basic-PBR (Cutout Single Side)': fallback shader '-1' not found
Shader 'Polygonmaker/Skin': fallback shader '-1' not found
Refreshing native plugins compatible for Editor in 0.85 ms, found 3 plugins.
Preloading 0 native plugins for Editor in 0.00 ms.
Unloading 17 Unused Serialized files (Serialized files now loaded: 0)
Unloading 6196 unused Assets / (4.6 MB). Loaded Objects now: 7168.
Memory consumption went from 174.8 MB to 170.3 MB.
Total: 11.098200 ms (FindLiveObjects: 1.025900 ms CreateObjectMapping: 1.330900 ms MarkObjects: 5.542000 ms  DeleteObjects: 3.198200 ms)

Prepare: number of updated asset objects reloaded= 0
========================================================================
Received Import Request.
  Time since last request: 3663.495819 seconds.
  path: Assets/3D Asserts/Sci Fi Gun Light/Prefabs/SciFiGunLight/target.png
  artifactKey: Guid(c8ef18ca312da314aa0c44e43935b384) Importer(815301076,1909f56bfc062723c751e8b465ee728b)
Start importing Assets/3D Asserts/Sci Fi Gun Light/Prefabs/SciFiGunLight/target.png using Guid(c8ef18ca312da314aa0c44e43935b384) Importer(815301076,1909f56bfc062723c751e8b465ee728b) (PreviewImporter) -> (artifact id: 'b673bdb4fd7e2505a3fe59fde30da1c8') in 0.5336613 seconds
Number of updated asset objects reloaded before import = 0Number of asset objects unloaded after import = 2

========================================================================
Received Import Request.
  Time since last request: 19.377961 seconds.
  path: Assets/3D Asserts/Sci Fi Gun Light/Prefabs/SciFiGunLight/target.png
  artifactKey: Guid(c8ef18ca312da314aa0c44e43935b384) Importer(815301076,1909f56bfc062723c751e8b465ee728b)
Start importing Assets/3D Asserts/Sci Fi Gun Light/Prefabs/SciFiGunLight/target.png using Guid(c8ef18ca312da314aa0c44e43935b384) Importer(815301076,1909f56bfc062723c751e8b465ee728b) (PreviewImporter) -> (artifact id: 'e2484e3cd0576cf8fac6cc435e6b5981') in 0.0104228 seconds
Number of updated asset objects reloaded before import = 0Number of asset objects unloaded after import = 2

========================================================================
Received Import Request.
  Time since last request: 14.985685 seconds.
  path: Assets/3D Asserts/Sci Fi Gun Light/Materials/SciFiGunLight/SciFiGunLight_Rad.mat
  artifactKey: Guid(9cadc8c5021163743861056c6e0fb83a) Importer(2089858483,b0f066a214c2f5e87bad3c948f4d605d)
Start importing Assets/3D Asserts/Sci Fi Gun Light/Materials/SciFiGunLight/SciFiGunLight_Rad.mat using Guid(9cadc8c5021163743861056c6e0fb83a) Importer(2089858483,b0f066a214c2f5e87bad3c948f4d605d) (ScriptedImporter) -> (artifact id: '550ff5e4ce789c9e1776ec38a3087a67') in 0.2577777 seconds
Number of updated asset objects reloaded before import = 0Number of asset objects unloaded after import = 5

========================================================================
Received Import Request.
  Time since last request: 0.000023 seconds.
  path: Assets/_Barking_Dog/Common Scripts/GunManager.cs
  artifactKey: Guid(372f9b0ac73aa5e4da1c01096766ef8d) Importer(2089858483,b0f066a214c2f5e87bad3c948f4d605d)
Start importing Assets/_Barking_Dog/Common Scripts/GunManager.cs using Guid(372f9b0ac73aa5e4da1c01096766ef8d) Importer(2089858483,b0f066a214c2f5e87bad3c948f4d605d) (ScriptedImporter) -> (artifact id: 'ca9f8bd45cf9ae1e6d3fa73a2e861bdb') in 0.0245144 seconds
Number of updated asset objects reloaded before import = 0Number of asset objects unloaded after import = 0

========================================================================
Received Import Request.
  Time since last request: 0.000041 seconds.
  path: Assets/_Barking_Dog/Common Scripts/GunPickup.cs
  artifactKey: Guid(0ffca54d9bc93384cb7719a500d2f0b3) Importer(2089858483,b0f066a214c2f5e87bad3c948f4d605d)
Start importing Assets/_Barking_Dog/Common Scripts/GunPickup.cs using Guid(0ffca54d9bc93384cb7719a500d2f0b3) Importer(2089858483,b0f066a214c2f5e87bad3c948f4d605d) (ScriptedImporter) -> (artifact id: '3f8f53f575a58533d21e099c49a766d2') in 0.0042592 seconds
Number of updated asset objects reloaded before import = 0Number of asset objects unloaded after import = 0

========================================================================
Received Import Request.
  Time since last request: 0.000018 seconds.
  path: Assets/3D Asserts/Sci Fi Gun Light/Textures/ColorVar/Yellow/SciFiGunLight_SpecularSmoothness.png
  artifactKey: Guid(0b8ce592b1bd0494da54b661f841ae71) Importer(2089858483,b0f066a214c2f5e87bad3c948f4d605d)
Start importing Assets/3D Asserts/Sci Fi Gun Light/Textures/ColorVar/Yellow/SciFiGunLight_SpecularSmoothness.png using Guid(0b8ce592b1bd0494da54b661f841ae71) Importer(2089858483,b0f066a214c2f5e87bad3c948f4d605d) (ScriptedImporter) -> (artifact id: '8d82a54849a845d6ea217120ebb87fcb') in 0.0751562 seconds
Number of updated asset objects reloaded before import = 0Number of asset objects unloaded after import = 1

========================================================================
Received Import Request.
  Time since last request: 0.000020 seconds.
  path: Assets/3D Asserts/Sci Fi Gun Light/Scenes
  artifactKey: Guid(be247ee8a7532484ba356f8bf405901c) Importer(2089858483,b0f066a214c2f5e87bad3c948f4d605d)
Start importing Assets/3D Asserts/Sci Fi Gun Light/Scenes using Guid(be247ee8a7532484ba356f8bf405901c) Importer(2089858483,b0f066a214c2f5e87bad3c948f4d605d) (ScriptedImporter) -> (artifact id: '9159477dc91e86b1eb29fe372e94fa2f') in 0.0042691 seconds
Number of updated asset objects reloaded before import = 0Number of asset objects unloaded after import = 1

========================================================================
Received Import Request.
  Time since last request: 0.000030 seconds.
  path: Assets/3D Asserts/Sci Fi Gun Light/Models/SciFiGunLight.FBX
  artifactKey: Guid(584761fab006d6d42b4d0d8c56a51241) Importer(2089858483,b0f066a214c2f5e87bad3c948f4d605d)
Start importing Assets/3D Asserts/Sci Fi Gun Light/Models/SciFiGunLight.FBX using Guid(584761fab006d6d42b4d0d8c56a51241) Importer(2089858483,b0f066a214c2f5e87bad3c948f4d605d) (ScriptedImporter) -> (artifact id: '92a9ceafde6cf4ac4e9483ac8b8551b6') in 0.0776582 seconds
Number of updated asset objects reloaded before import = 0Number of asset objects unloaded after import = 7

========================================================================
Received Import Request.
  Time since last request: 0.000036 seconds.
  path: Assets/3D Asserts/Sci Fi Gun Light/Textures/ColorVar/Black/SciFiGunLight_SpecularSmoothness.png
  artifactKey: Guid(76c37d6e53904d04cb88024352ca5de1) Importer(2089858483,b0f066a214c2f5e87bad3c948f4d605d)
Start importing Assets/3D Asserts/Sci Fi Gun Light/Textures/ColorVar/Black/SciFiGunLight_SpecularSmoothness.png using Guid(76c37d6e53904d04cb88024352ca5de1) Importer(2089858483,b0f066a214c2f5e87bad3c948f4d605d) (ScriptedImporter) -> (artifact id: 'fb652118bbc1eb2a0ac141849f07806c') in 0.0185327 seconds
Number of updated asset objects reloaded before import = 0Number of asset objects unloaded after import = 1

========================================================================
Received Import Request.
  Time since last request: 0.000018 seconds.
  path: Assets/3D Asserts/Sci Fi Gun Light/Materials
  artifactKey: Guid(a284953c5d79bdf4c8b4ee52f2cef5ae) Importer(2089858483,b0f066a214c2f5e87bad3c948f4d605d)
Start importing Assets/3D Asserts/Sci Fi Gun Light/Materials using Guid(a284953c5d79bdf4c8b4ee52f2cef5ae) Importer(2089858483,b0f066a214c2f5e87bad3c948f4d605d) (ScriptedImporter) -> (artifact id: '2d74560418c7c0d14efb5c66f6d1991b') in 0.0037292 seconds
Number of updated asset objects reloaded before import = 0Number of asset objects unloaded after import = 1

========================================================================
Received Import Request.
  Time since last request: 0.000017 seconds.
  path: Assets/3D Asserts/Sci Fi Gun Light/Prefabs/SciFiGunLight/SciFiGunLight_Rad.prefab
  artifactKey: Guid(460b09b3999f980448b54c53b41f5873) Importer(2089858483,b0f066a214c2f5e87bad3c948f4d605d)
Start importing Assets/3D Asserts/Sci Fi Gun Light/Prefabs/SciFiGunLight/SciFiGunLight_Rad.prefab using Guid(460b09b3999f980448b54c53b41f5873) Importer(2089858483,b0f066a214c2f5e87bad3c948f4d605d) (ScriptedImporter) -> (artifact id: 'c1169bf888a858941f3bd444d04076c3') in 0.0117767 seconds
Number of updated asset objects reloaded before import = 0Number of asset objects unloaded after import = 8

========================================================================
Received Import Request.
  Time since last request: 0.000024 seconds.
  path: Assets/3D Asserts/Sci Fi Gun Light/Textures/ColorVar/Black/SciFiGunLight_AlbedoTransparency.png
  artifactKey: Guid(bbee312efb984dc47903c8e700c25567) Importer(2089858483,b0f066a214c2f5e87bad3c948f4d605d)
Start importing Assets/3D Asserts/Sci Fi Gun Light/Textures/ColorVar/Black/SciFiGunLight_AlbedoTransparency.png using Guid(bbee312efb984dc47903c8e700c25567) Importer(2089858483,b0f066a214c2f5e87bad3c948f4d605d) (ScriptedImporter) -> (artifact id: '2a5c930f55c7d28a9c250aef73b7bf97') in 0.0326669 seconds
Number of updated asset objects reloaded before import = 0Number of asset objects unloaded after import = 1

========================================================================
Received Import Request.
  Time since last request: 0.000035 seconds.
  path: Assets/3D Asserts/Sci Fi Gun Light/Textures/ColorVar/Black
  artifactKey: Guid(a8da4d5529efaee4d88378f447849e12) Importer(2089858483,b0f066a214c2f5e87bad3c948f4d605d)
Start importing Assets/3D Asserts/Sci Fi Gun Light/Textures/ColorVar/Black using Guid(a8da4d5529efaee4d88378f447849e12) Importer(2089858483,b0f066a214c2f5e87bad3c948f4d605d) (ScriptedImporter) -> (artifact id: '629f380252a33dd25c2bc91f1e4af9ef') in 0.0041847 seconds
Number of updated asset objects reloaded before import = 0Number of asset objects unloaded after import = 1

========================================================================
Received Import Request.
  Time since last request: 0.000023 seconds.
  path: Assets/3D Asserts/Sci Fi Gun Light/Prefabs/SciFiGunLight/SciFiGunLight_Blue.prefab
  artifactKey: Guid(371711cf542f6d84bafd6596c502935b) Importer(2089858483,b0f066a214c2f5e87bad3c948f4d605d)
Start importing Assets/3D Asserts/Sci Fi Gun Light/Prefabs/SciFiGunLight/SciFiGunLight_Blue.prefab using Guid(371711cf542f6d84bafd6596c502935b) Importer(2089858483,b0f066a214c2f5e87bad3c948f4d605d) (ScriptedImporter) -> (artifact id: '1d3131d9d0ead946dc00e9488dceb5bf') in 0.0072726 seconds
Number of updated asset objects reloaded before import = 0Number of asset objects unloaded after import = 8

========================================================================
Received Import Request.
  Time since last request: 0.000020 seconds.
  path: Assets/3D Asserts/Sci Fi Gun Light/Textures/ColorVar/SciFiGunLight_Emission1.png
  artifactKey: Guid(b199bdf781c163b469823a86f9204ac9) Importer(2089858483,b0f066a214c2f5e87bad3c948f4d605d)
Start importing Assets/3D Asserts/Sci Fi Gun Light/Textures/ColorVar/SciFiGunLight_Emission1.png using Guid(b199bdf781c163b469823a86f9204ac9) Importer(2089858483,b0f066a214c2f5e87bad3c948f4d605d) (ScriptedImporter) -> (artifact id: '95edae1daaf3a92727bbe1a6422293a2') in 0.0559302 seconds
Number of updated asset objects reloaded before import = 0Number of asset objects unloaded after import = 1

========================================================================
Received Import Request.
  Time since last request: 0.000023 seconds.
  path: Assets/3D Asserts/Sci Fi Gun Light/Textures/ColorVar/Blue/SciFiGunLight_SpecularSmoothness.png
  artifactKey: Guid(1cd8a58c1c3ab284b950c3a690742077) Importer(2089858483,b0f066a214c2f5e87bad3c948f4d605d)
Start importing Assets/3D Asserts/Sci Fi Gun Light/Textures/ColorVar/Blue/SciFiGunLight_SpecularSmoothness.png using Guid(1cd8a58c1c3ab284b950c3a690742077) Importer(2089858483,b0f066a214c2f5e87bad3c948f4d605d) (ScriptedImporter) -> (artifact id: '382de852545351d70ab93bed5cfd566d') in 0.0133006 seconds
Number of updated asset objects reloaded before import = 0Number of asset objects unloaded after import = 1

========================================================================
Received Import Request.
  Time since last request: 0.000042 seconds.
  path: Assets/3D Asserts/Sci Fi Gun Light/Textures/ColorVar/SciFiGunLight_Normal.png
  artifactKey: Guid(ccc8c4c4e95fdcc4c9ae6aae9295360f) Importer(2089858483,b0f066a214c2f5e87bad3c948f4d605d)
Start importing Assets/3D Asserts/Sci Fi Gun Light/Textures/ColorVar/SciFiGunLight_Normal.png using Guid(ccc8c4c4e95fdcc4c9ae6aae9295360f) Importer(2089858483,b0f066a214c2f5e87bad3c948f4d605d) (ScriptedImporter) -> (artifact id: '67a87e7439a487197abedaca68ebd869') in 0.014191 seconds
Number of updated asset objects reloaded before import = 0Number of asset objects unloaded after import = 1

========================================================================
Received Import Request.
  Time since last request: 0.000022 seconds.
  path: Assets/3D Asserts/Sci Fi Gun Light/Textures/ColorVar/Yellow
  artifactKey: Guid(a35fff97f1fe9434186fdb2db8405317) Importer(2089858483,b0f066a214c2f5e87bad3c948f4d605d)
Start importing Assets/3D Asserts/Sci Fi Gun Light/Textures/ColorVar/Yellow using Guid(a35fff97f1fe9434186fdb2db8405317) Importer(2089858483,b0f066a214c2f5e87bad3c948f4d605d) (ScriptedImporter) -> (artifact id: 'd005fb75dfa4a28c89c2702fa875e894') in 0.0041143 seconds
Number of updated asset objects reloaded before import = 0Number of asset objects unloaded after import = 1

========================================================================
Received Import Request.
  Time since last request: 0.000054 seconds.
  path: Assets/3D Asserts/Sci Fi Gun Light/Materials/CubeMap.exr
  artifactKey: Guid(bc5d7914c594d274b9bb50cb9f34081d) Importer(2089858483,b0f066a214c2f5e87bad3c948f4d605d)
Start importing Assets/3D Asserts/Sci Fi Gun Light/Materials/CubeMap.exr using Guid(bc5d7914c594d274b9bb50cb9f34081d) Importer(2089858483,b0f066a214c2f5e87bad3c948f4d605d) (ScriptedImporter) -> (artifact id: 'c2e49141472bd84c1e261bbef95e7d33') in 0.1413108 seconds
Number of updated asset objects reloaded before import = 0Number of asset objects unloaded after import = 1

========================================================================
Received Import Request.
  Time since last request: 0.000021 seconds.
  path: Assets/3D Asserts/Sci Fi Gun Light/Textures/ColorVar/SciFiGunLight_Emission2.png
  artifactKey: Guid(64860141afa10c84780f3416e43c23e4) Importer(2089858483,b0f066a214c2f5e87bad3c948f4d605d)
Start importing Assets/3D Asserts/Sci Fi Gun Light/Textures/ColorVar/SciFiGunLight_Emission2.png using Guid(64860141afa10c84780f3416e43c23e4) Importer(2089858483,b0f066a214c2f5e87bad3c948f4d605d) (ScriptedImporter) -> (artifact id: 'b1ced65faa2f3a58a91ad7a63308bff6') in 0.0165405 seconds
Number of updated asset objects reloaded before import = 0Number of asset objects unloaded after import = 1

========================================================================
Received Import Request.
  Time since last request: 0.000031 seconds.
  path: Assets/3D Asserts/Sci Fi Gun Light/Materials/SciFiGunLight/SciFiGunLight_Yellow.mat
  artifactKey: Guid(cbf658ed14edc5a4987f28f0eb9160ae) Importer(2089858483,b0f066a214c2f5e87bad3c948f4d605d)
Start importing Assets/3D Asserts/Sci Fi Gun Light/Materials/SciFiGunLight/SciFiGunLight_Yellow.mat using Guid(cbf658ed14edc5a4987f28f0eb9160ae) Importer(2089858483,b0f066a214c2f5e87bad3c948f4d605d) (ScriptedImporter) -> (artifact id: '8c33bcd14dec7e71584861f3387a8497') in 0.0264533 seconds
Number of updated asset objects reloaded before import = 0Number of asset objects unloaded after import = 5

========================================================================
Received Import Request.
  Time since last request: 0.000020 seconds.
  path: Assets/3D Asserts/Sci Fi Gun Light/Prefabs
  artifactKey: Guid(14dbb18d3678c234da1023e170abe6c5) Importer(2089858483,b0f066a214c2f5e87bad3c948f4d605d)
Start importing Assets/3D Asserts/Sci Fi Gun Light/Prefabs using Guid(14dbb18d3678c234da1023e170abe6c5) Importer(2089858483,b0f066a214c2f5e87bad3c948f4d605d) (ScriptedImporter) -> (artifact id: '0f511d9c7ab52324970159fb7ef63e85') in 0.0048605 seconds
Number of updated asset objects reloaded before import = 0Number of asset objects unloaded after import = 1

========================================================================
Received Import Request.
  Time since last request: 0.000030 seconds.
  path: Assets/3D Asserts/Sci Fi Gun Light/Textures/ColorVar/Rad
  artifactKey: Guid(217f380a175a1fb4495d6cc370a4d286) Importer(2089858483,b0f066a214c2f5e87bad3c948f4d605d)
Start importing Assets/3D Asserts/Sci Fi Gun Light/Textures/ColorVar/Rad using Guid(217f380a175a1fb4495d6cc370a4d286) Importer(2089858483,b0f066a214c2f5e87bad3c948f4d605d) (ScriptedImporter) -> (artifact id: '4c22e43f08b3128d8786072fe88c2a99') in 0.0040788 seconds
Number of updated asset objects reloaded before import = 0Number of asset objects unloaded after import = 1

========================================================================
Received Import Request.
  Time since last request: 0.000023 seconds.
  path: Assets/3D Asserts/Sci Fi Gun Light/Textures/ColorVar/Rad/SciFiGunLight_AlbedoTransparency.png
  artifactKey: Guid(96c535fa8847b2843a9c401fe65830fa) Importer(2089858483,b0f066a214c2f5e87bad3c948f4d605d)
Start importing Assets/3D Asserts/Sci Fi Gun Light/Textures/ColorVar/Rad/SciFiGunLight_AlbedoTransparency.png using Guid(96c535fa8847b2843a9c401fe65830fa) Importer(2089858483,b0f066a214c2f5e87bad3c948f4d605d) (ScriptedImporter) -> (artifact id: 'aeded19ff1ff4fae02d6c1fe23da004d') in 0.0143744 seconds
Number of updated asset objects reloaded before import = 0Number of asset objects unloaded after import = 1

========================================================================
Received Import Request.
  Time since last request: 0.000032 seconds.
  path: Assets/3D Asserts/Sci Fi Gun Light/Models
  artifactKey: Guid(33f9dadd88dcf4745a5f22e0c5b26f46) Importer(2089858483,b0f066a214c2f5e87bad3c948f4d605d)
Start importing Assets/3D Asserts/Sci Fi Gun Light/Models using Guid(33f9dadd88dcf4745a5f22e0c5b26f46) Importer(2089858483,b0f066a214c2f5e87bad3c948f4d605d) (ScriptedImporter) -> (artifact id: '32ce716c80a6e5ad7f25b8193a0322c8') in 0.0037413 seconds
Number of updated asset objects reloaded before import = 0Number of asset objects unloaded after import = 1

========================================================================
Received Import Request.
  Time since last request: 0.000034 seconds.
  path: Assets/3D Asserts/Sci Fi Gun Light/Textures/ColorVar/Yellow/v_AlbedoTransparency.png
  artifactKey: Guid(88684fcb868b0cb4e86f8a405dcbd44e) Importer(2089858483,b0f066a214c2f5e87bad3c948f4d605d)
Start importing Assets/3D Asserts/Sci Fi Gun Light/Textures/ColorVar/Yellow/v_AlbedoTransparency.png using Guid(88684fcb868b0cb4e86f8a405dcbd44e) Importer(2089858483,b0f066a214c2f5e87bad3c948f4d605d) (ScriptedImporter) -> (artifact id: '27aabf4ebc83f73b21568092ac5d7306') in 0.015535 seconds
Number of updated asset objects reloaded before import = 0Number of asset objects unloaded after import = 1

========================================================================
Received Import Request.
  Time since last request: 14.151797 seconds.
  path: Assets/3D Asserts/Sci Fi Gun Light/Prefabs/SciFiGunLight/target.png
  artifactKey: Guid(c8ef18ca312da314aa0c44e43935b384) Importer(815301076,1909f56bfc062723c751e8b465ee728b)
Start importing Assets/3D Asserts/Sci Fi Gun Light/Prefabs/SciFiGunLight/target.png using Guid(c8ef18ca312da314aa0c44e43935b384) Importer(815301076,1909f56bfc062723c751e8b465ee728b) (PreviewImporter) -> (artifact id: '635ffc0e156b6448cba468c047b1cbce') in 0.0298068 seconds
Number of updated asset objects reloaded before import = 0Number of asset objects unloaded after import = 3

========================================================================
Received Import Request.
  Time since last request: 0.898405 seconds.
  path: Assets/3D Asserts/Sci Fi Gun Light/Prefabs/SciFiGunLight/target.png
  artifactKey: Guid(c8ef18ca312da314aa0c44e43935b384) Importer(2089858483,b0f066a214c2f5e87bad3c948f4d605d)
Start importing Assets/3D Asserts/Sci Fi Gun Light/Prefabs/SciFiGunLight/target.png using Guid(c8ef18ca312da314aa0c44e43935b384) Importer(2089858483,b0f066a214c2f5e87bad3c948f4d605d) (ScriptedImporter) -> (artifact id: '35861847e7b4237fc9abc6dab1ebba04') in 0.0134264 seconds
Number of updated asset objects reloaded before import = 0Number of asset objects unloaded after import = 3

========================================================================
Received Prepare
Begin MonoManager ReloadAssembly
[Licensing::Client] Successfully resolved entitlement details
ADTM: Control thread waiting for realtime thread timed out, have to lock...
- Loaded All Assemblies, in  1.992 seconds
Refreshing native plugins compatible for Editor in 2.40 ms, found 3 plugins.
Native extension for Android target not found
Native extension for WindowsStandalone target not found
[Package Manager] Failed to launch server process. Reason: Unity was launched with the -noUpm command-line argument
[Package Manager] Unable to send message (not connected to server process).
[Package Manager] Cannot connect to Unity Package Manager local server
[Package Manager] Failed to launch server process. Reason: Unity was launched with the -noUpm command-line argument
[Package Manager] Unable to send message (not connected to server process).
[Package Manager] Cannot connect to Unity Package Manager local server
ScheduleIndexationOnStartup MainProcess:False IndexOnStartup:True
Mono: successfully reloaded assembly
- Finished resetting the current domain, in  1.580 seconds
Domain Reload Profiling: 3577ms
	BeginReloadAssembly (1306ms)
		ExecutionOrderSort (0ms)
		DisableScriptedObjects (9ms)
		BackupInstance (0ms)
		ReleaseScriptingObjects (0ms)
		CreateAndSetChildDomain (1082ms)
	RebuildCommonClasses (51ms)
	RebuildNativeTypeToScriptingClass (19ms)
	initialDomainReloadingComplete (35ms)
	LoadAllAssembliesAndSetupDomain (585ms)
		LoadAssemblies (453ms)
		RebuildTransferFunctionScriptingTraits (0ms)
		AnalyzeDomain (274ms)
			TypeCache.Refresh (7ms)
				TypeCache.ScanAssembly (0ms)
			BuildScriptInfoCaches (243ms)
			ResolveRequiredComponents (18ms)
	FinalizeReload (1581ms)
		ReleaseScriptCaches (0ms)
		RebuildScriptCaches (0ms)
		SetupLoadedEditorAssemblies (1152ms)
			LogAssemblyErrors (0ms)
			InitializePlatformSupportModulesInManaged (18ms)
			SetLoadedEditorAssemblies (10ms)
			BeforeProcessingInitializeOnLoad (282ms)
			ProcessInitializeOnLoadAttributes (682ms)
			ProcessInitializeOnLoadMethodAttributes (153ms)
			AfterProcessingInitializeOnLoad (7ms)
			EditorAssembliesLoaded (0ms)
		ExecutionOrderSort2 (0ms)
		AwakeInstancesAfterBackupRestoration (38ms)
Shader 'Polygonmaker/Skin': fallback shader '-1' not found
Shader 'Polygonmaker/Basic-PBR (Cutout Single Side)': fallback shader '-1' not found
Refreshing native plugins compatible for Editor in 0.99 ms, found 3 plugins.
Preloading 0 native plugins for Editor in 0.00 ms.
Unloading 17 Unused Serialized files (Serialized files now loaded: 0)
Unloading 6197 unused Assets / (4.3 MB). Loaded Objects now: 7173.
Memory consumption went from 174.9 MB to 170.6 MB.
Total: 19.044400 ms (FindLiveObjects: 1.515200 ms CreateObjectMapping: 2.679900 ms MarkObjects: 7.758000 ms  DeleteObjects: 7.090000 ms)

Prepare: number of updated asset objects reloaded= 0
========================================================================
Received Import Request.
  Time since last request: 173.095978 seconds.
  path: Assets/3D Asserts/Sci Fi Gun Light/Prefabs/SciFiGunLight/target.png
  artifactKey: Guid(c8ef18ca312da314aa0c44e43935b384) Importer(815301076,1909f56bfc062723c751e8b465ee728b)
Start importing Assets/3D Asserts/Sci Fi Gun Light/Prefabs/SciFiGunLight/target.png using Guid(c8ef18ca312da314aa0c44e43935b384) Importer(815301076,1909f56bfc062723c751e8b465ee728b) (PreviewImporter) -> (artifact id: '755127bb799798e5c97aa054240c9072') in 0.1140533 seconds
Number of updated asset objects reloaded before import = 0Number of asset objects unloaded after import = 3

========================================================================
Received Prepare
Begin MonoManager ReloadAssembly
[Licensing::Client] Successfully resolved entitlement details
ADTM: Control thread waiting for realtime thread timed out, have to lock...
- Loaded All Assemblies, in  2.058 seconds
Refreshing native plugins compatible for Editor in 1.30 ms, found 3 plugins.
Native extension for Android target not found
Native extension for WindowsStandalone target not found
[Package Manager] Failed to launch server process. Reason: Unity was launched with the -noUpm command-line argument
[Package Manager] Unable to send message (not connected to server process).
[Package Manager] Cannot connect to Unity Package Manager local server
[Package Manager] Failed to launch server process. Reason: Unity was launched with the -noUpm command-line argument
[Package Manager] Unable to send message (not connected to server process).
[Package Manager] Cannot connect to Unity Package Manager local server
ScheduleIndexationOnStartup MainProcess:False IndexOnStartup:True
Mono: successfully reloaded assembly
- Finished resetting the current domain, in  1.568 seconds
Domain Reload Profiling: 3634ms
	BeginReloadAssembly (1308ms)
		ExecutionOrderSort (0ms)
		DisableScriptedObjects (9ms)
		BackupInstance (0ms)
		ReleaseScriptingObjects (0ms)
		CreateAndSetChildDomain (1080ms)
	RebuildCommonClasses (51ms)
	RebuildNativeTypeToScriptingClass (26ms)
	initialDomainReloadingComplete (40ms)
	LoadAllAssembliesAndSetupDomain (638ms)
		LoadAssemblies (466ms)
		RebuildTransferFunctionScriptingTraits (0ms)
		AnalyzeDomain (317ms)
			TypeCache.Refresh (9ms)
				TypeCache.ScanAssembly (0ms)
			BuildScriptInfoCaches (274ms)
			ResolveRequiredComponents (26ms)
	FinalizeReload (1570ms)
		ReleaseScriptCaches (0ms)
		RebuildScriptCaches (0ms)
		SetupLoadedEditorAssemblies (1137ms)
			LogAssemblyErrors (0ms)
			InitializePlatformSupportModulesInManaged (19ms)
			SetLoadedEditorAssemblies (13ms)
			BeforeProcessingInitializeOnLoad (282ms)
			ProcessInitializeOnLoadAttributes (660ms)
			ProcessInitializeOnLoadMethodAttributes (156ms)
			AfterProcessingInitializeOnLoad (6ms)
			EditorAssembliesLoaded (1ms)
		ExecutionOrderSort2 (0ms)
		AwakeInstancesAfterBackupRestoration (36ms)
Shader 'Polygonmaker/Skin': fallback shader '-1' not found
Shader 'Polygonmaker/Basic-PBR (Cutout Single Side)': fallback shader '-1' not found
Refreshing native plugins compatible for Editor in 0.88 ms, found 3 plugins.
Preloading 0 native plugins for Editor in 0.00 ms.
Unloading 17 Unused Serialized files (Serialized files now loaded: 0)
Unloading 6196 unused Assets / (4.6 MB). Loaded Objects now: 7176.
Memory consumption went from 175.0 MB to 170.3 MB.
Total: 20.113000 ms (FindLiveObjects: 1.274100 ms CreateObjectMapping: 3.279200 ms MarkObjects: 8.648300 ms  DeleteObjects: 6.910300 ms)

Prepare: number of updated asset objects reloaded= 0
========================================================================
Received Prepare
Begin MonoManager ReloadAssembly
[Licensing::Client] Successfully resolved entitlement details
ADTM: Control thread waiting for realtime thread timed out, have to lock...
- Loaded All Assemblies, in  1.965 seconds
Refreshing native plugins compatible for Editor in 0.87 ms, found 3 plugins.
Native extension for Android target not found
Native extension for WindowsStandalone target not found
[Package Manager] Failed to launch server process. Reason: Unity was launched with the -noUpm command-line argument
[Package Manager] Unable to send message (not connected to server process).
[Package Manager] Cannot connect to Unity Package Manager local server
[Package Manager] Failed to launch server process. Reason: Unity was launched with the -noUpm command-line argument
[Package Manager] Unable to send message (not connected to server process).
[Package Manager] Cannot connect to Unity Package Manager local server
ScheduleIndexationOnStartup MainProcess:False IndexOnStartup:True
Mono: successfully reloaded assembly
- Finished resetting the current domain, in  1.441 seconds
Domain Reload Profiling: 3411ms
	BeginReloadAssembly (1275ms)
		ExecutionOrderSort (0ms)
		DisableScriptedObjects (8ms)
		BackupInstance (0ms)
		ReleaseScriptingObjects (0ms)
		CreateAndSetChildDomain (1056ms)
	RebuildCommonClasses (57ms)
	RebuildNativeTypeToScriptingClass (19ms)
	initialDomainReloadingComplete (34ms)
	LoadAllAssembliesAndSetupDomain (583ms)
		LoadAssemblies (448ms)
		RebuildTransferFunctionScriptingTraits (0ms)
		AnalyzeDomain (264ms)
			TypeCache.Refresh (8ms)
				TypeCache.ScanAssembly (0ms)
			BuildScriptInfoCaches (236ms)
			ResolveRequiredComponents (15ms)
	FinalizeReload (1442ms)
		ReleaseScriptCaches (0ms)
		RebuildScriptCaches (0ms)
		SetupLoadedEditorAssemblies (1043ms)
			LogAssemblyErrors (0ms)
			InitializePlatformSupportModulesInManaged (15ms)
			SetLoadedEditorAssemblies (8ms)
			BeforeProcessingInitializeOnLoad (262ms)
			ProcessInitializeOnLoadAttributes (619ms)
			ProcessInitializeOnLoadMethodAttributes (134ms)
			AfterProcessingInitializeOnLoad (6ms)
			EditorAssembliesLoaded (1ms)
		ExecutionOrderSort2 (0ms)
		AwakeInstancesAfterBackupRestoration (33ms)
Shader 'Polygonmaker/Basic-PBR (Cutout Single Side)': fallback shader '-1' not found
Shader 'Polygonmaker/Skin': fallback shader '-1' not found
Refreshing native plugins compatible for Editor in 1.05 ms, found 3 plugins.
Preloading 0 native plugins for Editor in 0.00 ms.
Unloading 17 Unused Serialized files (Serialized files now loaded: 0)
Unloading 6196 unused Assets / (4.7 MB). Loaded Objects now: 7179.
Memory consumption went from 175.0 MB to 170.3 MB.
Total: 24.318700 ms (FindLiveObjects: 1.254400 ms CreateObjectMapping: 3.385500 ms MarkObjects: 12.185600 ms  DeleteObjects: 7.491700 ms)

Prepare: number of updated asset objects reloaded= 0
========================================================================
Received Prepare
Begin MonoManager ReloadAssembly
[Licensing::Client] Successfully resolved entitlement details
ADTM: Control thread waiting for realtime thread timed out, have to lock...
Symbol file LoadedFromMemory is not a mono symbol file
- Loaded All Assemblies, in  3.127 seconds
Refreshing native plugins compatible for Editor in 1.19 ms, found 3 plugins.
Assertion failed on expression: 'pred(*previous, *i)'
Assertion failed on expression: 'pred(*previous, *i)'
Native extension for Android target not found
Native extension for WindowsStandalone target not found
[Package Manager] Failed to launch server process. Reason: Unity was launched with the -noUpm command-line argument
[Package Manager] Unable to send message (not connected to server process).
[Package Manager] Cannot connect to Unity Package Manager local server
[Package Manager] Failed to launch server process. Reason: Unity was launched with the -noUpm command-line argument
[Package Manager] Unable to send message (not connected to server process).
[Package Manager] Cannot connect to Unity Package Manager local server
ScheduleIndexationOnStartup MainProcess:False IndexOnStartup:True
Mono: successfully reloaded assembly
- Finished resetting the current domain, in  1.064 seconds
Domain Reload Profiling: 4191ms
	BeginReloadAssembly (1491ms)
		ExecutionOrderSort (0ms)
		DisableScriptedObjects (10ms)
		BackupInstance (0ms)
		ReleaseScriptingObjects (0ms)
		CreateAndSetChildDomain (1242ms)
	RebuildCommonClasses (101ms)
	RebuildNativeTypeToScriptingClass (38ms)
	initialDomainReloadingComplete (99ms)
	LoadAllAssembliesAndSetupDomain (1397ms)
		LoadAssemblies (1036ms)
		RebuildTransferFunctionScriptingTraits (0ms)
		AnalyzeDomain (508ms)
			TypeCache.Refresh (265ms)
				TypeCache.ScanAssembly (234ms)
			BuildScriptInfoCaches (221ms)
			ResolveRequiredComponents (16ms)
	FinalizeReload (1065ms)
		ReleaseScriptCaches (0ms)
		RebuildScriptCaches (0ms)
		SetupLoadedEditorAssemblies (822ms)
			LogAssemblyErrors (0ms)
			InitializePlatformSupportModulesInManaged (16ms)
			SetLoadedEditorAssemblies (5ms)
			BeforeProcessingInitializeOnLoad (204ms)
			ProcessInitializeOnLoadAttributes (487ms)
			ProcessInitializeOnLoadMethodAttributes (105ms)
			AfterProcessingInitializeOnLoad (4ms)
			EditorAssembliesLoaded (0ms)
		ExecutionOrderSort2 (0ms)
		AwakeInstancesAfterBackupRestoration (23ms)
Shader 'Polygonmaker/Basic-PBR (Cutout Single Side)': fallback shader '-1' not found
Shader 'Polygonmaker/Skin': fallback shader '-1' not found
Refreshing native plugins compatible for Editor in 2.16 ms, found 3 plugins.
Preloading 0 native plugins for Editor in 0.00 ms.
Unloading 56 Unused Serialized files (Serialized files now loaded: 0)
Unloading 6854 unused Assets / (10.2 MB). Loaded Objects now: 7793.
Memory consumption went from 189.5 MB to 179.2 MB.
Total: 23.987000 ms (FindLiveObjects: 1.219000 ms CreateObjectMapping: 2.229100 ms MarkObjects: 8.203300 ms  DeleteObjects: 12.334200 ms)

Prepare: number of updated asset objects reloaded= 0
========================================================================
Received Prepare
Begin MonoManager ReloadAssembly
ADTM: Control thread waiting for realtime thread timed out, have to lock...
Symbol file LoadedFromMemory is not a mono symbol file
- Loaded All Assemblies, in  2.176 seconds
Refreshing native plugins compatible for Editor in 2.10 ms, found 3 plugins.
Assertion failed on expression: 'pred(*previous, *i)'
Assertion failed on expression: 'pred(*previous, *i)'
Assertion failed on expression: 'pred(*previous, *i)'
Native extension for Android target not found
Native extension for WindowsStandalone target not found
[Package Manager] Failed to launch server process. Reason: Unity was launched with the -noUpm command-line argument
[Package Manager] Unable to send message (not connected to server process).
[Package Manager] Cannot connect to Unity Package Manager local server
[Package Manager] Failed to launch server process. Reason: Unity was launched with the -noUpm command-line argument
[Package Manager] Unable to send message (not connected to server process).
[Package Manager] Cannot connect to Unity Package Manager local server
ScheduleIndexationOnStartup MainProcess:False IndexOnStartup:True
Mono: successfully reloaded assembly
- Finished resetting the current domain, in  0.972 seconds
Domain Reload Profiling: 3151ms
	BeginReloadAssembly (1296ms)
		ExecutionOrderSort (0ms)
		DisableScriptedObjects (7ms)
		BackupInstance (0ms)
		ReleaseScriptingObjects (0ms)
		CreateAndSetChildDomain (1058ms)
	RebuildCommonClasses (57ms)
	RebuildNativeTypeToScriptingClass (19ms)
	initialDomainReloadingComplete (35ms)
	LoadAllAssembliesAndSetupDomain (770ms)
		LoadAssemblies (487ms)
		RebuildTransferFunctionScriptingTraits (0ms)
		AnalyzeDomain (418ms)
			TypeCache.Refresh (157ms)
				TypeCache.ScanAssembly (140ms)
			BuildScriptInfoCaches (237ms)
			ResolveRequiredComponents (19ms)
	FinalizeReload (973ms)
		ReleaseScriptCaches (0ms)
		RebuildScriptCaches (0ms)
		SetupLoadedEditorAssemblies (745ms)
			LogAssemblyErrors (0ms)
			InitializePlatformSupportModulesInManaged (10ms)
			SetLoadedEditorAssemblies (5ms)
			BeforeProcessingInitializeOnLoad (233ms)
			ProcessInitializeOnLoadAttributes (405ms)
			ProcessInitializeOnLoadMethodAttributes (88ms)
			AfterProcessingInitializeOnLoad (4ms)
			EditorAssembliesLoaded (0ms)
		ExecutionOrderSort2 (0ms)
		AwakeInstancesAfterBackupRestoration (19ms)
Shader 'Polygonmaker/Skin': fallback shader '-1' not found
Shader 'Polygonmaker/Basic-PBR (Cutout Single Side)': fallback shader '-1' not found
Refreshing native plugins compatible for Editor in 1.29 ms, found 3 plugins.
Preloading 0 native plugins for Editor in 0.00 ms.
Unloading 57 Unused Serialized files (Serialized files now loaded: 0)
Unloading 6863 unused Assets / (10.6 MB). Loaded Objects now: 7803.
Memory consumption went from 190.4 MB to 179.8 MB.
Total: 14.339100 ms (FindLiveObjects: 0.926700 ms CreateObjectMapping: 1.634600 ms MarkObjects: 6.077200 ms  DeleteObjects: 5.699300 ms)

Prepare: number of updated asset objects reloaded= 0
========================================================================
Received Import Request.
  Time since last request: 939.049988 seconds.
  path: Assets/EffectExamples
  artifactKey: Guid(6c0b056137d972f46a0312ba21b6263f) Importer(815301076,1909f56bfc062723c751e8b465ee728b)
Start importing Assets/EffectExamples using Guid(6c0b056137d972f46a0312ba21b6263f) Importer(815301076,1909f56bfc062723c751e8b465ee728b) (PreviewImporter) -> (artifact id: '6511b4d688321b343f20097ab3cd4558') in 0.0582243 seconds
Number of updated asset objects reloaded before import = 0Number of asset objects unloaded after import = 0

========================================================================
Received Import Request.
  Time since last request: 6.383335 seconds.
  path: Assets/EffectExamples/WeaponEffects
  artifactKey: Guid(a693b7e7a750f4142beaa792c5791927) Importer(815301076,1909f56bfc062723c751e8b465ee728b)
Start importing Assets/EffectExamples/WeaponEffects using Guid(a693b7e7a750f4142beaa792c5791927) Importer(815301076,1909f56bfc062723c751e8b465ee728b) (PreviewImporter) -> (artifact id: '6c165270f05533c36bae2f806a82c84d') in 0.0006993 seconds
Number of updated asset objects reloaded before import = 0Number of asset objects unloaded after import = 0

========================================================================
Received Import Request.
  Time since last request: 1.100552 seconds.
  path: Assets/EffectExamples/WeaponEffects/Prefabs
  artifactKey: Guid(66b2958180b2bf2499ff4c4b6a684d80) Importer(815301076,1909f56bfc062723c751e8b465ee728b)
Start importing Assets/EffectExamples/WeaponEffects/Prefabs using Guid(66b2958180b2bf2499ff4c4b6a684d80) Importer(815301076,1909f56bfc062723c751e8b465ee728b) (PreviewImporter) -> (artifact id: 'e604896f3c121efda6a973432841470a') in 0.0008488 seconds
Number of updated asset objects reloaded before import = 0Number of asset objects unloaded after import = 0

========================================================================
Received Import Request.
  Time since last request: 0.004764 seconds.
  path: Assets/EffectExamples/WeaponEffects/Prefabs/BulletImpactFleshBigEffect.prefab
  artifactKey: Guid(e5a3d6da48298a0458c1990f58c27069) Importer(815301076,1909f56bfc062723c751e8b465ee728b)
Start importing Assets/EffectExamples/WeaponEffects/Prefabs/BulletImpactFleshBigEffect.prefab using Guid(e5a3d6da48298a0458c1990f58c27069) Importer(815301076,1909f56bfc062723c751e8b465ee728b) (PreviewImporter) -> (artifact id: 'd9458d7375f0e8f39d16074b1193ecbb') in 0.8110078 seconds
Number of updated asset objects reloaded before import = 0Number of asset objects unloaded after import = 34

========================================================================
Received Import Request.
  Time since last request: 0.000032 seconds.
  path: Assets/EffectExamples/WeaponEffects/Prefabs/BulletImpactStoneEffect.prefab
  artifactKey: Guid(4edabb1c0dde62743b137378c7d22980) Importer(815301076,1909f56bfc062723c751e8b465ee728b)
Start importing Assets/EffectExamples/WeaponEffects/Prefabs/BulletImpactStoneEffect.prefab using Guid(4edabb1c0dde62743b137378c7d22980) Importer(815301076,1909f56bfc062723c751e8b465ee728b) (PreviewImporter) -> (artifact id: '8143948ad65732cfe33ee8d453ad04d9') in 0.1008943 seconds
Number of updated asset objects reloaded before import = 0Number of asset objects unloaded after import = 24

========================================================================
Received Import Request.
  Time since last request: 0.000058 seconds.
  path: Assets/EffectExamples/WeaponEffects/Prefabs/BulletImpactSandEffect.prefab
  artifactKey: Guid(a475880e7da0e9548aa05cb7933752cd) Importer(815301076,1909f56bfc062723c751e8b465ee728b)
Start importing Assets/EffectExamples/WeaponEffects/Prefabs/BulletImpactSandEffect.prefab using Guid(a475880e7da0e9548aa05cb7933752cd) Importer(815301076,1909f56bfc062723c751e8b465ee728b) (PreviewImporter) -> (artifact id: '3d09051e465fde9c609d414bbf96deca') in 0.0117913 seconds
Number of updated asset objects reloaded before import = 0Number of asset objects unloaded after import = 13

========================================================================
Received Import Request.
  Time since last request: 0.000037 seconds.
  path: Assets/EffectExamples/WeaponEffects/Prefabs/BulletImpactWaterContainerExtinguisherEffect.prefab
  artifactKey: Guid(8c0568c457f38824d8649f26f2363927) Importer(815301076,1909f56bfc062723c751e8b465ee728b)
Start importing Assets/EffectExamples/WeaponEffects/Prefabs/BulletImpactWaterContainerExtinguisherEffect.prefab using Guid(8c0568c457f38824d8649f26f2363927) Importer(815301076,1909f56bfc062723c751e8b465ee728b) (PreviewImporter) -> (artifact id: '03b90d3ce4f2942576cbdad63e6e1cee') in 0.0551184 seconds
Number of updated asset objects reloaded before import = 0Number of asset objects unloaded after import = 23

========================================================================
Received Import Request.
  Time since last request: 0.000029 seconds.
  path: Assets/EffectExamples/WeaponEffects/Prefabs/BulletImpactWoodEffect.prefab
  artifactKey: Guid(beb3acff7ab73944fb8f470f24d74ed3) Importer(815301076,1909f56bfc062723c751e8b465ee728b)
Start importing Assets/EffectExamples/WeaponEffects/Prefabs/BulletImpactWoodEffect.prefab using Guid(beb3acff7ab73944fb8f470f24d74ed3) Importer(815301076,1909f56bfc062723c751e8b465ee728b) (PreviewImporter) -> (artifact id: 'e885d7c0ff76620baa5f4825e25cc7e7') in 0.0576577 seconds
Number of updated asset objects reloaded before import = 0Number of asset objects unloaded after import = 24

========================================================================
Received Import Request.
  Time since last request: 0.000052 seconds.
  path: Assets/EffectExamples/WeaponEffects/Prefabs/BulletImpactWaterContainerEffect.prefab
  artifactKey: Guid(a60a75fdadab5de428529a5b8ef0426a) Importer(815301076,1909f56bfc062723c751e8b465ee728b)
Start importing Assets/EffectExamples/WeaponEffects/Prefabs/BulletImpactWaterContainerEffect.prefab using Guid(a60a75fdadab5de428529a5b8ef0426a) Importer(815301076,1909f56bfc062723c751e8b465ee728b) (PreviewImporter) -> (artifact id: 'f83db8a6db4141253d6acad13b3a4216') in 0.014901 seconds
Number of updated asset objects reloaded before import = 0Number of asset objects unloaded after import = 18

========================================================================
Received Import Request.
  Time since last request: 19.963998 seconds.
  path: Assets/EffectExamples/WeaponEffects/Models/ShellCasing.FBX
  artifactKey: Guid(39af8eb310699cb4dac88a1ce9577c85) Importer(815301076,1909f56bfc062723c751e8b465ee728b)
Start importing Assets/EffectExamples/WeaponEffects/Models/ShellCasing.FBX using Guid(39af8eb310699cb4dac88a1ce9577c85) Importer(815301076,1909f56bfc062723c751e8b465ee728b) (PreviewImporter) -> (artifact id: '0bdb762c2677ad05440c4a6458613b81') in 0.0310164 seconds
Number of updated asset objects reloaded before import = 0Number of asset objects unloaded after import = 8

========================================================================
Received Import Request.
  Time since last request: 16.657315 seconds.
  path: Assets/EffectExamples/WeaponEffects/Materials/WaterStreamParticle.mat
  artifactKey: Guid(8ea6ed53aae46fe4e83d154e73aed27e) Importer(815301076,1909f56bfc062723c751e8b465ee728b)
Start importing Assets/EffectExamples/WeaponEffects/Materials/WaterStreamParticle.mat using Guid(8ea6ed53aae46fe4e83d154e73aed27e) Importer(815301076,1909f56bfc062723c751e8b465ee728b) (PreviewImporter) -> (artifact id: '538d4d7443a35f9adc586997da0992fe') in 0.0296925 seconds
Number of updated asset objects reloaded before import = 0Number of asset objects unloaded after import = 3

========================================================================
Received Import Request.
  Time since last request: 20.064038 seconds.
  path: Assets/EffectExamples/WeaponEffects/Models
  artifactKey: Guid(bd5dd7a761ffae74dbd32db829ae6f95) Importer(815301076,1909f56bfc062723c751e8b465ee728b)
Start importing Assets/EffectExamples/WeaponEffects/Models using Guid(bd5dd7a761ffae74dbd32db829ae6f95) Importer(815301076,1909f56bfc062723c751e8b465ee728b) (PreviewImporter) -> (artifact id: '30529eec4c67626b98f10ad08e9679ff') in 0.0009087 seconds
Number of updated asset objects reloaded before import = 0Number of asset objects unloaded after import = 0

========================================================================
Received Import Request.
  Time since last request: 0.021477 seconds.
  path: Assets/EffectExamples/WeaponEffects/Models/RocketWarhead.FBX
  artifactKey: Guid(c25b0e0e92e901144a739246c4539336) Importer(815301076,1909f56bfc062723c751e8b465ee728b)
Start importing Assets/EffectExamples/WeaponEffects/Models/RocketWarhead.FBX using Guid(c25b0e0e92e901144a739246c4539336) Importer(815301076,1909f56bfc062723c751e8b465ee728b) (PreviewImporter) -> (artifact id: 'aa1a07d5f37f17968dfe3d7ecc022b78') in 0.0154074 seconds
Number of updated asset objects reloaded before import = 0Number of asset objects unloaded after import = 8

========================================================================
Received Import Request.
  Time since last request: 4.469627 seconds.
  path: Assets/EffectExamples/WeaponEffects/Models/Materials
  artifactKey: Guid(6be0b4db345d5481b9c6c1201d17ca2f) Importer(815301076,1909f56bfc062723c751e8b465ee728b)
Start importing Assets/EffectExamples/WeaponEffects/Models/Materials using Guid(6be0b4db345d5481b9c6c1201d17ca2f) Importer(815301076,1909f56bfc062723c751e8b465ee728b) (PreviewImporter) -> (artifact id: 'a7a61b2f321bcd33d1d44cc74b71fa44') in 0.0009238 seconds
Number of updated asset objects reloaded before import = 0Number of asset objects unloaded after import = 0

========================================================================
Received Import Request.
  Time since last request: 0.010795 seconds.
  path: Assets/EffectExamples/WeaponEffects/Models/Materials/No Name.mat
  artifactKey: Guid(547f2e9db866947dabf6f55d8673905d) Importer(815301076,1909f56bfc062723c751e8b465ee728b)
Start importing Assets/EffectExamples/WeaponEffects/Models/Materials/No Name.mat using Guid(547f2e9db866947dabf6f55d8673905d) Importer(815301076,1909f56bfc062723c751e8b465ee728b) (PreviewImporter) -> (artifact id: '89ee12dbf84303d23afdf6f5beac0064') in 0.0093072 seconds
Number of updated asset objects reloaded before import = 0Number of asset objects unloaded after import = 1

========================================================================
Received Import Request.
  Time since last request: 65.151039 seconds.
  path: Assets/EffectExamples/FireExplosionEffects
  artifactKey: Guid(9c9c292c9091a7d4fbaf34fdd81b85fc) Importer(815301076,1909f56bfc062723c751e8b465ee728b)
Start importing Assets/EffectExamples/FireExplosionEffects using Guid(9c9c292c9091a7d4fbaf34fdd81b85fc) Importer(815301076,1909f56bfc062723c751e8b465ee728b) (PreviewImporter) -> (artifact id: '33b1c0ad3fa2e042c5bacf7f29601f13') in 0.0008066 seconds
Number of updated asset objects reloaded before import = 0Number of asset objects unloaded after import = 0

========================================================================
Received Import Request.
  Time since last request: 1.490681 seconds.
  path: Assets/EffectExamples/FireExplosionEffects/Prefabs
  artifactKey: Guid(af557a47dae08a94cb2839384fe7ac98) Importer(815301076,1909f56bfc062723c751e8b465ee728b)
Start importing Assets/EffectExamples/FireExplosionEffects/Prefabs using Guid(af557a47dae08a94cb2839384fe7ac98) Importer(815301076,1909f56bfc062723c751e8b465ee728b) (PreviewImporter) -> (artifact id: 'dd02f45f18226f841344234507a55b9b') in 0.0009379 seconds
Number of updated asset objects reloaded before import = 0Number of asset objects unloaded after import = 0

========================================================================
Received Import Request.
  Time since last request: 0.013557 seconds.
  path: Assets/EffectExamples/FireExplosionEffects/Prefabs/BigExplosionEffect.prefab
  artifactKey: Guid(acf39d9f4addf294d93fa56fa373961b) Importer(815301076,1909f56bfc062723c751e8b465ee728b)
Start importing Assets/EffectExamples/FireExplosionEffects/Prefabs/BigExplosionEffect.prefab using Guid(acf39d9f4addf294d93fa56fa373961b) Importer(815301076,1909f56bfc062723c751e8b465ee728b) (PreviewImporter) -> (artifact id: 'e31e73f5e21d3b09c6f8ff2f5ba87b2d') in 0.0943243 seconds
Number of updated asset objects reloaded before import = 0Number of asset objects unloaded after import = 50

========================================================================
Received Import Request.
  Time since last request: 0.000047 seconds.
  path: Assets/EffectExamples/FireExplosionEffects/Prefabs/SmallExplosionEffect.prefab
  artifactKey: Guid(ecdd96beb7f93494880c052dfccf9dc1) Importer(815301076,1909f56bfc062723c751e8b465ee728b)
Start importing Assets/EffectExamples/FireExplosionEffects/Prefabs/SmallExplosionEffect.prefab using Guid(ecdd96beb7f93494880c052dfccf9dc1) Importer(815301076,1909f56bfc062723c751e8b465ee728b) (PreviewImporter) -> (artifact id: 'bff91a5fff0c9a1748dc983a25c0a80a') in 0.1350346 seconds
Number of updated asset objects reloaded before import = 0Number of asset objects unloaded after import = 28

========================================================================
Received Import Request.
  Time since last request: 0.000068 seconds.
  path: Assets/EffectExamples/FireExplosionEffects/Prefabs/FlamesParticleEffect.prefab
  artifactKey: Guid(3228a22491941734bb83ad691d17fcb9) Importer(815301076,1909f56bfc062723c751e8b465ee728b)
Start importing Assets/EffectExamples/FireExplosionEffects/Prefabs/FlamesParticleEffect.prefab using Guid(3228a22491941734bb83ad691d17fcb9) Importer(815301076,1909f56bfc062723c751e8b465ee728b) (PreviewImporter) -> (artifact id: 'ec55cc2c6cf2acd266461e68107192df') in 0.0391153 seconds
Number of updated asset objects reloaded before import = 0Number of asset objects unloaded after import = 21

========================================================================
Received Import Request.
  Time since last request: 0.000092 seconds.
  path: Assets/EffectExamples/FireExplosionEffects/Prefabs/FlameThrowerEffect.prefab
  artifactKey: Guid(3123da49cb81147489b444f2749aba47) Importer(815301076,1909f56bfc062723c751e8b465ee728b)
Start importing Assets/EffectExamples/FireExplosionEffects/Prefabs/FlameThrowerEffect.prefab using Guid(3123da49cb81147489b444f2749aba47) Importer(815301076,1909f56bfc062723c751e8b465ee728b) (PreviewImporter) -> (artifact id: '8f1666f37196fa88b9d044213ef4b6fe') in 0.0165408 seconds
Number of updated asset objects reloaded before import = 0Number of asset objects unloaded after import = 56

========================================================================
Received Import Request.
  Time since last request: 0.000036 seconds.
  path: Assets/EffectExamples/FireExplosionEffects/Prefabs/TorchEffect.prefab
  artifactKey: Guid(3cdf614b79009ca49a2a5c117fb49c35) Importer(815301076,1909f56bfc062723c751e8b465ee728b)
Start importing Assets/EffectExamples/FireExplosionEffects/Prefabs/TorchEffect.prefab using Guid(3cdf614b79009ca49a2a5c117fb49c35) Importer(815301076,1909f56bfc062723c751e8b465ee728b) (PreviewImporter) -> (artifact id: '98a1786dc81887a0eb1b6f2b03ad25e7') in 0.0141769 seconds
Number of updated asset objects reloaded before import = 0Number of asset objects unloaded after import = 33

========================================================================
Received Import Request.
  Time since last request: 9.514098 seconds.
  path: Assets/EffectExamples/WeaponEffects/Textures
  artifactKey: Guid(4b9b882e9fe5c2c4ba5edba972fb2d0f) Importer(815301076,1909f56bfc062723c751e8b465ee728b)
Start importing Assets/EffectExamples/WeaponEffects/Textures using Guid(4b9b882e9fe5c2c4ba5edba972fb2d0f) Importer(815301076,1909f56bfc062723c751e8b465ee728b) (PreviewImporter) -> (artifact id: 'e443cd63bfb854d1f4057756afb034ad') in 0.0007722 seconds
Number of updated asset objects reloaded before import = 0Number of asset objects unloaded after import = 0

========================================================================
Received Import Request.
  Time since last request: 0.001609 seconds.
  path: Assets/EffectExamples/WeaponEffects/Textures/BloodMist.mat
  artifactKey: Guid(22bd383795fb6f34b93b51a4caa75781) Importer(815301076,1909f56bfc062723c751e8b465ee728b)
Start importing Assets/EffectExamples/WeaponEffects/Textures/BloodMist.mat using Guid(22bd383795fb6f34b93b51a4caa75781) Importer(815301076,1909f56bfc062723c751e8b465ee728b) (PreviewImporter) -> (artifact id: 'b7a4d28f437eb97d2817b9f47f8ac8da') in 0.0117761 seconds
Number of updated asset objects reloaded before import = 0Number of asset objects unloaded after import = 2

========================================================================
Received Import Request.
  Time since last request: 0.000033 seconds.
  path: Assets/EffectExamples/WeaponEffects/Textures/woodSplintersNormals.tif
  artifactKey: Guid(937ed87ab83404042bb43da3180148b7) Importer(815301076,1909f56bfc062723c751e8b465ee728b)
Start importing Assets/EffectExamples/WeaponEffects/Textures/woodSplintersNormals.tif using Guid(937ed87ab83404042bb43da3180148b7) Importer(815301076,1909f56bfc062723c751e8b465ee728b) (PreviewImporter) -> (artifact id: '1eeef89873bbfb589c8f022b9253be69') in 0.0430437 seconds
Number of updated asset objects reloaded before import = 0Number of asset objects unloaded after import = 2

========================================================================
Received Import Request.
  Time since last request: 0.000078 seconds.
  path: Assets/EffectExamples/WeaponEffects/Textures/WaterSplashParticle.mat
  artifactKey: Guid(b96fa6813686d9d4f844ead1ff3f9f64) Importer(815301076,1909f56bfc062723c751e8b465ee728b)
Start importing Assets/EffectExamples/WeaponEffects/Textures/WaterSplashParticle.mat using Guid(b96fa6813686d9d4f844ead1ff3f9f64) Importer(815301076,1909f56bfc062723c751e8b465ee728b) (PreviewImporter) -> (artifact id: '65cadf7dad4b991d11643a8daf2d76fc') in 0.0120059 seconds
Number of updated asset objects reloaded before import = 0Number of asset objects unloaded after import = 2

========================================================================
Received Import Request.
  Time since last request: 0.000050 seconds.
  path: Assets/EffectExamples/WeaponEffects/Textures/BulletHoleRockHeight.tif
  artifactKey: Guid(c948ff4a46d9e134ab96d61acf2022ab) Importer(815301076,1909f56bfc062723c751e8b465ee728b)
Start importing Assets/EffectExamples/WeaponEffects/Textures/BulletHoleRockHeight.tif using Guid(c948ff4a46d9e134ab96d61acf2022ab) Importer(815301076,1909f56bfc062723c751e8b465ee728b) (PreviewImporter) -> (artifact id: '95cccfe80f89e04b94165d63beded3ef') in 0.0094054 seconds
Number of updated asset objects reloaded before import = 0Number of asset objects unloaded after import = 2

========================================================================
Received Import Request.
  Time since last request: 0.000033 seconds.
  path: Assets/EffectExamples/WeaponEffects/Textures/woodSplintersAlbedo.tif
  artifactKey: Guid(477c430b429f1a24282dab34a73b4cca) Importer(815301076,1909f56bfc062723c751e8b465ee728b)
Start importing Assets/EffectExamples/WeaponEffects/Textures/woodSplintersAlbedo.tif using Guid(477c430b429f1a24282dab34a73b4cca) Importer(815301076,1909f56bfc062723c751e8b465ee728b) (PreviewImporter) -> (artifact id: '1a5936213ffc2fa001a36656bcdeeab5') in 0.0089162 seconds
Number of updated asset objects reloaded before import = 0Number of asset objects unloaded after import = 2

========================================================================
Received Import Request.
  Time since last request: 0.000030 seconds.
  path: Assets/EffectExamples/WeaponEffects/Textures/FleshBulletHoleHeight.tif
  artifactKey: Guid(5382afe8f6b22e24d9568f8c0be503a7) Importer(815301076,1909f56bfc062723c751e8b465ee728b)
Start importing Assets/EffectExamples/WeaponEffects/Textures/FleshBulletHoleHeight.tif using Guid(5382afe8f6b22e24d9568f8c0be503a7) Importer(815301076,1909f56bfc062723c751e8b465ee728b) (PreviewImporter) -> (artifact id: '4a21e63cd206123cb6ebea08e122c8cd') in 0.0081778 seconds
Number of updated asset objects reloaded before import = 0Number of asset objects unloaded after import = 2

========================================================================
Received Import Request.
  Time since last request: 0.000050 seconds.
  path: Assets/EffectExamples/WeaponEffects/Textures/StreamNormals.tif
  artifactKey: Guid(dbf5fd5c04eedf2418e86c377cf5b95b) Importer(815301076,1909f56bfc062723c751e8b465ee728b)
Start importing Assets/EffectExamples/WeaponEffects/Textures/StreamNormals.tif using Guid(dbf5fd5c04eedf2418e86c377cf5b95b) Importer(815301076,1909f56bfc062723c751e8b465ee728b) (PreviewImporter) -> (artifact id: 'ae2c3da86ff7effd2e423a2db887425e') in 0.0091964 seconds
Number of updated asset objects reloaded before import = 0Number of asset objects unloaded after import = 2

========================================================================
Received Import Request.
  Time since last request: 0.000041 seconds.
  path: Assets/EffectExamples/WeaponEffects/Textures/BulletHoleRockNormals.tif
  artifactKey: Guid(b7b496609dfcf7d4089ca1e508b14f22) Importer(815301076,1909f56bfc062723c751e8b465ee728b)
Start importing Assets/EffectExamples/WeaponEffects/Textures/BulletHoleRockNormals.tif using Guid(b7b496609dfcf7d4089ca1e508b14f22) Importer(815301076,1909f56bfc062723c751e8b465ee728b) (PreviewImporter) -> (artifact id: 'f5080909bc103c5db6baad0dc63ce560') in 0.0078139 seconds
Number of updated asset objects reloaded before import = 0Number of asset objects unloaded after import = 2

========================================================================
Received Import Request.
  Time since last request: 0.000064 seconds.
  path: Assets/EffectExamples/WeaponEffects/Textures/BulletHoleMetalThroughNormals.tif
  artifactKey: Guid(b284a0bea151ce444957bb92f6b50ac4) Importer(815301076,1909f56bfc062723c751e8b465ee728b)
Start importing Assets/EffectExamples/WeaponEffects/Textures/BulletHoleMetalThroughNormals.tif using Guid(b284a0bea151ce444957bb92f6b50ac4) Importer(815301076,1909f56bfc062723c751e8b465ee728b) (PreviewImporter) -> (artifact id: '0d583c9644fe023ce25e36e71ae36051') in 0.0084824 seconds
Number of updated asset objects reloaded before import = 0Number of asset objects unloaded after import = 2

========================================================================
Received Import Request.
  Time since last request: 0.000036 seconds.
  path: Assets/EffectExamples/WeaponEffects/Textures/TinyStonesParticleSheet.png
  artifactKey: Guid(ce97ed62c0a56e84ab25e22c8dfd5bca) Importer(815301076,1909f56bfc062723c751e8b465ee728b)
Start importing Assets/EffectExamples/WeaponEffects/Textures/TinyStonesParticleSheet.png using Guid(ce97ed62c0a56e84ab25e22c8dfd5bca) Importer(815301076,1909f56bfc062723c751e8b465ee728b) (PreviewImporter) -> (artifact id: '0ee44e3e4cb48caeabdde28f10df3783') in 0.0368238 seconds
Number of updated asset objects reloaded before import = 0Number of asset objects unloaded after import = 6

========================================================================
Received Import Request.
  Time since last request: 0.000043 seconds.
  path: Assets/EffectExamples/WeaponEffects/Textures/FleshBulletHoleAlbedo.tif
  artifactKey: Guid(5ef8c65d978f7f74e8a6cb763425f6db) Importer(815301076,1909f56bfc062723c751e8b465ee728b)
Start importing Assets/EffectExamples/WeaponEffects/Textures/FleshBulletHoleAlbedo.tif using Guid(5ef8c65d978f7f74e8a6cb763425f6db) Importer(815301076,1909f56bfc062723c751e8b465ee728b) (PreviewImporter) -> (artifact id: 'dd46378a9641bd14eea9d9008c04a5df') in 0.0086702 seconds
Number of updated asset objects reloaded before import = 0Number of asset objects unloaded after import = 2

========================================================================
Received Import Request.
  Time since last request: 0.000037 seconds.
  path: Assets/EffectExamples/WeaponEffects/Textures/FlashParticle.tif
  artifactKey: Guid(c826d12aca5bdda4c900b00833f6d875) Importer(815301076,1909f56bfc062723c751e8b465ee728b)
Start importing Assets/EffectExamples/WeaponEffects/Textures/FlashParticle.tif using Guid(c826d12aca5bdda4c900b00833f6d875) Importer(815301076,1909f56bfc062723c751e8b465ee728b) (PreviewImporter) -> (artifact id: 'e138a548d629fa684861abc76a9f5009') in 0.0102759 seconds
Number of updated asset objects reloaded before import = 0Number of asset objects unloaded after import = 2

========================================================================
Received Import Request.
  Time since last request: 167.151855 seconds.
  path: Assets/InputSystem_Actions.inputactions
  artifactKey: Guid(052faaac586de48259a63d0c4782560b) Importer(2089858483,b0f066a214c2f5e87bad3c948f4d605d)
Start importing Assets/InputSystem_Actions.inputactions using Guid(052faaac586de48259a63d0c4782560b) Importer(2089858483,b0f066a214c2f5e87bad3c948f4d605d) (ScriptedImporter) -> (artifact id: 'd7986e5f5714e5173d81557fdc930894') in 0.470167 seconds
Number of updated asset objects reloaded before import = 0Number of asset objects unloaded after import = 21

========================================================================
Received Import Request.
  Time since last request: 0.000080 seconds.
  path: Assets/EffectExamples/Scenes/Menu/ReflectionProbe-1.exr
  artifactKey: Guid(169a8370c9af86f46bac118280da2234) Importer(2089858483,b0f066a214c2f5e87bad3c948f4d605d)
Start importing Assets/EffectExamples/Scenes/Menu/ReflectionProbe-1.exr using Guid(169a8370c9af86f46bac118280da2234) Importer(2089858483,b0f066a214c2f5e87bad3c948f4d605d) (ScriptedImporter) -> (artifact id: '80d5958eee012439ae03647f3035743f') in 0.0674238 seconds
Number of updated asset objects reloaded before import = 0Number of asset objects unloaded after import = 1

========================================================================
Received Import Request.
  Time since last request: 0.000043 seconds.
  path: Assets/EffectExamples/Scenes/Menu/LightingData.asset
  artifactKey: Guid(c482561641a25514791bf19c84125d92) Importer(2089858483,b0f066a214c2f5e87bad3c948f4d605d)
Start importing Assets/EffectExamples/Scenes/Menu/LightingData.asset using Guid(c482561641a25514791bf19c84125d92) Importer(2089858483,b0f066a214c2f5e87bad3c948f4d605d) (ScriptedImporter) -> (artifact id: '4f889928a59f396b4b1bf498f64d4b88') in 0.0054604 seconds
Number of updated asset objects reloaded before import = 0Number of asset objects unloaded after import = 2

========================================================================
Received Import Request.
  Time since last request: 0.000044 seconds.
  path: Assets/EffectExamples/FireExplosionEffects/Materials/IgnitionFlameParticle.mat
  artifactKey: Guid(f53f1a24bb4ef8f4d879ea7b3a5197e5) Importer(2089858483,b0f066a214c2f5e87bad3c948f4d605d)
Start importing Assets/EffectExamples/FireExplosionEffects/Materials/IgnitionFlameParticle.mat using Guid(f53f1a24bb4ef8f4d879ea7b3a5197e5) Importer(2089858483,b0f066a214c2f5e87bad3c948f4d605d) (ScriptedImporter) -> (artifact id: '9c5cd39f79d8629bffbeb8ed7176b368') in 0.0118131 seconds
Number of updated asset objects reloaded before import = 0Number of asset objects unloaded after import = 2

========================================================================
Received Import Request.
  Time since last request: 0.000046 seconds.
  path: Assets/_Barking_Dog/Common Scripts/GunPickup.cs
  artifactKey: Guid(0ffca54d9bc93384cb7719a500d2f0b3) Importer(2089858483,b0f066a214c2f5e87bad3c948f4d605d)
Start importing Assets/_Barking_Dog/Common Scripts/GunPickup.cs using Guid(0ffca54d9bc93384cb7719a500d2f0b3) Importer(2089858483,b0f066a214c2f5e87bad3c948f4d605d) (ScriptedImporter) -> (artifact id: 'cc8ccc663cf96a0fa2737f961d8b0981') in 0.0157055 seconds
Number of updated asset objects reloaded before import = 0Number of asset objects unloaded after import = 0

========================================================================
Received Import Request.
  Time since last request: 0.000046 seconds.
  path: Assets/EffectExamples/Profiles/EffectsProfile.asset
  artifactKey: Guid(fd12609cdb539f941a85cc98e826d1ed) Importer(2089858483,b0f066a214c2f5e87bad3c948f4d605d)
Start importing Assets/EffectExamples/Profiles/EffectsProfile.asset using Guid(fd12609cdb539f941a85cc98e826d1ed) Importer(2089858483,b0f066a214c2f5e87bad3c948f4d605d) (ScriptedImporter) -> (artifact id: 'd69f39b6f59ddc1a8e7339f586d095d1') in 0.0049244 seconds
Number of updated asset objects reloaded before import = 0Number of asset objects unloaded after import = 1

========================================================================
Received Import Request.
  Time since last request: 0.000058 seconds.
  path: Assets/EffectExamples/FireExplosionEffects/Prefabs/DrippingFlames.prefab
  artifactKey: Guid(ce4133109fd2cb7469faad8e7c4307a4) Importer(2089858483,e11c23a36db5f54750b8cd40eac0985b)
Start importing Assets/EffectExamples/FireExplosionEffects/Prefabs/DrippingFlames.prefab using Guid(ce4133109fd2cb7469faad8e7c4307a4) Importer(2089858483,e11c23a36db5f54750b8cd40eac0985b) (ScriptedImporter) -> (artifact id: 'd59c629e1cc3fa9cdc0baaad1723d0e5') in 0.277254 seconds
Number of updated asset objects reloaded before import = 0Number of asset objects unloaded after import = 32

========================================================================
Received Import Request.
  Time since last request: 0.000046 seconds.
  path: Assets/EffectExamples/Shared/PhysicsMaterials/Wood.physicMaterial
  artifactKey: Guid(0151b31279cbbe64db23577e9163731a) Importer(2089858483,b0f066a214c2f5e87bad3c948f4d605d)
Start importing Assets/EffectExamples/Shared/PhysicsMaterials/Wood.physicMaterial using Guid(0151b31279cbbe64db23577e9163731a) Importer(2089858483,b0f066a214c2f5e87bad3c948f4d605d) (ScriptedImporter) -> (artifact id: '79ad2193383c498e74df039982319844') in 0.0061643 seconds
Number of updated asset objects reloaded before import = 0Number of asset objects unloaded after import = 1

========================================================================
Received Import Request.
  Time since last request: 0.000064 seconds.
  path: Assets/EffectExamples/Shared/PhysicsMaterials/WaterFilled.physicMaterial
  artifactKey: Guid(f9723f702b0ae204db594e4ca7c769d5) Importer(2089858483,b0f066a214c2f5e87bad3c948f4d605d)
Start importing Assets/EffectExamples/Shared/PhysicsMaterials/WaterFilled.physicMaterial using Guid(f9723f702b0ae204db594e4ca7c769d5) Importer(2089858483,b0f066a214c2f5e87bad3c948f4d605d) (ScriptedImporter) -> (artifact id: '885b6d11e189498e13bbd5a16490e9f7') in 0.0046676 seconds
Number of updated asset objects reloaded before import = 0Number of asset objects unloaded after import = 1

========================================================================
Received Import Request.
  Time since last request: 0.000030 seconds.
  path: Assets/EffectExamples/Blood/Textures/BloodStreamAlbedo.tif
  artifactKey: Guid(1a55072e908ebe74e962a97efbc17416) Importer(2089858483,b0f066a214c2f5e87bad3c948f4d605d)
Start importing Assets/EffectExamples/Blood/Textures/BloodStreamAlbedo.tif using Guid(1a55072e908ebe74e962a97efbc17416) Importer(2089858483,b0f066a214c2f5e87bad3c948f4d605d) (ScriptedImporter) -> (artifact id: 'd840ee756dcc9a490464992cb95e6c74') in 0.0310865 seconds
Number of updated asset objects reloaded before import = 0Number of asset objects unloaded after import = 1

========================================================================
Received Import Request.
  Time since last request: 0.000046 seconds.
  path: Assets/3D Asserts/Sci Fi Gun Light/Models/SciFiGunLight.FBX
  artifactKey: Guid(584761fab006d6d42b4d0d8c56a51241) Importer(2089858483,b0f066a214c2f5e87bad3c948f4d605d)
Start importing Assets/3D Asserts/Sci Fi Gun Light/Models/SciFiGunLight.FBX using Guid(584761fab006d6d42b4d0d8c56a51241) Importer(2089858483,b0f066a214c2f5e87bad3c948f4d605d) (ScriptedImporter) -> (artifact id: '76bfd570514929bd6f1c8776b9c79895') in 0.042161 seconds
Number of updated asset objects reloaded before import = 0Number of asset objects unloaded after import = 7

========================================================================
Received Import Request.
  Time since last request: 0.000062 seconds.
  path: Assets/TutorialInfo/Layout.wlt
  artifactKey: Guid(eabc9546105bf4accac1fd62a63e88e6) Importer(2089858483,b0f066a214c2f5e87bad3c948f4d605d)
Start importing Assets/TutorialInfo/Layout.wlt using Guid(eabc9546105bf4accac1fd62a63e88e6) Importer(2089858483,b0f066a214c2f5e87bad3c948f4d605d) (ScriptedImporter) -> (artifact id: '1b079196919724954d7ce6adb7d5e69e') in 0.0035587 seconds
Number of updated asset objects reloaded before import = 0Number of asset objects unloaded after import = 1

========================================================================
Received Import Request.
  Time since last request: 0.000041 seconds.
  path: Assets/EffectExamples/FireExplosionEffects/Prefabs/TorchEffect.prefab
  artifactKey: Guid(3cdf614b79009ca49a2a5c117fb49c35) Importer(2089858483,e11c23a36db5f54750b8cd40eac0985b)
Start importing Assets/EffectExamples/FireExplosionEffects/Prefabs/TorchEffect.prefab using Guid(3cdf614b79009ca49a2a5c117fb49c35) Importer(2089858483,e11c23a36db5f54750b8cd40eac0985b) (ScriptedImporter) -> (artifact id: 'ba3febc18de52dfbed9219f2ce112489') in 0.1169332 seconds
Number of updated asset objects reloaded before import = 0Number of asset objects unloaded after import = 30

========================================================================
Received Import Request.
  Time since last request: 0.000029 seconds.
  path: Assets/EffectExamples/FireExplosionEffects/Textures/FlameRoundParticleSheet.tif
  artifactKey: Guid(408718fd5f763de42b12f849570ddf58) Importer(2089858483,b0f066a214c2f5e87bad3c948f4d605d)
Start importing Assets/EffectExamples/FireExplosionEffects/Textures/FlameRoundParticleSheet.tif using Guid(408718fd5f763de42b12f849570ddf58) Importer(2089858483,b0f066a214c2f5e87bad3c948f4d605d) (ScriptedImporter) -> (artifact id: '3bea045728968d873b34c595090d4258') in 0.021138 seconds
Number of updated asset objects reloaded before import = 0Number of asset objects unloaded after import = 1

========================================================================
Received Import Request.
  Time since last request: 0.000063 seconds.
  path: Assets/Settings/Mobile_RPAsset.asset
  artifactKey: Guid(5e6cbd92db86f4b18aec3ed561671858) Importer(2089858483,b0f066a214c2f5e87bad3c948f4d605d)
Start importing Assets/Settings/Mobile_RPAsset.asset using Guid(5e6cbd92db86f4b18aec3ed561671858) Importer(2089858483,b0f066a214c2f5e87bad3c948f4d605d) (ScriptedImporter) -> (artifact id: '8d1f39280d6342502fe2f01e72a8b3b3') in 0.0981148 seconds
Number of updated asset objects reloaded before import = 0Number of asset objects unloaded after import = 2

========================================================================
Received Import Request.
  Time since last request: 0.000057 seconds.
  path: Assets/EffectExamples/Shared/Scripts/ParticleMenu.cs
  artifactKey: Guid(3b87f472a8687453eac1a8091330b6d5) Importer(2089858483,b0f066a214c2f5e87bad3c948f4d605d)
Start importing Assets/EffectExamples/Shared/Scripts/ParticleMenu.cs using Guid(3b87f472a8687453eac1a8091330b6d5) Importer(2089858483,b0f066a214c2f5e87bad3c948f4d605d) (ScriptedImporter) -> (artifact id: 'e3e4ac966488cf8297c784fd7b74af88') in 0.0051221 seconds
Number of updated asset objects reloaded before import = 0Number of asset objects unloaded after import = 0

========================================================================
Received Import Request.
  Time since last request: 0.000034 seconds.
  path: Assets/EffectExamples/Shared/Prefabs/Metal.prefab
  artifactKey: Guid(560a71b792ff85a4ba8f839081f9a379) Importer(2089858483,e11c23a36db5f54750b8cd40eac0985b)
Start importing Assets/EffectExamples/Shared/Prefabs/Metal.prefab using Guid(560a71b792ff85a4ba8f839081f9a379) Importer(2089858483,e11c23a36db5f54750b8cd40eac0985b) (ScriptedImporter) -> (artifact id: 'ad5b2badbbf6d211bba3b476b594286b') in 0.0188573 seconds
Number of updated asset objects reloaded before import = 0Number of asset objects unloaded after import = 14

========================================================================
Received Import Request.
  Time since last request: 0.000042 seconds.
  path: Assets/_Barking_Dog/Common Scripts/HaloPlayerController.cs
  artifactKey: Guid(53c9ff74ad2fa0b4d9869ac74509cdf5) Importer(2089858483,b0f066a214c2f5e87bad3c948f4d605d)
Start importing Assets/_Barking_Dog/Common Scripts/HaloPlayerController.cs using Guid(53c9ff74ad2fa0b4d9869ac74509cdf5) Importer(2089858483,b0f066a214c2f5e87bad3c948f4d605d) (ScriptedImporter) -> (artifact id: 'f915bedc0fa7e3bf74335bc9f747d7e6') in 0.004878 seconds
Number of updated asset objects reloaded before import = 0Number of asset objects unloaded after import = 0

========================================================================
Received Import Request.
  Time since last request: 0.000030 seconds.
  path: Assets/EffectExamples/Blood/Textures/BloodDropNormals.tif
  artifactKey: Guid(e2e48048625d63c41a7219b81562326d) Importer(2089858483,b0f066a214c2f5e87bad3c948f4d605d)
Start importing Assets/EffectExamples/Blood/Textures/BloodDropNormals.tif using Guid(e2e48048625d63c41a7219b81562326d) Importer(2089858483,b0f066a214c2f5e87bad3c948f4d605d) (ScriptedImporter) -> (artifact id: 'a3e685ff96f074fa4414353e04acf501') in 0.0158565 seconds
Number of updated asset objects reloaded before import = 0Number of asset objects unloaded after import = 1

========================================================================
Received Import Request.
  Time since last request: 0.000045 seconds.
  path: Assets/EffectExamples/Blood/Materials/BloodSplashParticle.mat
  artifactKey: Guid(6f3ee23817d2bd74681209e519f72618) Importer(2089858483,b0f066a214c2f5e87bad3c948f4d605d)
Start importing Assets/EffectExamples/Blood/Materials/BloodSplashParticle.mat using Guid(6f3ee23817d2bd74681209e519f72618) Importer(2089858483,b0f066a214c2f5e87bad3c948f4d605d) (ScriptedImporter) -> (artifact id: '85acc5fa69786588f1417bf75bff3ef9') in 0.0082154 seconds
Number of updated asset objects reloaded before import = 0Number of asset objects unloaded after import = 3

========================================================================
Received Import Request.
  Time since last request: 0.000071 seconds.
  path: Assets/EffectExamples/Shared/Materials/FleshSurface.mat
  artifactKey: Guid(72bc6ef93dd24b24a92daaf12577d9f1) Importer(2089858483,b0f066a214c2f5e87bad3c948f4d605d)
Start importing Assets/EffectExamples/Shared/Materials/FleshSurface.mat using Guid(72bc6ef93dd24b24a92daaf12577d9f1) Importer(2089858483,b0f066a214c2f5e87bad3c948f4d605d) (ScriptedImporter) -> (artifact id: 'dfd87ff4c9014bb46cab0372442dcd40') in 0.0090087 seconds
Number of updated asset objects reloaded before import = 0Number of asset objects unloaded after import = 2

========================================================================
Received Import Request.
  Time since last request: 0.000041 seconds.
  path: Assets/Settings/PC_Renderer.asset
  artifactKey: Guid(f288ae1f4751b564a96ac7587541f7a2) Importer(2089858483,b0f066a214c2f5e87bad3c948f4d605d)
Start importing Assets/Settings/PC_Renderer.asset using Guid(f288ae1f4751b564a96ac7587541f7a2) Importer(2089858483,b0f066a214c2f5e87bad3c948f4d605d) (ScriptedImporter) -> (artifact id: '7f9f7f61b58c851e09c695e500a53be9') in 0.0695665 seconds
Number of updated asset objects reloaded before import = 0Number of asset objects unloaded after import = 1

========================================================================
Received Import Request.
  Time since last request: 0.000042 seconds.
  path: Assets/EffectExamples/FireExplosionEffects/Materials/SmokeDarkParticle.mat
  artifactKey: Guid(698a8134f4ebbbd4e848648685f68067) Importer(2089858483,b0f066a214c2f5e87bad3c948f4d605d)
Start importing Assets/EffectExamples/FireExplosionEffects/Materials/SmokeDarkParticle.mat using Guid(698a8134f4ebbbd4e848648685f68067) Importer(2089858483,b0f066a214c2f5e87bad3c948f4d605d) (ScriptedImporter) -> (artifact id: 'de6a568091ec6767304605fa71a530fd') in 0.0173366 seconds
Number of updated asset objects reloaded before import = 0Number of asset objects unloaded after import = 3

========================================================================
Received Import Request.
  Time since last request: 0.000067 seconds.
  path: Assets/EffectExamples/Blood/Textures/BloodPoolNormals.tif
  artifactKey: Guid(969a5ea5264ae2e4cb261f0dfbdb7877) Importer(2089858483,b0f066a214c2f5e87bad3c948f4d605d)
Start importing Assets/EffectExamples/Blood/Textures/BloodPoolNormals.tif using Guid(969a5ea5264ae2e4cb261f0dfbdb7877) Importer(2089858483,b0f066a214c2f5e87bad3c948f4d605d) (ScriptedImporter) -> (artifact id: 'affb0acb15b859803a144c1549350ade') in 0.0125647 seconds
Number of updated asset objects reloaded before import = 0Number of asset objects unloaded after import = 1

========================================================================
Received Import Request.
  Time since last request: 0.000049 seconds.
  path: Assets/EffectExamples/FireExplosionEffects/Prefabs/WallFlames.prefab
  artifactKey: Guid(2c7e85f4b03483447a66947c83fb7468) Importer(2089858483,e11c23a36db5f54750b8cd40eac0985b)
Start importing Assets/EffectExamples/FireExplosionEffects/Prefabs/WallFlames.prefab using Guid(2c7e85f4b03483447a66947c83fb7468) Importer(2089858483,e11c23a36db5f54750b8cd40eac0985b) (ScriptedImporter) -> (artifact id: 'c22e9aa9a3573f799f089270b93f8fd9') in 0.1755891 seconds
Number of updated asset objects reloaded before import = 0Number of asset objects unloaded after import = 32

========================================================================
Received Import Request.
  Time since last request: 0.000078 seconds.
  path: Assets/EffectExamples/Shared/Textures/WoodNormals.tif
  artifactKey: Guid(d6a42d710971e07418e30f9a047b65b6) Importer(2089858483,b0f066a214c2f5e87bad3c948f4d605d)
Start importing Assets/EffectExamples/Shared/Textures/WoodNormals.tif using Guid(d6a42d710971e07418e30f9a047b65b6) Importer(2089858483,b0f066a214c2f5e87bad3c948f4d605d) (ScriptedImporter) -> (artifact id: 'e3564215a094f3c1e95215394c7d4a99') in 0.0230611 seconds
Number of updated asset objects reloaded before import = 0Number of asset objects unloaded after import = 1

========================================================================
Received Import Request.
  Time since last request: 0.000045 seconds.
  path: Assets/EffectExamples/WaterEffects/Materials/WaterRipplesParticle.mat
  artifactKey: Guid(c185392cb22aeb741a03d966a7012837) Importer(2089858483,b0f066a214c2f5e87bad3c948f4d605d)
Start importing Assets/EffectExamples/WaterEffects/Materials/WaterRipplesParticle.mat using Guid(c185392cb22aeb741a03d966a7012837) Importer(2089858483,b0f066a214c2f5e87bad3c948f4d605d) (ScriptedImporter) -> (artifact id: 'a57bacd5290d61ad40f94cdefe72dceb') in 0.0059796 seconds
Number of updated asset objects reloaded before import = 0Number of asset objects unloaded after import = 2

========================================================================
Received Import Request.
  Time since last request: 0.000024 seconds.
  path: Assets/EffectExamples/Shared/Textures/fleshNormals.tif
  artifactKey: Guid(82b123d008de09948adc8d1433889121) Importer(2089858483,b0f066a214c2f5e87bad3c948f4d605d)
Start importing Assets/EffectExamples/Shared/Textures/fleshNormals.tif using Guid(82b123d008de09948adc8d1433889121) Importer(2089858483,b0f066a214c2f5e87bad3c948f4d605d) (ScriptedImporter) -> (artifact id: 'aa6204663aa14d77daccefa45774a540') in 0.0100088 seconds
Number of updated asset objects reloaded before import = 0Number of asset objects unloaded after import = 1

========================================================================
Received Import Request.
  Time since last request: 0.000052 seconds.
  path: Assets/EffectExamples/WaterEffects/Materials/WaterMistParticle.mat
  artifactKey: Guid(d0cac5b586ffc5541841ef1580df871c) Importer(2089858483,b0f066a214c2f5e87bad3c948f4d605d)
Start importing Assets/EffectExamples/WaterEffects/Materials/WaterMistParticle.mat using Guid(d0cac5b586ffc5541841ef1580df871c) Importer(2089858483,b0f066a214c2f5e87bad3c948f4d605d) (ScriptedImporter) -> (artifact id: 'a563ff54a5aad20bd17445dedb50fc5d') in 0.0056771 seconds
Number of updated asset objects reloaded before import = 0Number of asset objects unloaded after import = 2

========================================================================
Received Import Request.
  Time since last request: 0.000046 seconds.
  path: Assets/EffectExamples/WaterEffects/Materials/WaterDropParticle.mat
  artifactKey: Guid(760cb38a22b22154790d1a62e76c087e) Importer(2089858483,b0f066a214c2f5e87bad3c948f4d605d)
Start importing Assets/EffectExamples/WaterEffects/Materials/WaterDropParticle.mat using Guid(760cb38a22b22154790d1a62e76c087e) Importer(2089858483,b0f066a214c2f5e87bad3c948f4d605d) (ScriptedImporter) -> (artifact id: '3b63f6dfe36ac9c4d60ebb799ba52f43') in 0.0065743 seconds
Number of updated asset objects reloaded before import = 0Number of asset objects unloaded after import = 2

========================================================================
Received Import Request.
  Time since last request: 0.000045 seconds.
  path: Assets/EffectExamples/Shared/Textures/DustPuffSmallParticleSheet.png
  artifactKey: Guid(1c1f5fdffb8c5a944a978e8debb8fdfe) Importer(2089858483,b0f066a214c2f5e87bad3c948f4d605d)
Start importing Assets/EffectExamples/Shared/Textures/DustPuffSmallParticleSheet.png using Guid(1c1f5fdffb8c5a944a978e8debb8fdfe) Importer(2089858483,b0f066a214c2f5e87bad3c948f4d605d) (ScriptedImporter) -> (artifact id: '479c0a8671a6a2b305bf78ae01083f69') in 0.0239679 seconds
Number of updated asset objects reloaded before import = 0Number of asset objects unloaded after import = 6

========================================================================
Received Import Request.
  Time since last request: 0.000049 seconds.
  path: Assets/EffectExamples/FireExplosionEffects/Textures/DebrisParticleSheet.png
  artifactKey: Guid(af1f1b45fa6b5e64894c04ceb8a592f7) Importer(2089858483,b0f066a214c2f5e87bad3c948f4d605d)
Start importing Assets/EffectExamples/FireExplosionEffects/Textures/DebrisParticleSheet.png using Guid(af1f1b45fa6b5e64894c04ceb8a592f7) Importer(2089858483,b0f066a214c2f5e87bad3c948f4d605d) (ScriptedImporter) -> (artifact id: 'd9bcd155cd2637ee931afb621d2535fe') in 0.0182696 seconds
Number of updated asset objects reloaded before import = 0Number of asset objects unloaded after import = 3

========================================================================
Received Import Request.
  Time since last request: 0.000024 seconds.
  path: Assets/EffectExamples/Shared/Textures/wood_tiled_02_n.tif
  artifactKey: Guid(43cfa3b308732c941a0fbb4334ecefcc) Importer(2089858483,b0f066a214c2f5e87bad3c948f4d605d)
Start importing Assets/EffectExamples/Shared/Textures/wood_tiled_02_n.tif using Guid(43cfa3b308732c941a0fbb4334ecefcc) Importer(2089858483,b0f066a214c2f5e87bad3c948f4d605d) (ScriptedImporter) -> (artifact id: '75eea91456553d47953f2288022213fb') in 0.0123536 seconds
Number of updated asset objects reloaded before import = 0Number of asset objects unloaded after import = 1

========================================================================
Received Import Request.
  Time since last request: 0.000044 seconds.
  path: Assets/3D Asserts/Lizard man/Polygonmaker - Shader/Shaders 1.3.txt
  artifactKey: Guid(ba6c75c6a75cab246974ab22c0cf745d) Importer(2089858483,b0f066a214c2f5e87bad3c948f4d605d)
Start importing Assets/3D Asserts/Lizard man/Polygonmaker - Shader/Shaders 1.3.txt using Guid(ba6c75c6a75cab246974ab22c0cf745d) Importer(2089858483,b0f066a214c2f5e87bad3c948f4d605d) (ScriptedImporter) -> (artifact id: '5e6666e33fd2daac2461157c297de14b') in 0.0265832 seconds
Number of updated asset objects reloaded before import = 0Number of asset objects unloaded after import = 1

========================================================================
Received Import Request.
  Time since last request: 0.000045 seconds.
  path: Assets/EffectExamples/Editor/PackageManagerAssembly/PackageManagerAssembly.dll
  artifactKey: Guid(89358996bc7cbbc43b28e289a31f88a3) Importer(2089858483,b0f066a214c2f5e87bad3c948f4d605d)
Start importing Assets/EffectExamples/Editor/PackageManagerAssembly/PackageManagerAssembly.dll using Guid(89358996bc7cbbc43b28e289a31f88a3) Importer(2089858483,b0f066a214c2f5e87bad3c948f4d605d) (ScriptedImporter) -> (artifact id: '2e98d7ed514e3d602632b69556b0fb4b') in 0.0238227 seconds
Number of updated asset objects reloaded before import = 0Number of asset objects unloaded after import = 0

========================================================================
Received Import Request.
  Time since last request: 0.000056 seconds.
  path: Assets/EffectExamples/FireExplosionEffects/Prefabs/BigExplosionEffect.prefab
  artifactKey: Guid(acf39d9f4addf294d93fa56fa373961b) Importer(2089858483,e11c23a36db5f54750b8cd40eac0985b)
Start importing Assets/EffectExamples/FireExplosionEffects/Prefabs/BigExplosionEffect.prefab using Guid(acf39d9f4addf294d93fa56fa373961b) Importer(2089858483,e11c23a36db5f54750b8cd40eac0985b) (ScriptedImporter) -> (artifact id: '307ca54d267f4fd1aada3622ba612bf7') in 0.2590847 seconds
Number of updated asset objects reloaded before import = 0Number of asset objects unloaded after import = 38

========================================================================
Received Import Request.
  Time since last request: 0.000036 seconds.
  path: Assets/EffectExamples/WaterEffects/Textures/ImpactSplashParticle.tif
  artifactKey: Guid(a4948475d3e9a794cad36c380b171ea7) Importer(2089858483,b0f066a214c2f5e87bad3c948f4d605d)
Start importing Assets/EffectExamples/WaterEffects/Textures/ImpactSplashParticle.tif using Guid(a4948475d3e9a794cad36c380b171ea7) Importer(2089858483,b0f066a214c2f5e87bad3c948f4d605d) (ScriptedImporter) -> (artifact id: 'a413e8bf082b21628140d70b94cec93a') in 0.0130459 seconds
Number of updated asset objects reloaded before import = 0Number of asset objects unloaded after import = 1

========================================================================
Received Import Request.
  Time since last request: 0.000056 seconds.
  path: Assets/EffectExamples/WeaponEffects/Materials/Projectile.mat
  artifactKey: Guid(a24a209a6bd187d49929d1a6d40a92ec) Importer(2089858483,b0f066a214c2f5e87bad3c948f4d605d)
Start importing Assets/EffectExamples/WeaponEffects/Materials/Projectile.mat using Guid(a24a209a6bd187d49929d1a6d40a92ec) Importer(2089858483,b0f066a214c2f5e87bad3c948f4d605d) (ScriptedImporter) -> (artifact id: '75cd3403acd8a8413ba1fba7a4a6a4ea') in 0.0068061 seconds
Number of updated asset objects reloaded before import = 0Number of asset objects unloaded after import = 1

========================================================================
Received Import Request.
  Time since last request: 0.000039 seconds.
  path: Assets/EffectExamples/WeaponEffects/Materials/MuzzleFlashParticle.mat
  artifactKey: Guid(527027c8baf2f0540be3104a3ec38a99) Importer(2089858483,b0f066a214c2f5e87bad3c948f4d605d)
Start importing Assets/EffectExamples/WeaponEffects/Materials/MuzzleFlashParticle.mat using Guid(527027c8baf2f0540be3104a3ec38a99) Importer(2089858483,b0f066a214c2f5e87bad3c948f4d605d) (ScriptedImporter) -> (artifact id: '42746d57fb5fb0982fe323a7cbc69207') in 0.0058797 seconds
Number of updated asset objects reloaded before import = 0Number of asset objects unloaded after import = 2

========================================================================
Received Import Request.
  Time since last request: 0.000034 seconds.
  path: Assets/EffectExamples/WeaponEffects/Materials/TinyStonesParticle.mat
  artifactKey: Guid(4ac7c4f70dacbc742a33d842cebc2157) Importer(2089858483,b0f066a214c2f5e87bad3c948f4d605d)
Start importing Assets/EffectExamples/WeaponEffects/Materials/TinyStonesParticle.mat using Guid(4ac7c4f70dacbc742a33d842cebc2157) Importer(2089858483,b0f066a214c2f5e87bad3c948f4d605d) (ScriptedImporter) -> (artifact id: '1963de892316cee597a4ea291e85c3fe') in 0.008401 seconds
Number of updated asset objects reloaded before import = 0Number of asset objects unloaded after import = 3

========================================================================
Received Import Request.
  Time since last request: 0.000026 seconds.
  path: Assets/Settings/UniversalRenderPipelineGlobalSettings.asset
  artifactKey: Guid(18dc0cd2c080841dea60987a38ce93fa) Importer(2089858483,b0f066a214c2f5e87bad3c948f4d605d)
Start importing Assets/Settings/UniversalRenderPipelineGlobalSettings.asset using Guid(18dc0cd2c080841dea60987a38ce93fa) Importer(2089858483,b0f066a214c2f5e87bad3c948f4d605d) (ScriptedImporter) -> (artifact id: '2a7842dd7ce84f51d4623e52f8ead965') in 0.1302695 seconds
Number of updated asset objects reloaded before import = 0Number of asset objects unloaded after import = 0

========================================================================
Received Import Request.
  Time since last request: 0.000031 seconds.
  path: Assets/EffectExamples/WaterEffects/Prefabs/RainEffect.prefab
  artifactKey: Guid(d0c0b49979d372942ae5a964d9364111) Importer(2089858483,e11c23a36db5f54750b8cd40eac0985b)
Start importing Assets/EffectExamples/WaterEffects/Prefabs/RainEffect.prefab using Guid(d0c0b49979d372942ae5a964d9364111) Importer(2089858483,e11c23a36db5f54750b8cd40eac0985b) (ScriptedImporter) -> (artifact id: '576c4b7888b9a0c6d01ddb4ed0cdfb44') in 0.1389925 seconds
Number of updated asset objects reloaded before import = 0Number of asset objects unloaded after import = 24

========================================================================
Received Import Request.
  Time since last request: 0.000068 seconds.
  path: Assets/EffectExamples/WaterEffects/Models/ImpactSplash.FBX
  artifactKey: Guid(8f8a4cd20bdf7f845ab3768cae8aceed) Importer(2089858483,b0f066a214c2f5e87bad3c948f4d605d)
Start importing Assets/EffectExamples/WaterEffects/Models/ImpactSplash.FBX using Guid(8f8a4cd20bdf7f845ab3768cae8aceed) Importer(2089858483,b0f066a214c2f5e87bad3c948f4d605d) (ScriptedImporter) -> (artifact id: '8858fe0601b0b5c839a074beca63aa9f') in 0.0165857 seconds
Number of updated asset objects reloaded before import = 0Number of asset objects unloaded after import = 7

========================================================================
Received Import Request.
  Time since last request: 0.000032 seconds.
  path: Assets/EffectExamples/WeaponEffects/Prefabs/CartridgeEjectEffect.prefab
  artifactKey: Guid(7ca96822084510147adb2aea03d45e3b) Importer(2089858483,e11c23a36db5f54750b8cd40eac0985b)
Start importing Assets/EffectExamples/WeaponEffects/Prefabs/CartridgeEjectEffect.prefab using Guid(7ca96822084510147adb2aea03d45e3b) Importer(2089858483,e11c23a36db5f54750b8cd40eac0985b) (ScriptedImporter) -> (artifact id: '9ab7dbe81e34ba3ce75c89d85ee48e35') in 0.0751914 seconds
Number of updated asset objects reloaded before import = 0Number of asset objects unloaded after import = 11

========================================================================
Received Import Request.
  Time since last request: 0.000034 seconds.
  path: Assets/EffectExamples/WeaponEffects/Textures/BloodStreak.mat
  artifactKey: Guid(2f03a6f5f76f67c45ae05e606f7ca2da) Importer(2089858483,b0f066a214c2f5e87bad3c948f4d605d)
Start importing Assets/EffectExamples/WeaponEffects/Textures/BloodStreak.mat using Guid(2f03a6f5f76f67c45ae05e606f7ca2da) Importer(2089858483,b0f066a214c2f5e87bad3c948f4d605d) (ScriptedImporter) -> (artifact id: 'b54ca6381723eafbf2b52adb616ccfb9') in 0.0068933 seconds
Number of updated asset objects reloaded before import = 0Number of asset objects unloaded after import = 2

========================================================================
Received Import Request.
  Time since last request: 0.000047 seconds.
  path: Assets/EffectExamples/WeaponEffects/Textures/BloodMist.mat
  artifactKey: Guid(22bd383795fb6f34b93b51a4caa75781) Importer(2089858483,b0f066a214c2f5e87bad3c948f4d605d)
Start importing Assets/EffectExamples/WeaponEffects/Textures/BloodMist.mat using Guid(22bd383795fb6f34b93b51a4caa75781) Importer(2089858483,b0f066a214c2f5e87bad3c948f4d605d) (ScriptedImporter) -> (artifact id: '2322c680dcfedd37f5db635288440ca7') in 0.0148136 seconds
Number of updated asset objects reloaded before import = 0Number of asset objects unloaded after import = 2

========================================================================
Received Import Request.
  Time since last request: 0.000030 seconds.
  path: Assets/EffectExamples/WeaponEffects/Textures/BloodSplat2.mat
  artifactKey: Guid(fb0f4297b291a034bb4f9a9eada50640) Importer(2089858483,b0f066a214c2f5e87bad3c948f4d605d)
Start importing Assets/EffectExamples/WeaponEffects/Textures/BloodSplat2.mat using Guid(fb0f4297b291a034bb4f9a9eada50640) Importer(2089858483,b0f066a214c2f5e87bad3c948f4d605d) (ScriptedImporter) -> (artifact id: '1986a6e4943636799c22793abb43d3fa') in 0.0077714 seconds
Number of updated asset objects reloaded before import = 0Number of asset objects unloaded after import = 2

========================================================================
Received Import Request.
  Time since last request: 0.000051 seconds.
  path: Assets/EffectExamples/WeaponEffects/Prefabs/BulletImpactFleshSmallEffect.prefab
  artifactKey: Guid(83e55d3418297934fab882559d009285) Importer(2089858483,e11c23a36db5f54750b8cd40eac0985b)
Start importing Assets/EffectExamples/WeaponEffects/Prefabs/BulletImpactFleshSmallEffect.prefab using Guid(83e55d3418297934fab882559d009285) Importer(2089858483,e11c23a36db5f54750b8cd40eac0985b) (ScriptedImporter) -> (artifact id: 'ea51f3f04f0053eb0f1e30786945a89c') in 0.1112037 seconds
Number of updated asset objects reloaded before import = 0Number of asset objects unloaded after import = 20

========================================================================
Received Import Request.
  Time since last request: 0.000031 seconds.
  path: Assets/EffectExamples/WeaponEffects/Materials/DustPuffParticle.mat
  artifactKey: Guid(1402721190994cd46b64bf7cba78f5d8) Importer(2089858483,b0f066a214c2f5e87bad3c948f4d605d)
Start importing Assets/EffectExamples/WeaponEffects/Materials/DustPuffParticle.mat using Guid(1402721190994cd46b64bf7cba78f5d8) Importer(2089858483,b0f066a214c2f5e87bad3c948f4d605d) (ScriptedImporter) -> (artifact id: '9d5d52e9cd3743136fa6e668d3a765e3') in 0.0091184 seconds
Number of updated asset objects reloaded before import = 0Number of asset objects unloaded after import = 2

========================================================================
Received Import Request.
  Time since last request: 0.000046 seconds.
  path: Assets/EffectExamples/Shared/Sprites/UnityLogoSprite.tif
  artifactKey: Guid(cafbb0229cd09a44a929ded63df426cb) Importer(2089858483,b0f066a214c2f5e87bad3c948f4d605d)
Start importing Assets/EffectExamples/Shared/Sprites/UnityLogoSprite.tif using Guid(cafbb0229cd09a44a929ded63df426cb) Importer(2089858483,b0f066a214c2f5e87bad3c948f4d605d) (ScriptedImporter) -> (artifact id: 'f1f44ced4ff34e989ef3ce672d86e876') in 0.016308 seconds
Number of updated asset objects reloaded before import = 0Number of asset objects unloaded after import = 3

========================================================================
Received Import Request.
  Time since last request: 0.000036 seconds.
  path: Assets/TutorialInfo/Icons/URP.png
  artifactKey: Guid(727a75301c3d24613a3ebcec4a24c2c8) Importer(2089858483,b0f066a214c2f5e87bad3c948f4d605d)
Start importing Assets/TutorialInfo/Icons/URP.png using Guid(727a75301c3d24613a3ebcec4a24c2c8) Importer(2089858483,b0f066a214c2f5e87bad3c948f4d605d) (ScriptedImporter) -> (artifact id: '8881b9a161d8525f0d719849ea0ac221') in 0.0293175 seconds
Number of updated asset objects reloaded before import = 0Number of asset objects unloaded after import = 1

========================================================================
Received Import Request.
  Time since last request: 0.000024 seconds.
  path: Assets/Settings/Mobile_Renderer.asset
  artifactKey: Guid(65bc7dbf4170f435aa868c779acfb082) Importer(2089858483,b0f066a214c2f5e87bad3c948f4d605d)
Start importing Assets/Settings/Mobile_Renderer.asset using Guid(65bc7dbf4170f435aa868c779acfb082) Importer(2089858483,b0f066a214c2f5e87bad3c948f4d605d) (ScriptedImporter) -> (artifact id: '56582ab0190caa58265aff66ef48ffda') in 0.0101725 seconds
Number of updated asset objects reloaded before import = 0Number of asset objects unloaded after import = 1

========================================================================
Received Import Request.
  Time since last request: 0.000032 seconds.
  path: Assets/EffectExamples/WeaponEffects/Textures/BulletHoleRockHeight.tif
  artifactKey: Guid(c948ff4a46d9e134ab96d61acf2022ab) Importer(2089858483,b0f066a214c2f5e87bad3c948f4d605d)
Start importing Assets/EffectExamples/WeaponEffects/Textures/BulletHoleRockHeight.tif using Guid(c948ff4a46d9e134ab96d61acf2022ab) Importer(2089858483,b0f066a214c2f5e87bad3c948f4d605d) (ScriptedImporter) -> (artifact id: 'd72476e9de1d6c81d7e71ca2909be1fb') in 0.0104663 seconds
Number of updated asset objects reloaded before import = 0Number of asset objects unloaded after import = 1

========================================================================
Received Import Request.
  Time since last request: 0.000048 seconds.
  path: Assets/EffectExamples/WeaponEffects/Textures/BloodStreakNormals.tif
  artifactKey: Guid(4b403858fefaded4bb58c22aa41b8769) Importer(2089858483,b0f066a214c2f5e87bad3c948f4d605d)
Start importing Assets/EffectExamples/WeaponEffects/Textures/BloodStreakNormals.tif using Guid(4b403858fefaded4bb58c22aa41b8769) Importer(2089858483,b0f066a214c2f5e87bad3c948f4d605d) (ScriptedImporter) -> (artifact id: 'fe29c17d71c4655ef9c3784e953408a1') in 0.010414 seconds
Number of updated asset objects reloaded before import = 0Number of asset objects unloaded after import = 1

========================================================================
Received Import Request.
  Time since last request: 0.000024 seconds.
  path: Assets/EffectExamples/WeaponEffects/Textures/BloodStreakAlbedo.tif
  artifactKey: Guid(07a10375da67ac9429e4694a4e70a774) Importer(2089858483,b0f066a214c2f5e87bad3c948f4d605d)
Start importing Assets/EffectExamples/WeaponEffects/Textures/BloodStreakAlbedo.tif using Guid(07a10375da67ac9429e4694a4e70a774) Importer(2089858483,b0f066a214c2f5e87bad3c948f4d605d) (ScriptedImporter) -> (artifact id: '4fcb6af97d14c299ec4eca0e9d548fe2') in 0.0114738 seconds
Number of updated asset objects reloaded before import = 0Number of asset objects unloaded after import = 1

========================================================================
Received Import Request.
  Time since last request: 0.000046 seconds.
  path: Assets/EffectExamples/WeaponEffects/Textures/FleshBulletHoleHeight.tif
  artifactKey: Guid(5382afe8f6b22e24d9568f8c0be503a7) Importer(2089858483,b0f066a214c2f5e87bad3c948f4d605d)
Start importing Assets/EffectExamples/WeaponEffects/Textures/FleshBulletHoleHeight.tif using Guid(5382afe8f6b22e24d9568f8c0be503a7) Importer(2089858483,b0f066a214c2f5e87bad3c948f4d605d) (ScriptedImporter) -> (artifact id: 'd92998c8c0c867d0f42f88aba68c8419') in 0.0110443 seconds
Number of updated asset objects reloaded before import = 0Number of asset objects unloaded after import = 1

========================================================================
Received Import Request.
  Time since last request: 0.000035 seconds.
  path: Assets/EffectExamples/WeaponEffects/Textures/BulletHoleMetalThroughAlbedo.tif
  artifactKey: Guid(4dcc91061fcec7d40a6d7c381bf1eabc) Importer(2089858483,b0f066a214c2f5e87bad3c948f4d605d)
Start importing Assets/EffectExamples/WeaponEffects/Textures/BulletHoleMetalThroughAlbedo.tif using Guid(4dcc91061fcec7d40a6d7c381bf1eabc) Importer(2089858483,b0f066a214c2f5e87bad3c948f4d605d) (ScriptedImporter) -> (artifact id: '4effe70e4b37041185ddb001627f4b0d') in 0.0132733 seconds
Number of updated asset objects reloaded before import = 0Number of asset objects unloaded after import = 1

========================================================================
Received Import Request.
  Time since last request: 0.000043 seconds.
  path: Assets/EffectExamples/WeaponEffects/Textures/WaterSplashParticle.mat
  artifactKey: Guid(b96fa6813686d9d4f844ead1ff3f9f64) Importer(2089858483,b0f066a214c2f5e87bad3c948f4d605d)
Start importing Assets/EffectExamples/WeaponEffects/Textures/WaterSplashParticle.mat using Guid(b96fa6813686d9d4f844ead1ff3f9f64) Importer(2089858483,b0f066a214c2f5e87bad3c948f4d605d) (ScriptedImporter) -> (artifact id: '6f07c9177ffd41e2ed079577d38237f7') in 0.0067902 seconds
Number of updated asset objects reloaded before import = 0Number of asset objects unloaded after import = 2

========================================================================
Received Import Request.
  Time since last request: 0.000029 seconds.
  path: Assets/EffectExamples/WaterEffects/Prefabs/WaterfallSmallEffect.prefab
  artifactKey: Guid(e0ea35e989dfcd043b42d7053b546abc) Importer(2089858483,e11c23a36db5f54750b8cd40eac0985b)
Start importing Assets/EffectExamples/WaterEffects/Prefabs/WaterfallSmallEffect.prefab using Guid(e0ea35e989dfcd043b42d7053b546abc) Importer(2089858483,e11c23a36db5f54750b8cd40eac0985b) (ScriptedImporter) -> (artifact id: 'c04e7cef225716d1072dad4bb64ebd6b') in 0.2893454 seconds
Number of updated asset objects reloaded before import = 0Number of asset objects unloaded after import = 34

========================================================================
Received Import Request.
  Time since last request: 0.000039 seconds.
  path: Assets/EffectExamples/WaterEffects/Textures/WaterMistParticle.tif
  artifactKey: Guid(9d5aa5ea4e0631a4bb7518c3cb434858) Importer(2089858483,b0f066a214c2f5e87bad3c948f4d605d)
Start importing Assets/EffectExamples/WaterEffects/Textures/WaterMistParticle.tif using Guid(9d5aa5ea4e0631a4bb7518c3cb434858) Importer(2089858483,b0f066a214c2f5e87bad3c948f4d605d) (ScriptedImporter) -> (artifact id: '8a7a515d16b6d3b050c0972387c089bd') in 0.0147301 seconds
Number of updated asset objects reloaded before import = 0Number of asset objects unloaded after import = 1

========================================================================
Received Import Request.
  Time since last request: 0.000067 seconds.
  path: Assets/EffectExamples/FireExplosionEffects/Prefabs/PlasmaExplosionEffect.prefab
  artifactKey: Guid(96730f8640590934eacb6f860058e7f9) Importer(2089858483,e11c23a36db5f54750b8cd40eac0985b)
Start importing Assets/EffectExamples/FireExplosionEffects/Prefabs/PlasmaExplosionEffect.prefab using Guid(96730f8640590934eacb6f860058e7f9) Importer(2089858483,e11c23a36db5f54750b8cd40eac0985b) (ScriptedImporter) -> (artifact id: '8727031ad3325b09cc590fb78fd092dd') in 0.1563223 seconds
Number of updated asset objects reloaded before import = 0Number of asset objects unloaded after import = 26

========================================================================
Received Import Request.
  Time since last request: 0.000032 seconds.
  path: Assets/EffectExamples/WeaponEffects/Textures/WoodBulletHoleNormals.tif
  artifactKey: Guid(dc7c338db44c68b41aebbac57c5c28b8) Importer(2089858483,b0f066a214c2f5e87bad3c948f4d605d)
Start importing Assets/EffectExamples/WeaponEffects/Textures/WoodBulletHoleNormals.tif using Guid(dc7c338db44c68b41aebbac57c5c28b8) Importer(2089858483,b0f066a214c2f5e87bad3c948f4d605d) (ScriptedImporter) -> (artifact id: '9bc79934a4e53ffe671abbf56572738f') in 0.0124488 seconds
Number of updated asset objects reloaded before import = 0Number of asset objects unloaded after import = 1

========================================================================
Received Import Request.
  Time since last request: 0.000067 seconds.
  path: Assets/_Barking_Dog/_3D Scifi Base Vol 1/Example_01/LightingData.asset
  artifactKey: Guid(370c96be2e1e24c28aac1e74c6e3bf40) Importer(2089858483,b0f066a214c2f5e87bad3c948f4d605d)
Start importing Assets/_Barking_Dog/_3D Scifi Base Vol 1/Example_01/LightingData.asset using Guid(370c96be2e1e24c28aac1e74c6e3bf40) Importer(2089858483,b0f066a214c2f5e87bad3c948f4d605d) (ScriptedImporter)Lighting data asset ‘LightingData’ is incompatible with the current Unity version because the scene it was baked for was not serialized. Please use Generate Lighting to rebuild the lighting data, or assign the target scene to the Lighting Data Asset in the inspector.
UnityEngine.Debug:ExtractStackTraceNoAlloc (byte*,int,string)
UnityEngine.StackTraceUtility:ExtractStackTrace ()
UnityEditor.AssetDatabase:LoadMainAssetAtPath (string)
UnityEditor.Search.AssetIndexer:IndexProperties (int&,string&,bool&)
UnityEditor.Search.AssetIndexer:IndexDocument (string,bool)
UnityEditor.Search.SearchIndexArtifactImporter:OnImportAsset (UnityEditor.AssetImporters.AssetImportContext)
UnityEditor.AssetImporters.ScriptedImporter:GenerateAssetData (UnityEditor.AssetImporters.AssetImportContext)

[C:\build\output\unity\unity\Editor\Src\GI\Enlighten\LightingDataAsset.cpp line 458]

 -> (artifact id: 'e843459494008c64f5296c276143c990') in 0.0298108 seconds
Number of updated asset objects reloaded before import = 0Number of asset objects unloaded after import = 1

========================================================================
Received Import Request.
  Time since last request: 0.000040 seconds.
  path: Assets/_Barking_Dog/_3D Scifi Base Vol 1/Meshes/Bench_01.FBX
  artifactKey: Guid(4091207e828134ba0bfbe74c700ec5b9) Importer(2089858483,b0f066a214c2f5e87bad3c948f4d605d)
Start importing Assets/_Barking_Dog/_3D Scifi Base Vol 1/Meshes/Bench_01.FBX using Guid(4091207e828134ba0bfbe74c700ec5b9) Importer(2089858483,b0f066a214c2f5e87bad3c948f4d605d) (ScriptedImporter) -> (artifact id: '4f752e345f26d2ab8a91f0258be8ade7') in 0.012565 seconds
Number of updated asset objects reloaded before import = 0Number of asset objects unloaded after import = 9

========================================================================
Received Import Request.
  Time since last request: 0.000031 seconds.
  path: Assets/_Barking_Dog/_3D Scifi Base Vol 1/Fx/Clouds.prefab
  artifactKey: Guid(1c7ea72e298504748b53f89e6140006e) Importer(2089858483,e11c23a36db5f54750b8cd40eac0985b)
Start importing Assets/_Barking_Dog/_3D Scifi Base Vol 1/Fx/Clouds.prefab using Guid(1c7ea72e298504748b53f89e6140006e) Importer(2089858483,e11c23a36db5f54750b8cd40eac0985b) (ScriptedImporter) -> (artifact id: '43be202e2c8664cf26bf1f0cb7ea6153') in 0.0398889 seconds
Number of updated asset objects reloaded before import = 0Number of asset objects unloaded after import = 8

========================================================================
Received Import Request.
  Time since last request: 0.000043 seconds.
  path: Assets/EffectExamples/WeaponEffects/Textures/woodSplintersAlbedo.tif
  artifactKey: Guid(477c430b429f1a24282dab34a73b4cca) Importer(2089858483,b0f066a214c2f5e87bad3c948f4d605d)
Start importing Assets/EffectExamples/WeaponEffects/Textures/woodSplintersAlbedo.tif using Guid(477c430b429f1a24282dab34a73b4cca) Importer(2089858483,b0f066a214c2f5e87bad3c948f4d605d) (ScriptedImporter) -> (artifact id: 'd4f9ecb528df40ea95dfe8ae68db977c') in 0.0126122 seconds
Number of updated asset objects reloaded before import = 0Number of asset objects unloaded after import = 1

========================================================================
Received Import Request.
  Time since last request: 0.000056 seconds.
  path: Assets/EffectExamples/Misc Effects/Prefabs/SandSwirlsEffect.prefab
  artifactKey: Guid(14d81e2c407975245973a11cdfbeb902) Importer(2089858483,e11c23a36db5f54750b8cd40eac0985b)
Start importing Assets/EffectExamples/Misc Effects/Prefabs/SandSwirlsEffect.prefab using Guid(14d81e2c407975245973a11cdfbeb902) Importer(2089858483,e11c23a36db5f54750b8cd40eac0985b) (ScriptedImporter) -> (artifact id: 'f7edd0b71949b8ff1a9a5cd6bd287387') in 0.0593068 seconds
Number of updated asset objects reloaded before import = 0Number of asset objects unloaded after import = 10

========================================================================
Received Import Request.
  Time since last request: 0.000023 seconds.
  path: Assets/EffectExamples/Shared/Textures/wood_tiled_02_o.tif
  artifactKey: Guid(3f61242b237377e4590f4e6d1c869079) Importer(2089858483,b0f066a214c2f5e87bad3c948f4d605d)
Start importing Assets/EffectExamples/Shared/Textures/wood_tiled_02_o.tif using Guid(3f61242b237377e4590f4e6d1c869079) Importer(2089858483,b0f066a214c2f5e87bad3c948f4d605d) (ScriptedImporter) -> (artifact id: '36e005dc7e1a7e57ede5e53c5753a1fe') in 0.029336 seconds
Number of updated asset objects reloaded before import = 0Number of asset objects unloaded after import = 1

========================================================================
Received Import Request.
  Time since last request: 0.000025 seconds.
  path: Assets/EffectExamples/Shared/PhysicsMaterials/Metal.physicMaterial
  artifactKey: Guid(77b2008fc6197f44a82570617d274355) Importer(2089858483,b0f066a214c2f5e87bad3c948f4d605d)
Start importing Assets/EffectExamples/Shared/PhysicsMaterials/Metal.physicMaterial using Guid(77b2008fc6197f44a82570617d274355) Importer(2089858483,b0f066a214c2f5e87bad3c948f4d605d) (ScriptedImporter) -> (artifact id: '7986d46704842764e82fd887fd37c4fc') in 0.0050583 seconds
Number of updated asset objects reloaded before import = 0Number of asset objects unloaded after import = 1

========================================================================
Received Import Request.
  Time since last request: 0.000030 seconds.
  path: Assets/EffectExamples/WaterEffects/Prefabs/WaterDripEffect.prefab
  artifactKey: Guid(3e8bbc11ff0ac7f4eb91aa277bc85c30) Importer(2089858483,e11c23a36db5f54750b8cd40eac0985b)
Start importing Assets/EffectExamples/WaterEffects/Prefabs/WaterDripEffect.prefab using Guid(3e8bbc11ff0ac7f4eb91aa277bc85c30) Importer(2089858483,e11c23a36db5f54750b8cd40eac0985b) (ScriptedImporter) -> (artifact id: '504cf505b630d24c7a129e47c611fe33') in 0.1350593 seconds
Number of updated asset objects reloaded before import = 0Number of asset objects unloaded after import = 27

========================================================================
Received Import Request.
  Time since last request: 0.000054 seconds.
  path: Assets/_Barking_Dog/_3D Scifi Base Vol 1/Meshes/Dome_Angle_01.FBX
  artifactKey: Guid(99ba86fb95abc48afa90b112f187620d) Importer(2089858483,b0f066a214c2f5e87bad3c948f4d605d)
Start importing Assets/_Barking_Dog/_3D Scifi Base Vol 1/Meshes/Dome_Angle_01.FBX using Guid(99ba86fb95abc48afa90b112f187620d) Importer(2089858483,b0f066a214c2f5e87bad3c948f4d605d) (ScriptedImporter) -> (artifact id: '71be2a3cf9f283d79393bd14afa53054') in 0.0213785 seconds
Number of updated asset objects reloaded before import = 0Number of asset objects unloaded after import = 10

========================================================================
Received Import Request.
  Time since last request: 0.000026 seconds.
  path: Assets/_Barking_Dog/_3D Scifi Base Vol 1/Meshes/Char_02.FBX
  artifactKey: Guid(b274809185ceb4b43b060f85a9b6c468) Importer(2089858483,b0f066a214c2f5e87bad3c948f4d605d)
Start importing Assets/_Barking_Dog/_3D Scifi Base Vol 1/Meshes/Char_02.FBX using Guid(b274809185ceb4b43b060f85a9b6c468) Importer(2089858483,b0f066a214c2f5e87bad3c948f4d605d) (ScriptedImporter) -> (artifact id: '1a346fde7ae6f2d1c8de1414a6ba45c5') in 0.0302761 seconds
Number of updated asset objects reloaded before import = 0Number of asset objects unloaded after import = 8

========================================================================
Received Import Request.
  Time since last request: 0.000037 seconds.
  path: Assets/_Barking_Dog/_3D Scifi Base Vol 1/Meshes/Corridor_HallRing_03.FBX
  artifactKey: Guid(bcf91a22905e145c39a063e9e35e0965) Importer(2089858483,b0f066a214c2f5e87bad3c948f4d605d)
Start importing Assets/_Barking_Dog/_3D Scifi Base Vol 1/Meshes/Corridor_HallRing_03.FBX using Guid(bcf91a22905e145c39a063e9e35e0965) Importer(2089858483,b0f066a214c2f5e87bad3c948f4d605d) (ScriptedImporter) -> (artifact id: 'd4b9c357d0b1f96343d78f394fdbcab3') in 0.0155522 seconds
Number of updated asset objects reloaded before import = 0Number of asset objects unloaded after import = 9

========================================================================
Received Import Request.
  Time since last request: 0.000030 seconds.
  path: Assets/_Barking_Dog/_3D Scifi Base Vol 1/Meshes/Dome_Roof_01.FBX
  artifactKey: Guid(410a5c00aa13b410eae593254628593c) Importer(2089858483,b0f066a214c2f5e87bad3c948f4d605d)
Start importing Assets/_Barking_Dog/_3D Scifi Base Vol 1/Meshes/Dome_Roof_01.FBX using Guid(410a5c00aa13b410eae593254628593c) Importer(2089858483,b0f066a214c2f5e87bad3c948f4d605d) (ScriptedImporter) -> (artifact id: '43c76dfee11a748caa5c368ac29896f4') in 0.0441336 seconds
Number of updated asset objects reloaded before import = 0Number of asset objects unloaded after import = 9

========================================================================
Received Import Request.
  Time since last request: 0.000061 seconds.
  path: Assets/_Barking_Dog/_3D Scifi Base Vol 1/Meshes/Computer_Rack_02.FBX
  artifactKey: Guid(7b2e70c13b8414a0b85b1743d9a4f9cd) Importer(2089858483,b0f066a214c2f5e87bad3c948f4d605d)
Start importing Assets/_Barking_Dog/_3D Scifi Base Vol 1/Meshes/Computer_Rack_02.FBX using Guid(7b2e70c13b8414a0b85b1743d9a4f9cd) Importer(2089858483,b0f066a214c2f5e87bad3c948f4d605d) (ScriptedImporter) -> (artifact id: 'e7516855ea33201c99577a79e530d91a') in 0.0201867 seconds
Number of updated asset objects reloaded before import = 0Number of asset objects unloaded after import = 8

========================================================================
Received Import Request.
  Time since last request: 0.000025 seconds.
  path: Assets/_Barking_Dog/_3D Scifi Base Vol 1/Meshes/Computer_02.FBX
  artifactKey: Guid(24a07c1157d4c41cdb1f8996f82d9717) Importer(2089858483,b0f066a214c2f5e87bad3c948f4d605d)
Start importing Assets/_Barking_Dog/_3D Scifi Base Vol 1/Meshes/Computer_02.FBX using Guid(24a07c1157d4c41cdb1f8996f82d9717) Importer(2089858483,b0f066a214c2f5e87bad3c948f4d605d) (ScriptedImporter) -> (artifact id: 'ebcc8933f66f48d2f3c0320a5d9466cc') in 0.0163107 seconds
Number of updated asset objects reloaded before import = 0Number of asset objects unloaded after import = 19

========================================================================
Received Import Request.
  Time since last request: 0.000024 seconds.
  path: Assets/EffectExamples/Shared/Textures/CloudsAlpha.tif
  artifactKey: Guid(723753318dba7ab4eb68cfc0b10e71cd) Importer(2089858483,b0f066a214c2f5e87bad3c948f4d605d)
Start importing Assets/EffectExamples/Shared/Textures/CloudsAlpha.tif using Guid(723753318dba7ab4eb68cfc0b10e71cd) Importer(2089858483,b0f066a214c2f5e87bad3c948f4d605d) (ScriptedImporter) -> (artifact id: '1a6036a70ca49d79d4e4e9c749400756') in 0.010278 seconds
Number of updated asset objects reloaded before import = 0Number of asset objects unloaded after import = 1

========================================================================
Received Import Request.
  Time since last request: 0.000036 seconds.
  path: Assets/EffectExamples/WeaponEffects/Models/RocketWarhead.FBX
  artifactKey: Guid(c25b0e0e92e901144a739246c4539336) Importer(2089858483,b0f066a214c2f5e87bad3c948f4d605d)
Start importing Assets/EffectExamples/WeaponEffects/Models/RocketWarhead.FBX using Guid(c25b0e0e92e901144a739246c4539336) Importer(2089858483,b0f066a214c2f5e87bad3c948f4d605d) (ScriptedImporter) -> (artifact id: '2d75ae56626518017513d06f73a436c4') in 0.0161192 seconds
Number of updated asset objects reloaded before import = 0Number of asset objects unloaded after import = 8

========================================================================
Received Import Request.
  Time since last request: 0.000047 seconds.
  path: Assets/EffectExamples/WeaponEffects/Prefabs/BulletImpactSandEffect.prefab
  artifactKey: Guid(a475880e7da0e9548aa05cb7933752cd) Importer(2089858483,e11c23a36db5f54750b8cd40eac0985b)
Start importing Assets/EffectExamples/WeaponEffects/Prefabs/BulletImpactSandEffect.prefab using Guid(a475880e7da0e9548aa05cb7933752cd) Importer(2089858483,e11c23a36db5f54750b8cd40eac0985b) (ScriptedImporter) -> (artifact id: '7b6687cff95bc86d674cf1fc1ffb071f') in 0.0603112 seconds
Number of updated asset objects reloaded before import = 0Number of asset objects unloaded after import = 11

========================================================================
Received Import Request.
  Time since last request: 0.000056 seconds.
  path: Assets/EffectExamples/Blood/Materials/BloodPoolParticle.mat
  artifactKey: Guid(95be4df36eca6eb4b821dcab4acd4a1e) Importer(2089858483,b0f066a214c2f5e87bad3c948f4d605d)
Start importing Assets/EffectExamples/Blood/Materials/BloodPoolParticle.mat using Guid(95be4df36eca6eb4b821dcab4acd4a1e) Importer(2089858483,b0f066a214c2f5e87bad3c948f4d605d) (ScriptedImporter) -> (artifact id: '89ffe878b8720fe2718182a94a373f8a') in 0.0073039 seconds
Number of updated asset objects reloaded before import = 0Number of asset objects unloaded after import = 3

========================================================================
Received Import Request.
  Time since last request: 0.000027 seconds.
  path: Assets/_Barking_Dog/_3D Scifi Base Vol 1/Meshes/Floor_Normal_02.FBX
  artifactKey: Guid(162eef0d2cc7f4e3c83bc700e7bd6d1c) Importer(2089858483,b0f066a214c2f5e87bad3c948f4d605d)
Start importing Assets/_Barking_Dog/_3D Scifi Base Vol 1/Meshes/Floor_Normal_02.FBX using Guid(162eef0d2cc7f4e3c83bc700e7bd6d1c) Importer(2089858483,b0f066a214c2f5e87bad3c948f4d605d) (ScriptedImporter) -> (artifact id: '50f448df5ac5c1a4cf9b51881dea6b7e') in 0.028414 seconds
Number of updated asset objects reloaded before import = 0Number of asset objects unloaded after import = 9

========================================================================
Received Import Request.
  Time since last request: 0.000028 seconds.
  path: Assets/_Barking_Dog/_3D Scifi Base Vol 1/Meshes/Fence_03.FBX
  artifactKey: Guid(85c89cc5a00d941e4a1724fb78c2f8ce) Importer(2089858483,b0f066a214c2f5e87bad3c948f4d605d)
Start importing Assets/_Barking_Dog/_3D Scifi Base Vol 1/Meshes/Fence_03.FBX using Guid(85c89cc5a00d941e4a1724fb78c2f8ce) Importer(2089858483,b0f066a214c2f5e87bad3c948f4d605d) (ScriptedImporter) -> (artifact id: 'bcfddda47afe4c5c46155431b94f7fc7') in 0.0151396 seconds
Number of updated asset objects reloaded before import = 0Number of asset objects unloaded after import = 8

========================================================================
Received Import Request.
  Time since last request: 0.000046 seconds.
  path: Assets/_Barking_Dog/_3D Scifi Base Vol 1/Meshes/Lamp_Rotating_01.FBX
  artifactKey: Guid(463ca655bf1b54b7486a6e079a856ad1) Importer(2089858483,b0f066a214c2f5e87bad3c948f4d605d)
Start importing Assets/_Barking_Dog/_3D Scifi Base Vol 1/Meshes/Lamp_Rotating_01.FBX using Guid(463ca655bf1b54b7486a6e079a856ad1) Importer(2089858483,b0f066a214c2f5e87bad3c948f4d605d) (ScriptedImporter) -> (artifact id: 'f45ceba1fd7ed4118d64e7c7cb50117b') in 0.0329065 seconds
Number of updated asset objects reloaded before import = 0Number of asset objects unloaded after import = 9

========================================================================
Received Import Request.
  Time since last request: 0.000105 seconds.
  path: Assets/_Barking_Dog/_3D Scifi Base Vol 1/Meshes/Laser_Fence_01.FBX
  artifactKey: Guid(8763b72c5f0324604b0c819949ee24fd) Importer(2089858483,b0f066a214c2f5e87bad3c948f4d605d)
Start importing Assets/_Barking_Dog/_3D Scifi Base Vol 1/Meshes/Laser_Fence_01.FBX using Guid(8763b72c5f0324604b0c819949ee24fd) Importer(2089858483,b0f066a214c2f5e87bad3c948f4d605d) (ScriptedImporter) -> (artifact id: 'b4bfa2cf20dd8d51bc64176cb3efa2ed') in 0.0190228 seconds
Number of updated asset objects reloaded before import = 0Number of asset objects unloaded after import = 9

========================================================================
Received Import Request.
  Time since last request: 0.000060 seconds.
  path: Assets/_Barking_Dog/_3D Scifi Base Vol 1/Meshes/Laptop_01.FBX
  artifactKey: Guid(15bf9d4d1ae3046f4af92b07a042dfe3) Importer(2089858483,b0f066a214c2f5e87bad3c948f4d605d)
Start importing Assets/_Barking_Dog/_3D Scifi Base Vol 1/Meshes/Laptop_01.FBX using Guid(15bf9d4d1ae3046f4af92b07a042dfe3) Importer(2089858483,b0f066a214c2f5e87bad3c948f4d605d) (ScriptedImporter) -> (artifact id: 'eb33e01612e7a4f84e3b749f82b91e24') in 0.0246842 seconds
Number of updated asset objects reloaded before import = 0Number of asset objects unloaded after import = 18

========================================================================
Received Import Request.
  Time since last request: 0.000029 seconds.
  path: Assets/_Barking_Dog/_3D Scifi Base Vol 1/Meshes/Floor_Angle_01.FBX
  artifactKey: Guid(3beb63906591448f0b92fb02c9c0ca5a) Importer(2089858483,b0f066a214c2f5e87bad3c948f4d605d)
Start importing Assets/_Barking_Dog/_3D Scifi Base Vol 1/Meshes/Floor_Angle_01.FBX using Guid(3beb63906591448f0b92fb02c9c0ca5a) Importer(2089858483,b0f066a214c2f5e87bad3c948f4d605d) (ScriptedImporter) -> (artifact id: '306a9caa0d3cfa4f6a0fabaa25b29a41') in 0.0133719 seconds
Number of updated asset objects reloaded before import = 0Number of asset objects unloaded after import = 8

========================================================================
Received Import Request.
  Time since last request: 0.000030 seconds.
  path: Assets/_Barking_Dog/_3D Scifi Base Vol 1/Meshes/Force_Field_01.FBX
  artifactKey: Guid(37ae2492592e9403998fe14d64a065af) Importer(2089858483,b0f066a214c2f5e87bad3c948f4d605d)
Start importing Assets/_Barking_Dog/_3D Scifi Base Vol 1/Meshes/Force_Field_01.FBX using Guid(37ae2492592e9403998fe14d64a065af) Importer(2089858483,b0f066a214c2f5e87bad3c948f4d605d) (ScriptedImporter) -> (artifact id: '8070c21d3e36359daad058e0eb41edb5') in 0.0236011 seconds
Number of updated asset objects reloaded before import = 0Number of asset objects unloaded after import = 8

========================================================================
Received Import Request.
  Time since last request: 0.000048 seconds.
  path: Assets/_Barking_Dog/_3D Scifi Base Vol 1/Meshes/Arc_RingHalf_01.FBX
  artifactKey: Guid(e6e0a9282de5343fc97226d5ce71bc8f) Importer(2089858483,b0f066a214c2f5e87bad3c948f4d605d)
Start importing Assets/_Barking_Dog/_3D Scifi Base Vol 1/Meshes/Arc_RingHalf_01.FBX using Guid(e6e0a9282de5343fc97226d5ce71bc8f) Importer(2089858483,b0f066a214c2f5e87bad3c948f4d605d) (ScriptedImporter) -> (artifact id: 'db24add1458e66b49ec10d83a64febfb') in 0.0146444 seconds
Number of updated asset objects reloaded before import = 0Number of asset objects unloaded after import = 8

========================================================================
Received Import Request.
  Time since last request: 0.000038 seconds.
  path: Assets/EffectExamples/WeaponEffects/Models/ShellCasing.FBX
  artifactKey: Guid(39af8eb310699cb4dac88a1ce9577c85) Importer(2089858483,b0f066a214c2f5e87bad3c948f4d605d)
Start importing Assets/EffectExamples/WeaponEffects/Models/ShellCasing.FBX using Guid(39af8eb310699cb4dac88a1ce9577c85) Importer(2089858483,b0f066a214c2f5e87bad3c948f4d605d) (ScriptedImporter) -> (artifact id: '264d1bbd67a7b84847b997e4be56da3a') in 0.0155805 seconds
Number of updated asset objects reloaded before import = 0Number of asset objects unloaded after import = 8

========================================================================
Received Import Request.
  Time since last request: 0.000040 seconds.
  path: Assets/EffectExamples/TutorialInfo/Icons/ParticlePack5x_Icon.png
  artifactKey: Guid(1b854426d1f38f842a143cde84f59573) Importer(2089858483,b0f066a214c2f5e87bad3c948f4d605d)
Start importing Assets/EffectExamples/TutorialInfo/Icons/ParticlePack5x_Icon.png using Guid(1b854426d1f38f842a143cde84f59573) Importer(2089858483,b0f066a214c2f5e87bad3c948f4d605d) (ScriptedImporter) -> (artifact id: 'bf9e99ac8cff6bc799534b3887fcabe5') in 0.0130275 seconds
Number of updated asset objects reloaded before import = 0Number of asset objects unloaded after import = 1

========================================================================
Received Import Request.
  Time since last request: 0.000025 seconds.
  path: Assets/_Barking_Dog/_3D Scifi Base Vol 1/Meshes/Pipes_Insert_04.FBX
  artifactKey: Guid(e3db72718cf074c8584dac4c30d9d27e) Importer(2089858483,b0f066a214c2f5e87bad3c948f4d605d)
Start importing Assets/_Barking_Dog/_3D Scifi Base Vol 1/Meshes/Pipes_Insert_04.FBX using Guid(e3db72718cf074c8584dac4c30d9d27e) Importer(2089858483,b0f066a214c2f5e87bad3c948f4d605d) (ScriptedImporter) -> (artifact id: '22f3bb9706e5b13a87e9c46a5da6c7f1') in 0.4225812 seconds
Number of updated asset objects reloaded before import = 0Number of asset objects unloaded after import = 8

========================================================================
Received Import Request.
  Time since last request: 0.000044 seconds.
  path: Assets/_Barking_Dog/_3D Scifi Base Vol 1/Meshes/Laser_Fence_Ray.FBX
  artifactKey: Guid(06537c79465ce41e6a1c11f56f7dfc8a) Importer(2089858483,b0f066a214c2f5e87bad3c948f4d605d)
Start importing Assets/_Barking_Dog/_3D Scifi Base Vol 1/Meshes/Laser_Fence_Ray.FBX using Guid(06537c79465ce41e6a1c11f56f7dfc8a) Importer(2089858483,b0f066a214c2f5e87bad3c948f4d605d) (ScriptedImporter) -> (artifact id: '0d8df907887e232b56ee7819f7fd5790') in 0.0147186 seconds
Number of updated asset objects reloaded before import = 0Number of asset objects unloaded after import = 8

========================================================================
Received Import Request.
  Time since last request: 0.000030 seconds.
  path: Assets/_Barking_Dog/_3D Scifi Base Vol 1/Meshes/Pipes_Insert_07.FBX
  artifactKey: Guid(a384d379c0dea4070bdc016766dfcbcb) Importer(2089858483,b0f066a214c2f5e87bad3c948f4d605d)
Start importing Assets/_Barking_Dog/_3D Scifi Base Vol 1/Meshes/Pipes_Insert_07.FBX using Guid(a384d379c0dea4070bdc016766dfcbcb) Importer(2089858483,b0f066a214c2f5e87bad3c948f4d605d) (ScriptedImporter) -> (artifact id: 'd632a07e3c16cd4eca566379c63c043a') in 0.0128101 seconds
Number of updated asset objects reloaded before import = 0Number of asset objects unloaded after import = 8

========================================================================
Received Import Request.
  Time since last request: 0.000033 seconds.
  path: Assets/_Barking_Dog/_3D Scifi Base Vol 1/Meshes/Plateforme_03.FBX
  artifactKey: Guid(1664be8a9274c4b358bba848d1bee075) Importer(2089858483,b0f066a214c2f5e87bad3c948f4d605d)
Start importing Assets/_Barking_Dog/_3D Scifi Base Vol 1/Meshes/Plateforme_03.FBX using Guid(1664be8a9274c4b358bba848d1bee075) Importer(2089858483,b0f066a214c2f5e87bad3c948f4d605d) (ScriptedImporter) -> (artifact id: 'b2a7c9654645e5653e95282e1428e289') in 0.0288021 seconds
Number of updated asset objects reloaded before import = 0Number of asset objects unloaded after import = 11

========================================================================
Received Import Request.
  Time since last request: 0.000032 seconds.
  path: Assets/_Barking_Dog/_3D Scifi Base Vol 1/Meshes/Monitor_01.FBX
  artifactKey: Guid(49a4b8c77fa8a46b6920544b32b50fec) Importer(2089858483,b0f066a214c2f5e87bad3c948f4d605d)
Start importing Assets/_Barking_Dog/_3D Scifi Base Vol 1/Meshes/Monitor_01.FBX using Guid(49a4b8c77fa8a46b6920544b32b50fec) Importer(2089858483,b0f066a214c2f5e87bad3c948f4d605d) (ScriptedImporter) -> (artifact id: 'fc3b049e1eb61f1e4ced801bae789ffb') in 0.0264924 seconds
Number of updated asset objects reloaded before import = 0Number of asset objects unloaded after import = 28

========================================================================
Received Import Request.
  Time since last request: 0.000046 seconds.
  path: Assets/_Barking_Dog/_3D Scifi Base Vol 1/Meshes/Roof_Angle_01.FBX
  artifactKey: Guid(0e56cf753a5ce4f9a98acf9a71b85b3a) Importer(2089858483,b0f066a214c2f5e87bad3c948f4d605d)
Start importing Assets/_Barking_Dog/_3D Scifi Base Vol 1/Meshes/Roof_Angle_01.FBX using Guid(0e56cf753a5ce4f9a98acf9a71b85b3a) Importer(2089858483,b0f066a214c2f5e87bad3c948f4d605d) (ScriptedImporter) -> (artifact id: '72daab54af2c5e8e68bbe82cab2a91eb') in 0.0129748 seconds
Number of updated asset objects reloaded before import = 0Number of asset objects unloaded after import = 9

========================================================================
Received Import Request.
  Time since last request: 0.000027 seconds.
  path: Assets/_Barking_Dog/_3D Scifi Base Vol 1/Meshes/Roof_Angle_01_B.FBX
  artifactKey: Guid(e7681f8c8dc6447b4a0946d2a67d846a) Importer(2089858483,b0f066a214c2f5e87bad3c948f4d605d)
Start importing Assets/_Barking_Dog/_3D Scifi Base Vol 1/Meshes/Roof_Angle_01_B.FBX using Guid(e7681f8c8dc6447b4a0946d2a67d846a) Importer(2089858483,b0f066a214c2f5e87bad3c948f4d605d) (ScriptedImporter) -> (artifact id: 'fc43c2a71c24664a46b8c3b873710a1e') in 0.0173406 seconds
Number of updated asset objects reloaded before import = 0Number of asset objects unloaded after import = 9

========================================================================
Received Import Request.
  Time since last request: 0.000042 seconds.
  path: Assets/_Barking_Dog/_3D Scifi Base Vol 1/Meshes/Reactor_01.FBX
  artifactKey: Guid(ae0c31c8370b34f8ea6bb9e856384c0c) Importer(2089858483,b0f066a214c2f5e87bad3c948f4d605d)
Start importing Assets/_Barking_Dog/_3D Scifi Base Vol 1/Meshes/Reactor_01.FBX using Guid(ae0c31c8370b34f8ea6bb9e856384c0c) Importer(2089858483,b0f066a214c2f5e87bad3c948f4d605d) (ScriptedImporter) -> (artifact id: '2e8e8a2f4407ec34ecb633d4661fe359') in 0.0210355 seconds
Number of updated asset objects reloaded before import = 0Number of asset objects unloaded after import = 12

========================================================================
Received Import Request.
  Time since last request: 0.000031 seconds.
  path: Assets/_Barking_Dog/_3D Scifi Base Vol 1/Meshes/Ring_Light_01.FBX
  artifactKey: Guid(8c274ba9a101349aea8a938822d247d1) Importer(2089858483,b0f066a214c2f5e87bad3c948f4d605d)
Start importing Assets/_Barking_Dog/_3D Scifi Base Vol 1/Meshes/Ring_Light_01.FBX using Guid(8c274ba9a101349aea8a938822d247d1) Importer(2089858483,b0f066a214c2f5e87bad3c948f4d605d) (ScriptedImporter) -> (artifact id: '2dee22e08c964fdfdcae1671c2fb2cdf') in 0.0276808 seconds
Number of updated asset objects reloaded before import = 0Number of asset objects unloaded after import = 11

========================================================================
Received Import Request.
  Time since last request: 0.000047 seconds.
  path: Assets/_Barking_Dog/_3D Scifi Base Vol 1/Meshes/Rock_03.FBX
  artifactKey: Guid(209f33ad99eab4e5a8f983ae7fe7b90f) Importer(2089858483,b0f066a214c2f5e87bad3c948f4d605d)
Start importing Assets/_Barking_Dog/_3D Scifi Base Vol 1/Meshes/Rock_03.FBX using Guid(209f33ad99eab4e5a8f983ae7fe7b90f) Importer(2089858483,b0f066a214c2f5e87bad3c948f4d605d) (ScriptedImporter) -> (artifact id: '4acb1eae02de3a13ba565a1648237071') in 0.0172904 seconds
Number of updated asset objects reloaded before import = 0Number of asset objects unloaded after import = 8

========================================================================
Received Import Request.
  Time since last request: 0.000031 seconds.
  path: Assets/_Barking_Dog/_3D Scifi Base Vol 1/Meshes/Radar_Big_01.FBX
  artifactKey: Guid(40426eb65447a471eb34564b33b53bf8) Importer(2089858483,b0f066a214c2f5e87bad3c948f4d605d)
Start importing Assets/_Barking_Dog/_3D Scifi Base Vol 1/Meshes/Radar_Big_01.FBX using Guid(40426eb65447a471eb34564b33b53bf8) Importer(2089858483,b0f066a214c2f5e87bad3c948f4d605d) (ScriptedImporter) -> (artifact id: 'd4ca1be2dd135b3068333b1a66450126') in 0.0256436 seconds
Number of updated asset objects reloaded before import = 0Number of asset objects unloaded after import = 13

========================================================================
Received Import Request.
  Time since last request: 0.000037 seconds.
  path: Assets/EffectExamples/WeaponEffects/Materials/BulletDecalWood.mat
  artifactKey: Guid(39babc0a61c17df41bca722640cfc289) Importer(2089858483,b0f066a214c2f5e87bad3c948f4d605d)
Start importing Assets/EffectExamples/WeaponEffects/Materials/BulletDecalWood.mat using Guid(39babc0a61c17df41bca722640cfc289) Importer(2089858483,b0f066a214c2f5e87bad3c948f4d605d) (ScriptedImporter) -> (artifact id: '2b7b1d1a88ac0ca39a6d43aa2e41eea6') in 0.0073735 seconds
Number of updated asset objects reloaded before import = 0Number of asset objects unloaded after import = 4

========================================================================
Received Import Request.
  Time since last request: 0.000036 seconds.
  path: Assets/_Barking_Dog/_3D Scifi Base Vol 1/Meshes/Air_Grid_02.FBX
  artifactKey: Guid(e4c47828e921e4714bce5b66b0532bb5) Importer(2089858483,b0f066a214c2f5e87bad3c948f4d605d)
Start importing Assets/_Barking_Dog/_3D Scifi Base Vol 1/Meshes/Air_Grid_02.FBX using Guid(e4c47828e921e4714bce5b66b0532bb5) Importer(2089858483,b0f066a214c2f5e87bad3c948f4d605d) (ScriptedImporter) -> (artifact id: '41091cb5ab2d5da1760853af40ac07cb') in 0.0177379 seconds
Number of updated asset objects reloaded before import = 0Number of asset objects unloaded after import = 8

========================================================================
Received Import Request.
  Time since last request: 0.000045 seconds.
  path: Assets/EffectExamples/Shared/Materials/SandSurface.mat
  artifactKey: Guid(26bc8648a85c6b041a5d5b00ca61062b) Importer(2089858483,b0f066a214c2f5e87bad3c948f4d605d)
Start importing Assets/EffectExamples/Shared/Materials/SandSurface.mat using Guid(26bc8648a85c6b041a5d5b00ca61062b) Importer(2089858483,b0f066a214c2f5e87bad3c948f4d605d) (ScriptedImporter) -> (artifact id: '03831493bff3fad4c259c8f7cc7af609') in 0.007046 seconds
Number of updated asset objects reloaded before import = 0Number of asset objects unloaded after import = 1

========================================================================
Received Import Request.
  Time since last request: 0.000026 seconds.
  path: Assets/_Barking_Dog/_3D Scifi Base Vol 1/Meshes/Pillow_01.FBX
  artifactKey: Guid(4d1e2b73f78af4e018a288ae078abcb0) Importer(2089858483,b0f066a214c2f5e87bad3c948f4d605d)
Start importing Assets/_Barking_Dog/_3D Scifi Base Vol 1/Meshes/Pillow_01.FBX using Guid(4d1e2b73f78af4e018a288ae078abcb0) Importer(2089858483,b0f066a214c2f5e87bad3c948f4d605d) (ScriptedImporter) -> (artifact id: 'd178ccb837ed4d748dce7ca95483a307') in 0.0177479 seconds
Number of updated asset objects reloaded before import = 0Number of asset objects unloaded after import = 8

========================================================================
Received Import Request.
  Time since last request: 0.000056 seconds.
  path: Assets/_Barking_Dog/_3D Scifi Base Vol 1/Meshes/Crate_Blue_Big_01.FBX
  artifactKey: Guid(0339c9fef4e4142e39ff489ed5620c4c) Importer(2089858483,b0f066a214c2f5e87bad3c948f4d605d)
Start importing Assets/_Barking_Dog/_3D Scifi Base Vol 1/Meshes/Crate_Blue_Big_01.FBX using Guid(0339c9fef4e4142e39ff489ed5620c4c) Importer(2089858483,b0f066a214c2f5e87bad3c948f4d605d) (ScriptedImporter) -> (artifact id: 'b852fb373fc81640904b8169676494fa') in 0.0253017 seconds
Number of updated asset objects reloaded before import = 0Number of asset objects unloaded after import = 13

========================================================================
Received Import Request.
  Time since last request: 0.000037 seconds.
  path: Assets/_Barking_Dog/_3D Scifi Base Vol 1/Meshes/Roof_Cache_13_B.FBX
  artifactKey: Guid(f5153aebc55d048f4a9deb5bc432149b) Importer(2089858483,b0f066a214c2f5e87bad3c948f4d605d)
Start importing Assets/_Barking_Dog/_3D Scifi Base Vol 1/Meshes/Roof_Cache_13_B.FBX using Guid(f5153aebc55d048f4a9deb5bc432149b) Importer(2089858483,b0f066a214c2f5e87bad3c948f4d605d) (ScriptedImporter) -> (artifact id: 'c2cd88ad18473e7127a6082745f4bec5') in 0.0214535 seconds
Number of updated asset objects reloaded before import = 0Number of asset objects unloaded after import = 8

========================================================================
Received Import Request.
  Time since last request: 0.000037 seconds.
  path: Assets/_Barking_Dog/_3D Scifi Base Vol 1/Meshes/Roof_Cache_08.FBX
  artifactKey: Guid(a5fe18e86b99443a7b8191cb061bdc73) Importer(2089858483,b0f066a214c2f5e87bad3c948f4d605d)
Start importing Assets/_Barking_Dog/_3D Scifi Base Vol 1/Meshes/Roof_Cache_08.FBX using Guid(a5fe18e86b99443a7b8191cb061bdc73) Importer(2089858483,b0f066a214c2f5e87bad3c948f4d605d) (ScriptedImporter) -> (artifact id: '55c823017b81bf0ebaaa5475802c47ae') in 0.0193486 seconds
Number of updated asset objects reloaded before import = 0Number of asset objects unloaded after import = 8

========================================================================
Received Import Request.
  Time since last request: 0.000055 seconds.
  path: Assets/_Barking_Dog/_3D Scifi Base Vol 1/Meshes/Roof_Cache_04_B.FBX
  artifactKey: Guid(2a9f9d51daa0148109cd122d5b047757) Importer(2089858483,b0f066a214c2f5e87bad3c948f4d605d)
Start importing Assets/_Barking_Dog/_3D Scifi Base Vol 1/Meshes/Roof_Cache_04_B.FBX using Guid(2a9f9d51daa0148109cd122d5b047757) Importer(2089858483,b0f066a214c2f5e87bad3c948f4d605d) (ScriptedImporter) -> (artifact id: '6935453999335f9f470e567f9f5b5be8') in 0.0171369 seconds
Number of updated asset objects reloaded before import = 0Number of asset objects unloaded after import = 8

========================================================================
Received Import Request.
  Time since last request: 0.000029 seconds.
  path: Assets/_Barking_Dog/_3D Scifi Base Vol 1/Meshes/Roof_Normal_01_B.FBX
  artifactKey: Guid(6e0e1ef067f234ec6bad3fb4c3187176) Importer(2089858483,b0f066a214c2f5e87bad3c948f4d605d)
Start importing Assets/_Barking_Dog/_3D Scifi Base Vol 1/Meshes/Roof_Normal_01_B.FBX using Guid(6e0e1ef067f234ec6bad3fb4c3187176) Importer(2089858483,b0f066a214c2f5e87bad3c948f4d605d) (ScriptedImporter) -> (artifact id: '841cae08a362d40130bb3f33a766e2e7') in 0.0153927 seconds
Number of updated asset objects reloaded before import = 0Number of asset objects unloaded after import = 8

========================================================================
Received Import Request.
  Time since last request: 0.000028 seconds.
  path: Assets/_Barking_Dog/_3D Scifi Base Vol 1/Meshes/Roof_Cache_02_B.FBX
  artifactKey: Guid(c70b95fcd69584c8ab0ad9836b08b3cc) Importer(2089858483,b0f066a214c2f5e87bad3c948f4d605d)
Start importing Assets/_Barking_Dog/_3D Scifi Base Vol 1/Meshes/Roof_Cache_02_B.FBX using Guid(c70b95fcd69584c8ab0ad9836b08b3cc) Importer(2089858483,b0f066a214c2f5e87bad3c948f4d605d) (ScriptedImporter) -> (artifact id: '8cae89589e813c2a23b6df014641fca7') in 0.0194192 seconds
Number of updated asset objects reloaded before import = 0Number of asset objects unloaded after import = 8

========================================================================
Received Import Request.
  Time since last request: 0.000046 seconds.
  path: Assets/_Barking_Dog/_3D Scifi Base Vol 1/Meshes/Roof_Cache_09.FBX
  artifactKey: Guid(acc9eee6218a04b07a91139a0a4c3cfc) Importer(2089858483,b0f066a214c2f5e87bad3c948f4d605d)
Start importing Assets/_Barking_Dog/_3D Scifi Base Vol 1/Meshes/Roof_Cache_09.FBX using Guid(acc9eee6218a04b07a91139a0a4c3cfc) Importer(2089858483,b0f066a214c2f5e87bad3c948f4d605d) (ScriptedImporter) -> (artifact id: '6d65c70b224856681e7cd7cf4ce5d49d') in 0.0171145 seconds
Number of updated asset objects reloaded before import = 0Number of asset objects unloaded after import = 8

========================================================================
Received Import Request.
  Time since last request: 0.000038 seconds.
  path: Assets/_Barking_Dog/_3D Scifi Base Vol 1/Meshes/Roof_Normal_01.FBX
  artifactKey: Guid(c74ebb3cf43fe448b9b376f4f9c9bac8) Importer(2089858483,b0f066a214c2f5e87bad3c948f4d605d)
Start importing Assets/_Barking_Dog/_3D Scifi Base Vol 1/Meshes/Roof_Normal_01.FBX using Guid(c74ebb3cf43fe448b9b376f4f9c9bac8) Importer(2089858483,b0f066a214c2f5e87bad3c948f4d605d) (ScriptedImporter) -> (artifact id: 'db7d52155d86e19e5d8f2cf4d280c370') in 0.0159127 seconds
Number of updated asset objects reloaded before import = 0Number of asset objects unloaded after import = 8

========================================================================
Received Import Request.
  Time since last request: 0.000042 seconds.
  path: Assets/Settings/SampleSceneProfile.asset
  artifactKey: Guid(10fc4df2da32a41aaa32d77bc913491c) Importer(2089858483,b0f066a214c2f5e87bad3c948f4d605d)
Start importing Assets/Settings/SampleSceneProfile.asset using Guid(10fc4df2da32a41aaa32d77bc913491c) Importer(2089858483,b0f066a214c2f5e87bad3c948f4d605d) (ScriptedImporter) -> (artifact id: 'f2a65065dbfa452096605b21bc35154c') in 0.0091425 seconds
Number of updated asset objects reloaded before import = 0Number of asset objects unloaded after import = 1

========================================================================
Received Import Request.
  Time since last request: 0.000050 seconds.
  path: Assets/3D Asserts/Sci Fi Gun Light/Scenes/SciFiGunLight_Preview_Scene.unity
  artifactKey: Guid(1f8aa587b96c591469c11fa74f73028a) Importer(2089858483,e11c23a36db5f54750b8cd40eac0985b)
Start importing Assets/3D Asserts/Sci Fi Gun Light/Scenes/SciFiGunLight_Preview_Scene.unity using Guid(1f8aa587b96c591469c11fa74f73028a) Importer(2089858483,e11c23a36db5f54750b8cd40eac0985b) (ScriptedImporter)Opening scene 'Assets/3D Asserts/Sci Fi Gun Light/Scenes/SciFiGunLight_Preview_Scene.unity additively'
Loaded scene 'Assets/3D Asserts/Sci Fi Gun Light/Scenes/SciFiGunLight_Preview_Scene.unity'
	Deserialize:            1.027 ms
	Integration:            2.770 ms
	Integration of assets:  0.003 ms
	Thread Wait Time:       0.012 ms
	Total Operation Time:   3.811 ms
 -> (artifact id: '1c1dc2d69c22d9e56a6e40ad6519f527') in 0.1182584 seconds
Number of updated asset objects reloaded before import = 0Number of asset objects unloaded after import = 37

========================================================================
Received Import Request.
  Time since last request: 0.000053 seconds.
  path: Assets/_Barking_Dog/_3D Scifi Base Vol 1/Meshes/Technical_Cab_01.FBX
  artifactKey: Guid(602d351adffbb47ccb3502b8a5945389) Importer(2089858483,b0f066a214c2f5e87bad3c948f4d605d)
Start importing Assets/_Barking_Dog/_3D Scifi Base Vol 1/Meshes/Technical_Cab_01.FBX using Guid(602d351adffbb47ccb3502b8a5945389) Importer(2089858483,b0f066a214c2f5e87bad3c948f4d605d) (ScriptedImporter) -> (artifact id: 'a82f91a009f839da8ccfb740b7982758') in 0.0215845 seconds
Number of updated asset objects reloaded before import = 0Number of asset objects unloaded after import = 10

========================================================================
Received Import Request.
  Time since last request: 0.000023 seconds.
  path: Assets/_Barking_Dog/_3D Scifi Base Vol 1/Meshes/Trashcan_01.FBX
  artifactKey: Guid(a0213a9b18ad449c0bfece12b4968801) Importer(2089858483,b0f066a214c2f5e87bad3c948f4d605d)
Start importing Assets/_Barking_Dog/_3D Scifi Base Vol 1/Meshes/Trashcan_01.FBX using Guid(a0213a9b18ad449c0bfece12b4968801) Importer(2089858483,b0f066a214c2f5e87bad3c948f4d605d) (ScriptedImporter) -> (artifact id: 'd4fc49351d23fc4090a94c83c6e22c17') in 0.0162886 seconds
Number of updated asset objects reloaded before import = 0Number of asset objects unloaded after import = 8

========================================================================
Received Import Request.
  Time since last request: 0.000063 seconds.
  path: Assets/_Barking_Dog/_3D Scifi Base Vol 1/Meshes/Wall_Door_Small_01.FBX
  artifactKey: Guid(dffb923dd9b0f41e8b64ed2f135d0ffc) Importer(2089858483,b0f066a214c2f5e87bad3c948f4d605d)
Start importing Assets/_Barking_Dog/_3D Scifi Base Vol 1/Meshes/Wall_Door_Small_01.FBX using Guid(dffb923dd9b0f41e8b64ed2f135d0ffc) Importer(2089858483,b0f066a214c2f5e87bad3c948f4d605d) (ScriptedImporter) -> (artifact id: '61a0c160f6588efdbc6681fab09f260d') in 0.0164593 seconds
Number of updated asset objects reloaded before import = 0Number of asset objects unloaded after import = 19

========================================================================
Received Import Request.
  Time since last request: 0.000036 seconds.
  path: Assets/_Barking_Dog/_3D Scifi Base Vol 1/Meshes/Wall_Door_Small_02.FBX
  artifactKey: Guid(b469b0bb9e6314c91ab401004cadcfbd) Importer(2089858483,b0f066a214c2f5e87bad3c948f4d605d)
Start importing Assets/_Barking_Dog/_3D Scifi Base Vol 1/Meshes/Wall_Door_Small_02.FBX using Guid(b469b0bb9e6314c91ab401004cadcfbd) Importer(2089858483,b0f066a214c2f5e87bad3c948f4d605d) (ScriptedImporter) -> (artifact id: '3598dd52180661b23fee64bc4cda6cec') in 0.0203479 seconds
Number of updated asset objects reloaded before import = 0Number of asset objects unloaded after import = 20

========================================================================
Received Import Request.
  Time since last request: 0.000036 seconds.
  path: Assets/_Barking_Dog/_3D Scifi Base Vol 1/Meshes/Wall_Angle_04.FBX
  artifactKey: Guid(d86af4376fae24d4fb5ce86d7cfa97bd) Importer(2089858483,b0f066a214c2f5e87bad3c948f4d605d)
Start importing Assets/_Barking_Dog/_3D Scifi Base Vol 1/Meshes/Wall_Angle_04.FBX using Guid(d86af4376fae24d4fb5ce86d7cfa97bd) Importer(2089858483,b0f066a214c2f5e87bad3c948f4d605d) (ScriptedImporter) -> (artifact id: 'aae09bca036a3d3177c3ee1f0a4c0bce') in 0.0132582 seconds
Number of updated asset objects reloaded before import = 0Number of asset objects unloaded after import = 9

========================================================================
Received Import Request.
  Time since last request: 0.000027 seconds.
  path: Assets/EffectExamples/Scenes/Menu.unity
  artifactKey: Guid(01dc19837bbb44ce6a53695fcbb60de3) Importer(2089858483,e11c23a36db5f54750b8cd40eac0985b)
Start importing Assets/EffectExamples/Scenes/Menu.unity using Guid(01dc19837bbb44ce6a53695fcbb60de3) Importer(2089858483,e11c23a36db5f54750b8cd40eac0985b) (ScriptedImporter)Opening scene 'Assets/EffectExamples/Scenes/Menu.unity additively'
LightingSettings: switching bake backend from 2 to 1.
Loaded scene 'Assets/EffectExamples/Scenes/Menu.unity'
	Deserialize:            139.786 ms
	Integration:            92.463 ms
	Integration of assets:  13.333 ms
	Thread Wait Time:       -0.092 ms
	Total Operation Time:   245.491 ms
 -> (artifact id: 'c6c821f1dbaa2b2277eb7b8c907ac62c') in 0.5646721 seconds
Number of updated asset objects reloaded before import = 0Number of asset objects unloaded after import = 732

========================================================================
Received Import Request.
  Time since last request: 0.000032 seconds.
  path: Assets/_Barking_Dog/_3D Scifi Base Vol 1/Meshes/Wall_TV_01.FBX
  artifactKey: Guid(9449de6b4f69541da942966c2538df95) Importer(2089858483,b0f066a214c2f5e87bad3c948f4d605d)
Start importing Assets/_Barking_Dog/_3D Scifi Base Vol 1/Meshes/Wall_TV_01.FBX using Guid(9449de6b4f69541da942966c2538df95) Importer(2089858483,b0f066a214c2f5e87bad3c948f4d605d) (ScriptedImporter) -> (artifact id: 'a1d59abd44eb8bb91fd5eed8b3a1ee9e') in 0.0199971 seconds
Number of updated asset objects reloaded before import = 0Number of asset objects unloaded after import = 14

========================================================================
Received Import Request.
  Time since last request: 0.000043 seconds.
  path: Assets/_Barking_Dog/_3D Scifi Base Vol 1/Meshes/Wall_Normal_05.FBX
  artifactKey: Guid(720fa6cffb59f4010be156d92db937b4) Importer(2089858483,b0f066a214c2f5e87bad3c948f4d605d)
Start importing Assets/_Barking_Dog/_3D Scifi Base Vol 1/Meshes/Wall_Normal_05.FBX using Guid(720fa6cffb59f4010be156d92db937b4) Importer(2089858483,b0f066a214c2f5e87bad3c948f4d605d) (ScriptedImporter) -> (artifact id: '90013447e3f383134fee969908b9afbf') in 0.0200588 seconds
Number of updated asset objects reloaded before import = 0Number of asset objects unloaded after import = 10

========================================================================
Received Import Request.
  Time since last request: 0.000026 seconds.
  path: Assets/_Barking_Dog/_3D Scifi Base Vol 1/Meshes/Wall_Half_01.FBX
  artifactKey: Guid(7a18954d6bde34eb5aa942b556e8b3cf) Importer(2089858483,b0f066a214c2f5e87bad3c948f4d605d)
Start importing Assets/_Barking_Dog/_3D Scifi Base Vol 1/Meshes/Wall_Half_01.FBX using Guid(7a18954d6bde34eb5aa942b556e8b3cf) Importer(2089858483,b0f066a214c2f5e87bad3c948f4d605d) (ScriptedImporter) -> (artifact id: 'f35bdd8316cfd91eb1d4af6a3952dda4') in 0.0233806 seconds
Number of updated asset objects reloaded before import = 0Number of asset objects unloaded after import = 10

========================================================================
Received Import Request.
  Time since last request: 0.000032 seconds.
  path: Assets/_Barking_Dog/_3D Scifi Base Vol 1/Meshes/Floor_Small_01.FBX
  artifactKey: Guid(697a68547ad4d456cb3acab9f6353717) Importer(2089858483,b0f066a214c2f5e87bad3c948f4d605d)
Start importing Assets/_Barking_Dog/_3D Scifi Base Vol 1/Meshes/Floor_Small_01.FBX using Guid(697a68547ad4d456cb3acab9f6353717) Importer(2089858483,b0f066a214c2f5e87bad3c948f4d605d) (ScriptedImporter) -> (artifact id: 'e9767c89ddebeb23f2138676995bddf1') in 0.0143052 seconds
Number of updated asset objects reloaded before import = 0Number of asset objects unloaded after import = 8

========================================================================
Received Import Request.
  Time since last request: 0.000032 seconds.
  path: Assets/Scenes/SampleScene.unity
  artifactKey: Guid(aecba8389ccad2a479151b754b5b7529) Importer(2089858483,e11c23a36db5f54750b8cd40eac0985b)
Start importing Assets/Scenes/SampleScene.unity using Guid(aecba8389ccad2a479151b754b5b7529) Importer(2089858483,e11c23a36db5f54750b8cd40eac0985b) (ScriptedImporter)Opening scene 'Assets/Scenes/SampleScene.unity additively'
Lighting data asset ‘LightingData’ is incompatible with the current Unity version because the scene it was baked for was not serialized. Please use Generate Lighting to rebuild the lighting data, or assign the target scene to the Lighting Data Asset in the inspector.
UnityEngine.Debug:ExtractStackTraceNoAlloc (byte*,int,string)
UnityEngine.StackTraceUtility:ExtractStackTrace ()
UnityEditor.SceneManagement.EditorSceneManager:OpenScene (string,UnityEditor.SceneManagement.OpenSceneMode)
UnityEditor.Search.AssetIndexer:IndexScene (string,bool)
UnityEditor.Search.AssetIndexer:IndexSceneDocument (string,bool)
UnityEditor.Search.AssetIndexer:IndexDocument (string,bool)
UnityEditor.Search.SearchIndexArtifactImporter:OnImportAsset (UnityEditor.AssetImporters.AssetImportContext)
UnityEditor.AssetImporters.ScriptedImporter:GenerateAssetData (UnityEditor.AssetImporters.AssetImportContext)

[C:\build\output\unity\unity\Editor\Src\GI\Enlighten\LightingDataAsset.cpp line 458]

Loaded scene 'Assets/Scenes/SampleScene.unity'
	Deserialize:            29.142 ms
	Integration:            711.413 ms
	Integration of assets:  0.069 ms
	Thread Wait Time:       0.021 ms
	Total Operation Time:   740.644 ms
 -> (artifact id: '97f6399ba716a9bbb4c2b468225b5373') in 5.4429414 seconds
Number of updated asset objects reloaded before import = 0Number of asset objects unloaded after import = 5231

========================================================================
Received Import Request.
  Time since last request: 0.000043 seconds.
  path: Assets/_Barking_Dog/_3D Scifi Base Vol 1/Textures/Wall_Atlas_01_Dif_02.png
  artifactKey: Guid(4eacdec8b5c094240abc0f26cec8e2f5) Importer(2089858483,b0f066a214c2f5e87bad3c948f4d605d)
Start importing Assets/_Barking_Dog/_3D Scifi Base Vol 1/Textures/Wall_Atlas_01_Dif_02.png using Guid(4eacdec8b5c094240abc0f26cec8e2f5) Importer(2089858483,b0f066a214c2f5e87bad3c948f4d605d) (ScriptedImporter) -> (artifact id: '3f89642baa2e941e513c13dd4f3113f1') in 0.1135272 seconds
Number of updated asset objects reloaded before import = 0Number of asset objects unloaded after import = 1

========================================================================
Received Import Request.
  Time since last request: 0.000023 seconds.
  path: Assets/_Barking_Dog/_3D Scifi Base Vol 1/Textures/Wall_Atlas_02_Ao.png
  artifactKey: Guid(bbd9684a8be8c43e19a7433d58d87b7f) Importer(2089858483,b0f066a214c2f5e87bad3c948f4d605d)
Start importing Assets/_Barking_Dog/_3D Scifi Base Vol 1/Textures/Wall_Atlas_02_Ao.png using Guid(bbd9684a8be8c43e19a7433d58d87b7f) Importer(2089858483,b0f066a214c2f5e87bad3c948f4d605d) (ScriptedImporter) -> (artifact id: '2bcbb702243f16286b60031f4c7fde4f') in 0.1656611 seconds
Number of updated asset objects reloaded before import = 0Number of asset objects unloaded after import = 1

========================================================================
Received Import Request.
  Time since last request: 0.000036 seconds.
  path: Assets/_Barking_Dog/_3D Scifi Base Vol 1/Textures/Wall_Atlas_02_Dif_02.png
  artifactKey: Guid(b79064fa13d654663833fbbbb9ed20eb) Importer(2089858483,b0f066a214c2f5e87bad3c948f4d605d)
Start importing Assets/_Barking_Dog/_3D Scifi Base Vol 1/Textures/Wall_Atlas_02_Dif_02.png using Guid(b79064fa13d654663833fbbbb9ed20eb) Importer(2089858483,b0f066a214c2f5e87bad3c948f4d605d) (ScriptedImporter) -> (artifact id: '9e74c3bf684652284cb2b8c26510959f') in 0.2644471 seconds
Number of updated asset objects reloaded before import = 0Number of asset objects unloaded after import = 1

========================================================================
Received Import Request.
  Time since last request: 0.000042 seconds.
  path: Assets/_Barking_Dog/_3D Scifi Base Vol 1/Textures/Wall_Atlas_02_Illum.png
  artifactKey: Guid(f78a950db2df44ebf99280f0358fa78e) Importer(2089858483,b0f066a214c2f5e87bad3c948f4d605d)
Start importing Assets/_Barking_Dog/_3D Scifi Base Vol 1/Textures/Wall_Atlas_02_Illum.png using Guid(f78a950db2df44ebf99280f0358fa78e) Importer(2089858483,b0f066a214c2f5e87bad3c948f4d605d) (ScriptedImporter) -> (artifact id: 'fc9bf1626c6f50ad0a36c176948d538e') in 0.2483805 seconds
Number of updated asset objects reloaded before import = 0Number of asset objects unloaded after import = 1

========================================================================
Received Import Request.
  Time since last request: 0.000029 seconds.
  path: Assets/_Barking_Dog/_3D Scifi Base Vol 1/Textures/Wall_Atlas_03_Dif_02.png
  artifactKey: Guid(a77100fd8fba04a5a9b1d15b49205eb4) Importer(2089858483,b0f066a214c2f5e87bad3c948f4d605d)
Start importing Assets/_Barking_Dog/_3D Scifi Base Vol 1/Textures/Wall_Atlas_03_Dif_02.png using Guid(a77100fd8fba04a5a9b1d15b49205eb4) Importer(2089858483,b0f066a214c2f5e87bad3c948f4d605d) (ScriptedImporter) -> (artifact id: 'fc5fd074d420e96cfc1a42ba4e1dd9ee') in 0.1695696 seconds
Number of updated asset objects reloaded before import = 0Number of asset objects unloaded after import = 1

========================================================================
Received Import Request.
  Time since last request: 0.000037 seconds.
  path: Assets/_Barking_Dog/_3D Scifi Base Vol 1/Textures/Wall_Atlas_03_Metal.tif
  artifactKey: Guid(24888ab17a254425a9132fb248f093ba) Importer(2089858483,b0f066a214c2f5e87bad3c948f4d605d)
Start importing Assets/_Barking_Dog/_3D Scifi Base Vol 1/Textures/Wall_Atlas_03_Metal.tif using Guid(24888ab17a254425a9132fb248f093ba) Importer(2089858483,b0f066a214c2f5e87bad3c948f4d605d) (ScriptedImporter) -> (artifact id: '788b160c1bcd2b6383d2b5811107ec26') in 0.2302848 seconds
Number of updated asset objects reloaded before import = 0Number of asset objects unloaded after import = 1

========================================================================
Received Import Request.
  Time since last request: 0.000037 seconds.
  path: Assets/_Barking_Dog/_3D Scifi Base Vol 1/Textures/Wall_Atlas_03_Ao.png
  artifactKey: Guid(aeb85b6727ec84c9789634b61236c546) Importer(2089858483,b0f066a214c2f5e87bad3c948f4d605d)
Start importing Assets/_Barking_Dog/_3D Scifi Base Vol 1/Textures/Wall_Atlas_03_Ao.png using Guid(aeb85b6727ec84c9789634b61236c546) Importer(2089858483,b0f066a214c2f5e87bad3c948f4d605d) (ScriptedImporter) -> (artifact id: 'd6e76775f1a18180c6c02e2d83b3c642') in 0.104212 seconds
Number of updated asset objects reloaded before import = 0Number of asset objects unloaded after import = 1

========================================================================
Received Import Request.
  Time since last request: 0.000033 seconds.
  path: Assets/_Barking_Dog/_3D Scifi Base Vol 1/Textures/Wall_Atlas_04_Dif.png
  artifactKey: Guid(6a74a879f24be4b608096b1e2a97fb80) Importer(2089858483,b0f066a214c2f5e87bad3c948f4d605d)
Start importing Assets/_Barking_Dog/_3D Scifi Base Vol 1/Textures/Wall_Atlas_04_Dif.png using Guid(6a74a879f24be4b608096b1e2a97fb80) Importer(2089858483,b0f066a214c2f5e87bad3c948f4d605d) (ScriptedImporter) -> (artifact id: 'ecf3461215db13045f7ffb597becff52') in 0.1701999 seconds
Number of updated asset objects reloaded before import = 0Number of asset objects unloaded after import = 1

========================================================================
Received Import Request.
  Time since last request: 0.000025 seconds.
  path: Assets/_Barking_Dog/_3D Scifi Base Vol 1/Textures/Sparc_04.mat
  artifactKey: Guid(011c0b43b219046cc93d31d6100f4e05) Importer(2089858483,b0f066a214c2f5e87bad3c948f4d605d)
Start importing Assets/_Barking_Dog/_3D Scifi Base Vol 1/Textures/Sparc_04.mat using Guid(011c0b43b219046cc93d31d6100f4e05) Importer(2089858483,b0f066a214c2f5e87bad3c948f4d605d) (ScriptedImporter) -> (artifact id: '993d86a430fdccb61b7b2354ae375257') in 0.129345 seconds
Number of updated asset objects reloaded before import = 0Number of asset objects unloaded after import = 2

========================================================================
Received Import Request.
  Time since last request: 0.000055 seconds.
  path: Assets/_Barking_Dog/_3D Scifi Base Vol 1/Scripts/HoriDoorManager.cs
  artifactKey: Guid(55bdc53e072ca4143a2004ca33085fb7) Importer(2089858483,b0f066a214c2f5e87bad3c948f4d605d)
Start importing Assets/_Barking_Dog/_3D Scifi Base Vol 1/Scripts/HoriDoorManager.cs using Guid(55bdc53e072ca4143a2004ca33085fb7) Importer(2089858483,b0f066a214c2f5e87bad3c948f4d605d) (ScriptedImporter) -> (artifact id: '51e0068e8756901e4b5f3c88d3a7513f') in 0.0050206 seconds
Number of updated asset objects reloaded before import = 0Number of asset objects unloaded after import = 0

========================================================================
Received Import Request.
  Time since last request: 0.000033 seconds.
  path: Assets/_Barking_Dog/_3D Scifi Base Vol 1/Meshes/Fence_02.FBX
  artifactKey: Guid(b019d48cc9c9243bba6811b8c7126a83) Importer(2089858483,b0f066a214c2f5e87bad3c948f4d605d)
Start importing Assets/_Barking_Dog/_3D Scifi Base Vol 1/Meshes/Fence_02.FBX using Guid(b019d48cc9c9243bba6811b8c7126a83) Importer(2089858483,b0f066a214c2f5e87bad3c948f4d605d) (ScriptedImporter) -> (artifact id: 'db29483f5d1fc6730844540211a20144') in 0.0223889 seconds
Number of updated asset objects reloaded before import = 0Number of asset objects unloaded after import = 8

========================================================================
Received Import Request.
  Time since last request: 0.000031 seconds.
  path: Assets/_Barking_Dog/_3D Scifi Base Vol 1/Textures/Wall_Atlas_04_Illum.png
  artifactKey: Guid(0989d8b38d8d34317908d0041a61a809) Importer(2089858483,b0f066a214c2f5e87bad3c948f4d605d)
Start importing Assets/_Barking_Dog/_3D Scifi Base Vol 1/Textures/Wall_Atlas_04_Illum.png using Guid(0989d8b38d8d34317908d0041a61a809) Importer(2089858483,b0f066a214c2f5e87bad3c948f4d605d) (ScriptedImporter) -> (artifact id: '9eb91ae4432f11fb9c70db738a13eea2') in 0.0946467 seconds
Number of updated asset objects reloaded before import = 0Number of asset objects unloaded after import = 1

========================================================================
Received Import Request.
  Time since last request: 0.000031 seconds.
  path: Assets/_Barking_Dog/_3D Scifi Base Vol 1/Textures/Wall_Atlas_05_Dif.png
  artifactKey: Guid(6074e2bd9dbbe42f3b17053388997ce1) Importer(2089858483,b0f066a214c2f5e87bad3c948f4d605d)
Start importing Assets/_Barking_Dog/_3D Scifi Base Vol 1/Textures/Wall_Atlas_05_Dif.png using Guid(6074e2bd9dbbe42f3b17053388997ce1) Importer(2089858483,b0f066a214c2f5e87bad3c948f4d605d) (ScriptedImporter) -> (artifact id: 'dbe2d79b9676119e0effb40105aa256f') in 0.1763661 seconds
Number of updated asset objects reloaded before import = 0Number of asset objects unloaded after import = 1

========================================================================
Received Import Request.
  Time since last request: 0.000047 seconds.
  path: Assets/_Barking_Dog/_3D Scifi Base Vol 1/Textures/Wall_Atlas_04_Norm.png
  artifactKey: Guid(e3f90849ad8214e808e56a0a1bbecace) Importer(2089858483,b0f066a214c2f5e87bad3c948f4d605d)
Start importing Assets/_Barking_Dog/_3D Scifi Base Vol 1/Textures/Wall_Atlas_04_Norm.png using Guid(e3f90849ad8214e808e56a0a1bbecace) Importer(2089858483,b0f066a214c2f5e87bad3c948f4d605d) (ScriptedImporter) -> (artifact id: '1f22d62c88f65877f1baccd9f9ca6c77') in 0.2605045 seconds
Number of updated asset objects reloaded before import = 0Number of asset objects unloaded after import = 1

========================================================================
Received Import Request.
  Time since last request: 0.000028 seconds.
  path: Assets/_Barking_Dog/_3D Scifi Base Vol 1/Textures/Wall_Atlas_05_Illum.png
  artifactKey: Guid(80c3968b117d54160925e9d8e5ff03dc) Importer(2089858483,b0f066a214c2f5e87bad3c948f4d605d)
Start importing Assets/_Barking_Dog/_3D Scifi Base Vol 1/Textures/Wall_Atlas_05_Illum.png using Guid(80c3968b117d54160925e9d8e5ff03dc) Importer(2089858483,b0f066a214c2f5e87bad3c948f4d605d) (ScriptedImporter) -> (artifact id: '122ceb40b7600e4cf2458110fdf907ed') in 0.1613894 seconds
Number of updated asset objects reloaded before import = 0Number of asset objects unloaded after import = 1

========================================================================
Received Import Request.
  Time since last request: 0.000033 seconds.
  path: Assets/_Barking_Dog/_3D Scifi Base Vol 1/Textures/Wall_Atlas_06_Ao.png
  artifactKey: Guid(b19b3ec52610b4a32ae93ba63edfdd9d) Importer(2089858483,b0f066a214c2f5e87bad3c948f4d605d)
Start importing Assets/_Barking_Dog/_3D Scifi Base Vol 1/Textures/Wall_Atlas_06_Ao.png using Guid(b19b3ec52610b4a32ae93ba63edfdd9d) Importer(2089858483,b0f066a214c2f5e87bad3c948f4d605d) (ScriptedImporter) -> (artifact id: 'ba5cef4951f1519f8b668a5dfe27f7a8') in 0.2197301 seconds
Number of updated asset objects reloaded before import = 0Number of asset objects unloaded after import = 1

========================================================================
Received Import Request.
  Time since last request: 0.000034 seconds.
  path: Assets/_Barking_Dog/_3D Scifi Base Vol 1/Meshes/Can_Red_01.FBX
  artifactKey: Guid(b2b9a592c01094fccaf5432822f0addb) Importer(2089858483,b0f066a214c2f5e87bad3c948f4d605d)
Start importing Assets/_Barking_Dog/_3D Scifi Base Vol 1/Meshes/Can_Red_01.FBX using Guid(b2b9a592c01094fccaf5432822f0addb) Importer(2089858483,b0f066a214c2f5e87bad3c948f4d605d) (ScriptedImporter) -> (artifact id: 'd27002057ddb6e3576d7b7d40d3efe5a') in 0.0163462 seconds
Number of updated asset objects reloaded before import = 0Number of asset objects unloaded after import = 8

========================================================================
Received Import Request.
  Time since last request: 0.000038 seconds.
  path: Assets/_Barking_Dog/_3D Scifi Base Vol 1/Textures/Wall_Atlas_06_Metal_02.tif
  artifactKey: Guid(4996bb5d1b17a4dedaa5ed5df39b0bf0) Importer(2089858483,b0f066a214c2f5e87bad3c948f4d605d)
Start importing Assets/_Barking_Dog/_3D Scifi Base Vol 1/Textures/Wall_Atlas_06_Metal_02.tif using Guid(4996bb5d1b17a4dedaa5ed5df39b0bf0) Importer(2089858483,b0f066a214c2f5e87bad3c948f4d605d) (ScriptedImporter) -> (artifact id: '5c73e1abb1026bf5469258585dfcd7b2') in 0.1876889 seconds
Number of updated asset objects reloaded before import = 0Number of asset objects unloaded after import = 1

========================================================================
Received Import Request.
  Time since last request: 0.000026 seconds.
  path: Assets/_Barking_Dog/_3D Scifi Base Vol 1/Textures/Wall_Atlas_06_Norm.png
  artifactKey: Guid(6100598b9ce994e3792eeb0b75e9784c) Importer(2089858483,b0f066a214c2f5e87bad3c948f4d605d)
Start importing Assets/_Barking_Dog/_3D Scifi Base Vol 1/Textures/Wall_Atlas_06_Norm.png using Guid(6100598b9ce994e3792eeb0b75e9784c) Importer(2089858483,b0f066a214c2f5e87bad3c948f4d605d) (ScriptedImporter) -> (artifact id: 'c52fdddb505b2f7cfc17d9edee776326') in 0.4356683 seconds
Number of updated asset objects reloaded before import = 0Number of asset objects unloaded after import = 1

========================================================================
Received Import Request.
  Time since last request: 0.000070 seconds.
  path: Assets/_Barking_Dog/_3D Scifi Base Vol 1/Textures/Wall_Atlas_07_Dif_02.png
  artifactKey: Guid(315dd082dbcbc4597814280b804246b3) Importer(2089858483,b0f066a214c2f5e87bad3c948f4d605d)
Start importing Assets/_Barking_Dog/_3D Scifi Base Vol 1/Textures/Wall_Atlas_07_Dif_02.png using Guid(315dd082dbcbc4597814280b804246b3) Importer(2089858483,b0f066a214c2f5e87bad3c948f4d605d) (ScriptedImporter) -> (artifact id: '8a0987e15aeffeff1c561721aa7f76cb') in 0.1339521 seconds
Number of updated asset objects reloaded before import = 0Number of asset objects unloaded after import = 1

========================================================================
Received Import Request.
  Time since last request: 0.000026 seconds.
  path: Assets/_Barking_Dog/_3D Scifi Base Vol 1/Textures/Wall_Atlas_06_Norm_02.png
  artifactKey: Guid(61418d3db0f5d44a3b664af1c4b07863) Importer(2089858483,b0f066a214c2f5e87bad3c948f4d605d)
Start importing Assets/_Barking_Dog/_3D Scifi Base Vol 1/Textures/Wall_Atlas_06_Norm_02.png using Guid(61418d3db0f5d44a3b664af1c4b07863) Importer(2089858483,b0f066a214c2f5e87bad3c948f4d605d) (ScriptedImporter) -> (artifact id: '58a208b9e1e420fb4ea0025ea3562ed9') in 0.1859642 seconds
Number of updated asset objects reloaded before import = 0Number of asset objects unloaded after import = 1

========================================================================
Received Import Request.
  Time since last request: 0.000055 seconds.
  path: Assets/_Barking_Dog/_3D Scifi Base Vol 1/Meshes/Roof_Cache_03.FBX
  artifactKey: Guid(6efee4126541642b6a29b47fb0e411f8) Importer(2089858483,b0f066a214c2f5e87bad3c948f4d605d)
Start importing Assets/_Barking_Dog/_3D Scifi Base Vol 1/Meshes/Roof_Cache_03.FBX using Guid(6efee4126541642b6a29b47fb0e411f8) Importer(2089858483,b0f066a214c2f5e87bad3c948f4d605d) (ScriptedImporter) -> (artifact id: 'd71845e634ba190d1fe9440017512337') in 0.0274738 seconds
Number of updated asset objects reloaded before import = 0Number of asset objects unloaded after import = 8

========================================================================
Received Import Request.
  Time since last request: 0.000026 seconds.
  path: Assets/_Barking_Dog/_3D Scifi Base Vol 1/Textures/Wall_Atlas_07_Norm.png
  artifactKey: Guid(740aebbe780594443879cd56e5a5796d) Importer(2089858483,b0f066a214c2f5e87bad3c948f4d605d)
Start importing Assets/_Barking_Dog/_3D Scifi Base Vol 1/Textures/Wall_Atlas_07_Norm.png using Guid(740aebbe780594443879cd56e5a5796d) Importer(2089858483,b0f066a214c2f5e87bad3c948f4d605d) (ScriptedImporter) -> (artifact id: '25aa82e0c95acaec16cbd4681a17a440') in 0.183975 seconds
Number of updated asset objects reloaded before import = 0Number of asset objects unloaded after import = 1

========================================================================
Received Import Request.
  Time since last request: 0.000026 seconds.
  path: Assets/_Barking_Dog/_3D Scifi Base Vol 1/Textures/Wall_Atlas_08_Ao.png
  artifactKey: Guid(64bf301f148ff4ed494ceffa65862829) Importer(2089858483,b0f066a214c2f5e87bad3c948f4d605d)
Start importing Assets/_Barking_Dog/_3D Scifi Base Vol 1/Textures/Wall_Atlas_08_Ao.png using Guid(64bf301f148ff4ed494ceffa65862829) Importer(2089858483,b0f066a214c2f5e87bad3c948f4d605d) (ScriptedImporter) -> (artifact id: '1ef3268e9844096514a8bce2b03cde01') in 0.1406573 seconds
Number of updated asset objects reloaded before import = 0Number of asset objects unloaded after import = 1

========================================================================
Received Import Request.
  Time since last request: 0.000035 seconds.
  path: Assets/_Barking_Dog/_3D Scifi Base Vol 1/Textures/Wall_Atlas_08_Dif.png
  artifactKey: Guid(5a4100a7aad684429ad3cfd0a99d2302) Importer(2089858483,b0f066a214c2f5e87bad3c948f4d605d)
Start importing Assets/_Barking_Dog/_3D Scifi Base Vol 1/Textures/Wall_Atlas_08_Dif.png using Guid(5a4100a7aad684429ad3cfd0a99d2302) Importer(2089858483,b0f066a214c2f5e87bad3c948f4d605d) (ScriptedImporter) -> (artifact id: '32c74f35a6b0b34f37e42410dd5b1ac8') in 0.1294748 seconds
Number of updated asset objects reloaded before import = 0Number of asset objects unloaded after import = 1

========================================================================
Received Import Request.
  Time since last request: 0.000039 seconds.
  path: Assets/_Barking_Dog/_3D Scifi Base Vol 1/Textures/WaterBump.png
  artifactKey: Guid(db3b54edad747ea45843d50add794fcf) Importer(2089858483,b0f066a214c2f5e87bad3c948f4d605d)
Start importing Assets/_Barking_Dog/_3D Scifi Base Vol 1/Textures/WaterBump.png using Guid(db3b54edad747ea45843d50add794fcf) Importer(2089858483,b0f066a214c2f5e87bad3c948f4d605d) (ScriptedImporter) -> (artifact id: '07dbb0e2bd01135affb05974780c936d') in 0.1432812 seconds
Number of updated asset objects reloaded before import = 0Number of asset objects unloaded after import = 1

========================================================================
Received Import Request.
  Time since last request: 0.000038 seconds.
  path: Assets/_Barking_Dog/_3D Scifi Base Vol 1/Textures/Wall_Atlas_08_Illum.png
  artifactKey: Guid(a0fb0628ea4d242edb57185783dd4c4f) Importer(2089858483,b0f066a214c2f5e87bad3c948f4d605d)
Start importing Assets/_Barking_Dog/_3D Scifi Base Vol 1/Textures/Wall_Atlas_08_Illum.png using Guid(a0fb0628ea4d242edb57185783dd4c4f) Importer(2089858483,b0f066a214c2f5e87bad3c948f4d605d) (ScriptedImporter) -> (artifact id: '0b3d2e0494816ef930cdbec0c2907b29') in 0.1172591 seconds
Number of updated asset objects reloaded before import = 0Number of asset objects unloaded after import = 1

========================================================================
Received Import Request.
  Time since last request: 0.000033 seconds.
  path: Assets/_Barking_Dog/_3D Scifi Base Vol 1/Textures/Wall_Atlas_08_Norm_02.png
  artifactKey: Guid(8a4cf87b3a81047a7b1fc23d2e1c27cd) Importer(2089858483,b0f066a214c2f5e87bad3c948f4d605d)
Start importing Assets/_Barking_Dog/_3D Scifi Base Vol 1/Textures/Wall_Atlas_08_Norm_02.png using Guid(8a4cf87b3a81047a7b1fc23d2e1c27cd) Importer(2089858483,b0f066a214c2f5e87bad3c948f4d605d) (ScriptedImporter) -> (artifact id: '143ad64d09275d9b966dabb4c949d684') in 0.2722847 seconds
Number of updated asset objects reloaded before import = 0Number of asset objects unloaded after import = 1

========================================================================
Received Import Request.
  Time since last request: 0.000027 seconds.
  path: Assets/3D Asserts/Lizard man/Polygonmaker - Shader/HDRP/Shaders HDRP.unitypackage
  artifactKey: Guid(3433ac2fa9bd7cc45ad7205f559366ee) Importer(2089858483,b0f066a214c2f5e87bad3c948f4d605d)
Start importing Assets/3D Asserts/Lizard man/Polygonmaker - Shader/HDRP/Shaders HDRP.unitypackage using Guid(3433ac2fa9bd7cc45ad7205f559366ee) Importer(2089858483,b0f066a214c2f5e87bad3c948f4d605d) (ScriptedImporter) -> (artifact id: '67da0f5511689643044b5bf564a17741') in 0.0040492 seconds
Number of updated asset objects reloaded before import = 0Number of asset objects unloaded after import = 1

========================================================================
Received Import Request.
  Time since last request: 0.000034 seconds.
  path: Assets/3D Asserts/Lizard man/Medieval Series/Lizard Men/Instructions - 3.6.pdf
  artifactKey: Guid(91d9802e7f5fcfe4891aa7b31b6421bc) Importer(2089858483,b0f066a214c2f5e87bad3c948f4d605d)
Start importing Assets/3D Asserts/Lizard man/Medieval Series/Lizard Men/Instructions - 3.6.pdf using Guid(91d9802e7f5fcfe4891aa7b31b6421bc) Importer(2089858483,b0f066a214c2f5e87bad3c948f4d605d) (ScriptedImporter) -> (artifact id: '313b707cc3955e7172be7d9f1b426c2a') in 0.0046581 seconds
Number of updated asset objects reloaded before import = 0Number of asset objects unloaded after import = 1

========================================================================
Received Import Request.
  Time since last request: 0.000020 seconds.
  path: Assets/3D Asserts/Lizard man/Polygonmaker - Shader/HDRP_2020.2.3f1/Shaders HDRP_2020.2.3f1.unitypackage
  artifactKey: Guid(cb9853cd9afc08c46a4d7db85273bfcc) Importer(2089858483,b0f066a214c2f5e87bad3c948f4d605d)
Start importing Assets/3D Asserts/Lizard man/Polygonmaker - Shader/HDRP_2020.2.3f1/Shaders HDRP_2020.2.3f1.unitypackage using Guid(cb9853cd9afc08c46a4d7db85273bfcc) Importer(2089858483,b0f066a214c2f5e87bad3c948f4d605d) (ScriptedImporter) -> (artifact id: 'f6832280805b205da05642328c4544df') in 0.0060993 seconds
Number of updated asset objects reloaded before import = 0Number of asset objects unloaded after import = 1

========================================================================
Received Import Request.
  Time since last request: 0.000027 seconds.
  path: Assets/3D Asserts/Lizard man/Polygonmaker - Shader/HDRP_2020.3.0f1/Shaders HDRP_2020.3.0f1.unitypackage
  artifactKey: Guid(53b46d8c5ad5a8c4cbfc674c29299482) Importer(2089858483,b0f066a214c2f5e87bad3c948f4d605d)
Start importing Assets/3D Asserts/Lizard man/Polygonmaker - Shader/HDRP_2020.3.0f1/Shaders HDRP_2020.3.0f1.unitypackage using Guid(53b46d8c5ad5a8c4cbfc674c29299482) Importer(2089858483,b0f066a214c2f5e87bad3c948f4d605d) (ScriptedImporter) -> (artifact id: 'edbb11aabb541793526f91e394e19068') in 0.00415 seconds
Number of updated asset objects reloaded before import = 0Number of asset objects unloaded after import = 1

========================================================================
Received Import Request.
  Time since last request: 0.000021 seconds.
  path: Assets/3D Asserts/Lizard man/Medieval Series/Lizard Men/LizardMan_Base.prefab
  artifactKey: Guid(6813b42f76db6d1439723354128d85f9) Importer(2089858483,e11c23a36db5f54750b8cd40eac0985b)
Start importing Assets/3D Asserts/Lizard man/Medieval Series/Lizard Men/LizardMan_Base.prefab using Guid(6813b42f76db6d1439723354128d85f9) Importer(2089858483,e11c23a36db5f54750b8cd40eac0985b) (ScriptedImporter) -> (artifact id: '51ec33149a436492c69dab9b952f9578') in 0.4202096 seconds
Number of updated asset objects reloaded before import = 0Number of asset objects unloaded after import = 499

========================================================================
Received Import Request.
  Time since last request: 0.000038 seconds.
  path: Assets/3D Asserts/Lizard man/Polygonmaker - Shader/Materials/Polygonmaker-PBR_Cutout.mat
  artifactKey: Guid(e83ccd6ca98c67b4caa6c95c606d6b93) Importer(2089858483,b0f066a214c2f5e87bad3c948f4d605d)
Start importing Assets/3D Asserts/Lizard man/Polygonmaker - Shader/Materials/Polygonmaker-PBR_Cutout.mat using Guid(e83ccd6ca98c67b4caa6c95c606d6b93) Importer(2089858483,b0f066a214c2f5e87bad3c948f4d605d) (ScriptedImporter)Shader 'Polygonmaker/Basic-PBR (Cutout Single Side)': fallback shader '-1' not found
 -> (artifact id: 'b1c47b36e45884feb0a214f8ef795401') in 0.6260119 seconds
Number of updated asset objects reloaded before import = 0Number of asset objects unloaded after import = 7

========================================================================
Received Import Request.
  Time since last request: 0.000052 seconds.
  path: Assets/3D Asserts/Lizard man/Polygonmaker - Shader/Materials/Polygonmaker-Skin.mat
  artifactKey: Guid(5b0c6288fb07d0843a2584f7d3bb556b) Importer(2089858483,b0f066a214c2f5e87bad3c948f4d605d)
Start importing Assets/3D Asserts/Lizard man/Polygonmaker - Shader/Materials/Polygonmaker-Skin.mat using Guid(5b0c6288fb07d0843a2584f7d3bb556b) Importer(2089858483,b0f066a214c2f5e87bad3c948f4d605d) (ScriptedImporter) -> (artifact id: '58a51ff557dfba1c5195659b223aab64') in 0.0269825 seconds
Number of updated asset objects reloaded before import = 0Number of asset objects unloaded after import = 1

========================================================================
Received Import Request.
  Time since last request: 0.000034 seconds.
  path: Assets/3D Asserts/Lizard man/Polygonmaker - Shader/Materials/Polygonmaker-Ice.mat
  artifactKey: Guid(a0b5ba09fa3deaf41ab17963122f0975) Importer(2089858483,b0f066a214c2f5e87bad3c948f4d605d)
Start importing Assets/3D Asserts/Lizard man/Polygonmaker - Shader/Materials/Polygonmaker-Ice.mat using Guid(a0b5ba09fa3deaf41ab17963122f0975) Importer(2089858483,b0f066a214c2f5e87bad3c948f4d605d) (ScriptedImporter) -> (artifact id: '65094aa9432fbedee18ae1c41b01ef65') in 0.0172446 seconds
Number of updated asset objects reloaded before import = 0Number of asset objects unloaded after import = 5

========================================================================
Received Import Request.
  Time since last request: 0.000028 seconds.
  path: Assets/3D Asserts/Lizard man/Polygonmaker - Shader/Materials/Polygonmaker-SkinCutout DoubleSided.mat
  artifactKey: Guid(551c768af52a1a6489b05e8478a9a421) Importer(2089858483,b0f066a214c2f5e87bad3c948f4d605d)
Start importing Assets/3D Asserts/Lizard man/Polygonmaker - Shader/Materials/Polygonmaker-SkinCutout DoubleSided.mat using Guid(551c768af52a1a6489b05e8478a9a421) Importer(2089858483,b0f066a214c2f5e87bad3c948f4d605d) (ScriptedImporter) -> (artifact id: '597868d48b9683dfae59efdac86f773f') in 0.0203097 seconds
Number of updated asset objects reloaded before import = 0Number of asset objects unloaded after import = 6

========================================================================
Received Import Request.
  Time since last request: 0.000036 seconds.
  path: Assets/_Barking_Dog/_3D Scifi Base Vol 1/Textures/Screen_02.png
  artifactKey: Guid(59d0dd74304a54892ada9f4c7a766bc4) Importer(2089858483,b0f066a214c2f5e87bad3c948f4d605d)
Start importing Assets/_Barking_Dog/_3D Scifi Base Vol 1/Textures/Screen_02.png using Guid(59d0dd74304a54892ada9f4c7a766bc4) Importer(2089858483,b0f066a214c2f5e87bad3c948f4d605d) (ScriptedImporter) -> (artifact id: 'a38a4f6a86970e69e95e2b75db9b97ca') in 0.0183651 seconds
Number of updated asset objects reloaded before import = 0Number of asset objects unloaded after import = 1

========================================================================
Received Import Request.
  Time since last request: 0.000073 seconds.
  path: Assets/_Barking_Dog/_3D Scifi Base Vol 1/Meshes/Roof_Cache_10.FBX
  artifactKey: Guid(2022c8c7b5de54500b79e9a98d382147) Importer(2089858483,b0f066a214c2f5e87bad3c948f4d605d)
Start importing Assets/_Barking_Dog/_3D Scifi Base Vol 1/Meshes/Roof_Cache_10.FBX using Guid(2022c8c7b5de54500b79e9a98d382147) Importer(2089858483,b0f066a214c2f5e87bad3c948f4d605d) (ScriptedImporter) -> (artifact id: '5b9df28ca8403f46930ce80c0bd99c4a') in 0.0270232 seconds
Number of updated asset objects reloaded before import = 0Number of asset objects unloaded after import = 8

========================================================================
Received Import Request.
  Time since last request: 0.000072 seconds.
  path: Assets/3D Asserts/Lizard man/Polygonmaker - Shader/Shaders/Polygonmaker-AS-Glass.shader
  artifactKey: Guid(6699dfaf55a1b184197d71398774a53c) Importer(2089858483,b0f066a214c2f5e87bad3c948f4d605d)
Start importing Assets/3D Asserts/Lizard man/Polygonmaker - Shader/Shaders/Polygonmaker-AS-Glass.shader using Guid(6699dfaf55a1b184197d71398774a53c) Importer(2089858483,b0f066a214c2f5e87bad3c948f4d605d) (ScriptedImporter) -> (artifact id: 'e4cb5910d44ce9a4af60308bf7f4d256') in 0.0130312 seconds
Number of updated asset objects reloaded before import = 0Number of asset objects unloaded after import = 1

========================================================================
Received Import Request.
  Time since last request: 0.000025 seconds.
  path: Assets/3D Asserts/Lizard man/Polygonmaker - Shader/Shaders/Polygonmaker-AS-Ice.shader
  artifactKey: Guid(8af7c8bdcd1e6c548bda65ab13c4c394) Importer(2089858483,b0f066a214c2f5e87bad3c948f4d605d)
Start importing Assets/3D Asserts/Lizard man/Polygonmaker - Shader/Shaders/Polygonmaker-AS-Ice.shader using Guid(8af7c8bdcd1e6c548bda65ab13c4c394) Importer(2089858483,b0f066a214c2f5e87bad3c948f4d605d) (ScriptedImporter) -> (artifact id: '937bfd13cb944a13ac13dfba84cd3c50') in 0.021022 seconds
Number of updated asset objects reloaded before import = 0Number of asset objects unloaded after import = 1

========================================================================
Received Import Request.
  Time since last request: 0.000031 seconds.
  path: Assets/3D Asserts/Lizard man/Polygonmaker - Shader/Shaders/Polygonmaker-AS-SkinCutout DoubleSided.shader
  artifactKey: Guid(b3e929332e0a8ae4880c782057e229b6) Importer(2089858483,b0f066a214c2f5e87bad3c948f4d605d)
Start importing Assets/3D Asserts/Lizard man/Polygonmaker - Shader/Shaders/Polygonmaker-AS-SkinCutout DoubleSided.shader using Guid(b3e929332e0a8ae4880c782057e229b6) Importer(2089858483,b0f066a214c2f5e87bad3c948f4d605d) (ScriptedImporter) -> (artifact id: 'af903f338b11d3d388d4badba8d09e8a') in 0.021966 seconds
Number of updated asset objects reloaded before import = 0Number of asset objects unloaded after import = 1

========================================================================
Received Import Request.
  Time since last request: 0.000051 seconds.
  path: Assets/3D Asserts/Lizard man/Polygonmaker - Shader/Shaders/Polygonmaker-AS-Skin Defered.shader
  artifactKey: Guid(e9bc656ed42671c45be3d8395ec235bc) Importer(2089858483,b0f066a214c2f5e87bad3c948f4d605d)
Start importing Assets/3D Asserts/Lizard man/Polygonmaker - Shader/Shaders/Polygonmaker-AS-Skin Defered.shader using Guid(e9bc656ed42671c45be3d8395ec235bc) Importer(2089858483,b0f066a214c2f5e87bad3c948f4d605d) (ScriptedImporter) -> (artifact id: '3cda428f05ffa0b3ef38a062a76fb0a0') in 0.0138942 seconds
Number of updated asset objects reloaded before import = 0Number of asset objects unloaded after import = 1

========================================================================
Received Import Request.
  Time since last request: 0.000025 seconds.
  path: Assets/EffectExamples/WeaponEffects/Textures/woodSplintersNormals.tif
  artifactKey: Guid(937ed87ab83404042bb43da3180148b7) Importer(2089858483,b0f066a214c2f5e87bad3c948f4d605d)
Start importing Assets/EffectExamples/WeaponEffects/Textures/woodSplintersNormals.tif using Guid(937ed87ab83404042bb43da3180148b7) Importer(2089858483,b0f066a214c2f5e87bad3c948f4d605d) (ScriptedImporter) -> (artifact id: 'c6e2b73b4c6b2ed259f79b6a540a7683') in 0.0156175 seconds
Number of updated asset objects reloaded before import = 0Number of asset objects unloaded after import = 1

========================================================================
Received Import Request.
  Time since last request: 0.000028 seconds.
  path: Assets/EffectExamples/WeaponEffects/Textures/StreamNormals.tif
  artifactKey: Guid(dbf5fd5c04eedf2418e86c377cf5b95b) Importer(2089858483,b0f066a214c2f5e87bad3c948f4d605d)
Start importing Assets/EffectExamples/WeaponEffects/Textures/StreamNormals.tif using Guid(dbf5fd5c04eedf2418e86c377cf5b95b) Importer(2089858483,b0f066a214c2f5e87bad3c948f4d605d) (ScriptedImporter) -> (artifact id: 'c6b16bb3a106886d70134775dd98eb01') in 0.0173711 seconds
Number of updated asset objects reloaded before import = 0Number of asset objects unloaded after import = 1

========================================================================
Received Import Request.
  Time since last request: 0.000048 seconds.
  path: Assets/EffectExamples/WaterEffects/Textures/WaterDropParticle.tif
  artifactKey: Guid(3735ed3a20c01874f9804d7e18416659) Importer(2089858483,b0f066a214c2f5e87bad3c948f4d605d)
Start importing Assets/EffectExamples/WaterEffects/Textures/WaterDropParticle.tif using Guid(3735ed3a20c01874f9804d7e18416659) Importer(2089858483,b0f066a214c2f5e87bad3c948f4d605d) (ScriptedImporter) -> (artifact id: '519a0cb0caa75f7f7b9bf314fd005151') in 0.0126488 seconds
Number of updated asset objects reloaded before import = 0Number of asset objects unloaded after import = 1

========================================================================
Received Import Request.
  Time since last request: 0.000034 seconds.
  path: Assets/EffectExamples/Shared/Textures/CloudsOcclusion.tif
  artifactKey: Guid(86ad23c623f950a4997067186e283be5) Importer(2089858483,b0f066a214c2f5e87bad3c948f4d605d)
Start importing Assets/EffectExamples/Shared/Textures/CloudsOcclusion.tif using Guid(86ad23c623f950a4997067186e283be5) Importer(2089858483,b0f066a214c2f5e87bad3c948f4d605d) (ScriptedImporter) -> (artifact id: '8eacb5253d3e2270d94a800500b30d04') in 0.0096278 seconds
Number of updated asset objects reloaded before import = 0Number of asset objects unloaded after import = 1

========================================================================
Received Import Request.
  Time since last request: 0.000026 seconds.
  path: Assets/3D Asserts/Lizard man/Polygonmaker - Shader/Source/T_Golem-Crystal_MS.tga
  artifactKey: Guid(2b3127d2659588140b7c072e4a17e58d) Importer(2089858483,b0f066a214c2f5e87bad3c948f4d605d)
Start importing Assets/3D Asserts/Lizard man/Polygonmaker - Shader/Source/T_Golem-Crystal_MS.tga using Guid(2b3127d2659588140b7c072e4a17e58d) Importer(2089858483,b0f066a214c2f5e87bad3c948f4d605d) (ScriptedImporter) -> (artifact id: '1432d4f993345ecf7e0cfae68fc19553') in 0.020916 seconds
Number of updated asset objects reloaded before import = 0Number of asset objects unloaded after import = 1

========================================================================
Received Import Request.
  Time since last request: 0.000036 seconds.
  path: Assets/3D Asserts/Lizard man/Polygonmaker - Shader/Source/T_Golem-Crystal_O.tga
  artifactKey: Guid(d75cce210ed5233458b5a9ba2c0b6646) Importer(2089858483,b0f066a214c2f5e87bad3c948f4d605d)
Start importing Assets/3D Asserts/Lizard man/Polygonmaker - Shader/Source/T_Golem-Crystal_O.tga using Guid(d75cce210ed5233458b5a9ba2c0b6646) Importer(2089858483,b0f066a214c2f5e87bad3c948f4d605d) (ScriptedImporter) -> (artifact id: 'a51c5e7d6d96a73ebb67244d72625829') in 0.0292889 seconds
Number of updated asset objects reloaded before import = 0Number of asset objects unloaded after import = 1

========================================================================
Received Import Request.
  Time since last request: 0.000028 seconds.
  path: Assets/3D Asserts/Lizard man/Polygonmaker - Shader/Source/T_Golem-Crystal_N.tga
  artifactKey: Guid(2a543b0290d3dca46a8959a1752a623c) Importer(2089858483,b0f066a214c2f5e87bad3c948f4d605d)
Start importing Assets/3D Asserts/Lizard man/Polygonmaker - Shader/Source/T_Golem-Crystal_N.tga using Guid(2a543b0290d3dca46a8959a1752a623c) Importer(2089858483,b0f066a214c2f5e87bad3c948f4d605d) (ScriptedImporter) -> (artifact id: 'b18156fef0e0b92cb296dd2e93fa7522') in 0.0121429 seconds
Number of updated asset objects reloaded before import = 0Number of asset objects unloaded after import = 1

========================================================================
Received Import Request.
  Time since last request: 0.000045 seconds.
  path: Assets/3D Asserts/Lizard man/Polygonmaker - Shader/Textures/ToonCubemap.psd
  artifactKey: Guid(0cbb31394caf24e4babe0d1fb4350bc2) Importer(2089858483,b0f066a214c2f5e87bad3c948f4d605d)
Start importing Assets/3D Asserts/Lizard man/Polygonmaker - Shader/Textures/ToonCubemap.psd using Guid(0cbb31394caf24e4babe0d1fb4350bc2) Importer(2089858483,b0f066a214c2f5e87bad3c948f4d605d) (ScriptedImporter) -> (artifact id: '0c618841801646c12fae6598bdad597d') in 0.0219244 seconds
Number of updated asset objects reloaded before import = 0Number of asset objects unloaded after import = 1

========================================================================
Received Import Request.
  Time since last request: 0.000026 seconds.
  path: Assets/3D Asserts/Lizard man/Polygonmaker - Shader/Source/Rotation.anim
  artifactKey: Guid(171e50158a007624c8758c8c38e25195) Importer(2089858483,b0f066a214c2f5e87bad3c948f4d605d)
Start importing Assets/3D Asserts/Lizard man/Polygonmaker - Shader/Source/Rotation.anim using Guid(171e50158a007624c8758c8c38e25195) Importer(2089858483,b0f066a214c2f5e87bad3c948f4d605d) (ScriptedImporter) -> (artifact id: '7f694ffb21931a67fac9fa846a36863f') in 0.0280304 seconds
Number of updated asset objects reloaded before import = 0Number of asset objects unloaded after import = 1

========================================================================
Received Import Request.
  Time since last request: 0.000029 seconds.
  path: Assets/EffectExamples/Misc Effects/Textures/DustMoteParticle.png
  artifactKey: Guid(394e93ce356b57344903a08ff72fcab2) Importer(2089858483,b0f066a214c2f5e87bad3c948f4d605d)
Start importing Assets/EffectExamples/Misc Effects/Textures/DustMoteParticle.png using Guid(394e93ce356b57344903a08ff72fcab2) Importer(2089858483,b0f066a214c2f5e87bad3c948f4d605d) (ScriptedImporter) -> (artifact id: 'cc8fd8472a2215cce7e83ecc2acb330c') in 0.0104946 seconds
Number of updated asset objects reloaded before import = 0Number of asset objects unloaded after import = 3

========================================================================
Received Import Request.
  Time since last request: 0.000035 seconds.
  path: Assets/_Barking_Dog/_3D Scifi Base Vol 1/Textures/Wall_Atlas_02_Norm.png
  artifactKey: Guid(bb58b94519b2a4c69b1989574c36514d) Importer(2089858483,b0f066a214c2f5e87bad3c948f4d605d)
Start importing Assets/_Barking_Dog/_3D Scifi Base Vol 1/Textures/Wall_Atlas_02_Norm.png using Guid(bb58b94519b2a4c69b1989574c36514d) Importer(2089858483,b0f066a214c2f5e87bad3c948f4d605d) (ScriptedImporter) -> (artifact id: 'fe99df1f7c05877b63643ea13915e091') in 0.1805808 seconds
Number of updated asset objects reloaded before import = 0Number of asset objects unloaded after import = 1

========================================================================
Received Import Request.
  Time since last request: 0.000037 seconds.
  path: Assets/3D Asserts/Lizard man/Polygonmaker - Shader/Textures/T_Skin_Detail.tga
  artifactKey: Guid(fef9c59a633f044448be34d72fc72598) Importer(2089858483,b0f066a214c2f5e87bad3c948f4d605d)
Start importing Assets/3D Asserts/Lizard man/Polygonmaker - Shader/Textures/T_Skin_Detail.tga using Guid(fef9c59a633f044448be34d72fc72598) Importer(2089858483,b0f066a214c2f5e87bad3c948f4d605d) (ScriptedImporter) -> (artifact id: '2a651ef4e560888fd29958601bfa64a1') in 0.0582256 seconds
Number of updated asset objects reloaded before import = 0Number of asset objects unloaded after import = 1

========================================================================
Received Import Request.
  Time since last request: 0.000043 seconds.
  path: Assets/3D Asserts/Sci Fi Gun Light/Prefabs/SciFiGunLight/SciFiGunLight_Black.prefab
  artifactKey: Guid(d32892c82a841e34bb692140d685dcfc) Importer(2089858483,e11c23a36db5f54750b8cd40eac0985b)
Start importing Assets/3D Asserts/Sci Fi Gun Light/Prefabs/SciFiGunLight/SciFiGunLight_Black.prefab using Guid(d32892c82a841e34bb692140d685dcfc) Importer(2089858483,e11c23a36db5f54750b8cd40eac0985b) (ScriptedImporter) -> (artifact id: 'fa9ae0ffb3c6a81025765af475135ead') in 0.0327243 seconds
Number of updated asset objects reloaded before import = 0Number of asset objects unloaded after import = 8

========================================================================
Received Import Request.
  Time since last request: 0.000029 seconds.
  path: Assets/3D Asserts/Lizard man/Polygonmaker - Shader/URP/Shaders URP.unitypackage
  artifactKey: Guid(8ad42cd7348dde04d937bb423695fc13) Importer(2089858483,b0f066a214c2f5e87bad3c948f4d605d)
Start importing Assets/3D Asserts/Lizard man/Polygonmaker - Shader/URP/Shaders URP.unitypackage using Guid(8ad42cd7348dde04d937bb423695fc13) Importer(2089858483,b0f066a214c2f5e87bad3c948f4d605d) (ScriptedImporter) -> (artifact id: '7377ca448f925f2d812a3dfba721d744') in 0.0046103 seconds
Number of updated asset objects reloaded before import = 0Number of asset objects unloaded after import = 1

========================================================================
Received Import Request.
  Time since last request: 0.000026 seconds.
  path: Assets/3D Asserts/Sci Fi Gun Light/Materials/SciFiGunLight/SciFiGunLight_Blue.mat
  artifactKey: Guid(5c7176cef124e1a4793b448ed91b74e1) Importer(2089858483,b0f066a214c2f5e87bad3c948f4d605d)
Start importing Assets/3D Asserts/Sci Fi Gun Light/Materials/SciFiGunLight/SciFiGunLight_Blue.mat using Guid(5c7176cef124e1a4793b448ed91b74e1) Importer(2089858483,b0f066a214c2f5e87bad3c948f4d605d) (ScriptedImporter) -> (artifact id: '3cc5998deb8f23de5c7e118cdea4427c') in 0.2988862 seconds
Number of updated asset objects reloaded before import = 0Number of asset objects unloaded after import = 5

========================================================================
Received Import Request.
  Time since last request: 0.000050 seconds.
  path: Assets/EffectExamples/Shared/Animation/Controllers/Gun.controller
  artifactKey: Guid(2be2206e6d3865742a99fd2f946e6378) Importer(2089858483,b0f066a214c2f5e87bad3c948f4d605d)
Start importing Assets/EffectExamples/Shared/Animation/Controllers/Gun.controller using Guid(2be2206e6d3865742a99fd2f946e6378) Importer(2089858483,b0f066a214c2f5e87bad3c948f4d605d) (ScriptedImporter) -> (artifact id: '5204f430660eae94d7621691e854da43') in 0.0177688 seconds
Number of updated asset objects reloaded before import = 0Number of asset objects unloaded after import = 8

========================================================================
Received Import Request.
  Time since last request: 0.000027 seconds.
  path: Assets/3D Asserts/Sci Fi Gun Light/Textures/ColorVar/SciFiGunLight_Emission1.png
  artifactKey: Guid(b199bdf781c163b469823a86f9204ac9) Importer(2089858483,b0f066a214c2f5e87bad3c948f4d605d)
Start importing Assets/3D Asserts/Sci Fi Gun Light/Textures/ColorVar/SciFiGunLight_Emission1.png using Guid(b199bdf781c163b469823a86f9204ac9) Importer(2089858483,b0f066a214c2f5e87bad3c948f4d605d) (ScriptedImporter) -> (artifact id: '8fb91084d23a13e1c92da49aaa931737') in 0.0205514 seconds
Number of updated asset objects reloaded before import = 0Number of asset objects unloaded after import = 1

========================================================================
Received Import Request.
  Time since last request: 0.000031 seconds.
  path: Assets/3D Asserts/Sci Fi Gun Light/Prefabs/SciFiGunLight/SciFiGunLight_Rad.prefab
  artifactKey: Guid(460b09b3999f980448b54c53b41f5873) Importer(2089858483,e11c23a36db5f54750b8cd40eac0985b)
Start importing Assets/3D Asserts/Sci Fi Gun Light/Prefabs/SciFiGunLight/SciFiGunLight_Rad.prefab using Guid(460b09b3999f980448b54c53b41f5873) Importer(2089858483,e11c23a36db5f54750b8cd40eac0985b) (ScriptedImporter) -> (artifact id: 'eb2754a4eca3e4d94f37f50b4ce9d240') in 0.0287826 seconds
Number of updated asset objects reloaded before import = 0Number of asset objects unloaded after import = 8

========================================================================
Received Import Request.
  Time since last request: 0.000044 seconds.
  path: Assets/EffectExamples/Shared/Animation/Animations/GunFire.anim
  artifactKey: Guid(11b895841d895994da8259f4d1139127) Importer(2089858483,b0f066a214c2f5e87bad3c948f4d605d)
Start importing Assets/EffectExamples/Shared/Animation/Animations/GunFire.anim using Guid(11b895841d895994da8259f4d1139127) Importer(2089858483,b0f066a214c2f5e87bad3c948f4d605d) (ScriptedImporter) -> (artifact id: '37005b94b7d3f0357098a35dbd213547') in 0.0075903 seconds
Number of updated asset objects reloaded before import = 0Number of asset objects unloaded after import = 1

========================================================================
Received Import Request.
  Time since last request: 0.000053 seconds.
  path: Assets/EffectExamples/Shared/Models/Materials/No Name.mat
  artifactKey: Guid(451ddf5f145f097438c920eb68fc6397) Importer(2089858483,b0f066a214c2f5e87bad3c948f4d605d)
Start importing Assets/EffectExamples/Shared/Models/Materials/No Name.mat using Guid(451ddf5f145f097438c920eb68fc6397) Importer(2089858483,b0f066a214c2f5e87bad3c948f4d605d) (ScriptedImporter) -> (artifact id: '2c4f709c87c96e1a395e822015dc1eaa') in 0.0073427 seconds
Number of updated asset objects reloaded before import = 0Number of asset objects unloaded after import = 1

========================================================================
Received Import Request.
  Time since last request: 0.000031 seconds.
  path: Assets/EffectExamples/WeaponEffects/Models/Materials/No Name.mat
  artifactKey: Guid(547f2e9db866947dabf6f55d8673905d) Importer(2089858483,b0f066a214c2f5e87bad3c948f4d605d)
Start importing Assets/EffectExamples/WeaponEffects/Models/Materials/No Name.mat using Guid(547f2e9db866947dabf6f55d8673905d) Importer(2089858483,b0f066a214c2f5e87bad3c948f4d605d) (ScriptedImporter) -> (artifact id: '0b644199659b1b65da2ef896cffb1c3e') in 0.0083203 seconds
Number of updated asset objects reloaded before import = 0Number of asset objects unloaded after import = 1

========================================================================
Received Import Request.
  Time since last request: 0.000023 seconds.
  path: Assets/_Barking_Dog/_3D Scifi Base Vol 1/Meshes/Materials/Glass.mat
  artifactKey: Guid(b08c8fcabaa454468be5524624d1e3ca) Importer(2089858483,b0f066a214c2f5e87bad3c948f4d605d)
Start importing Assets/_Barking_Dog/_3D Scifi Base Vol 1/Meshes/Materials/Glass.mat using Guid(b08c8fcabaa454468be5524624d1e3ca) Importer(2089858483,b0f066a214c2f5e87bad3c948f4d605d) (ScriptedImporter) -> (artifact id: 'a6316f30d0580c1020093bc8e002857e') in 0.0139424 seconds
Number of updated asset objects reloaded before import = 0Number of asset objects unloaded after import = 1

========================================================================
Received Import Request.
  Time since last request: 0.000030 seconds.
  path: Assets/_Barking_Dog/_3D Scifi Base Vol 1/Meshes/Materials/ForceField_02.mat
  artifactKey: Guid(5906240c7cec64ae38bc6aa8bfcb6bd5) Importer(2089858483,b0f066a214c2f5e87bad3c948f4d605d)
Start importing Assets/_Barking_Dog/_3D Scifi Base Vol 1/Meshes/Materials/ForceField_02.mat using Guid(5906240c7cec64ae38bc6aa8bfcb6bd5) Importer(2089858483,b0f066a214c2f5e87bad3c948f4d605d) (ScriptedImporter) -> (artifact id: 'a8f9c6cb48574856126607de1f52e932') in 0.0191581 seconds
Number of updated asset objects reloaded before import = 0Number of asset objects unloaded after import = 2

========================================================================
Received Import Request.
  Time since last request: 0.000043 seconds.
  path: Assets/3D Asserts/Sci Fi Gun Light/Materials/SciFiGunLight/SciFiGunLight_Yellow.mat
  artifactKey: Guid(cbf658ed14edc5a4987f28f0eb9160ae) Importer(2089858483,b0f066a214c2f5e87bad3c948f4d605d)
Start importing Assets/3D Asserts/Sci Fi Gun Light/Materials/SciFiGunLight/SciFiGunLight_Yellow.mat using Guid(cbf658ed14edc5a4987f28f0eb9160ae) Importer(2089858483,b0f066a214c2f5e87bad3c948f4d605d) (ScriptedImporter) -> (artifact id: '429df479c635488ba3c3739413457cc0') in 0.1611436 seconds
Number of updated asset objects reloaded before import = 0Number of asset objects unloaded after import = 5

========================================================================
Received Import Request.
  Time since last request: 0.000051 seconds.
  path: Assets/EffectExamples/FireExplosionEffects/Prefabs/FlamesEffects.prefab
  artifactKey: Guid(b9e167e31f640b34f87caab122fca598) Importer(2089858483,e11c23a36db5f54750b8cd40eac0985b)
Start importing Assets/EffectExamples/FireExplosionEffects/Prefabs/FlamesEffects.prefab using Guid(b9e167e31f640b34f87caab122fca598) Importer(2089858483,e11c23a36db5f54750b8cd40eac0985b) (ScriptedImporter) -> (artifact id: 'c62c784584004360b246f766e3bcf281') in 0.4259636 seconds
Number of updated asset objects reloaded before import = 0Number of asset objects unloaded after import = 63

========================================================================
Received Import Request.
  Time since last request: 0.000041 seconds.
  path: Assets/_Barking_Dog/_3D Scifi Base Vol 1/Meshes/Materials/Wall_Atlas_02_Dif.mat
  artifactKey: Guid(1ac847cb5cf114b8da3ff584b17377c0) Importer(2089858483,b0f066a214c2f5e87bad3c948f4d605d)
Start importing Assets/_Barking_Dog/_3D Scifi Base Vol 1/Meshes/Materials/Wall_Atlas_02_Dif.mat using Guid(1ac847cb5cf114b8da3ff584b17377c0) Importer(2089858483,b0f066a214c2f5e87bad3c948f4d605d) (ScriptedImporter) -> (artifact id: 'c1e5ee1bb866d1c1669e5f2549549670') in 0.1218664 seconds
Number of updated asset objects reloaded before import = 0Number of asset objects unloaded after import = 6

========================================================================
Received Import Request.
  Time since last request: 0.000041 seconds.
  path: Assets/_Barking_Dog/_3D Scifi Base Vol 1/Prefabs/_Build/P_Circular_Plateform_01.prefab
  artifactKey: Guid(c25fa8c9932504ef389111f08026961c) Importer(2089858483,e11c23a36db5f54750b8cd40eac0985b)
Start importing Assets/_Barking_Dog/_3D Scifi Base Vol 1/Prefabs/_Build/P_Circular_Plateform_01.prefab using Guid(c25fa8c9932504ef389111f08026961c) Importer(2089858483,e11c23a36db5f54750b8cd40eac0985b) (ScriptedImporter) -> (artifact id: '88996a20ac8e4c231b3665dff0d4501a') in 0.0623556 seconds
Number of updated asset objects reloaded before import = 0Number of asset objects unloaded after import = 56

========================================================================
Received Import Request.
  Time since last request: 0.000049 seconds.
  path: Assets/_Barking_Dog/_3D Scifi Base Vol 1/Prefabs/_Build/P_Big_Support_02.prefab
  artifactKey: Guid(86c2bca869ba84766848201d3969fae2) Importer(2089858483,e11c23a36db5f54750b8cd40eac0985b)
Start importing Assets/_Barking_Dog/_3D Scifi Base Vol 1/Prefabs/_Build/P_Big_Support_02.prefab using Guid(86c2bca869ba84766848201d3969fae2) Importer(2089858483,e11c23a36db5f54750b8cd40eac0985b) (ScriptedImporter) -> (artifact id: 'b56603888f02bd8109420977c3f0e08e') in 0.1933963 seconds
Number of updated asset objects reloaded before import = 0Number of asset objects unloaded after import = 119

========================================================================
Received Import Request.
  Time since last request: 0.000033 seconds.
  path: Assets/_Barking_Dog/_3D Scifi Base Vol 1/Prefabs/_Build/P_Corridor_Angle_01.prefab
  artifactKey: Guid(fbc166e293b7242db9965757861be098) Importer(2089858483,e11c23a36db5f54750b8cd40eac0985b)
Start importing Assets/_Barking_Dog/_3D Scifi Base Vol 1/Prefabs/_Build/P_Corridor_Angle_01.prefab using Guid(fbc166e293b7242db9965757861be098) Importer(2089858483,e11c23a36db5f54750b8cd40eac0985b) (ScriptedImporter) -> (artifact id: '20940df94f4686c1824f3b4313a3f1ef') in 0.2849015 seconds
Number of updated asset objects reloaded before import = 0Number of asset objects unloaded after import = 91

========================================================================
Received Import Request.
  Time since last request: 0.002143 seconds.
  path: Assets/_Barking_Dog/_3D Scifi Base Vol 1/Meshes/Materials/Rocks_Dif.mat
  artifactKey: Guid(0baf9f617c5b3469c896365d92861c3c) Importer(2089858483,b0f066a214c2f5e87bad3c948f4d605d)
Start importing Assets/_Barking_Dog/_3D Scifi Base Vol 1/Meshes/Materials/Rocks_Dif.mat using Guid(0baf9f617c5b3469c896365d92861c3c) Importer(2089858483,b0f066a214c2f5e87bad3c948f4d605d) (ScriptedImporter) -> (artifact id: 'f8bda1c4680330591c060cd1b72e3244') in 0.1177434 seconds
Number of updated asset objects reloaded before import = 0Number of asset objects unloaded after import = 4

========================================================================
Received Import Request.
  Time since last request: 0.000057 seconds.
  path: Assets/_Barking_Dog/_3D Scifi Base Vol 1/Prefabs/_Build/P_Corridor_HallRing_01.prefab
  artifactKey: Guid(039288d098bed43aca32ff158978fff5) Importer(2089858483,e11c23a36db5f54750b8cd40eac0985b)
Start importing Assets/_Barking_Dog/_3D Scifi Base Vol 1/Prefabs/_Build/P_Corridor_HallRing_01.prefab using Guid(039288d098bed43aca32ff158978fff5) Importer(2089858483,e11c23a36db5f54750b8cd40eac0985b) (ScriptedImporter) -> (artifact id: '389b8848d6ba666748dbcb9ee3d816c9') in 0.099741 seconds
Number of updated asset objects reloaded before import = 0Number of asset objects unloaded after import = 26

========================================================================
Received Import Request.
  Time since last request: 0.000056 seconds.
  path: Assets/_Barking_Dog/_3D Scifi Base Vol 1/Prefabs/_Build/P_Corridor_HallRing_03.prefab
  artifactKey: Guid(bf50cd96e73384306bcfba8b85946aa2) Importer(2089858483,e11c23a36db5f54750b8cd40eac0985b)
Start importing Assets/_Barking_Dog/_3D Scifi Base Vol 1/Prefabs/_Build/P_Corridor_HallRing_03.prefab using Guid(bf50cd96e73384306bcfba8b85946aa2) Importer(2089858483,e11c23a36db5f54750b8cd40eac0985b) (ScriptedImporter) -> (artifact id: 'b7dee77227d87a273ace3fd97528eba8') in 0.0482027 seconds
Number of updated asset objects reloaded before import = 0Number of asset objects unloaded after import = 26

========================================================================
Received Import Request.
  Time since last request: 0.000073 seconds.
  path: Assets/_Barking_Dog/_3D Scifi Base Vol 1/Prefabs/_Build/P_Articulated_Support_01.prefab
  artifactKey: Guid(165f7f4059f494d238e2e468529c3806) Importer(2089858483,e11c23a36db5f54750b8cd40eac0985b)
Start importing Assets/_Barking_Dog/_3D Scifi Base Vol 1/Prefabs/_Build/P_Articulated_Support_01.prefab using Guid(165f7f4059f494d238e2e468529c3806) Importer(2089858483,e11c23a36db5f54750b8cd40eac0985b) (ScriptedImporter) -> (artifact id: 'd12ddaa6a08b01f49da40dfa4dfe0aae') in 0.1424998 seconds
Number of updated asset objects reloaded before import = 0Number of asset objects unloaded after import = 24

========================================================================
Received Import Request.
  Time since last request: 0.000032 seconds.
  path: Assets/_Barking_Dog/_3D Scifi Base Vol 1/Prefabs/_Build/P_Corridor_HallRing_02.prefab
  artifactKey: Guid(3e5cbf27c389c4e048f99b86fd42c7ac) Importer(2089858483,e11c23a36db5f54750b8cd40eac0985b)
Start importing Assets/_Barking_Dog/_3D Scifi Base Vol 1/Prefabs/_Build/P_Corridor_HallRing_02.prefab using Guid(3e5cbf27c389c4e048f99b86fd42c7ac) Importer(2089858483,e11c23a36db5f54750b8cd40eac0985b) (ScriptedImporter) -> (artifact id: '079508d69277fe950cce18bbfae0bc79') in 0.0614574 seconds
Number of updated asset objects reloaded before import = 0Number of asset objects unloaded after import = 26

========================================================================
Received Import Request.
  Time since last request: 0.000039 seconds.
  path: Assets/_Barking_Dog/_3D Scifi Base Vol 1/Prefabs/_Build/P_Door_Bar_01.prefab
  artifactKey: Guid(002549d40c339403682b41627405e2fc) Importer(2089858483,e11c23a36db5f54750b8cd40eac0985b)
Start importing Assets/_Barking_Dog/_3D Scifi Base Vol 1/Prefabs/_Build/P_Door_Bar_01.prefab using Guid(002549d40c339403682b41627405e2fc) Importer(2089858483,e11c23a36db5f54750b8cd40eac0985b) (ScriptedImporter) -> (artifact id: '9e1ec1708c994fa548402c80f7fae737') in 0.1787329 seconds
Number of updated asset objects reloaded before import = 0Number of asset objects unloaded after import = 10

========================================================================
Received Import Request.
  Time since last request: 0.000028 seconds.
  path: Assets/_Barking_Dog/_3D Scifi Base Vol 1/Prefabs/_Build/P_Fence_02.prefab
  artifactKey: Guid(d043079025b4b48199b439d78570cc7c) Importer(2089858483,e11c23a36db5f54750b8cd40eac0985b)
Start importing Assets/_Barking_Dog/_3D Scifi Base Vol 1/Prefabs/_Build/P_Fence_02.prefab using Guid(d043079025b4b48199b439d78570cc7c) Importer(2089858483,e11c23a36db5f54750b8cd40eac0985b) (ScriptedImporter) -> (artifact id: '94ae39ef2030fdc5f61a0c9f2663f99c') in 0.1541145 seconds
Number of updated asset objects reloaded before import = 0Number of asset objects unloaded after import = 10

========================================================================
Received Import Request.
  Time since last request: 0.000085 seconds.
  path: Assets/_Barking_Dog/_3D Scifi Base Vol 1/Prefabs/_Build/P_Floor_Normal_01.prefab
  artifactKey: Guid(8077538ed99a542eaa2cdbfba7521b6f) Importer(2089858483,e11c23a36db5f54750b8cd40eac0985b)
Start importing Assets/_Barking_Dog/_3D Scifi Base Vol 1/Prefabs/_Build/P_Floor_Normal_01.prefab using Guid(8077538ed99a542eaa2cdbfba7521b6f) Importer(2089858483,e11c23a36db5f54750b8cd40eac0985b) (ScriptedImporter) -> (artifact id: 'c55f5a32fc0f3451ad4eb5d57d4d0d83') in 0.1162672 seconds
Number of updated asset objects reloaded before import = 0Number of asset objects unloaded after import = 12

========================================================================
Received Import Request.
  Time since last request: 0.000039 seconds.
  path: Assets/_Barking_Dog/_3D Scifi Base Vol 1/Prefabs/_Build/P_Big_Support_01.prefab
  artifactKey: Guid(8e845c63c944f44b29886fca137a1b4c) Importer(2089858483,e11c23a36db5f54750b8cd40eac0985b)
Start importing Assets/_Barking_Dog/_3D Scifi Base Vol 1/Prefabs/_Build/P_Big_Support_01.prefab using Guid(8e845c63c944f44b29886fca137a1b4c) Importer(2089858483,e11c23a36db5f54750b8cd40eac0985b) (ScriptedImporter) -> (artifact id: '6b2cf76c65a6cf0f85db22e4cfc9050f') in 0.0780962 seconds
Number of updated asset objects reloaded before import = 0Number of asset objects unloaded after import = 55

========================================================================
Received Import Request.
  Time since last request: 0.000036 seconds.
  path: Assets/_Barking_Dog/_3D Scifi Base Vol 1/Prefabs/_Build/P_Floor_Normal_02.prefab
  artifactKey: Guid(ab56a5a1555134f558dc8fbe14a0536d) Importer(2089858483,e11c23a36db5f54750b8cd40eac0985b)
Start importing Assets/_Barking_Dog/_3D Scifi Base Vol 1/Prefabs/_Build/P_Floor_Normal_02.prefab using Guid(ab56a5a1555134f558dc8fbe14a0536d) Importer(2089858483,e11c23a36db5f54750b8cd40eac0985b) (ScriptedImporter) -> (artifact id: 'ccc33713606734b8631f161c40841fe6') in 0.0155333 seconds
Number of updated asset objects reloaded before import = 0Number of asset objects unloaded after import = 12

========================================================================
Received Import Request.
  Time since last request: 0.000126 seconds.
  path: Assets/_Barking_Dog/_3D Scifi Base Vol 1/Prefabs/_Build/P_Floor_Angle_01.prefab
  artifactKey: Guid(b59dea9df4ee446d5a5f88268e4eee13) Importer(2089858483,e11c23a36db5f54750b8cd40eac0985b)
Start importing Assets/_Barking_Dog/_3D Scifi Base Vol 1/Prefabs/_Build/P_Floor_Angle_01.prefab using Guid(b59dea9df4ee446d5a5f88268e4eee13) Importer(2089858483,e11c23a36db5f54750b8cd40eac0985b) (ScriptedImporter) -> (artifact id: 'de835ef63c0e19e9632a43ec4eee20a9') in 0.0139101 seconds
Number of updated asset objects reloaded before import = 0Number of asset objects unloaded after import = 11

========================================================================
Received Import Request.
  Time since last request: 0.000055 seconds.
  path: Assets/_Barking_Dog/_3D Scifi Base Vol 1/Prefabs/_Build/P_Floor_Small_01.prefab
  artifactKey: Guid(54ae45bc455ee40778396a777652f892) Importer(2089858483,e11c23a36db5f54750b8cd40eac0985b)
Start importing Assets/_Barking_Dog/_3D Scifi Base Vol 1/Prefabs/_Build/P_Floor_Small_01.prefab using Guid(54ae45bc455ee40778396a777652f892) Importer(2089858483,e11c23a36db5f54750b8cd40eac0985b) (ScriptedImporter) -> (artifact id: '9dc093703a6ea1332d300f5f7295dc2e') in 0.0358427 seconds
Number of updated asset objects reloaded before import = 0Number of asset objects unloaded after import = 11

========================================================================
Received Import Request.
  Time since last request: 0.000044 seconds.
  path: Assets/_Barking_Dog/_3D Scifi Base Vol 1/Prefabs/_Build/P_Lamp_Rotating_01.prefab
  artifactKey: Guid(a7396ddc20e074f8bb5ded6aeabb5c41) Importer(2089858483,e11c23a36db5f54750b8cd40eac0985b)
Start importing Assets/_Barking_Dog/_3D Scifi Base Vol 1/Prefabs/_Build/P_Lamp_Rotating_01.prefab using Guid(a7396ddc20e074f8bb5ded6aeabb5c41) Importer(2089858483,e11c23a36db5f54750b8cd40eac0985b) (ScriptedImporter) -> (artifact id: '629f98f39818f0519c83156e1828c0e5') in 0.0262021 seconds
Number of updated asset objects reloaded before import = 0Number of asset objects unloaded after import = 20

========================================================================
Received Import Request.
  Time since last request: 0.000044 seconds.
  path: Assets/_Barking_Dog/_3D Scifi Base Vol 1/Prefabs/_Build/P_Ladder_01.prefab
  artifactKey: Guid(d81406cdfcaef40e8b663f452c0fda15) Importer(2089858483,e11c23a36db5f54750b8cd40eac0985b)
Start importing Assets/_Barking_Dog/_3D Scifi Base Vol 1/Prefabs/_Build/P_Ladder_01.prefab using Guid(d81406cdfcaef40e8b663f452c0fda15) Importer(2089858483,e11c23a36db5f54750b8cd40eac0985b) (ScriptedImporter) -> (artifact id: '96fb01de1e837f4f74ddd9d3fb446efe') in 0.0106391 seconds
Number of updated asset objects reloaded before import = 0Number of asset objects unloaded after import = 11

========================================================================
Received Import Request.
  Time since last request: 0.000032 seconds.
  path: Assets/_Barking_Dog/_3D Scifi Base Vol 1/Prefabs/_Build/P_Floor_Normal_03.prefab
  artifactKey: Guid(b194ca08f797744a0b42469230a549ed) Importer(2089858483,e11c23a36db5f54750b8cd40eac0985b)
Start importing Assets/_Barking_Dog/_3D Scifi Base Vol 1/Prefabs/_Build/P_Floor_Normal_03.prefab using Guid(b194ca08f797744a0b42469230a549ed) Importer(2089858483,e11c23a36db5f54750b8cd40eac0985b) (ScriptedImporter) -> (artifact id: '3c73b4b2c32ebd5a6d66f365f8161cf5') in 0.0435188 seconds
Number of updated asset objects reloaded before import = 0Number of asset objects unloaded after import = 23

========================================================================
Received Import Request.
  Time since last request: 0.000036 seconds.
  path: Assets/_Barking_Dog/_3D Scifi Base Vol 1/Prefabs/_Build/P_Glass_Tube_02.prefab
  artifactKey: Guid(d97bb7cea5b1b4c27af4c872b1a68bcc) Importer(2089858483,e11c23a36db5f54750b8cd40eac0985b)
Start importing Assets/_Barking_Dog/_3D Scifi Base Vol 1/Prefabs/_Build/P_Glass_Tube_02.prefab using Guid(d97bb7cea5b1b4c27af4c872b1a68bcc) Importer(2089858483,e11c23a36db5f54750b8cd40eac0985b) (ScriptedImporter) -> (artifact id: 'c948f331ee5812fb4274d3e717bfe9b1') in 0.0626008 seconds
Number of updated asset objects reloaded before import = 0Number of asset objects unloaded after import = 51

========================================================================
Received Import Request.
  Time since last request: 0.000037 seconds.
  path: Assets/_Barking_Dog/_3D Scifi Base Vol 1/Prefabs/_Build/P_Pipes_Insert_06.prefab
  artifactKey: Guid(67f2a2a06e674499a86aa69deccab9b0) Importer(2089858483,e11c23a36db5f54750b8cd40eac0985b)
Start importing Assets/_Barking_Dog/_3D Scifi Base Vol 1/Prefabs/_Build/P_Pipes_Insert_06.prefab using Guid(67f2a2a06e674499a86aa69deccab9b0) Importer(2089858483,e11c23a36db5f54750b8cd40eac0985b) (ScriptedImporter) -> (artifact id: '3e432b5e35def192b97f543bb534c5f4') in 0.0810501 seconds
Number of updated asset objects reloaded before import = 0Number of asset objects unloaded after import = 10

========================================================================
Received Import Request.
  Time since last request: 0.000034 seconds.
  path: Assets/_Barking_Dog/_3D Scifi Base Vol 1/Prefabs/_Build/P_Metal_Tube_02.prefab
  artifactKey: Guid(fff4609093e0c463a8304f09f3604785) Importer(2089858483,e11c23a36db5f54750b8cd40eac0985b)
Start importing Assets/_Barking_Dog/_3D Scifi Base Vol 1/Prefabs/_Build/P_Metal_Tube_02.prefab using Guid(fff4609093e0c463a8304f09f3604785) Importer(2089858483,e11c23a36db5f54750b8cd40eac0985b) (ScriptedImporter) -> (artifact id: '3ecdf105b15c632f9efe14b4bf4dbfe4') in 0.0823481 seconds
Number of updated asset objects reloaded before import = 0Number of asset objects unloaded after import = 51

========================================================================
Received Import Request.
  Time since last request: 0.000033 seconds.
  path: Assets/_Barking_Dog/_3D Scifi Base Vol 1/Prefabs/_Build/P_Pipes_Insert_01.prefab
  artifactKey: Guid(3bb1d650f89824edb844c495fa0a02e8) Importer(2089858483,e11c23a36db5f54750b8cd40eac0985b)
Start importing Assets/_Barking_Dog/_3D Scifi Base Vol 1/Prefabs/_Build/P_Pipes_Insert_01.prefab using Guid(3bb1d650f89824edb844c495fa0a02e8) Importer(2089858483,e11c23a36db5f54750b8cd40eac0985b) (ScriptedImporter) -> (artifact id: '8b44b1299987ada8be6834a653a48b69') in 0.0138653 seconds
Number of updated asset objects reloaded before import = 0Number of asset objects unloaded after import = 11

========================================================================
Received Import Request.
  Time since last request: 0.000033 seconds.
  path: Assets/_Barking_Dog/_3D Scifi Base Vol 1/Prefabs/_Build/P_Glass_Tube_01.prefab
  artifactKey: Guid(38cdf75fade944265975cb392366e509) Importer(2089858483,e11c23a36db5f54750b8cd40eac0985b)
Start importing Assets/_Barking_Dog/_3D Scifi Base Vol 1/Prefabs/_Build/P_Glass_Tube_01.prefab using Guid(38cdf75fade944265975cb392366e509) Importer(2089858483,e11c23a36db5f54750b8cd40eac0985b) (ScriptedImporter) -> (artifact id: '2567d88a344e98e08827e251a8918685') in 0.0514957 seconds
Number of updated asset objects reloaded before import = 0Number of asset objects unloaded after import = 27

========================================================================
Received Import Request.
  Time since last request: 0.000037 seconds.
  path: Assets/EffectExamples/WaterEffects/Models/WaterFaucet.FBX
  artifactKey: Guid(3cd30427c314b904d8bc315f84506731) Importer(2089858483,b0f066a214c2f5e87bad3c948f4d605d)
Start importing Assets/EffectExamples/WaterEffects/Models/WaterFaucet.FBX using Guid(3cd30427c314b904d8bc315f84506731) Importer(2089858483,b0f066a214c2f5e87bad3c948f4d605d) (ScriptedImporter) -> (artifact id: '67d428acd6c657c2e695bd837375b546') in 0.0166361 seconds
Number of updated asset objects reloaded before import = 0Number of asset objects unloaded after import = 7

========================================================================
Received Import Request.
  Time since last request: 0.000031 seconds.
  path: Assets/_Barking_Dog/_3D Scifi Base Vol 1/Prefabs/_Build/P_Rock_01.prefab
  artifactKey: Guid(34e5e22a4a32f4845a77daedb9bdd715) Importer(2089858483,e11c23a36db5f54750b8cd40eac0985b)
Start importing Assets/_Barking_Dog/_3D Scifi Base Vol 1/Prefabs/_Build/P_Rock_01.prefab using Guid(34e5e22a4a32f4845a77daedb9bdd715) Importer(2089858483,e11c23a36db5f54750b8cd40eac0985b) (ScriptedImporter) -> (artifact id: '1cbbd7d785c2a594f9dcb1560b4e13fb') in 0.015749 seconds
Number of updated asset objects reloaded before import = 0Number of asset objects unloaded after import = 11

========================================================================
Received Import Request.
  Time since last request: 0.000043 seconds.
  path: Assets/_Barking_Dog/_3D Scifi Base Vol 1/Prefabs/_Build/P_Pipes_Insert_07.prefab
  artifactKey: Guid(f4547f6da4a7c4949ba05cddc5423399) Importer(2089858483,e11c23a36db5f54750b8cd40eac0985b)
Start importing Assets/_Barking_Dog/_3D Scifi Base Vol 1/Prefabs/_Build/P_Pipes_Insert_07.prefab using Guid(f4547f6da4a7c4949ba05cddc5423399) Importer(2089858483,e11c23a36db5f54750b8cd40eac0985b) (ScriptedImporter) -> (artifact id: '251bd6ed9eb556b5f96358239d55596b') in 0.0223213 seconds
Number of updated asset objects reloaded before import = 0Number of asset objects unloaded after import = 10

========================================================================
Received Import Request.
  Time since last request: 0.000078 seconds.
  path: Assets/_Barking_Dog/_3D Scifi Base Vol 1/Prefabs/_Build/P_Ring_Light_01.prefab
  artifactKey: Guid(9942c66f5a2474bf88a6e4d4ccb379bd) Importer(2089858483,e11c23a36db5f54750b8cd40eac0985b)
Start importing Assets/_Barking_Dog/_3D Scifi Base Vol 1/Prefabs/_Build/P_Ring_Light_01.prefab using Guid(9942c66f5a2474bf88a6e4d4ccb379bd) Importer(2089858483,e11c23a36db5f54750b8cd40eac0985b) (ScriptedImporter) -> (artifact id: '68db88c2223368edb79866b68847c632') in 0.0198708 seconds
Number of updated asset objects reloaded before import = 0Number of asset objects unloaded after import = 13

========================================================================
Received Import Request.
  Time since last request: 0.000057 seconds.
  path: Assets/3D Asserts/Lizard man/Polygonmaker - Shader/Textures/T_Granite_Detail.png
  artifactKey: Guid(185984cae01789a40a2e1f08a4bedfa1) Importer(2089858483,b0f066a214c2f5e87bad3c948f4d605d)
Start importing Assets/3D Asserts/Lizard man/Polygonmaker - Shader/Textures/T_Granite_Detail.png using Guid(185984cae01789a40a2e1f08a4bedfa1) Importer(2089858483,b0f066a214c2f5e87bad3c948f4d605d) (ScriptedImporter) -> (artifact id: 'd33105b509350a14c8778a7dcc9a1bb1') in 0.0451457 seconds
Number of updated asset objects reloaded before import = 0Number of asset objects unloaded after import = 1

========================================================================
Received Import Request.
  Time since last request: 0.000033 seconds.
  path: Assets/_Barking_Dog/_3D Scifi Base Vol 1/Textures/Wall_Atlas_01_Metal.tif
  artifactKey: Guid(45c2489e941914d04b7040c3145e9f28) Importer(2089858483,b0f066a214c2f5e87bad3c948f4d605d)
Start importing Assets/_Barking_Dog/_3D Scifi Base Vol 1/Textures/Wall_Atlas_01_Metal.tif using Guid(45c2489e941914d04b7040c3145e9f28) Importer(2089858483,b0f066a214c2f5e87bad3c948f4d605d) (ScriptedImporter) -> (artifact id: '66db1163a0300de7e83bfd91133d2901') in 0.1967673 seconds
Number of updated asset objects reloaded before import = 0Number of asset objects unloaded after import = 1

========================================================================
Received Import Request.
  Time since last request: 0.000031 seconds.
  path: Assets/_Barking_Dog/_3D Scifi Base Vol 1/Prefabs/_Build/P_Roof_Cache_02_B.prefab
  artifactKey: Guid(d5995e7aac7d9417da97a1c5984e56ae) Importer(2089858483,e11c23a36db5f54750b8cd40eac0985b)
Start importing Assets/_Barking_Dog/_3D Scifi Base Vol 1/Prefabs/_Build/P_Roof_Cache_02_B.prefab using Guid(d5995e7aac7d9417da97a1c5984e56ae) Importer(2089858483,e11c23a36db5f54750b8cd40eac0985b) (ScriptedImporter) -> (artifact id: '45fe408fc43ce689b3104cc77857818f') in 0.0302381 seconds
Number of updated asset objects reloaded before import = 0Number of asset objects unloaded after import = 10

========================================================================
Received Import Request.
  Time since last request: 0.000060 seconds.
  path: Assets/_Barking_Dog/_3D Scifi Base Vol 1/Prefabs/_Build/P_Rock_03.prefab
  artifactKey: Guid(2f1a793c01d3242fc81b1c8c1924e213) Importer(2089858483,e11c23a36db5f54750b8cd40eac0985b)
Start importing Assets/_Barking_Dog/_3D Scifi Base Vol 1/Prefabs/_Build/P_Rock_03.prefab using Guid(2f1a793c01d3242fc81b1c8c1924e213) Importer(2089858483,e11c23a36db5f54750b8cd40eac0985b) (ScriptedImporter) -> (artifact id: '8b278ded78b1d9e3425f09d6c6177aad') in 0.0162128 seconds
Number of updated asset objects reloaded before import = 0Number of asset objects unloaded after import = 11

========================================================================
Received Import Request.
  Time since last request: 0.000044 seconds.
  path: Assets/_Barking_Dog/_3D Scifi Base Vol 1/Prefabs/_Build/P_Roof_Angle_03_B.prefab
  artifactKey: Guid(c0b07f89348f6468bb72f8d7e467f761) Importer(2089858483,e11c23a36db5f54750b8cd40eac0985b)
Start importing Assets/_Barking_Dog/_3D Scifi Base Vol 1/Prefabs/_Build/P_Roof_Angle_03_B.prefab using Guid(c0b07f89348f6468bb72f8d7e467f761) Importer(2089858483,e11c23a36db5f54750b8cd40eac0985b) (ScriptedImporter) -> (artifact id: '9a6714e21562382d51abd90c1929f857') in 0.0235233 seconds
Number of updated asset objects reloaded before import = 0Number of asset objects unloaded after import = 11

========================================================================
Received Import Request.
  Time since last request: 0.000155 seconds.
  path: Assets/_Barking_Dog/_3D Scifi Base Vol 1/Prefabs/_Build/P_Roof_Cache_03.prefab
  artifactKey: Guid(7072e031897e848bcb3bc9961627d001) Importer(2089858483,e11c23a36db5f54750b8cd40eac0985b)
Start importing Assets/_Barking_Dog/_3D Scifi Base Vol 1/Prefabs/_Build/P_Roof_Cache_03.prefab using Guid(7072e031897e848bcb3bc9961627d001) Importer(2089858483,e11c23a36db5f54750b8cd40eac0985b) (ScriptedImporter) -> (artifact id: '98f977bba086449293d3efa648f7ed13') in 0.0097776 seconds
Number of updated asset objects reloaded before import = 0Number of asset objects unloaded after import = 10

========================================================================
Received Import Request.
  Time since last request: 0.000060 seconds.
  path: Assets/_Barking_Dog/_3D Scifi Base Vol 1/Prefabs/_Build/P_Roof_Cache_04_B.prefab
  artifactKey: Guid(29dec274d9a6a4bc99fb021199f5a5ef) Importer(2089858483,e11c23a36db5f54750b8cd40eac0985b)
Start importing Assets/_Barking_Dog/_3D Scifi Base Vol 1/Prefabs/_Build/P_Roof_Cache_04_B.prefab using Guid(29dec274d9a6a4bc99fb021199f5a5ef) Importer(2089858483,e11c23a36db5f54750b8cd40eac0985b) (ScriptedImporter) -> (artifact id: 'ae2f3e6e7dddda917bcb6008a193dbb3') in 0.0137916 seconds
Number of updated asset objects reloaded before import = 0Number of asset objects unloaded after import = 10

========================================================================
Received Import Request.
  Time since last request: 0.000053 seconds.
  path: Assets/_Barking_Dog/_3D Scifi Base Vol 1/Prefabs/_Build/P_Roof_Angle_01_B.prefab
  artifactKey: Guid(aac1909c881354af297d1425e033e22e) Importer(2089858483,e11c23a36db5f54750b8cd40eac0985b)
Start importing Assets/_Barking_Dog/_3D Scifi Base Vol 1/Prefabs/_Build/P_Roof_Angle_01_B.prefab using Guid(aac1909c881354af297d1425e033e22e) Importer(2089858483,e11c23a36db5f54750b8cd40eac0985b) (ScriptedImporter) -> (artifact id: '1fc27fcdad94cc418ded692b486fd605') in 0.013503 seconds
Number of updated asset objects reloaded before import = 0Number of asset objects unloaded after import = 13

========================================================================
Received Import Request.
  Time since last request: 0.000041 seconds.
  path: Assets/_Barking_Dog/_3D Scifi Base Vol 1/Prefabs/_Build/P_Roof_Cache_10.prefab
  artifactKey: Guid(68d9b249ca69147db9e21c85b75a12f6) Importer(2089858483,e11c23a36db5f54750b8cd40eac0985b)
Start importing Assets/_Barking_Dog/_3D Scifi Base Vol 1/Prefabs/_Build/P_Roof_Cache_10.prefab using Guid(68d9b249ca69147db9e21c85b75a12f6) Importer(2089858483,e11c23a36db5f54750b8cd40eac0985b) (ScriptedImporter) -> (artifact id: '96c714b010fce13c0d94a99ae846ff31') in 0.0125039 seconds
Number of updated asset objects reloaded before import = 0Number of asset objects unloaded after import = 10

========================================================================
Received Import Request.
  Time since last request: 0.000044 seconds.
  path: Assets/_Barking_Dog/_3D Scifi Base Vol 1/Prefabs/_Build/P_Roof_Cache_07_B.prefab
  artifactKey: Guid(f5cac5a384e264c1abb6f7226e9a171a) Importer(2089858483,e11c23a36db5f54750b8cd40eac0985b)
Start importing Assets/_Barking_Dog/_3D Scifi Base Vol 1/Prefabs/_Build/P_Roof_Cache_07_B.prefab using Guid(f5cac5a384e264c1abb6f7226e9a171a) Importer(2089858483,e11c23a36db5f54750b8cd40eac0985b) (ScriptedImporter) -> (artifact id: 'e3144797849e68a236077a7a4369504c') in 0.0118449 seconds
Number of updated asset objects reloaded before import = 0Number of asset objects unloaded after import = 10

========================================================================
Received Import Request.
  Time since last request: 0.000049 seconds.
  path: Assets/_Barking_Dog/_3D Scifi Base Vol 1/Prefabs/_Build/P_Roof_Cache_12.prefab
  artifactKey: Guid(37a0c66d9f3824a37b7b96085ef82a37) Importer(2089858483,e11c23a36db5f54750b8cd40eac0985b)
Start importing Assets/_Barking_Dog/_3D Scifi Base Vol 1/Prefabs/_Build/P_Roof_Cache_12.prefab using Guid(37a0c66d9f3824a37b7b96085ef82a37) Importer(2089858483,e11c23a36db5f54750b8cd40eac0985b) (ScriptedImporter) -> (artifact id: '7f076b85f8cc59cd30f133c2cc394384') in 0.0202605 seconds
Number of updated asset objects reloaded before import = 0Number of asset objects unloaded after import = 10

========================================================================
Received Import Request.
  Time since last request: 0.000042 seconds.
  path: Assets/_Barking_Dog/_3D Scifi Base Vol 1/Prefabs/_Build/P_Stair_Metal_01.prefab
  artifactKey: Guid(8755fbfde114e44e49a519aea012263f) Importer(2089858483,e11c23a36db5f54750b8cd40eac0985b)
Start importing Assets/_Barking_Dog/_3D Scifi Base Vol 1/Prefabs/_Build/P_Stair_Metal_01.prefab using Guid(8755fbfde114e44e49a519aea012263f) Importer(2089858483,e11c23a36db5f54750b8cd40eac0985b) (ScriptedImporter) -> (artifact id: '9da241a0168c29dfd12fa9f446a2cc45') in 0.0376049 seconds
Number of updated asset objects reloaded before import = 0Number of asset objects unloaded after import = 20

========================================================================
Received Import Request.
  Time since last request: 0.000052 seconds.
  path: Assets/_Barking_Dog/_3D Scifi Base Vol 1/Prefabs/_Build/P_Roof_Cache_13_B.prefab
  artifactKey: Guid(0a7850802722f48edb57ca78bb7923c1) Importer(2089858483,e11c23a36db5f54750b8cd40eac0985b)
Start importing Assets/_Barking_Dog/_3D Scifi Base Vol 1/Prefabs/_Build/P_Roof_Cache_13_B.prefab using Guid(0a7850802722f48edb57ca78bb7923c1) Importer(2089858483,e11c23a36db5f54750b8cd40eac0985b) (ScriptedImporter) -> (artifact id: 'b07d9632786c7a70c3955d7184415c68') in 0.0178058 seconds
Number of updated asset objects reloaded before import = 0Number of asset objects unloaded after import = 11

========================================================================
Received Import Request.
  Time since last request: 0.000053 seconds.
  path: Assets/_Barking_Dog/_3D Scifi Base Vol 1/Prefabs/_Build/P_Solar_Panel_01.prefab
  artifactKey: Guid(0120ee67dc8e34c548eb833379c8c1f4) Importer(2089858483,e11c23a36db5f54750b8cd40eac0985b)
Start importing Assets/_Barking_Dog/_3D Scifi Base Vol 1/Prefabs/_Build/P_Solar_Panel_01.prefab using Guid(0120ee67dc8e34c548eb833379c8c1f4) Importer(2089858483,e11c23a36db5f54750b8cd40eac0985b) (ScriptedImporter) -> (artifact id: 'f3454ee08a40b7184d1890b8fff24def') in 0.0170524 seconds
Number of updated asset objects reloaded before import = 0Number of asset objects unloaded after import = 11

========================================================================
Received Import Request.
  Time since last request: 0.000031 seconds.
  path: Assets/_Barking_Dog/_3D Scifi Base Vol 1/Prefabs/_Build/P_Roof_Normal_01_B.prefab
  artifactKey: Guid(aff8b9f967fd64371913e7346d3e17cf) Importer(2089858483,e11c23a36db5f54750b8cd40eac0985b)
Start importing Assets/_Barking_Dog/_3D Scifi Base Vol 1/Prefabs/_Build/P_Roof_Normal_01_B.prefab using Guid(aff8b9f967fd64371913e7346d3e17cf) Importer(2089858483,e11c23a36db5f54750b8cd40eac0985b) (ScriptedImporter) -> (artifact id: 'af2158ce42d2f916d36a25093c2ed117') in 0.0243265 seconds
Number of updated asset objects reloaded before import = 0Number of asset objects unloaded after import = 25

========================================================================
Received Import Request.
  Time since last request: 0.000027 seconds.
  path: Assets/EffectExamples/Readme.asset
  artifactKey: Guid(83c2ed844a8c74b779a4c823d16594b1) Importer(2089858483,b0f066a214c2f5e87bad3c948f4d605d)
Start importing Assets/EffectExamples/Readme.asset using Guid(83c2ed844a8c74b779a4c823d16594b1) Importer(2089858483,b0f066a214c2f5e87bad3c948f4d605d) (ScriptedImporter) -> (artifact id: 'ae7f96f89cd4a884479c304b4e3b84e3') in 0.0074699 seconds
Number of updated asset objects reloaded before import = 0Number of asset objects unloaded after import = 2

========================================================================
Received Import Request.
  Time since last request: 0.000046 seconds.
  path: Assets/_Barking_Dog/_3D Scifi Base Vol 1/Prefabs/_Build/P_Wall_Angle_03.prefab
  artifactKey: Guid(b1d96ec2fca214bfa84bf63644b4b4a2) Importer(2089858483,e11c23a36db5f54750b8cd40eac0985b)
Start importing Assets/_Barking_Dog/_3D Scifi Base Vol 1/Prefabs/_Build/P_Wall_Angle_03.prefab using Guid(b1d96ec2fca214bfa84bf63644b4b4a2) Importer(2089858483,e11c23a36db5f54750b8cd40eac0985b) (ScriptedImporter) -> (artifact id: 'baeaf6d9b69d991a7e063b8a84a50965') in 0.026038 seconds
Number of updated asset objects reloaded before import = 0Number of asset objects unloaded after import = 11

========================================================================
Received Import Request.
  Time since last request: 0.000037 seconds.
  path: Assets/_Barking_Dog/_3D Scifi Base Vol 1/Prefabs/_Build/P_Wall_Half_01.prefab
  artifactKey: Guid(dff5fb494714f4ceeb21e2254b436743) Importer(2089858483,e11c23a36db5f54750b8cd40eac0985b)
Start importing Assets/_Barking_Dog/_3D Scifi Base Vol 1/Prefabs/_Build/P_Wall_Half_01.prefab using Guid(dff5fb494714f4ceeb21e2254b436743) Importer(2089858483,e11c23a36db5f54750b8cd40eac0985b) (ScriptedImporter) -> (artifact id: '4e561499c5cb34cc686fcfed559a74b9') in 0.0140837 seconds
Number of updated asset objects reloaded before import = 0Number of asset objects unloaded after import = 24

========================================================================
Received Import Request.
  Time since last request: 0.000029 seconds.
  path: Assets/_Barking_Dog/_3D Scifi Base Vol 1/Prefabs/_Build/P_Table_Angle_02.prefab
  artifactKey: Guid(a0e84f772b89f4629982cab1ff45f553) Importer(2089858483,e11c23a36db5f54750b8cd40eac0985b)
Start importing Assets/_Barking_Dog/_3D Scifi Base Vol 1/Prefabs/_Build/P_Table_Angle_02.prefab using Guid(a0e84f772b89f4629982cab1ff45f553) Importer(2089858483,e11c23a36db5f54750b8cd40eac0985b) (ScriptedImporter) -> (artifact id: '6fdc862f125bdc0949a3b30f81277519') in 0.049435 seconds
Number of updated asset objects reloaded before import = 0Number of asset objects unloaded after import = 12

========================================================================
Received Import Request.
  Time since last request: 0.000044 seconds.
  path: Assets/_Barking_Dog/_3D Scifi Base Vol 1/Prefabs/_Build/P_Wall_Half_02.prefab
  artifactKey: Guid(726f9dbef49394867b0ac27cc437e747) Importer(2089858483,e11c23a36db5f54750b8cd40eac0985b)
Start importing Assets/_Barking_Dog/_3D Scifi Base Vol 1/Prefabs/_Build/P_Wall_Half_02.prefab using Guid(726f9dbef49394867b0ac27cc437e747) Importer(2089858483,e11c23a36db5f54750b8cd40eac0985b) (ScriptedImporter) -> (artifact id: '72e09ae2a263f6f7196b6427ebe8c1b1') in 0.0162544 seconds
Number of updated asset objects reloaded before import = 0Number of asset objects unloaded after import = 11

========================================================================
Received Import Request.
  Time since last request: 0.000035 seconds.
  path: Assets/_Barking_Dog/_3D Scifi Base Vol 1/Prefabs/_Build/P_Wall_Angle_01.prefab
  artifactKey: Guid(37387bc7411c44a5e897c2c80e693210) Importer(2089858483,e11c23a36db5f54750b8cd40eac0985b)
Start importing Assets/_Barking_Dog/_3D Scifi Base Vol 1/Prefabs/_Build/P_Wall_Angle_01.prefab using Guid(37387bc7411c44a5e897c2c80e693210) Importer(2089858483,e11c23a36db5f54750b8cd40eac0985b) (ScriptedImporter) -> (artifact id: 'aae07606cd9984a96cd30fa335aeefc7') in 0.0654408 seconds
Number of updated asset objects reloaded before import = 0Number of asset objects unloaded after import = 72

========================================================================
Received Import Request.
  Time since last request: 0.000055 seconds.
  path: Assets/_Barking_Dog/_3D Scifi Base Vol 1/Prefabs/_Build/P_Wall_Grid_01.prefab
  artifactKey: Guid(3ffbd774c20744941aebddb930990572) Importer(2089858483,e11c23a36db5f54750b8cd40eac0985b)
Start importing Assets/_Barking_Dog/_3D Scifi Base Vol 1/Prefabs/_Build/P_Wall_Grid_01.prefab using Guid(3ffbd774c20744941aebddb930990572) Importer(2089858483,e11c23a36db5f54750b8cd40eac0985b) (ScriptedImporter) -> (artifact id: 'a6149447380c2f628a338b051f1e7148') in 0.040891 seconds
Number of updated asset objects reloaded before import = 0Number of asset objects unloaded after import = 12

========================================================================
Received Import Request.
  Time since last request: 0.000051 seconds.
  path: Assets/_Barking_Dog/_3D Scifi Base Vol 1/Prefabs/_Build/P_Wall_Normal_02.prefab
  artifactKey: Guid(d228c3786d9dd42aebcb5fe040b8ab76) Importer(2089858483,e11c23a36db5f54750b8cd40eac0985b)
Start importing Assets/_Barking_Dog/_3D Scifi Base Vol 1/Prefabs/_Build/P_Wall_Normal_02.prefab using Guid(d228c3786d9dd42aebcb5fe040b8ab76) Importer(2089858483,e11c23a36db5f54750b8cd40eac0985b) (ScriptedImporter) -> (artifact id: 'd094131df120302b1e9d48c7bc8b472a') in 0.0533846 seconds
Number of updated asset objects reloaded before import = 0Number of asset objects unloaded after import = 30

========================================================================
Received Import Request.
  Time since last request: 0.000037 seconds.
  path: Assets/_Barking_Dog/_3D Scifi Base Vol 1/Prefabs/_Build/P_Wall_Normal_04.prefab
  artifactKey: Guid(a5351b7b2491e4d75853bce3926e139b) Importer(2089858483,e11c23a36db5f54750b8cd40eac0985b)
Start importing Assets/_Barking_Dog/_3D Scifi Base Vol 1/Prefabs/_Build/P_Wall_Normal_04.prefab using Guid(a5351b7b2491e4d75853bce3926e139b) Importer(2089858483,e11c23a36db5f54750b8cd40eac0985b) (ScriptedImporter) -> (artifact id: 'c1a855f42b093bbfb7872da09a6d87e5') in 0.0134887 seconds
Number of updated asset objects reloaded before import = 0Number of asset objects unloaded after import = 16

========================================================================
Received Import Request.
  Time since last request: 0.000049 seconds.
  path: Assets/_Barking_Dog/_3D Scifi Base Vol 1/Prefabs/_Build/P_Wall_Pilar_01.prefab
  artifactKey: Guid(61c2044d036dd439fa11c967aad0db76) Importer(2089858483,e11c23a36db5f54750b8cd40eac0985b)
Start importing Assets/_Barking_Dog/_3D Scifi Base Vol 1/Prefabs/_Build/P_Wall_Pilar_01.prefab using Guid(61c2044d036dd439fa11c967aad0db76) Importer(2089858483,e11c23a36db5f54750b8cd40eac0985b) (ScriptedImporter) -> (artifact id: 'a24afba9074e04924116bb292f8220c8') in 0.0532554 seconds
Number of updated asset objects reloaded before import = 0Number of asset objects unloaded after import = 19

========================================================================
Received Import Request.
  Time since last request: 0.000028 seconds.
  path: Assets/_Barking_Dog/_3D Scifi Base Vol 1/Prefabs/_Build/P_Wall_Window_01.prefab
  artifactKey: Guid(5c0fc2c345dbf4468930ff723ffad84c) Importer(2089858483,e11c23a36db5f54750b8cd40eac0985b)
Start importing Assets/_Barking_Dog/_3D Scifi Base Vol 1/Prefabs/_Build/P_Wall_Window_01.prefab using Guid(5c0fc2c345dbf4468930ff723ffad84c) Importer(2089858483,e11c23a36db5f54750b8cd40eac0985b) (ScriptedImporter) -> (artifact id: 'e324282449d36e1aa41f8c3b2cec414b') in 0.0276634 seconds
Number of updated asset objects reloaded before import = 0Number of asset objects unloaded after import = 31

========================================================================
Received Import Request.
  Time since last request: 0.000030 seconds.
  path: Assets/_Barking_Dog/_3D Scifi Base Vol 1/Prefabs/_Build/P_Wall_Angle_05.prefab
  artifactKey: Guid(2f0fd2aa7754d452cb167544fec4a75e) Importer(2089858483,e11c23a36db5f54750b8cd40eac0985b)
Start importing Assets/_Barking_Dog/_3D Scifi Base Vol 1/Prefabs/_Build/P_Wall_Angle_05.prefab using Guid(2f0fd2aa7754d452cb167544fec4a75e) Importer(2089858483,e11c23a36db5f54750b8cd40eac0985b) (ScriptedImporter) -> (artifact id: 'a02dba48f5ef258828cb37340befab0e') in 0.0224373 seconds
Number of updated asset objects reloaded before import = 0Number of asset objects unloaded after import = 10

========================================================================
Received Import Request.
  Time since last request: 0.000030 seconds.
  path: Assets/_Barking_Dog/_3D Scifi Base Vol 1/Prefabs/_Legos/P_Corridor_End_03.prefab
  artifactKey: Guid(d0c3078a38e804f07bcb9ccab0cbd724) Importer(2089858483,e11c23a36db5f54750b8cd40eac0985b)
Start importing Assets/_Barking_Dog/_3D Scifi Base Vol 1/Prefabs/_Legos/P_Corridor_End_03.prefab using Guid(d0c3078a38e804f07bcb9ccab0cbd724) Importer(2089858483,e11c23a36db5f54750b8cd40eac0985b) (ScriptedImporter) -> (artifact id: 'a03988907594afe938ac2181154efd19') in 0.1775526 seconds
Number of updated asset objects reloaded before import = 0Number of asset objects unloaded after import = 242

========================================================================
Received Import Request.
  Time since last request: 0.000047 seconds.
  path: Assets/_Barking_Dog/_3D Scifi Base Vol 1/Prefabs/_Legos/P_Big_Base_03.prefab
  artifactKey: Guid(c6c32ead5acc243f199003f3e960190c) Importer(2089858483,e11c23a36db5f54750b8cd40eac0985b)
Start importing Assets/_Barking_Dog/_3D Scifi Base Vol 1/Prefabs/_Legos/P_Big_Base_03.prefab using Guid(c6c32ead5acc243f199003f3e960190c) Importer(2089858483,e11c23a36db5f54750b8cd40eac0985b) (ScriptedImporter) -> (artifact id: '71b16c27e54ef9c6d6c2f3891ade60eb') in 0.9144716 seconds
Number of updated asset objects reloaded before import = 0Number of asset objects unloaded after import = 1521

========================================================================
Received Import Request.
  Time since last request: 0.000032 seconds.
  path: Assets/_Barking_Dog/_3D Scifi Base Vol 1/Prefabs/_Fx/ForceField_02.prefab
  artifactKey: Guid(17f7a533d53e64ac295c284229f35596) Importer(2089858483,e11c23a36db5f54750b8cd40eac0985b)
Start importing Assets/_Barking_Dog/_3D Scifi Base Vol 1/Prefabs/_Fx/ForceField_02.prefab using Guid(17f7a533d53e64ac295c284229f35596) Importer(2089858483,e11c23a36db5f54750b8cd40eac0985b) (ScriptedImporter) -> (artifact id: '7fbd5cbdbae526733e1fb869c9c35c7b') in 0.0123335 seconds
Number of updated asset objects reloaded before import = 0Number of asset objects unloaded after import = 14

========================================================================
Received Import Request.
  Time since last request: 0.000037 seconds.
  path: Assets/_Barking_Dog/_3D Scifi Base Vol 1/Prefabs/_Legos/P_Corridor_Small_02.prefab
  artifactKey: Guid(eab4b9425e36c4a9b866f2d45934b140) Importer(2089858483,e11c23a36db5f54750b8cd40eac0985b)
Start importing Assets/_Barking_Dog/_3D Scifi Base Vol 1/Prefabs/_Legos/P_Corridor_Small_02.prefab using Guid(eab4b9425e36c4a9b866f2d45934b140) Importer(2089858483,e11c23a36db5f54750b8cd40eac0985b) (ScriptedImporter) -> (artifact id: 'bdb92c67f7d251e598301e791806edb5') in 0.0829486 seconds
Number of updated asset objects reloaded before import = 0Number of asset objects unloaded after import = 122

========================================================================
Received Import Request.
  Time since last request: 0.000036 seconds.
  path: Assets/_Barking_Dog/_3D Scifi Base Vol 1/Prefabs/_Legos/P_Corridor_Small_01.prefab
  artifactKey: Guid(be83d275bdbf14b3792eeaadc802242b) Importer(2089858483,e11c23a36db5f54750b8cd40eac0985b)
Start importing Assets/_Barking_Dog/_3D Scifi Base Vol 1/Prefabs/_Legos/P_Corridor_Small_01.prefab using Guid(be83d275bdbf14b3792eeaadc802242b) Importer(2089858483,e11c23a36db5f54750b8cd40eac0985b) (ScriptedImporter) -> (artifact id: '2d3bed4dafe3d419ee69c5422e995e3e') in 0.1527227 seconds
Number of updated asset objects reloaded before import = 0Number of asset objects unloaded after import = 126

========================================================================
Received Import Request.
  Time since last request: 0.000030 seconds.
  path: Assets/_Barking_Dog/_3D Scifi Base Vol 1/Prefabs/_Legos/P_Corridor_WallAngle_02.prefab
  artifactKey: Guid(f8e391eab8e4d4b20b2eed1cdf640145) Importer(2089858483,e11c23a36db5f54750b8cd40eac0985b)
Start importing Assets/_Barking_Dog/_3D Scifi Base Vol 1/Prefabs/_Legos/P_Corridor_WallAngle_02.prefab using Guid(f8e391eab8e4d4b20b2eed1cdf640145) Importer(2089858483,e11c23a36db5f54750b8cd40eac0985b) (ScriptedImporter) -> (artifact id: '91c39a7936f53adb2c0130d235cf70df') in 0.2793145 seconds
Number of updated asset objects reloaded before import = 0Number of asset objects unloaded after import = 387

========================================================================
Received Import Request.
  Time since last request: 0.000045 seconds.
  path: Assets/_Barking_Dog/_3D Scifi Base Vol 1/Prefabs/_Legos/P_Corridor_Small_04.prefab
  artifactKey: Guid(5c69609b582f8433cbb6fc9fe10b12d6) Importer(2089858483,e11c23a36db5f54750b8cd40eac0985b)
Start importing Assets/_Barking_Dog/_3D Scifi Base Vol 1/Prefabs/_Legos/P_Corridor_Small_04.prefab using Guid(5c69609b582f8433cbb6fc9fe10b12d6) Importer(2089858483,e11c23a36db5f54750b8cd40eac0985b) (ScriptedImporter) -> (artifact id: 'c7771d74848bfdb4d00c3453563aa447') in 0.0979235 seconds
Number of updated asset objects reloaded before import = 0Number of asset objects unloaded after import = 117

========================================================================
Received Import Request.
  Time since last request: 0.000054 seconds.
  path: Assets/_Barking_Dog/_3D Scifi Base Vol 1/Prefabs/_Legos/P_Corridor_Small_06.prefab
  artifactKey: Guid(e7d722afd9fdb468d9fa4d7c86cd3302) Importer(2089858483,e11c23a36db5f54750b8cd40eac0985b)
Start importing Assets/_Barking_Dog/_3D Scifi Base Vol 1/Prefabs/_Legos/P_Corridor_Small_06.prefab using Guid(e7d722afd9fdb468d9fa4d7c86cd3302) Importer(2089858483,e11c23a36db5f54750b8cd40eac0985b) (ScriptedImporter) -> (artifact id: '67f54af678c87e63ac359c55bf9c613b') in 0.0638131 seconds
Number of updated asset objects reloaded before import = 0Number of asset objects unloaded after import = 100

========================================================================
Received Import Request.
  Time since last request: 0.000033 seconds.
  path: Assets/_Barking_Dog/_3D Scifi Base Vol 1/Prefabs/_Legos/P_Corridor_End_01.prefab
  artifactKey: Guid(e95dfbd9d58894f17a04256281e63e20) Importer(2089858483,e11c23a36db5f54750b8cd40eac0985b)
Start importing Assets/_Barking_Dog/_3D Scifi Base Vol 1/Prefabs/_Legos/P_Corridor_End_01.prefab using Guid(e95dfbd9d58894f17a04256281e63e20) Importer(2089858483,e11c23a36db5f54750b8cd40eac0985b) (ScriptedImporter) -> (artifact id: '0d28d1eb3f72aa15076222aba3c75b1f') in 0.1524893 seconds
Number of updated asset objects reloaded before import = 0Number of asset objects unloaded after import = 234

========================================================================
Received Import Request.
  Time since last request: 0.000046 seconds.
  path: Assets/_Barking_Dog/_3D Scifi Base Vol 1/Prefabs/_Legos/P_Corridor_WallAngle_04.prefab
  artifactKey: Guid(79412966e24bf442eb4a06e319437099) Importer(2089858483,e11c23a36db5f54750b8cd40eac0985b)
Start importing Assets/_Barking_Dog/_3D Scifi Base Vol 1/Prefabs/_Legos/P_Corridor_WallAngle_04.prefab using Guid(79412966e24bf442eb4a06e319437099) Importer(2089858483,e11c23a36db5f54750b8cd40eac0985b) (ScriptedImporter) -> (artifact id: '09e81ff18977685bd2d9c0497fa5fd99') in 0.1534084 seconds
Number of updated asset objects reloaded before import = 0Number of asset objects unloaded after import = 185

========================================================================
Received Import Request.
  Time since last request: 0.000033 seconds.
  path: Assets/_Barking_Dog/_3D Scifi Base Vol 1/Prefabs/_Legos/P_Plateform_Big_01.prefab
  artifactKey: Guid(011b6917c07494ac9b9a80e4dd451ea2) Importer(2089858483,e11c23a36db5f54750b8cd40eac0985b)
Start importing Assets/_Barking_Dog/_3D Scifi Base Vol 1/Prefabs/_Legos/P_Plateform_Big_01.prefab using Guid(011b6917c07494ac9b9a80e4dd451ea2) Importer(2089858483,e11c23a36db5f54750b8cd40eac0985b) (ScriptedImporter) -> (artifact id: '85b9943458f47d57b9d655409a2ef7c3') in 0.3070637 seconds
Number of updated asset objects reloaded before import = 0Number of asset objects unloaded after import = 371

========================================================================
Received Import Request.
  Time since last request: 0.000072 seconds.
  path: Assets/_Barking_Dog/_3D Scifi Base Vol 1/Prefabs/_Legos/P_Plateform_Big_04.prefab
  artifactKey: Guid(f62dadb546fe64e2dbfbca9b9b09f3ea) Importer(2089858483,e11c23a36db5f54750b8cd40eac0985b)
Start importing Assets/_Barking_Dog/_3D Scifi Base Vol 1/Prefabs/_Legos/P_Plateform_Big_04.prefab using Guid(f62dadb546fe64e2dbfbca9b9b09f3ea) Importer(2089858483,e11c23a36db5f54750b8cd40eac0985b) (ScriptedImporter) -> (artifact id: 'c7e81a28a0c76b90060bbb57d503a86b') in 0.7603521 seconds
Number of updated asset objects reloaded before import = 0Number of asset objects unloaded after import = 731

========================================================================
Received Import Request.
  Time since last request: 0.000039 seconds.
  path: Assets/_Barking_Dog/_3D Scifi Base Vol 1/Prefabs/_Legos/P_Plateform_Big_05.prefab
  artifactKey: Guid(3956195420b374ae9b6cee702448eba7) Importer(2089858483,e11c23a36db5f54750b8cd40eac0985b)
Start importing Assets/_Barking_Dog/_3D Scifi Base Vol 1/Prefabs/_Legos/P_Plateform_Big_05.prefab using Guid(3956195420b374ae9b6cee702448eba7) Importer(2089858483,e11c23a36db5f54750b8cd40eac0985b) (ScriptedImporter) -> (artifact id: '0d967edf7c6c7ed577ca7d077ea75c0a') in 0.7637151 seconds
Number of updated asset objects reloaded before import = 0Number of asset objects unloaded after import = 731

========================================================================
Received Import Request.
  Time since last request: 0.000052 seconds.
  path: Assets/_Barking_Dog/_3D Scifi Base Vol 1/Prefabs/_Legos/P_Corridor_End_02.prefab
  artifactKey: Guid(6f17f2837521c4ac898445a9a7e2e135) Importer(2089858483,e11c23a36db5f54750b8cd40eac0985b)
Start importing Assets/_Barking_Dog/_3D Scifi Base Vol 1/Prefabs/_Legos/P_Corridor_End_02.prefab using Guid(6f17f2837521c4ac898445a9a7e2e135) Importer(2089858483,e11c23a36db5f54750b8cd40eac0985b) (ScriptedImporter) -> (artifact id: '52bf437984773229e92c98dee8cc1ab1') in 0.2134688 seconds
Number of updated asset objects reloaded before import = 0Number of asset objects unloaded after import = 208

========================================================================
Received Import Request.
  Time since last request: 0.000031 seconds.
  path: Assets/_Barking_Dog/_3D Scifi Base Vol 1/Prefabs/_Legos/P_Radar_Big_01.prefab
  artifactKey: Guid(22546d60180dc47e285643ff19f000be) Importer(2089858483,e11c23a36db5f54750b8cd40eac0985b)
Start importing Assets/_Barking_Dog/_3D Scifi Base Vol 1/Prefabs/_Legos/P_Radar_Big_01.prefab using Guid(22546d60180dc47e285643ff19f000be) Importer(2089858483,e11c23a36db5f54750b8cd40eac0985b) (ScriptedImporter) -> (artifact id: 'af551c5afd8452d4bf12c77ede080834') in 0.0327811 seconds
Number of updated asset objects reloaded before import = 0Number of asset objects unloaded after import = 17

========================================================================
Received Import Request.
  Time since last request: 0.000053 seconds.
  path: Assets/_Barking_Dog/_3D Scifi Base Vol 1/Prefabs/_Legos/P_Plateform_Big_03.prefab
  artifactKey: Guid(e74edb83bfd88497197fdadeaee46597) Importer(2089858483,e11c23a36db5f54750b8cd40eac0985b)
Start importing Assets/_Barking_Dog/_3D Scifi Base Vol 1/Prefabs/_Legos/P_Plateform_Big_03.prefab using Guid(e74edb83bfd88497197fdadeaee46597) Importer(2089858483,e11c23a36db5f54750b8cd40eac0985b) (ScriptedImporter) -> (artifact id: '5896b5538221b174a87e872f54eb9d2d') in 0.1196253 seconds
Number of updated asset objects reloaded before import = 0Number of asset objects unloaded after import = 126

========================================================================
Received Import Request.
  Time since last request: 0.000034 seconds.
  path: Assets/_Barking_Dog/_3D Scifi Base Vol 1/Prefabs/_Legos/P_Corridor_Small_07.prefab
  artifactKey: Guid(7dc4540c94faf41a09b41b78469293a8) Importer(2089858483,e11c23a36db5f54750b8cd40eac0985b)
Start importing Assets/_Barking_Dog/_3D Scifi Base Vol 1/Prefabs/_Legos/P_Corridor_Small_07.prefab using Guid(7dc4540c94faf41a09b41b78469293a8) Importer(2089858483,e11c23a36db5f54750b8cd40eac0985b) (ScriptedImporter) -> (artifact id: 'cd8f0fad933f1f5da4b5c913510fc06e') in 0.1181687 seconds
Number of updated asset objects reloaded before import = 0Number of asset objects unloaded after import = 111

========================================================================
Received Import Request.
  Time since last request: 0.000030 seconds.
  path: Assets/_Barking_Dog/_3D Scifi Base Vol 1/Prefabs/_Legos/P_Radar_Base_Fence_01.prefab
  artifactKey: Guid(263d9e3f51d654e2e882b7a1e35242c8) Importer(2089858483,e11c23a36db5f54750b8cd40eac0985b)
Start importing Assets/_Barking_Dog/_3D Scifi Base Vol 1/Prefabs/_Legos/P_Radar_Base_Fence_01.prefab using Guid(263d9e3f51d654e2e882b7a1e35242c8) Importer(2089858483,e11c23a36db5f54750b8cd40eac0985b) (ScriptedImporter) -> (artifact id: '14d2c8af60a2e4cd849f37bfe3c12d1b') in 0.1851497 seconds
Number of updated asset objects reloaded before import = 0Number of asset objects unloaded after import = 312

========================================================================
Received Import Request.
  Time since last request: 0.000042 seconds.
  path: Assets/_Barking_Dog/_3D Scifi Base Vol 1/Prefabs/_Legos/P_Small_Dome_01.prefab
  artifactKey: Guid(bff83ac9399c84fd28bdf7bf99c213fd) Importer(2089858483,e11c23a36db5f54750b8cd40eac0985b)
Start importing Assets/_Barking_Dog/_3D Scifi Base Vol 1/Prefabs/_Legos/P_Small_Dome_01.prefab using Guid(bff83ac9399c84fd28bdf7bf99c213fd) Importer(2089858483,e11c23a36db5f54750b8cd40eac0985b) (ScriptedImporter) -> (artifact id: '5e5e53f89017ad206b22558a7c9d93ff') in 0.0265178 seconds
Number of updated asset objects reloaded before import = 0Number of asset objects unloaded after import = 32

========================================================================
Received Import Request.
  Time since last request: 0.000040 seconds.
  path: Assets/_Barking_Dog/_3D Scifi Base Vol 1/Prefabs/_Legos/P_Small_Base_03.prefab
  artifactKey: Guid(c00fc66f35cbb469bb3c82a2093654fe) Importer(2089858483,e11c23a36db5f54750b8cd40eac0985b)
Start importing Assets/_Barking_Dog/_3D Scifi Base Vol 1/Prefabs/_Legos/P_Small_Base_03.prefab using Guid(c00fc66f35cbb469bb3c82a2093654fe) Importer(2089858483,e11c23a36db5f54750b8cd40eac0985b) (ScriptedImporter) -> (artifact id: 'df4bea6f39ba24be9fa65cc29007fd16') in 1.1813759 seconds
Number of updated asset objects reloaded before import = 0Number of asset objects unloaded after import = 1438

========================================================================
Received Import Request.
  Time since last request: 0.000033 seconds.
  path: Assets/_Barking_Dog/_3D Scifi Base Vol 1/Prefabs/_Legos/P_Small_Pod_02.prefab
  artifactKey: Guid(e12f616ec278c4027aa722c07e075861) Importer(2089858483,e11c23a36db5f54750b8cd40eac0985b)
Start importing Assets/_Barking_Dog/_3D Scifi Base Vol 1/Prefabs/_Legos/P_Small_Pod_02.prefab using Guid(e12f616ec278c4027aa722c07e075861) Importer(2089858483,e11c23a36db5f54750b8cd40eac0985b) (ScriptedImporter) -> (artifact id: '5f2f2fdb2ef121b31a0e70448e9b7287') in 0.3253685 seconds
Number of updated asset objects reloaded before import = 0Number of asset objects unloaded after import = 418

========================================================================
Received Import Request.
  Time since last request: 0.000066 seconds.
  path: Assets/_Barking_Dog/_3D Scifi Base Vol 1/Prefabs/_Legos/P_Small_Base_02.prefab
  artifactKey: Guid(332f11f44cbfe48a79cf88f595f749bf) Importer(2089858483,e11c23a36db5f54750b8cd40eac0985b)
Start importing Assets/_Barking_Dog/_3D Scifi Base Vol 1/Prefabs/_Legos/P_Small_Base_02.prefab using Guid(332f11f44cbfe48a79cf88f595f749bf) Importer(2089858483,e11c23a36db5f54750b8cd40eac0985b) (ScriptedImporter) -> (artifact id: 'e9b2f2575ada2ee5fd3d9f67ff7c6242') in 1.4499385 seconds
Number of updated asset objects reloaded before import = 0Number of asset objects unloaded after import = 2057

========================================================================
Received Import Request.
  Time since last request: 0.000034 seconds.
  path: Assets/_Barking_Dog/_3D Scifi Base Vol 1/Prefabs/_Legos/P_Small_Tower_Ring_01.prefab
  artifactKey: Guid(be7ea5c3d41774b25ac3f8c47a950e4b) Importer(2089858483,e11c23a36db5f54750b8cd40eac0985b)
Start importing Assets/_Barking_Dog/_3D Scifi Base Vol 1/Prefabs/_Legos/P_Small_Tower_Ring_01.prefab using Guid(be7ea5c3d41774b25ac3f8c47a950e4b) Importer(2089858483,e11c23a36db5f54750b8cd40eac0985b) (ScriptedImporter) -> (artifact id: 'd8ffacb64070baffe7b3c6aa534e9ae6') in 0.8802026 seconds
Number of updated asset objects reloaded before import = 0Number of asset objects unloaded after import = 830

========================================================================
Received Import Request.
  Time since last request: 0.000041 seconds.
  path: Assets/_Barking_Dog/_3D Scifi Base Vol 1/Prefabs/_Legos/P_Small_Tower_Ring_02.prefab
  artifactKey: Guid(0f6e21efc36e743a7bcf80ae4b8789c0) Importer(2089858483,e11c23a36db5f54750b8cd40eac0985b)
Start importing Assets/_Barking_Dog/_3D Scifi Base Vol 1/Prefabs/_Legos/P_Small_Tower_Ring_02.prefab using Guid(0f6e21efc36e743a7bcf80ae4b8789c0) Importer(2089858483,e11c23a36db5f54750b8cd40eac0985b) (ScriptedImporter) -> (artifact id: '6cf1e086d037b7137ed2c43a03b6cf4a') in 1.1224515 seconds
Number of updated asset objects reloaded before import = 0Number of asset objects unloaded after import = 820

========================================================================
Received Import Request.
  Time since last request: 0.000035 seconds.
  path: Assets/_Barking_Dog/_3D Scifi Base Vol 1/Prefabs/_Legos/P_Small_Tower_Ring_03.prefab
  artifactKey: Guid(689ead7831fdd4dd39ced959b4e299e3) Importer(2089858483,e11c23a36db5f54750b8cd40eac0985b)
Start importing Assets/_Barking_Dog/_3D Scifi Base Vol 1/Prefabs/_Legos/P_Small_Tower_Ring_03.prefab using Guid(689ead7831fdd4dd39ced959b4e299e3) Importer(2089858483,e11c23a36db5f54750b8cd40eac0985b) (ScriptedImporter) -> (artifact id: '672db90221ed5a2c132d33ab53c95723') in 0.8302004 seconds
Number of updated asset objects reloaded before import = 0Number of asset objects unloaded after import = 796

========================================================================
Received Import Request.
  Time since last request: 0.000043 seconds.
  path: Assets/_Barking_Dog/_3D Scifi Base Vol 1/Prefabs/_Legos/P_Small_Base_01.prefab
  artifactKey: Guid(6b64413353b83483d93aa4ca738c3ece) Importer(2089858483,e11c23a36db5f54750b8cd40eac0985b)
Start importing Assets/_Barking_Dog/_3D Scifi Base Vol 1/Prefabs/_Legos/P_Small_Base_01.prefab using Guid(6b64413353b83483d93aa4ca738c3ece) Importer(2089858483,e11c23a36db5f54750b8cd40eac0985b) (ScriptedImporter) -> (artifact id: 'd79eb5eca9abd87c465bae298cde2a1e') in 1.8624138 seconds
Number of updated asset objects reloaded before import = 0Number of asset objects unloaded after import = 2537

========================================================================
Received Import Request.
  Time since last request: 0.000034 seconds.
  path: Assets/_Barking_Dog/_3D Scifi Base Vol 1/Prefabs/_Legos/P_Plateform_Big_02.prefab
  artifactKey: Guid(7b54114cab7d448e38c75931ca7068da) Importer(2089858483,e11c23a36db5f54750b8cd40eac0985b)
Start importing Assets/_Barking_Dog/_3D Scifi Base Vol 1/Prefabs/_Legos/P_Plateform_Big_02.prefab using Guid(7b54114cab7d448e38c75931ca7068da) Importer(2089858483,e11c23a36db5f54750b8cd40eac0985b) (ScriptedImporter) -> (artifact id: '6b0ce5bb1c48b6c233d790465c951f4b') in 0.0780728 seconds
Number of updated asset objects reloaded before import = 0Number of asset objects unloaded after import = 114

========================================================================
Received Import Request.
  Time since last request: 0.000035 seconds.
  path: Assets/_Barking_Dog/_3D Scifi Base Vol 1/Prefabs/_Legos/P_Sphere_Dome_01.prefab
  artifactKey: Guid(f1f3de696b36b48c9ba600c0519904a8) Importer(2089858483,e11c23a36db5f54750b8cd40eac0985b)
Start importing Assets/_Barking_Dog/_3D Scifi Base Vol 1/Prefabs/_Legos/P_Sphere_Dome_01.prefab using Guid(f1f3de696b36b48c9ba600c0519904a8) Importer(2089858483,e11c23a36db5f54750b8cd40eac0985b) (ScriptedImporter) -> (artifact id: '85cacfedabfee55ab13237811569ea13') in 0.0665038 seconds
Number of updated asset objects reloaded before import = 0Number of asset objects unloaded after import = 62

========================================================================
Received Import Request.
  Time since last request: 0.000027 seconds.
  path: Assets/_Barking_Dog/_3D Scifi Base Vol 1/Prefabs/_Legos/P_Small_Tower_Room_06.prefab
  artifactKey: Guid(595a396050bd5488997b131eb2c2305d) Importer(2089858483,e11c23a36db5f54750b8cd40eac0985b)
Start importing Assets/_Barking_Dog/_3D Scifi Base Vol 1/Prefabs/_Legos/P_Small_Tower_Room_06.prefab using Guid(595a396050bd5488997b131eb2c2305d) Importer(2089858483,e11c23a36db5f54750b8cd40eac0985b) (ScriptedImporter) -> (artifact id: '1a587b813c57af58efca63103c40c04f') in 1.5783908 seconds
Number of updated asset objects reloaded before import = 0Number of asset objects unloaded after import = 2218

========================================================================
Received Import Request.
  Time since last request: 0.000035 seconds.
  path: Assets/_Barking_Dog/_3D Scifi Base Vol 1/Prefabs/_Props/P_Can_Red_01.prefab
  artifactKey: Guid(ae3885213e51a4622976003cb60fe5da) Importer(2089858483,e11c23a36db5f54750b8cd40eac0985b)
Start importing Assets/_Barking_Dog/_3D Scifi Base Vol 1/Prefabs/_Props/P_Can_Red_01.prefab using Guid(ae3885213e51a4622976003cb60fe5da) Importer(2089858483,e11c23a36db5f54750b8cd40eac0985b) (ScriptedImporter) -> (artifact id: 'ea9ec24d2659f3032c30ea2e460a01db') in 0.0268904 seconds
Number of updated asset objects reloaded before import = 0Number of asset objects unloaded after import = 12

========================================================================
Received Import Request.
  Time since last request: 0.000036 seconds.
  path: Assets/_Barking_Dog/_3D Scifi Base Vol 1/Prefabs/_Props/P_Char_02.prefab
  artifactKey: Guid(42b9d7d02d46c49628d750a03d4ba7c6) Importer(2089858483,e11c23a36db5f54750b8cd40eac0985b)
Start importing Assets/_Barking_Dog/_3D Scifi Base Vol 1/Prefabs/_Props/P_Char_02.prefab using Guid(42b9d7d02d46c49628d750a03d4ba7c6) Importer(2089858483,e11c23a36db5f54750b8cd40eac0985b) (ScriptedImporter) -> (artifact id: '9ea32ac9ffa341731517c13eb0402521') in 0.0157913 seconds
Number of updated asset objects reloaded before import = 0Number of asset objects unloaded after import = 19

========================================================================
Received Import Request.
  Time since last request: 0.000032 seconds.
  path: Assets/_Barking_Dog/_3D Scifi Base Vol 1/Prefabs/_Props/P_Char_01.prefab
  artifactKey: Guid(bd7ebf83bccfb4cbd942c996f40485f9) Importer(2089858483,e11c23a36db5f54750b8cd40eac0985b)
Start importing Assets/_Barking_Dog/_3D Scifi Base Vol 1/Prefabs/_Props/P_Char_01.prefab using Guid(bd7ebf83bccfb4cbd942c996f40485f9) Importer(2089858483,e11c23a36db5f54750b8cd40eac0985b) (ScriptedImporter) -> (artifact id: '6690111a6a43596bf07e7f638ee9aabc') in 0.0181842 seconds
Number of updated asset objects reloaded before import = 0Number of asset objects unloaded after import = 22

========================================================================
Received Import Request.
  Time since last request: 0.000024 seconds.
  path: Assets/_Barking_Dog/_3D Scifi Base Vol 1/Prefabs/_Legos/P_Small_Pod_01.prefab
  artifactKey: Guid(1f1f2bf34fcb14387934133ed044c464) Importer(2089858483,e11c23a36db5f54750b8cd40eac0985b)
Start importing Assets/_Barking_Dog/_3D Scifi Base Vol 1/Prefabs/_Legos/P_Small_Pod_01.prefab using Guid(1f1f2bf34fcb14387934133ed044c464) Importer(2089858483,e11c23a36db5f54750b8cd40eac0985b) (ScriptedImporter) -> (artifact id: 'bf2cebc6a7243f8aef72ab7012bfe88b') in 0.4211516 seconds
Number of updated asset objects reloaded before import = 0Number of asset objects unloaded after import = 526

========================================================================
Received Import Request.
  Time since last request: 0.000035 seconds.
  path: Assets/_Barking_Dog/_3D Scifi Base Vol 1/Prefabs/_Props/P_Computer_01.prefab
  artifactKey: Guid(b76cd7de082e441d5a857beb4515185c) Importer(2089858483,e11c23a36db5f54750b8cd40eac0985b)
Start importing Assets/_Barking_Dog/_3D Scifi Base Vol 1/Prefabs/_Props/P_Computer_01.prefab using Guid(b76cd7de082e441d5a857beb4515185c) Importer(2089858483,e11c23a36db5f54750b8cd40eac0985b) (ScriptedImporter) -> (artifact id: 'a751e96f5399a04ca1af313f129d6ea0') in 0.0367615 seconds
Number of updated asset objects reloaded before import = 0Number of asset objects unloaded after import = 29

========================================================================
Received Import Request.
  Time since last request: 0.000055 seconds.
  path: Assets/_Barking_Dog/_3D Scifi Base Vol 1/Prefabs/_Props/P_Computer_Dbl_03.prefab
  artifactKey: Guid(3aa199ebb69b94a8da1d93951953fd81) Importer(2089858483,e11c23a36db5f54750b8cd40eac0985b)
Start importing Assets/_Barking_Dog/_3D Scifi Base Vol 1/Prefabs/_Props/P_Computer_Dbl_03.prefab using Guid(3aa199ebb69b94a8da1d93951953fd81) Importer(2089858483,e11c23a36db5f54750b8cd40eac0985b) (ScriptedImporter) -> (artifact id: '05cf9515ce1c1768c3bf0170a10d6943') in 0.0990714 seconds
Number of updated asset objects reloaded before import = 0Number of asset objects unloaded after import = 89

========================================================================
Received Import Request.
  Time since last request: 0.000030 seconds.
  path: Assets/_Barking_Dog/_3D Scifi Base Vol 1/Prefabs/_Props/P_Computer_Dbl_02.prefab
  artifactKey: Guid(79da999ee4e6849628b51dc644792d12) Importer(2089858483,e11c23a36db5f54750b8cd40eac0985b)
Start importing Assets/_Barking_Dog/_3D Scifi Base Vol 1/Prefabs/_Props/P_Computer_Dbl_02.prefab using Guid(79da999ee4e6849628b51dc644792d12) Importer(2089858483,e11c23a36db5f54750b8cd40eac0985b) (ScriptedImporter) -> (artifact id: '2bb9c8105bc6403a3f69a86fb2a8c0f4') in 0.0632188 seconds
Number of updated asset objects reloaded before import = 0Number of asset objects unloaded after import = 73

========================================================================
Received Import Request.
  Time since last request: 0.000036 seconds.
  path: Assets/_Barking_Dog/_3D Scifi Base Vol 1/Prefabs/_Props/P_Computer_Dbl_04.prefab
  artifactKey: Guid(c7d5702e210bf45cda462558ce486941) Importer(2089858483,e11c23a36db5f54750b8cd40eac0985b)
Start importing Assets/_Barking_Dog/_3D Scifi Base Vol 1/Prefabs/_Props/P_Computer_Dbl_04.prefab using Guid(c7d5702e210bf45cda462558ce486941) Importer(2089858483,e11c23a36db5f54750b8cd40eac0985b) (ScriptedImporter) -> (artifact id: 'abe2d55527aaa2d4624631804e16023b') in 0.1274846 seconds
Number of updated asset objects reloaded before import = 0Number of asset objects unloaded after import = 139

========================================================================
Received Import Request.
  Time since last request: 0.000044 seconds.
  path: Assets/_Barking_Dog/_3D Scifi Base Vol 1/Prefabs/_Props/P_Crate_Yellow_Big_01.prefab
  artifactKey: Guid(432778808f5bc4f18b75113d4f299254) Importer(2089858483,e11c23a36db5f54750b8cd40eac0985b)
Start importing Assets/_Barking_Dog/_3D Scifi Base Vol 1/Prefabs/_Props/P_Crate_Yellow_Big_01.prefab using Guid(432778808f5bc4f18b75113d4f299254) Importer(2089858483,e11c23a36db5f54750b8cd40eac0985b) (ScriptedImporter) -> (artifact id: '418697f8641b74200c57a6d4239ff959') in 0.0128169 seconds
Number of updated asset objects reloaded before import = 0Number of asset objects unloaded after import = 17

========================================================================
Received Import Request.
  Time since last request: 0.000024 seconds.
  path: Assets/_Barking_Dog/_3D Scifi Base Vol 1/Prefabs/_Props/P_Electric_Pylon_01.prefab
  artifactKey: Guid(73aeb9e95435c4482b0b14c9dc4fd990) Importer(2089858483,e11c23a36db5f54750b8cd40eac0985b)
Start importing Assets/_Barking_Dog/_3D Scifi Base Vol 1/Prefabs/_Props/P_Electric_Pylon_01.prefab using Guid(73aeb9e95435c4482b0b14c9dc4fd990) Importer(2089858483,e11c23a36db5f54750b8cd40eac0985b) (ScriptedImporter) -> (artifact id: 'af3c82035ade2dae8b05583dedabf377') in 0.0369004 seconds
Number of updated asset objects reloaded before import = 0Number of asset objects unloaded after import = 32

========================================================================
Received Import Request.
  Time since last request: 0.000033 seconds.
  path: Assets/_Barking_Dog/_3D Scifi Base Vol 1/Prefabs/_Props/P_Computer_Dbl_01.prefab
  artifactKey: Guid(c39efed210dcb447fbfc80d610212532) Importer(2089858483,e11c23a36db5f54750b8cd40eac0985b)
Start importing Assets/_Barking_Dog/_3D Scifi Base Vol 1/Prefabs/_Props/P_Computer_Dbl_01.prefab using Guid(c39efed210dcb447fbfc80d610212532) Importer(2089858483,e11c23a36db5f54750b8cd40eac0985b) (ScriptedImporter) -> (artifact id: 'bf42c07a4987fbd2deef20d1943f4788') in 0.0403791 seconds
Number of updated asset objects reloaded before import = 0Number of asset objects unloaded after import = 53

========================================================================
Received Import Request.
  Time since last request: 0.000045 seconds.
  path: Assets/_Barking_Dog/_3D Scifi Base Vol 1/Prefabs/_Legos/P_Small_Tower_Room_03.prefab
  artifactKey: Guid(aa8791d718efd40f9afdebe58249761a) Importer(2089858483,e11c23a36db5f54750b8cd40eac0985b)
Start importing Assets/_Barking_Dog/_3D Scifi Base Vol 1/Prefabs/_Legos/P_Small_Tower_Room_03.prefab using Guid(aa8791d718efd40f9afdebe58249761a) Importer(2089858483,e11c23a36db5f54750b8cd40eac0985b) (ScriptedImporter) -> (artifact id: '661497f7223137e9bbd2d92f0e716f9d') in 0.5485519 seconds
Number of updated asset objects reloaded before import = 0Number of asset objects unloaded after import = 865

========================================================================
Received Import Request.
  Time since last request: 0.000059 seconds.
  path: Assets/_Barking_Dog/_3D Scifi Base Vol 1/Prefabs/_Props/P_Grid_Plateform_01.prefab
  artifactKey: Guid(a107d7970e52f494f844641cc5e2d994) Importer(2089858483,e11c23a36db5f54750b8cd40eac0985b)
Start importing Assets/_Barking_Dog/_3D Scifi Base Vol 1/Prefabs/_Props/P_Grid_Plateform_01.prefab using Guid(a107d7970e52f494f844641cc5e2d994) Importer(2089858483,e11c23a36db5f54750b8cd40eac0985b) (ScriptedImporter) -> (artifact id: '763938d67765c48f04caf5c9a861a9b6') in 0.0097943 seconds
Number of updated asset objects reloaded before import = 0Number of asset objects unloaded after import = 13

========================================================================
Received Import Request.
  Time since last request: 0.000034 seconds.
  path: Assets/_Barking_Dog/_3D Scifi Base Vol 1/Prefabs/_Props/P_Laptop_01.prefab
  artifactKey: Guid(9cd5e167b147846b9a0b217637160d6d) Importer(2089858483,e11c23a36db5f54750b8cd40eac0985b)
Start importing Assets/_Barking_Dog/_3D Scifi Base Vol 1/Prefabs/_Props/P_Laptop_01.prefab using Guid(9cd5e167b147846b9a0b217637160d6d) Importer(2089858483,e11c23a36db5f54750b8cd40eac0985b) (ScriptedImporter) -> (artifact id: '2a82066d9bbc633b4b188c3509025a31') in 0.0174984 seconds
Number of updated asset objects reloaded before import = 0Number of asset objects unloaded after import = 24

========================================================================
Received Import Request.
  Time since last request: 0.000028 seconds.
  path: Assets/_Barking_Dog/_3D Scifi Base Vol 1/Prefabs/_Props/P_Laser_Fence_07.prefab
  artifactKey: Guid(96e4d417ac8574751a06925182328af4) Importer(2089858483,e11c23a36db5f54750b8cd40eac0985b)
Start importing Assets/_Barking_Dog/_3D Scifi Base Vol 1/Prefabs/_Props/P_Laser_Fence_07.prefab using Guid(96e4d417ac8574751a06925182328af4) Importer(2089858483,e11c23a36db5f54750b8cd40eac0985b) (ScriptedImporter) -> (artifact id: '68761fe50233c3b5ef8f8cf51d85db6f') in 0.0144594 seconds
Number of updated asset objects reloaded before import = 0Number of asset objects unloaded after import = 23

========================================================================
Received Import Request.
  Time since last request: 0.000023 seconds.
  path: Assets/_Barking_Dog/_3D Scifi Base Vol 1/Prefabs/_Props/P_Laser_Fence_02.prefab
  artifactKey: Guid(4bf5e8621380045fc8d8de7691daa938) Importer(2089858483,e11c23a36db5f54750b8cd40eac0985b)
Start importing Assets/_Barking_Dog/_3D Scifi Base Vol 1/Prefabs/_Props/P_Laser_Fence_02.prefab using Guid(4bf5e8621380045fc8d8de7691daa938) Importer(2089858483,e11c23a36db5f54750b8cd40eac0985b) (ScriptedImporter) -> (artifact id: 'a9c5388277f541f4c58416d4e4cb573d') in 0.0093765 seconds
Number of updated asset objects reloaded before import = 0Number of asset objects unloaded after import = 12

========================================================================
Received Import Request.
  Time since last request: 0.000059 seconds.
  path: Assets/_Barking_Dog/_3D Scifi Base Vol 1/Prefabs/_Props/P_Laser_Fence_01.prefab
  artifactKey: Guid(99882afdabca645a88855b837ae97f8d) Importer(2089858483,e11c23a36db5f54750b8cd40eac0985b)
Start importing Assets/_Barking_Dog/_3D Scifi Base Vol 1/Prefabs/_Props/P_Laser_Fence_01.prefab using Guid(99882afdabca645a88855b837ae97f8d) Importer(2089858483,e11c23a36db5f54750b8cd40eac0985b) (ScriptedImporter) -> (artifact id: '2a93d4f586de4add8c767e080a908962') in 0.013296 seconds
Number of updated asset objects reloaded before import = 0Number of asset objects unloaded after import = 12

========================================================================
Received Import Request.
  Time since last request: 0.000044 seconds.
  path: Assets/_Barking_Dog/_3D Scifi Base Vol 1/Prefabs/_Props/P_Laser_Fence_Ray.prefab
  artifactKey: Guid(769bbea3053a04f358e8d213b1b507fe) Importer(2089858483,e11c23a36db5f54750b8cd40eac0985b)
Start importing Assets/_Barking_Dog/_3D Scifi Base Vol 1/Prefabs/_Props/P_Laser_Fence_Ray.prefab using Guid(769bbea3053a04f358e8d213b1b507fe) Importer(2089858483,e11c23a36db5f54750b8cd40eac0985b) (ScriptedImporter) -> (artifact id: '374e1a2fd940c9f64c062cf6fb19a722') in 0.0227978 seconds
Number of updated asset objects reloaded before import = 0Number of asset objects unloaded after import = 10

========================================================================
Received Import Request.
  Time since last request: 0.000026 seconds.
  path: Assets/_Barking_Dog/_3D Scifi Base Vol 1/Prefabs/_Props/P_Eole_01.prefab
  artifactKey: Guid(fdcb6720e4002417784e26c07d5854ea) Importer(2089858483,e11c23a36db5f54750b8cd40eac0985b)
Start importing Assets/_Barking_Dog/_3D Scifi Base Vol 1/Prefabs/_Props/P_Eole_01.prefab using Guid(fdcb6720e4002417784e26c07d5854ea) Importer(2089858483,e11c23a36db5f54750b8cd40eac0985b) (ScriptedImporter) -> (artifact id: 'be0f823a8adaf872af21d6f882b2397e') in 0.0239665 seconds
Number of updated asset objects reloaded before import = 0Number of asset objects unloaded after import = 18

========================================================================
Received Import Request.
  Time since last request: 0.000035 seconds.
  path: Assets/_Barking_Dog/_3D Scifi Base Vol 1/Prefabs/_Props/P_Laser_Fence_03.prefab
  artifactKey: Guid(405e846282a234e17adfbf5b39c5a58f) Importer(2089858483,e11c23a36db5f54750b8cd40eac0985b)
Start importing Assets/_Barking_Dog/_3D Scifi Base Vol 1/Prefabs/_Props/P_Laser_Fence_03.prefab using Guid(405e846282a234e17adfbf5b39c5a58f) Importer(2089858483,e11c23a36db5f54750b8cd40eac0985b) (ScriptedImporter) -> (artifact id: 'adf4691da45eed7356bbd99ee3cd116b') in 0.0128464 seconds
Number of updated asset objects reloaded before import = 0Number of asset objects unloaded after import = 12

========================================================================
Received Import Request.
  Time since last request: 0.000056 seconds.
  path: Assets/_Barking_Dog/_3D Scifi Base Vol 1/Prefabs/_Props/P_Grid_Plateform_02.prefab
  artifactKey: Guid(5f910743330b84179b68f32978b49070) Importer(2089858483,e11c23a36db5f54750b8cd40eac0985b)
Start importing Assets/_Barking_Dog/_3D Scifi Base Vol 1/Prefabs/_Props/P_Grid_Plateform_02.prefab using Guid(5f910743330b84179b68f32978b49070) Importer(2089858483,e11c23a36db5f54750b8cd40eac0985b) (ScriptedImporter) -> (artifact id: 'cf0a11bcc7e2f08f8534c74a3c776504') in 0.0235211 seconds
Number of updated asset objects reloaded before import = 0Number of asset objects unloaded after import = 28

========================================================================
Received Import Request.
  Time since last request: 0.000050 seconds.
  path: Assets/_Barking_Dog/_3D Scifi Base Vol 1/Prefabs/_Props/P_Reactor_04.prefab
  artifactKey: Guid(cc707ca2484794174b5087a5a8e22546) Importer(2089858483,e11c23a36db5f54750b8cd40eac0985b)
Start importing Assets/_Barking_Dog/_3D Scifi Base Vol 1/Prefabs/_Props/P_Reactor_04.prefab using Guid(cc707ca2484794174b5087a5a8e22546) Importer(2089858483,e11c23a36db5f54750b8cd40eac0985b) (ScriptedImporter) -> (artifact id: '887ce5b4332040510c8774e9bf716fea') in 0.1138499 seconds
Number of updated asset objects reloaded before import = 0Number of asset objects unloaded after import = 104

========================================================================
Received Import Request.
  Time since last request: 0.000027 seconds.
  path: Assets/_Barking_Dog/_3D Scifi Base Vol 1/Prefabs/_Props/P_Monitor_01.prefab
  artifactKey: Guid(56aeafee9f44c4264a3ba989c1164444) Importer(2089858483,e11c23a36db5f54750b8cd40eac0985b)
Start importing Assets/_Barking_Dog/_3D Scifi Base Vol 1/Prefabs/_Props/P_Monitor_01.prefab using Guid(56aeafee9f44c4264a3ba989c1164444) Importer(2089858483,e11c23a36db5f54750b8cd40eac0985b) (ScriptedImporter) -> (artifact id: '5b77535a7f06da8a223f885dcab0f6ed') in 0.0191426 seconds
Number of updated asset objects reloaded before import = 0Number of asset objects unloaded after import = 31

========================================================================
Received Import Request.
  Time since last request: 0.000034 seconds.
  path: Assets/_Barking_Dog/_3D Scifi Base Vol 1/Prefabs/_Props/P_Reactor_07.prefab
  artifactKey: Guid(78dd5fe0404c940ff8b5cbaafd95e125) Importer(2089858483,e11c23a36db5f54750b8cd40eac0985b)
Start importing Assets/_Barking_Dog/_3D Scifi Base Vol 1/Prefabs/_Props/P_Reactor_07.prefab using Guid(78dd5fe0404c940ff8b5cbaafd95e125) Importer(2089858483,e11c23a36db5f54750b8cd40eac0985b) (ScriptedImporter) -> (artifact id: 'eb5d6599c3ae1f1568857fad8d49e6ca') in 0.1949723 seconds
Number of updated asset objects reloaded before import = 0Number of asset objects unloaded after import = 200

========================================================================
Received Import Request.
  Time since last request: 0.000036 seconds.
  path: Assets/_Barking_Dog/_3D Scifi Base Vol 1/Prefabs/_Props/P_Table_Laptop_01.prefab
  artifactKey: Guid(da3259ccad74245bc8111d7fa34eac7d) Importer(2089858483,e11c23a36db5f54750b8cd40eac0985b)
Start importing Assets/_Barking_Dog/_3D Scifi Base Vol 1/Prefabs/_Props/P_Table_Laptop_01.prefab using Guid(da3259ccad74245bc8111d7fa34eac7d) Importer(2089858483,e11c23a36db5f54750b8cd40eac0985b) (ScriptedImporter) -> (artifact id: '4152a1b6dbc8ed9fc1a40aa18bd59309') in 0.0295056 seconds
Number of updated asset objects reloaded before import = 0Number of asset objects unloaded after import = 50

========================================================================
Received Import Request.
  Time since last request: 0.000054 seconds.
  path: Assets/_Barking_Dog/_3D Scifi Base Vol 1/Prefabs/_Props/P_Solar_Panel_02.prefab
  artifactKey: Guid(b57afd488984347b4bf1df9db1ca5552) Importer(2089858483,e11c23a36db5f54750b8cd40eac0985b)
Start importing Assets/_Barking_Dog/_3D Scifi Base Vol 1/Prefabs/_Props/P_Solar_Panel_02.prefab using Guid(b57afd488984347b4bf1df9db1ca5552) Importer(2089858483,e11c23a36db5f54750b8cd40eac0985b) (ScriptedImporter) -> (artifact id: '4fa7f483929078a63cd2be941854db87') in 0.0224509 seconds
Number of updated asset objects reloaded before import = 0Number of asset objects unloaded after import = 32

========================================================================
Received Import Request.
  Time since last request: 0.000029 seconds.
  path: Assets/_Barking_Dog/_3D Scifi Base Vol 1/Prefabs/_Props/P_Pillow_01.prefab
  artifactKey: Guid(81205f1e91f8a4f8bab126928d43e951) Importer(2089858483,e11c23a36db5f54750b8cd40eac0985b)
Start importing Assets/_Barking_Dog/_3D Scifi Base Vol 1/Prefabs/_Props/P_Pillow_01.prefab using Guid(81205f1e91f8a4f8bab126928d43e951) Importer(2089858483,e11c23a36db5f54750b8cd40eac0985b) (ScriptedImporter) -> (artifact id: 'c1fb560785434c1a7734f7f192e9405b') in 0.0085316 seconds
Number of updated asset objects reloaded before import = 0Number of asset objects unloaded after import = 11

========================================================================
Received Import Request.
  Time since last request: 0.000036 seconds.
  path: Assets/_Barking_Dog/_3D Scifi Base Vol 1/Prefabs/_Props/P_Table_Big_01.prefab
  artifactKey: Guid(66503501027224404a1c6c5721886c1b) Importer(2089858483,e11c23a36db5f54750b8cd40eac0985b)
Start importing Assets/_Barking_Dog/_3D Scifi Base Vol 1/Prefabs/_Props/P_Table_Big_01.prefab using Guid(66503501027224404a1c6c5721886c1b) Importer(2089858483,e11c23a36db5f54750b8cd40eac0985b) (ScriptedImporter) -> (artifact id: '7234a48a04125227b815a4b4831e960b') in 0.0326171 seconds
Number of updated asset objects reloaded before import = 0Number of asset objects unloaded after import = 51

========================================================================
Received Import Request.
  Time since last request: 0.000035 seconds.
  path: Assets/_Barking_Dog/_3D Scifi Base Vol 1/Prefabs/_Props/P_Scanner_01.prefab
  artifactKey: Guid(37ce61a6e917d4648a6fb58d2634eed1) Importer(2089858483,e11c23a36db5f54750b8cd40eac0985b)
Start importing Assets/_Barking_Dog/_3D Scifi Base Vol 1/Prefabs/_Props/P_Scanner_01.prefab using Guid(37ce61a6e917d4648a6fb58d2634eed1) Importer(2089858483,e11c23a36db5f54750b8cd40eac0985b) (ScriptedImporter) -> (artifact id: '3ddb19f0a993c34c9c40735433e397a1') in 0.0230911 seconds
Number of updated asset objects reloaded before import = 0Number of asset objects unloaded after import = 25

========================================================================
Received Import Request.
  Time since last request: 0.000026 seconds.
  path: Assets/_Barking_Dog/_3D Scifi Base Vol 1/Prefabs/_Props/P_Reactor_05.prefab
  artifactKey: Guid(b62628b4ae6ea48a8ac2af85fca9b006) Importer(2089858483,e11c23a36db5f54750b8cd40eac0985b)
Start importing Assets/_Barking_Dog/_3D Scifi Base Vol 1/Prefabs/_Props/P_Reactor_05.prefab using Guid(b62628b4ae6ea48a8ac2af85fca9b006) Importer(2089858483,e11c23a36db5f54750b8cd40eac0985b) (ScriptedImporter) -> (artifact id: '8827ffac4a4f94c2015251e4449ebcfe') in 0.3001571 seconds
Number of updated asset objects reloaded before import = 0Number of asset objects unloaded after import = 241

========================================================================
Received Import Request.
  Time since last request: 0.000048 seconds.
  path: Assets/_Barking_Dog/_3D Scifi Base Vol 1/Prefabs/_Props/P_Trashcan_01.prefab
  artifactKey: Guid(8a461b5778979490d9812b288c6f6347) Importer(2089858483,e11c23a36db5f54750b8cd40eac0985b)
Start importing Assets/_Barking_Dog/_3D Scifi Base Vol 1/Prefabs/_Props/P_Trashcan_01.prefab using Guid(8a461b5778979490d9812b288c6f6347) Importer(2089858483,e11c23a36db5f54750b8cd40eac0985b) (ScriptedImporter) -> (artifact id: 'dbb7e98e8081349877c229088508d298') in 0.0096963 seconds
Number of updated asset objects reloaded before import = 0Number of asset objects unloaded after import = 11

========================================================================
Received Import Request.
  Time since last request: 0.000036 seconds.
  path: Assets/_Barking_Dog/_3D Scifi Base Vol 1/Prefabs/_Props/P_Technical_Cab_02.prefab
  artifactKey: Guid(cbebd1df03d5a47ea8c55364e6b05366) Importer(2089858483,e11c23a36db5f54750b8cd40eac0985b)
Start importing Assets/_Barking_Dog/_3D Scifi Base Vol 1/Prefabs/_Props/P_Technical_Cab_02.prefab using Guid(cbebd1df03d5a47ea8c55364e6b05366) Importer(2089858483,e11c23a36db5f54750b8cd40eac0985b) (ScriptedImporter) -> (artifact id: '69164061c7a0676a3de88f87fef5da3f') in 0.0135669 seconds
Number of updated asset objects reloaded before import = 0Number of asset objects unloaded after import = 13

========================================================================
Received Import Request.
  Time since last request: 0.000025 seconds.
  path: Assets/_Barking_Dog/_3D Scifi Base Vol 1/Prefabs/_Props/P_Wardrobe_Big_01.prefab
  artifactKey: Guid(4ba7c0dafe5f94f26ae5311c2f05149f) Importer(2089858483,e11c23a36db5f54750b8cd40eac0985b)
Start importing Assets/_Barking_Dog/_3D Scifi Base Vol 1/Prefabs/_Props/P_Wardrobe_Big_01.prefab using Guid(4ba7c0dafe5f94f26ae5311c2f05149f) Importer(2089858483,e11c23a36db5f54750b8cd40eac0985b) (ScriptedImporter) -> (artifact id: 'd19f26d3a766bcbfc2c423514c6a4ce1') in 0.016813 seconds
Number of updated asset objects reloaded before import = 0Number of asset objects unloaded after import = 23

========================================================================
Received Import Request.
  Time since last request: 0.000029 seconds.
  path: Assets/_Barking_Dog/_3D Scifi Base Vol 1/SpeedTree/Broadleaf/Broadleaf_Desktop_Atlas_Specular.tga
  artifactKey: Guid(d954891cb9e58434d86e01d839ed4997) Importer(2089858483,b0f066a214c2f5e87bad3c948f4d605d)
Start importing Assets/_Barking_Dog/_3D Scifi Base Vol 1/SpeedTree/Broadleaf/Broadleaf_Desktop_Atlas_Specular.tga using Guid(d954891cb9e58434d86e01d839ed4997) Importer(2089858483,b0f066a214c2f5e87bad3c948f4d605d) (ScriptedImporter) -> (artifact id: '6f5bdf4cf9405b1e8c12d5622f387307') in 0.0539646 seconds
Number of updated asset objects reloaded before import = 0Number of asset objects unloaded after import = 1

========================================================================
Received Import Request.
  Time since last request: 0.000043 seconds.
  path: Assets/_Barking_Dog/_3D Scifi Base Vol 1/SpeedTree/Broadleaf/Broadleaf_Desktop_Atlas.tga
  artifactKey: Guid(d20e5329bb2905844a1ae38b80640d3f) Importer(2089858483,b0f066a214c2f5e87bad3c948f4d605d)
Start importing Assets/_Barking_Dog/_3D Scifi Base Vol 1/SpeedTree/Broadleaf/Broadleaf_Desktop_Atlas.tga using Guid(d20e5329bb2905844a1ae38b80640d3f) Importer(2089858483,b0f066a214c2f5e87bad3c948f4d605d) (ScriptedImporter) -> (artifact id: '37e470f3c0f34e2954341f6c744c3e35') in 0.038887 seconds
Number of updated asset objects reloaded before import = 0Number of asset objects unloaded after import = 1

========================================================================
Received Import Request.
  Time since last request: 0.000040 seconds.
  path: Assets/_Barking_Dog/_3D Scifi Base Vol 1/SpeedTree/Broadleaf/Broadleaf_Desktop.spm
  artifactKey: Guid(c91c1eb85782d5748ace27eb4d7415bb) Importer(2089858483,b0f066a214c2f5e87bad3c948f4d605d)
Start importing Assets/_Barking_Dog/_3D Scifi Base Vol 1/SpeedTree/Broadleaf/Broadleaf_Desktop.spm using Guid(c91c1eb85782d5748ace27eb4d7415bb) Importer(2089858483,b0f066a214c2f5e87bad3c948f4d605d) (ScriptedImporter) -> (artifact id: 'eb3a745962880901ce43ecc4f5b08dcf') in 0.0836463 seconds
Number of updated asset objects reloaded before import = 0Number of asset objects unloaded after import = 70

========================================================================
Received Import Request.
  Time since last request: 0.000026 seconds.
  path: Assets/_Barking_Dog/_3D Scifi Base Vol 1/Prefabs/_Props/P_Technical_Cab_01.prefab
  artifactKey: Guid(32743aa2cc12846d69fd506780aa1a45) Importer(2089858483,e11c23a36db5f54750b8cd40eac0985b)
Start importing Assets/_Barking_Dog/_3D Scifi Base Vol 1/Prefabs/_Props/P_Technical_Cab_01.prefab using Guid(32743aa2cc12846d69fd506780aa1a45) Importer(2089858483,e11c23a36db5f54750b8cd40eac0985b) (ScriptedImporter) -> (artifact id: '8d1076bd77128a9faec68321a4893a73') in 0.0108661 seconds
Number of updated asset objects reloaded before import = 0Number of asset objects unloaded after import = 13

========================================================================
Received Import Request.
  Time since last request: 0.000023 seconds.
  path: Assets/_Barking_Dog/_3D Scifi Base Vol 1/Prefabs/_Props/P_Shield_Generator.prefab
  artifactKey: Guid(93540607394df456e94c3b5dec17a671) Importer(2089858483,e11c23a36db5f54750b8cd40eac0985b)
Start importing Assets/_Barking_Dog/_3D Scifi Base Vol 1/Prefabs/_Props/P_Shield_Generator.prefab using Guid(93540607394df456e94c3b5dec17a671) Importer(2089858483,e11c23a36db5f54750b8cd40eac0985b) (ScriptedImporter) -> (artifact id: '6b4f2dd271bc902522da9564945a3c9d') in 0.255734 seconds
Number of updated asset objects reloaded before import = 0Number of asset objects unloaded after import = 240

========================================================================
Received Import Request.
  Time since last request: 0.000056 seconds.
  path: Assets/_Barking_Dog/_3D Scifi Base Vol 1/SpeedTree/Broadleaf/Broadleaf_Mobile_Atlas.tga
  artifactKey: Guid(2c116325e19b8a04d916864cc540ec2d) Importer(2089858483,b0f066a214c2f5e87bad3c948f4d605d)
Start importing Assets/_Barking_Dog/_3D Scifi Base Vol 1/SpeedTree/Broadleaf/Broadleaf_Mobile_Atlas.tga using Guid(2c116325e19b8a04d916864cc540ec2d) Importer(2089858483,b0f066a214c2f5e87bad3c948f4d605d) (ScriptedImporter) -> (artifact id: '8fd07f490151f16631f4f144ae35285c') in 0.033912 seconds
Number of updated asset objects reloaded before import = 0Number of asset objects unloaded after import = 1

========================================================================
Received Import Request.
  Time since last request: 0.000037 seconds.
  path: Assets/_Barking_Dog/_3D Scifi Base Vol 1/SpeedTree/Broadleaf/Broadleaves_Desktop.tga
  artifactKey: Guid(306f8f570579fb3448d141a63029ef94) Importer(2089858483,b0f066a214c2f5e87bad3c948f4d605d)
Start importing Assets/_Barking_Dog/_3D Scifi Base Vol 1/SpeedTree/Broadleaf/Broadleaves_Desktop.tga using Guid(306f8f570579fb3448d141a63029ef94) Importer(2089858483,b0f066a214c2f5e87bad3c948f4d605d) (ScriptedImporter) -> (artifact id: 'd69aa92fc8bbc88fe2fa2fe51063ea89') in 0.0345897 seconds
Number of updated asset objects reloaded before import = 0Number of asset objects unloaded after import = 1

========================================================================
Received Import Request.
  Time since last request: 0.000023 seconds.
  path: Assets/_Barking_Dog/_3D Scifi Base Vol 1/Prefabs/_Props/P_Laser_Fence_04.prefab
  artifactKey: Guid(6b1fc04a1b9fd45649d0f1f26e47732d) Importer(2089858483,e11c23a36db5f54750b8cd40eac0985b)
Start importing Assets/_Barking_Dog/_3D Scifi Base Vol 1/Prefabs/_Props/P_Laser_Fence_04.prefab using Guid(6b1fc04a1b9fd45649d0f1f26e47732d) Importer(2089858483,e11c23a36db5f54750b8cd40eac0985b) (ScriptedImporter) -> (artifact id: '48b2af1dd9d79de8222df754c4ed3300') in 0.0543402 seconds
Number of updated asset objects reloaded before import = 0Number of asset objects unloaded after import = 31

========================================================================
Received Import Request.
  Time since last request: 0.000032 seconds.
  path: Assets/_Barking_Dog/_3D Scifi Base Vol 1/SpeedTree/Broadleaf/ClippedFrond.tga
  artifactKey: Guid(f82badc465974aa4cbc424065780aa3d) Importer(2089858483,b0f066a214c2f5e87bad3c948f4d605d)
Start importing Assets/_Barking_Dog/_3D Scifi Base Vol 1/SpeedTree/Broadleaf/ClippedFrond.tga using Guid(f82badc465974aa4cbc424065780aa3d) Importer(2089858483,b0f066a214c2f5e87bad3c948f4d605d) (ScriptedImporter) -> (artifact id: '447297516be8a02b4e382bafd21fcaf4') in 0.0228891 seconds
Number of updated asset objects reloaded before import = 0Number of asset objects unloaded after import = 1

========================================================================
Received Import Request.
  Time since last request: 0.000052 seconds.
  path: Assets/_Barking_Dog/_3D Scifi Base Vol 1/SpeedTree/Broadleaf/Broadleaves_Mobile_Normal.tga
  artifactKey: Guid(7bdd8cb386e0b554b84cb783663bb4fc) Importer(2089858483,b0f066a214c2f5e87bad3c948f4d605d)
Start importing Assets/_Barking_Dog/_3D Scifi Base Vol 1/SpeedTree/Broadleaf/Broadleaves_Mobile_Normal.tga using Guid(7bdd8cb386e0b554b84cb783663bb4fc) Importer(2089858483,b0f066a214c2f5e87bad3c948f4d605d) (ScriptedImporter) -> (artifact id: '08ada49f635d5b0089cf840ec78e7a78') in 0.018286 seconds
Number of updated asset objects reloaded before import = 0Number of asset objects unloaded after import = 1

========================================================================
Received Import Request.
  Time since last request: 0.000027 seconds.
  path: Assets/_Barking_Dog/_3D Scifi Base Vol 1/SpeedTree/Broadleaf/Broadleaves_Mobile.tga
  artifactKey: Guid(b063a9f2b9f645b40948a32b447c738f) Importer(2089858483,b0f066a214c2f5e87bad3c948f4d605d)
Start importing Assets/_Barking_Dog/_3D Scifi Base Vol 1/SpeedTree/Broadleaf/Broadleaves_Mobile.tga using Guid(b063a9f2b9f645b40948a32b447c738f) Importer(2089858483,b0f066a214c2f5e87bad3c948f4d605d) (ScriptedImporter) -> (artifact id: 'bb0a257ea267da7ff1d6ebd853220d3d') in 0.0302772 seconds
Number of updated asset objects reloaded before import = 0Number of asset objects unloaded after import = 1

========================================================================
Received Import Request.
  Time since last request: 0.000030 seconds.
  path: Assets/_Barking_Dog/_3D Scifi Base Vol 1/SpeedTree/Broadleaf/Broadleaves_Mobile_Spec.tga
  artifactKey: Guid(db2f1c62933fa1745a9eb8479b15698b) Importer(2089858483,b0f066a214c2f5e87bad3c948f4d605d)
Start importing Assets/_Barking_Dog/_3D Scifi Base Vol 1/SpeedTree/Broadleaf/Broadleaves_Mobile_Spec.tga using Guid(db2f1c62933fa1745a9eb8479b15698b) Importer(2089858483,b0f066a214c2f5e87bad3c948f4d605d) (ScriptedImporter) -> (artifact id: 'd116a9e21b6042551dc5dee7643231ac') in 0.0268553 seconds
Number of updated asset objects reloaded before import = 0Number of asset objects unloaded after import = 1

========================================================================
Received Import Request.
  Time since last request: 0.000071 seconds.
  path: Assets/_Barking_Dog/_3D Scifi Base Vol 1/SpeedTree/Broadleaf/Cap_01.tga
  artifactKey: Guid(c688b8230f338954e977969bd4457584) Importer(2089858483,b0f066a214c2f5e87bad3c948f4d605d)
Start importing Assets/_Barking_Dog/_3D Scifi Base Vol 1/SpeedTree/Broadleaf/Cap_01.tga using Guid(c688b8230f338954e977969bd4457584) Importer(2089858483,b0f066a214c2f5e87bad3c948f4d605d) (ScriptedImporter) -> (artifact id: '272865e4f27ed41ccd2ee3fb9323a5cb') in 0.0149855 seconds
Number of updated asset objects reloaded before import = 0Number of asset objects unloaded after import = 1

========================================================================
Received Import Request.
  Time since last request: 0.000066 seconds.
  path: Assets/_Barking_Dog/_3D Scifi Base Vol 1/SpeedTree/Conifer/ConiferBark.tga
  artifactKey: Guid(9654cfdd87d7daf429b8931c28d7a93c) Importer(2089858483,b0f066a214c2f5e87bad3c948f4d605d)
Start importing Assets/_Barking_Dog/_3D Scifi Base Vol 1/SpeedTree/Conifer/ConiferBark.tga using Guid(9654cfdd87d7daf429b8931c28d7a93c) Importer(2089858483,b0f066a214c2f5e87bad3c948f4d605d) (ScriptedImporter) -> (artifact id: '03f443625314e3e1520402fbb4791847') in 0.024035 seconds
Number of updated asset objects reloaded before import = 0Number of asset objects unloaded after import = 1

========================================================================
Received Import Request.
  Time since last request: 0.000150 seconds.
  path: Assets/_Barking_Dog/_3D Scifi Base Vol 1/SpeedTree/Conifer/Conifer_Needles_Dekstop_Spec.tga
  artifactKey: Guid(897461e3c2fa9d84d8bd48bf1b00a950) Importer(2089858483,b0f066a214c2f5e87bad3c948f4d605d)
Start importing Assets/_Barking_Dog/_3D Scifi Base Vol 1/SpeedTree/Conifer/Conifer_Needles_Dekstop_Spec.tga using Guid(897461e3c2fa9d84d8bd48bf1b00a950) Importer(2089858483,b0f066a214c2f5e87bad3c948f4d605d) (ScriptedImporter) -> (artifact id: '1048904c151af39a8687f51734e8cc2c') in 0.0281944 seconds
Number of updated asset objects reloaded before import = 0Number of asset objects unloaded after import = 1

========================================================================
Received Import Request.
  Time since last request: 0.000044 seconds.
  path: Assets/_Barking_Dog/_3D Scifi Base Vol 1/SpeedTree/Conifer/Conifer_Desktop_Atlas_Normal.tga
  artifactKey: Guid(855926cb3532dc14c87b1e6d589334b2) Importer(2089858483,b0f066a214c2f5e87bad3c948f4d605d)
Start importing Assets/_Barking_Dog/_3D Scifi Base Vol 1/SpeedTree/Conifer/Conifer_Desktop_Atlas_Normal.tga using Guid(855926cb3532dc14c87b1e6d589334b2) Importer(2089858483,b0f066a214c2f5e87bad3c948f4d605d) (ScriptedImporter) -> (artifact id: '212d20b55f1ae83a1dafca7fd09a4ee5') in 0.0219651 seconds
Number of updated asset objects reloaded before import = 0Number of asset objects unloaded after import = 1

========================================================================
Received Import Request.
  Time since last request: 0.000104 seconds.
  path: Assets/_Barking_Dog/_3D Scifi Base Vol 1/SpeedTree/Conifer/Conifer_Desktop.spm
  artifactKey: Guid(469edab27ab6d004d84af2c4a851bd7f) Importer(2089858483,b0f066a214c2f5e87bad3c948f4d605d)
Start importing Assets/_Barking_Dog/_3D Scifi Base Vol 1/SpeedTree/Conifer/Conifer_Desktop.spm using Guid(469edab27ab6d004d84af2c4a851bd7f) Importer(2089858483,b0f066a214c2f5e87bad3c948f4d605d) (ScriptedImporter) -> (artifact id: '827a8f4383cea9a2ed2ad7d57f9acf4f') in 0.0265502 seconds
Number of updated asset objects reloaded before import = 0Number of asset objects unloaded after import = 55

========================================================================
Received Import Request.
  Time since last request: 0.000046 seconds.
  path: Assets/_Barking_Dog/_3D Scifi Base Vol 1/SpeedTree/Conifer/ConiferBark_Normal.tga
  artifactKey: Guid(2b46b029d8dc37049aebb484e79998ff) Importer(2089858483,b0f066a214c2f5e87bad3c948f4d605d)
Start importing Assets/_Barking_Dog/_3D Scifi Base Vol 1/SpeedTree/Conifer/ConiferBark_Normal.tga using Guid(2b46b029d8dc37049aebb484e79998ff) Importer(2089858483,b0f066a214c2f5e87bad3c948f4d605d) (ScriptedImporter) -> (artifact id: 'a9de56ec306c87d26c8362bfc11b6a0e') in 0.0226168 seconds
Number of updated asset objects reloaded before import = 0Number of asset objects unloaded after import = 1

========================================================================
Received Import Request.
  Time since last request: 0.000077 seconds.
  path: Assets/_Barking_Dog/_3D Scifi Base Vol 1/Meshes/Roof_Window_02.FBX
  artifactKey: Guid(f6aabb15a93e14e21afc666c9b2f72ff) Importer(2089858483,b0f066a214c2f5e87bad3c948f4d605d)
Start importing Assets/_Barking_Dog/_3D Scifi Base Vol 1/Meshes/Roof_Window_02.FBX using Guid(f6aabb15a93e14e21afc666c9b2f72ff) Importer(2089858483,b0f066a214c2f5e87bad3c948f4d605d) (ScriptedImporter) -> (artifact id: '93de242e701713907aae76f07f585ca0') in 0.0227981 seconds
Number of updated asset objects reloaded before import = 0Number of asset objects unloaded after import = 10

========================================================================
Received Import Request.
  Time since last request: 0.000029 seconds.
  path: Assets/3D Asserts/Lizard man/Medieval Series/Lizard Men/Animations/Anim_LizardMan@attack2.FBX
  artifactKey: Guid(a144557a5f8ed504cb28761fec23871e) Importer(2089858483,b0f066a214c2f5e87bad3c948f4d605d)
Start importing Assets/3D Asserts/Lizard man/Medieval Series/Lizard Men/Animations/Anim_LizardMan@attack2.FBX using Guid(a144557a5f8ed504cb28761fec23871e) Importer(2089858483,b0f066a214c2f5e87bad3c948f4d605d) (ScriptedImporter) -> (artifact id: '7450a3cba734ee5dacc28f39640d3ae6') in 0.0538802 seconds
Number of updated asset objects reloaded before import = 0Number of asset objects unloaded after import = 217

========================================================================
Received Import Request.
  Time since last request: 0.000043 seconds.
  path: Assets/3D Asserts/Lizard man/Medieval Series/Lizard Men/Animations/Anim_LizardMan@death.FBX
  artifactKey: Guid(08f00d5d7cf50664f8ca4e4ad5eff3c2) Importer(2089858483,b0f066a214c2f5e87bad3c948f4d605d)
Start importing Assets/3D Asserts/Lizard man/Medieval Series/Lizard Men/Animations/Anim_LizardMan@death.FBX using Guid(08f00d5d7cf50664f8ca4e4ad5eff3c2) Importer(2089858483,b0f066a214c2f5e87bad3c948f4d605d) (ScriptedImporter) -> (artifact id: '6692f82ebbf0e163a4dc6c176f7a19b8') in 0.0513586 seconds
Number of updated asset objects reloaded before import = 0Number of asset objects unloaded after import = 217

========================================================================
Received Import Request.
  Time since last request: 0.000056 seconds.
  path: Assets/3D Asserts/Lizard man/Medieval Series/Lizard Men/Animations/Anim_LizardMan@attack4.FBX
  artifactKey: Guid(c17140cbc01f36440b64bebc0d1f37e5) Importer(2089858483,b0f066a214c2f5e87bad3c948f4d605d)
Start importing Assets/3D Asserts/Lizard man/Medieval Series/Lizard Men/Animations/Anim_LizardMan@attack4.FBX using Guid(c17140cbc01f36440b64bebc0d1f37e5) Importer(2089858483,b0f066a214c2f5e87bad3c948f4d605d) (ScriptedImporter) -> (artifact id: 'b5761024009b43cfe44f8df55e42fe23') in 0.0465237 seconds
Number of updated asset objects reloaded before import = 0Number of asset objects unloaded after import = 217

========================================================================
Received Import Request.
  Time since last request: 0.000030 seconds.
  path: Assets/3D Asserts/Lizard man/Medieval Series/Lizard Men/Animations/Anim_LizardMan@run.FBX
  artifactKey: Guid(5872243c224be614498a05ded94330b4) Importer(2089858483,b0f066a214c2f5e87bad3c948f4d605d)
Start importing Assets/3D Asserts/Lizard man/Medieval Series/Lizard Men/Animations/Anim_LizardMan@run.FBX using Guid(5872243c224be614498a05ded94330b4) Importer(2089858483,b0f066a214c2f5e87bad3c948f4d605d) (ScriptedImporter) -> (artifact id: '6902dd16f04c8e3744d2038babbf0379') in 0.0395497 seconds
Number of updated asset objects reloaded before import = 0Number of asset objects unloaded after import = 203

========================================================================
Received Import Request.
  Time since last request: 0.000050 seconds.
  path: Assets/3D Asserts/Lizard man/Medieval Series/Lizard Men/Animations/Anim_LizardMan@runL.fbx
  artifactKey: Guid(dc7798963bd992641b2ce354263c3766) Importer(2089858483,b0f066a214c2f5e87bad3c948f4d605d)
Start importing Assets/3D Asserts/Lizard man/Medieval Series/Lizard Men/Animations/Anim_LizardMan@runL.fbx using Guid(dc7798963bd992641b2ce354263c3766) Importer(2089858483,b0f066a214c2f5e87bad3c948f4d605d) (ScriptedImporter) -> (artifact id: '4c82ec2a4b423b4acc43d048682950c3') in 0.0337133 seconds
Number of updated asset objects reloaded before import = 0Number of asset objects unloaded after import = 203

========================================================================
Received Import Request.
  Time since last request: 0.000044 seconds.
  path: Assets/_Barking_Dog/_3D Scifi Base Vol 1/SpeedTree/Conifer/Conifer_Needles_Desktop.tga
  artifactKey: Guid(34d2758af9e0a2b4690fbcfcad0285d6) Importer(2089858483,b0f066a214c2f5e87bad3c948f4d605d)
Start importing Assets/_Barking_Dog/_3D Scifi Base Vol 1/SpeedTree/Conifer/Conifer_Needles_Desktop.tga using Guid(34d2758af9e0a2b4690fbcfcad0285d6) Importer(2089858483,b0f066a214c2f5e87bad3c948f4d605d) (ScriptedImporter) -> (artifact id: 'acab3d7382f11cc7c920043568553d18') in 0.102174 seconds
Number of updated asset objects reloaded before import = 0Number of asset objects unloaded after import = 1

========================================================================
Received Import Request.
  Time since last request: 0.000040 seconds.
  path: Assets/3D Asserts/Lizard man/Medieval Series/Lizard Men/Animations/Anim_LizardMan@attack3.FBX
  artifactKey: Guid(2f78ddb67225352478cbadb81286a3bf) Importer(2089858483,b0f066a214c2f5e87bad3c948f4d605d)
Start importing Assets/3D Asserts/Lizard man/Medieval Series/Lizard Men/Animations/Anim_LizardMan@attack3.FBX using Guid(2f78ddb67225352478cbadb81286a3bf) Importer(2089858483,b0f066a214c2f5e87bad3c948f4d605d) (ScriptedImporter) -> (artifact id: '359552f1e6a1da37d59a725c2fd1bcfc') in 0.0404191 seconds
Number of updated asset objects reloaded before import = 0Number of asset objects unloaded after import = 217

========================================================================
Received Import Request.
  Time since last request: 0.000046 seconds.
  path: Assets/3D Asserts/Lizard man/Medieval Series/Lizard Men/Animations/Anim_LizardMan@StrafeL.FBX
  artifactKey: Guid(8550cf8397f7c1942b66ac8ebc98f874) Importer(2089858483,b0f066a214c2f5e87bad3c948f4d605d)
Start importing Assets/3D Asserts/Lizard man/Medieval Series/Lizard Men/Animations/Anim_LizardMan@StrafeL.FBX using Guid(8550cf8397f7c1942b66ac8ebc98f874) Importer(2089858483,b0f066a214c2f5e87bad3c948f4d605d) (ScriptedImporter) -> (artifact id: '977222873eb775b18dce38a827f07b74') in 0.0449857 seconds
Number of updated asset objects reloaded before import = 0Number of asset objects unloaded after import = 221

========================================================================
Received Import Request.
  Time since last request: 0.000041 seconds.
  path: Assets/3D Asserts/Lizard man/Medieval Series/Lizard Men/Animations/Anim_Lizardman@spearupthrow.FBX
  artifactKey: Guid(9c97b548084ccd6438702e5612193b68) Importer(2089858483,b0f066a214c2f5e87bad3c948f4d605d)
Start importing Assets/3D Asserts/Lizard man/Medieval Series/Lizard Men/Animations/Anim_Lizardman@spearupthrow.FBX using Guid(9c97b548084ccd6438702e5612193b68) Importer(2089858483,b0f066a214c2f5e87bad3c948f4d605d) (ScriptedImporter) -> (artifact id: 'c4250c1c55009a87abe157b7789dfbb4') in 0.1073093 seconds
Number of updated asset objects reloaded before import = 0Number of asset objects unloaded after import = 203

========================================================================
Received Import Request.
  Time since last request: 0.000064 seconds.
  path: Assets/3D Asserts/Lizard man/Medieval Series/Lizard Men/Animations/Anim_LizardMan@walk-back.FBX
  artifactKey: Guid(166cee65487cbcf40b4c05f1df6a3d58) Importer(2089858483,b0f066a214c2f5e87bad3c948f4d605d)
Start importing Assets/3D Asserts/Lizard man/Medieval Series/Lizard Men/Animations/Anim_LizardMan@walk-back.FBX using Guid(166cee65487cbcf40b4c05f1df6a3d58) Importer(2089858483,b0f066a214c2f5e87bad3c948f4d605d) (ScriptedImporter) -> (artifact id: 'b2ecfdae9479dcd8ff62c2b591776b2b') in 0.0496906 seconds
Number of updated asset objects reloaded before import = 0Number of asset objects unloaded after import = 203

========================================================================
Received Import Request.
  Time since last request: 0.000042 seconds.
  path: Assets/3D Asserts/Lizard man/Medieval Series/Lizard Men/Animations/Lizard1.controller
  artifactKey: Guid(358f668bccaa30d4b9223992cb28045b) Importer(2089858483,b0f066a214c2f5e87bad3c948f4d605d)
Start importing Assets/3D Asserts/Lizard man/Medieval Series/Lizard Men/Animations/Lizard1.controller using Guid(358f668bccaa30d4b9223992cb28045b) Importer(2089858483,b0f066a214c2f5e87bad3c948f4d605d) (ScriptedImporter) -> (artifact id: '30a4ba66677e4e72af179965de70a93f') in 0.1347232 seconds
Number of updated asset objects reloaded before import = 0Number of asset objects unloaded after import = 22

========================================================================
Received Import Request.
  Time since last request: 0.000039 seconds.
  path: Assets/3D Asserts/Lizard man/Medieval Series/Lizard Men/Animations/Anim_LizardMan@walk_inplace.FBX
  artifactKey: Guid(9db095c216c8e1a4da3c50f7643e4f8e) Importer(2089858483,b0f066a214c2f5e87bad3c948f4d605d)
Start importing Assets/3D Asserts/Lizard man/Medieval Series/Lizard Men/Animations/Anim_LizardMan@walk_inplace.FBX using Guid(9db095c216c8e1a4da3c50f7643e4f8e) Importer(2089858483,b0f066a214c2f5e87bad3c948f4d605d) (ScriptedImporter) -> (artifact id: 'ee08ee1d2860c5639f092c04f7b1ab49') in 0.132404 seconds
Number of updated asset objects reloaded before import = 0Number of asset objects unloaded after import = 217

========================================================================
Received Import Request.
  Time since last request: 0.000035 seconds.
  path: Assets/3D Asserts/Lizard man/Medieval Series/Lizard Men/Animations/Anim_LizardMan@walk-back_inplace.FBX
  artifactKey: Guid(e3bd0204b244497488f16e7c6e24e55b) Importer(2089858483,b0f066a214c2f5e87bad3c948f4d605d)
Start importing Assets/3D Asserts/Lizard man/Medieval Series/Lizard Men/Animations/Anim_LizardMan@walk-back_inplace.FBX using Guid(e3bd0204b244497488f16e7c6e24e55b) Importer(2089858483,b0f066a214c2f5e87bad3c948f4d605d) (ScriptedImporter) -> (artifact id: '4356838133b70be263eda4d11c2b1c0e') in 0.0405297 seconds
Number of updated asset objects reloaded before import = 0Number of asset objects unloaded after import = 203

========================================================================
Received Import Request.
  Time since last request: 0.000029 seconds.
  path: Assets/3D Asserts/Lizard man/Medieval Series/Lizard Men/Characters/LizardMan_2_var.prefab
  artifactKey: Guid(ff1cec08a2d24ae4fa80193985eee512) Importer(2089858483,e11c23a36db5f54750b8cd40eac0985b)
Start importing Assets/3D Asserts/Lizard man/Medieval Series/Lizard Men/Characters/LizardMan_2_var.prefab using Guid(ff1cec08a2d24ae4fa80193985eee512) Importer(2089858483,e11c23a36db5f54750b8cd40eac0985b) (ScriptedImporter) -> (artifact id: '3f25e2eb3e9c604f36f24f8874d03b22') in 0.1443646 seconds
Number of updated asset objects reloaded before import = 0Number of asset objects unloaded after import = 742

========================================================================
Received Import Request.
  Time since last request: 0.000050 seconds.
  path: Assets/3D Asserts/Lizard man/Medieval Series/Lizard Men/Characters/LizardMan_3_var.prefab
  artifactKey: Guid(814b5dc489590c844a6a544d6a28ffd2) Importer(2089858483,e11c23a36db5f54750b8cd40eac0985b)
Start importing Assets/3D Asserts/Lizard man/Medieval Series/Lizard Men/Characters/LizardMan_3_var.prefab using Guid(814b5dc489590c844a6a544d6a28ffd2) Importer(2089858483,e11c23a36db5f54750b8cd40eac0985b) (ScriptedImporter) -> (artifact id: 'e046fcda2530cdd80b3e2eac8538e6d7') in 0.1627645 seconds
Number of updated asset objects reloaded before import = 0Number of asset objects unloaded after import = 742

========================================================================
Received Import Request.
  Time since last request: 0.000029 seconds.
  path: Assets/3D Asserts/Lizard man/Medieval Series/Lizard Men/Characters/LizardMan_2.prefab
  artifactKey: Guid(eaf85e9e193a96d44b43f623d36cf7e9) Importer(2089858483,e11c23a36db5f54750b8cd40eac0985b)
Start importing Assets/3D Asserts/Lizard man/Medieval Series/Lizard Men/Characters/LizardMan_2.prefab using Guid(eaf85e9e193a96d44b43f623d36cf7e9) Importer(2089858483,e11c23a36db5f54750b8cd40eac0985b) (ScriptedImporter) -> (artifact id: '5e458d5c40b73ece6b0b77855e90b75b') in 0.1329082 seconds
Number of updated asset objects reloaded before import = 0Number of asset objects unloaded after import = 742

========================================================================
Received Import Request.
  Time since last request: 0.000038 seconds.
  path: Assets/3D Asserts/Lizard man/Medieval Series/Lizard Men/Characters/LizardMan_5.prefab
  artifactKey: Guid(1b8e6a7dc0106a8488fcff095a6c5053) Importer(2089858483,e11c23a36db5f54750b8cd40eac0985b)
Start importing Assets/3D Asserts/Lizard man/Medieval Series/Lizard Men/Characters/LizardMan_5.prefab using Guid(1b8e6a7dc0106a8488fcff095a6c5053) Importer(2089858483,e11c23a36db5f54750b8cd40eac0985b) (ScriptedImporter) -> (artifact id: '34ad21dc8e7fc0a3e2608996200c07a8') in 0.1398003 seconds
Number of updated asset objects reloaded before import = 0Number of asset objects unloaded after import = 499

========================================================================
Received Import Request.
  Time since last request: 0.000025 seconds.
  path: Assets/3D Asserts/Lizard man/Medieval Series/Lizard Men/Source/LizardMan.FBX
  artifactKey: Guid(e932abe5fd1f7974d8f6b8b43bac0f3b) Importer(2089858483,b0f066a214c2f5e87bad3c948f4d605d)
Start importing Assets/3D Asserts/Lizard man/Medieval Series/Lizard Men/Source/LizardMan.FBX using Guid(e932abe5fd1f7974d8f6b8b43bac0f3b) Importer(2089858483,b0f066a214c2f5e87bad3c948f4d605d) (ScriptedImporter) -> (artifact id: '920289cf4e0d347c405ec42ffa2344d8') in 0.0711925 seconds
Number of updated asset objects reloaded before import = 0Number of asset objects unloaded after import = 254

========================================================================
Received Import Request.
  Time since last request: 0.000032 seconds.
  path: Assets/3D Asserts/Lizard man/Medieval Series/Lizard Men/Animations/Anim_LizardMan@walkR.fbx
  artifactKey: Guid(a6224d305fc622a4eba3a169f1adf2f8) Importer(2089858483,b0f066a214c2f5e87bad3c948f4d605d)
Start importing Assets/3D Asserts/Lizard man/Medieval Series/Lizard Men/Animations/Anim_LizardMan@walkR.fbx using Guid(a6224d305fc622a4eba3a169f1adf2f8) Importer(2089858483,b0f066a214c2f5e87bad3c948f4d605d) (ScriptedImporter) -> (artifact id: '0d40910c7c72ecd389fa5a9bdeb8ff92') in 0.0799467 seconds
Number of updated asset objects reloaded before import = 0Number of asset objects unloaded after import = 203

========================================================================
Received Import Request.
  Time since last request: 0.000034 seconds.
  path: Assets/3D Asserts/Lizard man/Medieval Series/Lizard Men/Weapons/Shield-Tribal_1.prefab
  artifactKey: Guid(3c1a70a935c0ba54587e00d88029bfca) Importer(2089858483,e11c23a36db5f54750b8cd40eac0985b)
Start importing Assets/3D Asserts/Lizard man/Medieval Series/Lizard Men/Weapons/Shield-Tribal_1.prefab using Guid(3c1a70a935c0ba54587e00d88029bfca) Importer(2089858483,e11c23a36db5f54750b8cd40eac0985b) (ScriptedImporter) -> (artifact id: 'feb2e0e6002d1f9aff943d6ca0d7f330') in 0.0604478 seconds
Number of updated asset objects reloaded before import = 0Number of asset objects unloaded after import = 21

========================================================================
Received Import Request.
  Time since last request: 0.000022 seconds.
  path: Assets/3D Asserts/Lizard man/Medieval Series/Lizard Men/Weapons/Club-Horde_2.prefab
  artifactKey: Guid(284eeaf0d9d16c145ad823c6b2bc223e) Importer(2089858483,e11c23a36db5f54750b8cd40eac0985b)
Start importing Assets/3D Asserts/Lizard man/Medieval Series/Lizard Men/Weapons/Club-Horde_2.prefab using Guid(284eeaf0d9d16c145ad823c6b2bc223e) Importer(2089858483,e11c23a36db5f54750b8cd40eac0985b) (ScriptedImporter) -> (artifact id: 'e0b10b89602f26f6f9a70af12dc343a3') in 0.0831355 seconds
Number of updated asset objects reloaded before import = 0Number of asset objects unloaded after import = 21

========================================================================
Received Import Request.
  Time since last request: 0.000046 seconds.
  path: Assets/3D Asserts/Lizard man/Medieval Series/Lizard Men/Weapons/Spear-Horde_1.prefab
  artifactKey: Guid(5a90faa8cc6e4754980f46a37848c31f) Importer(2089858483,e11c23a36db5f54750b8cd40eac0985b)
Start importing Assets/3D Asserts/Lizard man/Medieval Series/Lizard Men/Weapons/Spear-Horde_1.prefab using Guid(5a90faa8cc6e4754980f46a37848c31f) Importer(2089858483,e11c23a36db5f54750b8cd40eac0985b) (ScriptedImporter) -> (artifact id: 'd3fc08e997a0aae64440c2f3217bcdce') in 0.0309724 seconds
Number of updated asset objects reloaded before import = 0Number of asset objects unloaded after import = 21

========================================================================
Received Import Request.
  Time since last request: 0.000044 seconds.
  path: Assets/3D Asserts/Lizard man/Medieval Series/Lizard Men/Weapons/Axe-Wraith_1.prefab
  artifactKey: Guid(1fd502842757f6b4286e8bb5330c3bc3) Importer(2089858483,e11c23a36db5f54750b8cd40eac0985b)
Start importing Assets/3D Asserts/Lizard man/Medieval Series/Lizard Men/Weapons/Axe-Wraith_1.prefab using Guid(1fd502842757f6b4286e8bb5330c3bc3) Importer(2089858483,e11c23a36db5f54750b8cd40eac0985b) (ScriptedImporter) -> (artifact id: 'c8287848fb3d188f1cf964ff2e61af94') in 0.1054373 seconds
Number of updated asset objects reloaded before import = 0Number of asset objects unloaded after import = 21

========================================================================
Received Import Request.
  Time since last request: 0.000023 seconds.
  path: Assets/3D Asserts/Lizard man/Polygonmaker - Shader/Scene/Source/Main Camera Profile.asset
  artifactKey: Guid(a41c78dac4ad7a54db3a59279601d1af) Importer(2089858483,b0f066a214c2f5e87bad3c948f4d605d)
Start importing Assets/3D Asserts/Lizard man/Polygonmaker - Shader/Scene/Source/Main Camera Profile.asset using Guid(a41c78dac4ad7a54db3a59279601d1af) Importer(2089858483,b0f066a214c2f5e87bad3c948f4d605d) (ScriptedImporter) -> (artifact id: 'd9f667a57750ee00471559a6f40a059f') in 0.0282988 seconds
Number of updated asset objects reloaded before import = 0Number of asset objects unloaded after import = 3

========================================================================
Received Import Request.
  Time since last request: 0.000038 seconds.
  path: Assets/3D Asserts/Lizard man/Polygonmaker - Shader/Scene/Source/Ground.png
  artifactKey: Guid(13be42e420ed447428bdf257420fcb9f) Importer(2089858483,b0f066a214c2f5e87bad3c948f4d605d)
Start importing Assets/3D Asserts/Lizard man/Polygonmaker - Shader/Scene/Source/Ground.png using Guid(13be42e420ed447428bdf257420fcb9f) Importer(2089858483,b0f066a214c2f5e87bad3c948f4d605d) (ScriptedImporter) -> (artifact id: '7fe45431bb9f589b63ff2c72cbc00329') in 0.0271099 seconds
Number of updated asset objects reloaded before import = 0Number of asset objects unloaded after import = 1

========================================================================
Received Import Request.
  Time since last request: 0.000058 seconds.
  path: Assets/3D Asserts/Lizard man/Polygonmaker - Shader/Scene/Source/Ground.mat
  artifactKey: Guid(98991f906a8dbf34295442daca916397) Importer(2089858483,b0f066a214c2f5e87bad3c948f4d605d)
Start importing Assets/3D Asserts/Lizard man/Polygonmaker - Shader/Scene/Source/Ground.mat using Guid(98991f906a8dbf34295442daca916397) Importer(2089858483,b0f066a214c2f5e87bad3c948f4d605d) (ScriptedImporter) -> (artifact id: '19fc927883f73379e5f378cced6252fd') in 0.0341116 seconds
Number of updated asset objects reloaded before import = 0Number of asset objects unloaded after import = 3

========================================================================
Received Import Request.
  Time since last request: 0.000022 seconds.
  path: Assets/3D Asserts/Lizard man/Medieval Series/Lizard Men/Animations/Anim_LizardMan@StrafeR.FBX
  artifactKey: Guid(5dba9713acdb5bd4e888702dbd28ae48) Importer(2089858483,b0f066a214c2f5e87bad3c948f4d605d)
Start importing Assets/3D Asserts/Lizard man/Medieval Series/Lizard Men/Animations/Anim_LizardMan@StrafeR.FBX using Guid(5dba9713acdb5bd4e888702dbd28ae48) Importer(2089858483,b0f066a214c2f5e87bad3c948f4d605d) (ScriptedImporter) -> (artifact id: '2ca693b8341cfddcc72cf4b558d49d64') in 0.038095 seconds
Number of updated asset objects reloaded before import = 0Number of asset objects unloaded after import = 221

========================================================================
Received Import Request.
  Time since last request: 0.000028 seconds.
  path: Assets/_Barking_Dog/_3D Scifi Base Vol 1/Textures/Wall_Atlas_04_Metal_02.tif
  artifactKey: Guid(80bfffb34de9048628306dfee3f27545) Importer(2089858483,b0f066a214c2f5e87bad3c948f4d605d)
Start importing Assets/_Barking_Dog/_3D Scifi Base Vol 1/Textures/Wall_Atlas_04_Metal_02.tif using Guid(80bfffb34de9048628306dfee3f27545) Importer(2089858483,b0f066a214c2f5e87bad3c948f4d605d) (ScriptedImporter) -> (artifact id: '349b26d2a0cb799f8be996d32b9055a0') in 0.0511375 seconds
Number of updated asset objects reloaded before import = 0Number of asset objects unloaded after import = 1

========================================================================
Received Import Request.
  Time since last request: 0.000036 seconds.
  path: Assets/3D Asserts/Sci Fi Gun Light/Textures/ColorVar/Yellow/v_AlbedoTransparency.png
  artifactKey: Guid(88684fcb868b0cb4e86f8a405dcbd44e) Importer(2089858483,b0f066a214c2f5e87bad3c948f4d605d)
Start importing Assets/3D Asserts/Sci Fi Gun Light/Textures/ColorVar/Yellow/v_AlbedoTransparency.png using Guid(88684fcb868b0cb4e86f8a405dcbd44e) Importer(2089858483,b0f066a214c2f5e87bad3c948f4d605d) (ScriptedImporter) -> (artifact id: 'ce94a2162cd7865eb411128a671f5a7b') in 0.0339498 seconds
Number of updated asset objects reloaded before import = 0Number of asset objects unloaded after import = 1

========================================================================
Received Import Request.
  Time since last request: 0.000054 seconds.
  path: Assets/3D Asserts/Sci Fi Gun Light/Textures/ColorVar/Yellow/SciFiGunLight_SpecularSmoothness.png
  artifactKey: Guid(0b8ce592b1bd0494da54b661f841ae71) Importer(2089858483,b0f066a214c2f5e87bad3c948f4d605d)
Start importing Assets/3D Asserts/Sci Fi Gun Light/Textures/ColorVar/Yellow/SciFiGunLight_SpecularSmoothness.png using Guid(0b8ce592b1bd0494da54b661f841ae71) Importer(2089858483,b0f066a214c2f5e87bad3c948f4d605d) (ScriptedImporter) -> (artifact id: '03d797b644e2ff9c7b56788abd551488') in 0.0214076 seconds
Number of updated asset objects reloaded before import = 0Number of asset objects unloaded after import = 1

========================================================================
Received Import Request.
  Time since last request: 0.000022 seconds.
  path: Assets/_Barking_Dog/_3D Scifi Base Vol 1/SpeedTree/Broadleaf/Broadleaf_Desktop Materials/Billboard.mat
  artifactKey: Guid(d68104aea3d1d084385a1acc7c896247) Importer(2089858483,b0f066a214c2f5e87bad3c948f4d605d)
Start importing Assets/_Barking_Dog/_3D Scifi Base Vol 1/SpeedTree/Broadleaf/Broadleaf_Desktop Materials/Billboard.mat using Guid(d68104aea3d1d084385a1acc7c896247) Importer(2089858483,b0f066a214c2f5e87bad3c948f4d605d) (ScriptedImporter) -> (artifact id: '8f9d4c3bba1c6aca089bcf80e4bb8932') in 0.0134258 seconds
Number of updated asset objects reloaded before import = 0Number of asset objects unloaded after import = 3

========================================================================
Received Import Request.
  Time since last request: 0.000024 seconds.
  path: Assets/3D Asserts/Sci Fi Gun Light/Textures/ColorVar/Rad/SciFiGunLight_SpecularSmoothness.png
  artifactKey: Guid(5dc16573886fd1c45b0a50aaeb5642ce) Importer(2089858483,b0f066a214c2f5e87bad3c948f4d605d)
Start importing Assets/3D Asserts/Sci Fi Gun Light/Textures/ColorVar/Rad/SciFiGunLight_SpecularSmoothness.png using Guid(5dc16573886fd1c45b0a50aaeb5642ce) Importer(2089858483,b0f066a214c2f5e87bad3c948f4d605d) (ScriptedImporter) -> (artifact id: 'a06e99b6b88aa0f040a5d1ae2204d730') in 0.0935848 seconds
Number of updated asset objects reloaded before import = 0Number of asset objects unloaded after import = 1

========================================================================
Received Import Request.
  Time since last request: 0.000036 seconds.
  path: Assets/3D Asserts/Sci Fi Gun Light/Textures/ColorVar/White/SciFiGunLight_AlbedoTransparency.png
  artifactKey: Guid(56c0f62345b42d74884feea1fce72e9e) Importer(2089858483,b0f066a214c2f5e87bad3c948f4d605d)
Start importing Assets/3D Asserts/Sci Fi Gun Light/Textures/ColorVar/White/SciFiGunLight_AlbedoTransparency.png using Guid(56c0f62345b42d74884feea1fce72e9e) Importer(2089858483,b0f066a214c2f5e87bad3c948f4d605d) (ScriptedImporter) -> (artifact id: '68ebd2a3a66912a6e3eb1cdbae84500d') in 0.0176227 seconds
Number of updated asset objects reloaded before import = 0Number of asset objects unloaded after import = 1

========================================================================
Received Import Request.
  Time since last request: 0.000041 seconds.
  path: Assets/_Barking_Dog/_3D Scifi Base Vol 1/SpeedTree/Broadleaf/Broadleaf_Mobile Materials/Billboard.mat
  artifactKey: Guid(8c1755df5f552e843b9f8485f72e71f8) Importer(2089858483,b0f066a214c2f5e87bad3c948f4d605d)
Start importing Assets/_Barking_Dog/_3D Scifi Base Vol 1/SpeedTree/Broadleaf/Broadleaf_Mobile Materials/Billboard.mat using Guid(8c1755df5f552e843b9f8485f72e71f8) Importer(2089858483,b0f066a214c2f5e87bad3c948f4d605d) (ScriptedImporter) -> (artifact id: '132d95a1ea114eadcbb2d5a1f104477c') in 0.0106481 seconds
Number of updated asset objects reloaded before import = 0Number of asset objects unloaded after import = 3

========================================================================
Received Import Request.
  Time since last request: 0.000040 seconds.
  path: Assets/_Barking_Dog/_3D Scifi Base Vol 1/SpeedTree/Conifer/Conifer_Desktop Materials/Billboard.mat
  artifactKey: Guid(e625f56663597ef4899f86b588b4d506) Importer(2089858483,b0f066a214c2f5e87bad3c948f4d605d)
Start importing Assets/_Barking_Dog/_3D Scifi Base Vol 1/SpeedTree/Conifer/Conifer_Desktop Materials/Billboard.mat using Guid(e625f56663597ef4899f86b588b4d506) Importer(2089858483,b0f066a214c2f5e87bad3c948f4d605d) (ScriptedImporter) -> (artifact id: '088e97942e56ee5b70badfa0f1cf9e43') in 0.0162262 seconds
Number of updated asset objects reloaded before import = 0Number of asset objects unloaded after import = 3

========================================================================
Received Import Request.
  Time since last request: 0.000043 seconds.
  path: Assets/3D Asserts/Lizard man/Medieval Series/Lizard Men/Scenes/Source/Ground.mat
  artifactKey: Guid(2a81a74f3d01d9642bf5f209ce49388f) Importer(2089858483,b0f066a214c2f5e87bad3c948f4d605d)
Start importing Assets/3D Asserts/Lizard man/Medieval Series/Lizard Men/Scenes/Source/Ground.mat using Guid(2a81a74f3d01d9642bf5f209ce49388f) Importer(2089858483,b0f066a214c2f5e87bad3c948f4d605d) (ScriptedImporter) -> (artifact id: 'c40a3b97bed711d4676c36b6d099b3b7') in 0.0165394 seconds
Number of updated asset objects reloaded before import = 0Number of asset objects unloaded after import = 3

========================================================================
Received Import Request.
  Time since last request: 0.000025 seconds.
  path: Assets/3D Asserts/Lizard man/Medieval Series/Lizard Men/Scenes/Source/Skybox.mat
  artifactKey: Guid(d90be9c4bb5a4d043a4ba74a00db5ffd) Importer(2089858483,b0f066a214c2f5e87bad3c948f4d605d)
Start importing Assets/3D Asserts/Lizard man/Medieval Series/Lizard Men/Scenes/Source/Skybox.mat using Guid(d90be9c4bb5a4d043a4ba74a00db5ffd) Importer(2089858483,b0f066a214c2f5e87bad3c948f4d605d) (ScriptedImporter) -> (artifact id: 'c95684192e3fcd078a0a89483acfeba2') in 0.0385703 seconds
Number of updated asset objects reloaded before import = 0Number of asset objects unloaded after import = 2

========================================================================
Received Import Request.
  Time since last request: 0.000035 seconds.
  path: Assets/3D Asserts/Lizard man/Medieval Series/Lizard Men/Scenes/Source/Skybox.hdr
  artifactKey: Guid(eb50ffd506ccd544491c37e9476bd0ec) Importer(2089858483,b0f066a214c2f5e87bad3c948f4d605d)
Start importing Assets/3D Asserts/Lizard man/Medieval Series/Lizard Men/Scenes/Source/Skybox.hdr using Guid(eb50ffd506ccd544491c37e9476bd0ec) Importer(2089858483,b0f066a214c2f5e87bad3c948f4d605d) (ScriptedImporter) -> (artifact id: 'f7c56750b085fee83c5da2544073c573') in 0.0083014 seconds
Number of updated asset objects reloaded before import = 0Number of asset objects unloaded after import = 1

========================================================================
Received Import Request.
  Time since last request: 0.000027 seconds.
  path: Assets/_Barking_Dog/_3D Scifi Base Vol 1/Textures/Wall_Atlas_04_Ao.png
  artifactKey: Guid(151fdcbf3023d44aabb77d9a1cbf8b05) Importer(2089858483,b0f066a214c2f5e87bad3c948f4d605d)
Start importing Assets/_Barking_Dog/_3D Scifi Base Vol 1/Textures/Wall_Atlas_04_Ao.png using Guid(151fdcbf3023d44aabb77d9a1cbf8b05) Importer(2089858483,b0f066a214c2f5e87bad3c948f4d605d) (ScriptedImporter) -> (artifact id: '783eab9bfdb03765832ec4353849c63b') in 0.0209649 seconds
Number of updated asset objects reloaded before import = 0Number of asset objects unloaded after import = 1

========================================================================
Received Import Request.
  Time since last request: 0.000112 seconds.
  path: Assets/3D Asserts/Lizard man/Medieval Series/Lizard Men/Source/Materials/Lizard Man_Cloth_Blue.mat
  artifactKey: Guid(cedadf37fa93587498ecb8a8d494b103) Importer(2089858483,b0f066a214c2f5e87bad3c948f4d605d)
Start importing Assets/3D Asserts/Lizard man/Medieval Series/Lizard Men/Source/Materials/Lizard Man_Cloth_Blue.mat using Guid(cedadf37fa93587498ecb8a8d494b103) Importer(2089858483,b0f066a214c2f5e87bad3c948f4d605d) (ScriptedImporter) -> (artifact id: '487162590dd3e12095a61fbe1a80c888') in 1.2502706 seconds
Number of updated asset objects reloaded before import = 0Number of asset objects unloaded after import = 6

========================================================================
Received Import Request.
  Time since last request: 0.000031 seconds.
  path: Assets/3D Asserts/Lizard man/Medieval Series/Lizard Men/Source/Materials/Lizard Man_5.mat
  artifactKey: Guid(c1b2fa49e721671408481b6eb9dfbe91) Importer(2089858483,b0f066a214c2f5e87bad3c948f4d605d)
Start importing Assets/3D Asserts/Lizard man/Medieval Series/Lizard Men/Source/Materials/Lizard Man_5.mat using Guid(c1b2fa49e721671408481b6eb9dfbe91) Importer(2089858483,b0f066a214c2f5e87bad3c948f4d605d) (ScriptedImporter) -> (artifact id: 'eb9588146896d12f026ba2d3490a7510') in 0.3875504 seconds
Number of updated asset objects reloaded before import = 0Number of asset objects unloaded after import = 6

========================================================================
Received Import Request.
  Time since last request: 0.000065 seconds.
  path: Assets/3D Asserts/Lizard man/Medieval Series/Lizard Men/Source/Textures/Helmet [Normal].tga
  artifactKey: Guid(d4695d79b25820640a4ca59543b33a9d) Importer(2089858483,b0f066a214c2f5e87bad3c948f4d605d)
Start importing Assets/3D Asserts/Lizard man/Medieval Series/Lizard Men/Source/Textures/Helmet [Normal].tga using Guid(d4695d79b25820640a4ca59543b33a9d) Importer(2089858483,b0f066a214c2f5e87bad3c948f4d605d) (ScriptedImporter) -> (artifact id: '0f461cb5330e3504203c206a1dfa0455') in 0.0207912 seconds
Number of updated asset objects reloaded before import = 0Number of asset objects unloaded after import = 1

========================================================================
Received Import Request.
  Time since last request: 0.000028 seconds.
  path: Assets/3D Asserts/Lizard man/Medieval Series/Lizard Men/Source/Textures/Helmet [Albedo].tga
  artifactKey: Guid(e655bc88e272bbc4a93e387ac8235f6e) Importer(2089858483,b0f066a214c2f5e87bad3c948f4d605d)
Start importing Assets/3D Asserts/Lizard man/Medieval Series/Lizard Men/Source/Textures/Helmet [Albedo].tga using Guid(e655bc88e272bbc4a93e387ac8235f6e) Importer(2089858483,b0f066a214c2f5e87bad3c948f4d605d) (ScriptedImporter) -> (artifact id: '0f2ca5c5493cb222290cc3f25c0a88de') in 0.0656371 seconds
Number of updated asset objects reloaded before import = 0Number of asset objects unloaded after import = 1

========================================================================
Received Import Request.
  Time since last request: 0.000033 seconds.
  path: Assets/3D Asserts/Lizard man/Medieval Series/Lizard Men/Source/Textures/Helmet.mat
  artifactKey: Guid(e06457ad1cb6efe408a4157cfb71b3b7) Importer(2089858483,b0f066a214c2f5e87bad3c948f4d605d)
Start importing Assets/3D Asserts/Lizard man/Medieval Series/Lizard Men/Source/Textures/Helmet.mat using Guid(e06457ad1cb6efe408a4157cfb71b3b7) Importer(2089858483,b0f066a214c2f5e87bad3c948f4d605d) (ScriptedImporter) -> (artifact id: 'b4ba5ecc6239090d5a99a169a5bac543') in 0.1598441 seconds
Number of updated asset objects reloaded before import = 0Number of asset objects unloaded after import = 4

========================================================================
Received Import Request.
  Time since last request: 0.000060 seconds.
  path: Assets/3D Asserts/Lizard man/Medieval Series/Lizard Men/Source/Materials/Lizard Man_Cloth_Red.mat
  artifactKey: Guid(45a4cf324ad77a34da08a7a3fcc0518c) Importer(2089858483,b0f066a214c2f5e87bad3c948f4d605d)
Start importing Assets/3D Asserts/Lizard man/Medieval Series/Lizard Men/Source/Materials/Lizard Man_Cloth_Red.mat using Guid(45a4cf324ad77a34da08a7a3fcc0518c) Importer(2089858483,b0f066a214c2f5e87bad3c948f4d605d) (ScriptedImporter) -> (artifact id: '1137df1513a6d63d8bbe64197ac738ac') in 0.2114276 seconds
Number of updated asset objects reloaded before import = 0Number of asset objects unloaded after import = 6

========================================================================
Received Import Request.
  Time since last request: 0.000129 seconds.
  path: Assets/3D Asserts/Lizard man/Medieval Series/Lizard Men/Source/Textures/Lizard4.mat
  artifactKey: Guid(ee27c93e433000d4cb9861d64f80851d) Importer(2089858483,b0f066a214c2f5e87bad3c948f4d605d)
Start importing Assets/3D Asserts/Lizard man/Medieval Series/Lizard Men/Source/Textures/Lizard4.mat using Guid(ee27c93e433000d4cb9861d64f80851d) Importer(2089858483,b0f066a214c2f5e87bad3c948f4d605d) (ScriptedImporter) -> (artifact id: '4243c74026a14f096b720d100f1e2426') in 0.1222716 seconds
Number of updated asset objects reloaded before import = 0Number of asset objects unloaded after import = 4

========================================================================
Received Import Request.
  Time since last request: 0.000091 seconds.
  path: Assets/3D Asserts/Lizard man/Medieval Series/Lizard Men/Source/Textures/Lizard2.mat
  artifactKey: Guid(cef6acfc3233b0841bc98a240b18cd9e) Importer(2089858483,b0f066a214c2f5e87bad3c948f4d605d)
Start importing Assets/3D Asserts/Lizard man/Medieval Series/Lizard Men/Source/Textures/Lizard2.mat using Guid(cef6acfc3233b0841bc98a240b18cd9e) Importer(2089858483,b0f066a214c2f5e87bad3c948f4d605d) (ScriptedImporter) -> (artifact id: '44babcc9972b87cb54e7d02e68271429') in 0.0958111 seconds
Number of updated asset objects reloaded before import = 0Number of asset objects unloaded after import = 4

========================================================================
Received Import Request.
  Time since last request: 0.000049 seconds.
  path: Assets/3D Asserts/Lizard man/Medieval Series/Lizard Men/Source/Textures/Lizard_Man_1 [Normal].tga
  artifactKey: Guid(decef80c2ada07e49abbedef03529fc2) Importer(2089858483,b0f066a214c2f5e87bad3c948f4d605d)
Start importing Assets/3D Asserts/Lizard man/Medieval Series/Lizard Men/Source/Textures/Lizard_Man_1 [Normal].tga using Guid(decef80c2ada07e49abbedef03529fc2) Importer(2089858483,b0f066a214c2f5e87bad3c948f4d605d) (ScriptedImporter) -> (artifact id: '0a646fbe534a150926bf7fa9e5835ff2') in 0.0561393 seconds
Number of updated asset objects reloaded before import = 0Number of asset objects unloaded after import = 1

========================================================================
Received Import Request.
  Time since last request: 0.000062 seconds.
  path: Assets/3D Asserts/Lizard man/Medieval Series/Lizard Men/Source/Textures/Lizard_Man_1 [Albedo].tga
  artifactKey: Guid(3f8852f9b483be442b404355f9d17959) Importer(2089858483,b0f066a214c2f5e87bad3c948f4d605d)
Start importing Assets/3D Asserts/Lizard man/Medieval Series/Lizard Men/Source/Textures/Lizard_Man_1 [Albedo].tga using Guid(3f8852f9b483be442b404355f9d17959) Importer(2089858483,b0f066a214c2f5e87bad3c948f4d605d) (ScriptedImporter) -> (artifact id: 'f9bf945aa899f72c9de22656d6ff2e3f') in 0.0499765 seconds
Number of updated asset objects reloaded before import = 0Number of asset objects unloaded after import = 1

========================================================================
Received Import Request.
  Time since last request: 0.000025 seconds.
  path: Assets/3D Asserts/Lizard man/Medieval Series/Lizard Men/Source/Textures/Lizard5.mat
  artifactKey: Guid(7d5267cdfd0f5a4468be2548165b3daf) Importer(2089858483,b0f066a214c2f5e87bad3c948f4d605d)
Start importing Assets/3D Asserts/Lizard man/Medieval Series/Lizard Men/Source/Textures/Lizard5.mat using Guid(7d5267cdfd0f5a4468be2548165b3daf) Importer(2089858483,b0f066a214c2f5e87bad3c948f4d605d) (ScriptedImporter) -> (artifact id: '6aa9653c5610313c72671bc4c82aca51') in 0.1195986 seconds
Number of updated asset objects reloaded before import = 0Number of asset objects unloaded after import = 4

========================================================================
Received Import Request.
  Time since last request: 0.000036 seconds.
  path: Assets/3D Asserts/Lizard man/Medieval Series/Lizard Men/Source/Textures/Lizard_Man_3 [Albedo].tga
  artifactKey: Guid(7d328285e559ec54a8c60d7aae1312b9) Importer(2089858483,b0f066a214c2f5e87bad3c948f4d605d)
Start importing Assets/3D Asserts/Lizard man/Medieval Series/Lizard Men/Source/Textures/Lizard_Man_3 [Albedo].tga using Guid(7d328285e559ec54a8c60d7aae1312b9) Importer(2089858483,b0f066a214c2f5e87bad3c948f4d605d) (ScriptedImporter) -> (artifact id: '0cb89c12c0f0b02799e7ba5f5f078b86') in 0.052824 seconds
Number of updated asset objects reloaded before import = 0Number of asset objects unloaded after import = 1

========================================================================
Received Import Request.
  Time since last request: 0.000055 seconds.
  path: Assets/3D Asserts/Lizard man/Medieval Series/Lizard Men/Source/Textures/Lizard_Man_1 [Mask].tga
  artifactKey: Guid(3bca5a2241b29dd4b81ab710cb03da74) Importer(2089858483,b0f066a214c2f5e87bad3c948f4d605d)
Start importing Assets/3D Asserts/Lizard man/Medieval Series/Lizard Men/Source/Textures/Lizard_Man_1 [Mask].tga using Guid(3bca5a2241b29dd4b81ab710cb03da74) Importer(2089858483,b0f066a214c2f5e87bad3c948f4d605d) (ScriptedImporter) -> (artifact id: 'a0bed6e5937ff1941254b2ae217bcdfc') in 0.0269812 seconds
Number of updated asset objects reloaded before import = 0Number of asset objects unloaded after import = 1

========================================================================
Received Import Request.
  Time since last request: 0.000026 seconds.
  path: Assets/3D Asserts/Lizard man/Medieval Series/Lizard Men/Source/Textures/Lizard_Man_2 [Normal].tga
  artifactKey: Guid(012f12296031cdf46b7f67c6ec98efe5) Importer(2089858483,b0f066a214c2f5e87bad3c948f4d605d)
Start importing Assets/3D Asserts/Lizard man/Medieval Series/Lizard Men/Source/Textures/Lizard_Man_2 [Normal].tga using Guid(012f12296031cdf46b7f67c6ec98efe5) Importer(2089858483,b0f066a214c2f5e87bad3c948f4d605d) (ScriptedImporter) -> (artifact id: 'e3db0ac3b5a3ad2c0e5bce50b1c8272e') in 0.0360859 seconds
Number of updated asset objects reloaded before import = 0Number of asset objects unloaded after import = 1

========================================================================
Received Import Request.
  Time since last request: 0.000067 seconds.
  path: Assets/3D Asserts/Lizard man/Medieval Series/Lizard Men/Source/Textures/Lizard_Man_2 [Albedo].tga
  artifactKey: Guid(f1b621c631c951c4f9349734bf264e74) Importer(2089858483,b0f066a214c2f5e87bad3c948f4d605d)
Start importing Assets/3D Asserts/Lizard man/Medieval Series/Lizard Men/Source/Textures/Lizard_Man_2 [Albedo].tga using Guid(f1b621c631c951c4f9349734bf264e74) Importer(2089858483,b0f066a214c2f5e87bad3c948f4d605d) (ScriptedImporter) -> (artifact id: '9eab8c958a99313fba9f86f1856b3488') in 0.0388263 seconds
Number of updated asset objects reloaded before import = 0Number of asset objects unloaded after import = 1

========================================================================
Received Import Request.
  Time since last request: 0.000044 seconds.
  path: Assets/3D Asserts/Lizard man/Medieval Series/Lizard Men/Source/Materials/Lizard Man_5_var.mat
  artifactKey: Guid(c6d2297b7ca770444bfb8555c7a14bb0) Importer(2089858483,b0f066a214c2f5e87bad3c948f4d605d)
Start importing Assets/3D Asserts/Lizard man/Medieval Series/Lizard Men/Source/Materials/Lizard Man_5_var.mat using Guid(c6d2297b7ca770444bfb8555c7a14bb0) Importer(2089858483,b0f066a214c2f5e87bad3c948f4d605d) (ScriptedImporter) -> (artifact id: 'da61b8784b8f751fe2f0d8ab9d715ef5') in 0.2844945 seconds
Number of updated asset objects reloaded before import = 0Number of asset objects unloaded after import = 6

========================================================================
Received Import Request.
  Time since last request: 0.000038 seconds.
  path: Assets/3D Asserts/Lizard man/Medieval Series/Lizard Men/Source/Textures/Lizard_Man_Female.tga
  artifactKey: Guid(910a834f6a9f8414db1dbfabe0162e6a) Importer(2089858483,b0f066a214c2f5e87bad3c948f4d605d)
Start importing Assets/3D Asserts/Lizard man/Medieval Series/Lizard Men/Source/Textures/Lizard_Man_Female.tga using Guid(910a834f6a9f8414db1dbfabe0162e6a) Importer(2089858483,b0f066a214c2f5e87bad3c948f4d605d) (ScriptedImporter) -> (artifact id: '9dbbbab6ec29c758995cc93aec761d7b') in 0.0500405 seconds
Number of updated asset objects reloaded before import = 0Number of asset objects unloaded after import = 1

========================================================================
Received Import Request.
  Time since last request: 0.000043 seconds.
  path: Assets/3D Asserts/Lizard man/Medieval Series/Lizard Men/Source/Textures/Lizard_Man_5 [Albedo].tga
  artifactKey: Guid(396899e479acb84409ce8e3aa298cfda) Importer(2089858483,b0f066a214c2f5e87bad3c948f4d605d)
Start importing Assets/3D Asserts/Lizard man/Medieval Series/Lizard Men/Source/Textures/Lizard_Man_5 [Albedo].tga using Guid(396899e479acb84409ce8e3aa298cfda) Importer(2089858483,b0f066a214c2f5e87bad3c948f4d605d) (ScriptedImporter) -> (artifact id: '3eb42f543c05ce50ddbb75c0c9d2c41f') in 0.0437654 seconds
Number of updated asset objects reloaded before import = 0Number of asset objects unloaded after import = 1

========================================================================
Received Import Request.
  Time since last request: 0.000039 seconds.
  path: Assets/3D Asserts/Lizard man/Medieval Series/Lizard Men/Weapons/Source/Axe-Wraith_1.FBX
  artifactKey: Guid(3cfdbb32d842da44b85e8613b4660edf) Importer(2089858483,b0f066a214c2f5e87bad3c948f4d605d)
Start importing Assets/3D Asserts/Lizard man/Medieval Series/Lizard Men/Weapons/Source/Axe-Wraith_1.FBX using Guid(3cfdbb32d842da44b85e8613b4660edf) Importer(2089858483,b0f066a214c2f5e87bad3c948f4d605d) (ScriptedImporter) -> (artifact id: '12d02f300447988056d6291e768a4199') in 0.0262239 seconds
Number of updated asset objects reloaded before import = 0Number of asset objects unloaded after import = 20

========================================================================
Received Import Request.
  Time since last request: 0.000093 seconds.
  path: Assets/3D Asserts/Lizard man/Medieval Series/Lizard Men/Source/Textures/Lizard_Man_4 [Albedo].tga
  artifactKey: Guid(aea2249ca27c6cd4c8e78db22d4c1cf2) Importer(2089858483,b0f066a214c2f5e87bad3c948f4d605d)
Start importing Assets/3D Asserts/Lizard man/Medieval Series/Lizard Men/Source/Textures/Lizard_Man_4 [Albedo].tga using Guid(aea2249ca27c6cd4c8e78db22d4c1cf2) Importer(2089858483,b0f066a214c2f5e87bad3c948f4d605d) (ScriptedImporter) -> (artifact id: '6d633cec37d0fd89db18d7daf7c806e3') in 0.0450894 seconds
Number of updated asset objects reloaded before import = 0Number of asset objects unloaded after import = 1

========================================================================
Received Import Request.
  Time since last request: 0.000038 seconds.
  path: Assets/3D Asserts/Lizard man/Medieval Series/Lizard Men/Source/Materials/Lizard Man_Cloth.mat
  artifactKey: Guid(00b1c4070d635984fba5ac46203b78bf) Importer(2089858483,b0f066a214c2f5e87bad3c948f4d605d)
Start importing Assets/3D Asserts/Lizard man/Medieval Series/Lizard Men/Source/Materials/Lizard Man_Cloth.mat using Guid(00b1c4070d635984fba5ac46203b78bf) Importer(2089858483,b0f066a214c2f5e87bad3c948f4d605d) (ScriptedImporter) -> (artifact id: '0f19d0c5abbd3a3c8e2a56727c1d3bbe') in 0.1532739 seconds
Number of updated asset objects reloaded before import = 0Number of asset objects unloaded after import = 5

========================================================================
Received Import Request.
  Time since last request: 0.000041 seconds.
  path: Assets/3D Asserts/Lizard man/Medieval Series/Lizard Men/Weapons/Source/Shield-Tribal_1.FBX
  artifactKey: Guid(e785059d3e7d66448a5f98eecbb7c409) Importer(2089858483,b0f066a214c2f5e87bad3c948f4d605d)
Start importing Assets/3D Asserts/Lizard man/Medieval Series/Lizard Men/Weapons/Source/Shield-Tribal_1.FBX using Guid(e785059d3e7d66448a5f98eecbb7c409) Importer(2089858483,b0f066a214c2f5e87bad3c948f4d605d) (ScriptedImporter) -> (artifact id: '1b80d7f70f0b0fe9b4d8aa4c6e100402') in 0.0171258 seconds
Number of updated asset objects reloaded before import = 0Number of asset objects unloaded after import = 20

========================================================================
Received Import Request.
  Time since last request: 0.000075 seconds.
  path: Assets/3D Asserts/Lizard man/Medieval Series/Lizard Men/Weapons/Source/Club-Horde_2.FBX
  artifactKey: Guid(7a8f0333b274b9c459af488dd5db3baf) Importer(2089858483,b0f066a214c2f5e87bad3c948f4d605d)
Start importing Assets/3D Asserts/Lizard man/Medieval Series/Lizard Men/Weapons/Source/Club-Horde_2.FBX using Guid(7a8f0333b274b9c459af488dd5db3baf) Importer(2089858483,b0f066a214c2f5e87bad3c948f4d605d) (ScriptedImporter) -> (artifact id: '00c329089422b407272dda098aabd7f1') in 0.016727 seconds
Number of updated asset objects reloaded before import = 0Number of asset objects unloaded after import = 20

========================================================================
Received Import Request.
  Time since last request: 0.000033 seconds.
  path: Assets/3D Asserts/Lizard man/Medieval Series/Lizard Men/Weapons/Source/Shield-Orc_1.FBX
  artifactKey: Guid(5a3beeb245c2d3542918491f7ba5b54a) Importer(2089858483,b0f066a214c2f5e87bad3c948f4d605d)
Start importing Assets/3D Asserts/Lizard man/Medieval Series/Lizard Men/Weapons/Source/Shield-Orc_1.FBX using Guid(5a3beeb245c2d3542918491f7ba5b54a) Importer(2089858483,b0f066a214c2f5e87bad3c948f4d605d) (ScriptedImporter) -> (artifact id: '118bd66ce3e7cfae59055a41ed6fa5ed') in 0.0177716 seconds
Number of updated asset objects reloaded before import = 0Number of asset objects unloaded after import = 20

========================================================================
Received Import Request.
  Time since last request: 0.000051 seconds.
  path: Assets/3D Asserts/Lizard man/Medieval Series/Lizard Men/Source/Materials/Lizard Man_3_var.mat
  artifactKey: Guid(cf39916b358c368478e4f86243f14a49) Importer(2089858483,b0f066a214c2f5e87bad3c948f4d605d)
Start importing Assets/3D Asserts/Lizard man/Medieval Series/Lizard Men/Source/Materials/Lizard Man_3_var.mat using Guid(cf39916b358c368478e4f86243f14a49) Importer(2089858483,b0f066a214c2f5e87bad3c948f4d605d) (ScriptedImporter) -> (artifact id: 'ba1ce5ab086f1a5d945e9f8b1c082550') in 0.1547505 seconds
Number of updated asset objects reloaded before import = 0Number of asset objects unloaded after import = 6

========================================================================
Received Import Request.
  Time since last request: 0.000038 seconds.
  path: Assets/3D Asserts/Lizard man/Medieval Series/Lizard Men/Weapons/Textures/T_Axe-Wraith_01_MS.tga
  artifactKey: Guid(6bcba07e72c3ae943a47bfa818f40436) Importer(2089858483,b0f066a214c2f5e87bad3c948f4d605d)
Start importing Assets/3D Asserts/Lizard man/Medieval Series/Lizard Men/Weapons/Textures/T_Axe-Wraith_01_MS.tga using Guid(6bcba07e72c3ae943a47bfa818f40436) Importer(2089858483,b0f066a214c2f5e87bad3c948f4d605d) (ScriptedImporter) -> (artifact id: '545b2b512611a530020de02505cd0e7e') in 0.0713347 seconds
Number of updated asset objects reloaded before import = 0Number of asset objects unloaded after import = 1

========================================================================
Received Import Request.
  Time since last request: 0.000033 seconds.
  path: Assets/3D Asserts/Lizard man/Medieval Series/Lizard Men/Weapons/Textures/T_Club-Horde_02_N.tga
  artifactKey: Guid(55bb5524169fd8f479aa65d01b6f4f64) Importer(2089858483,b0f066a214c2f5e87bad3c948f4d605d)
Start importing Assets/3D Asserts/Lizard man/Medieval Series/Lizard Men/Weapons/Textures/T_Club-Horde_02_N.tga using Guid(55bb5524169fd8f479aa65d01b6f4f64) Importer(2089858483,b0f066a214c2f5e87bad3c948f4d605d) (ScriptedImporter) -> (artifact id: 'da67a53a908ea1977a9ababe6b4158db') in 0.1187049 seconds
Number of updated asset objects reloaded before import = 0Number of asset objects unloaded after import = 1

========================================================================
Received Import Request.
  Time since last request: 0.000022 seconds.
  path: Assets/3D Asserts/Lizard man/Medieval Series/Lizard Men/Weapons/Textures/T_Axe-Wraith_01_D.tga
  artifactKey: Guid(1627310d81924a34f991e15c9467cc17) Importer(2089858483,b0f066a214c2f5e87bad3c948f4d605d)
Start importing Assets/3D Asserts/Lizard man/Medieval Series/Lizard Men/Weapons/Textures/T_Axe-Wraith_01_D.tga using Guid(1627310d81924a34f991e15c9467cc17) Importer(2089858483,b0f066a214c2f5e87bad3c948f4d605d) (ScriptedImporter) -> (artifact id: '0b57d8e345f4a7472fc5c0b376c5d596') in 0.0765108 seconds
Number of updated asset objects reloaded before import = 0Number of asset objects unloaded after import = 1

========================================================================
Received Import Request.
  Time since last request: 0.000035 seconds.
  path: Assets/3D Asserts/Lizard man/Medieval Series/Lizard Men/Weapons/Textures/T_Shield-Horde_01_MS.tga
  artifactKey: Guid(233b475288390ab44814d30d96e70121) Importer(2089858483,b0f066a214c2f5e87bad3c948f4d605d)
Start importing Assets/3D Asserts/Lizard man/Medieval Series/Lizard Men/Weapons/Textures/T_Shield-Horde_01_MS.tga using Guid(233b475288390ab44814d30d96e70121) Importer(2089858483,b0f066a214c2f5e87bad3c948f4d605d) (ScriptedImporter) -> (artifact id: '0bc08a8c478c02a03923ebd1e614f5d0') in 0.0962954 seconds
Number of updated asset objects reloaded before import = 0Number of asset objects unloaded after import = 1

========================================================================
Received Import Request.
  Time since last request: 0.000033 seconds.
  path: Assets/3D Asserts/Lizard man/Medieval Series/Lizard Men/Weapons/Textures/T_Shield-Tribal_01_N.tga
  artifactKey: Guid(4dfe9540388373a4586cd19cb0e79fbd) Importer(2089858483,b0f066a214c2f5e87bad3c948f4d605d)
Start importing Assets/3D Asserts/Lizard man/Medieval Series/Lizard Men/Weapons/Textures/T_Shield-Tribal_01_N.tga using Guid(4dfe9540388373a4586cd19cb0e79fbd) Importer(2089858483,b0f066a214c2f5e87bad3c948f4d605d) (ScriptedImporter) -> (artifact id: 'd3a3aab3e3b8e1137d1718d8b42b0b9d') in 0.198 seconds
Number of updated asset objects reloaded before import = 0Number of asset objects unloaded after import = 1

========================================================================
Received Import Request.
  Time since last request: 0.000031 seconds.
  path: Assets/3D Asserts/Lizard man/Medieval Series/Lizard Men/Weapons/Textures/T_Shield-Tribal_01_D.tga
  artifactKey: Guid(1308310e9c979874582c1fbe53f9ed93) Importer(2089858483,b0f066a214c2f5e87bad3c948f4d605d)
Start importing Assets/3D Asserts/Lizard man/Medieval Series/Lizard Men/Weapons/Textures/T_Shield-Tribal_01_D.tga using Guid(1308310e9c979874582c1fbe53f9ed93) Importer(2089858483,b0f066a214c2f5e87bad3c948f4d605d) (ScriptedImporter) -> (artifact id: '9700a50831102b3b600f22b438ea47d0') in 0.1051543 seconds
Number of updated asset objects reloaded before import = 0Number of asset objects unloaded after import = 1

========================================================================
Received Import Request.
  Time since last request: 0.000046 seconds.
  path: Assets/3D Asserts/Lizard man/Medieval Series/Lizard Men/Weapons/Textures/T_Spear-Horde_01_N.tga
  artifactKey: Guid(4897e359de9187140b9a4e0999e8dacc) Importer(2089858483,b0f066a214c2f5e87bad3c948f4d605d)
Start importing Assets/3D Asserts/Lizard man/Medieval Series/Lizard Men/Weapons/Textures/T_Spear-Horde_01_N.tga using Guid(4897e359de9187140b9a4e0999e8dacc) Importer(2089858483,b0f066a214c2f5e87bad3c948f4d605d) (ScriptedImporter) -> (artifact id: 'c48059cd249034589bb9f2adae649820') in 0.0560392 seconds
Number of updated asset objects reloaded before import = 0Number of asset objects unloaded after import = 1

========================================================================
Received Import Request.
  Time since last request: 0.000036 seconds.
  path: Assets/3D Asserts/Lizard man/Medieval Series/Lizard Men/Weapons/Textures/T_Spear-Primitive_01_D.tga
  artifactKey: Guid(41b62d404a7dcaa43a3d659f4f2c7ef4) Importer(2089858483,b0f066a214c2f5e87bad3c948f4d605d)
Start importing Assets/3D Asserts/Lizard man/Medieval Series/Lizard Men/Weapons/Textures/T_Spear-Primitive_01_D.tga using Guid(41b62d404a7dcaa43a3d659f4f2c7ef4) Importer(2089858483,b0f066a214c2f5e87bad3c948f4d605d) (ScriptedImporter) -> (artifact id: '04c64a8ee814c0f33ab312756f24d19b') in 0.0670152 seconds
Number of updated asset objects reloaded before import = 0Number of asset objects unloaded after import = 1

========================================================================
Received Import Request.
  Time since last request: 0.000026 seconds.
  path: Assets/3D Asserts/Lizard man/Medieval Series/Lizard Men/Weapons/Textures/T_Shield-Tribal_01_MS.tga
  artifactKey: Guid(d6a1ece8a7262f24b998aa21e4543c5f) Importer(2089858483,b0f066a214c2f5e87bad3c948f4d605d)
Start importing Assets/3D Asserts/Lizard man/Medieval Series/Lizard Men/Weapons/Textures/T_Shield-Tribal_01_MS.tga using Guid(d6a1ece8a7262f24b998aa21e4543c5f) Importer(2089858483,b0f066a214c2f5e87bad3c948f4d605d) (ScriptedImporter) -> (artifact id: 'c026cbd7fea003022b829a7aeca117d1') in 0.1881536 seconds
Number of updated asset objects reloaded before import = 0Number of asset objects unloaded after import = 1

========================================================================
Received Import Request.
  Time since last request: 0.000056 seconds.
  path: Assets/3D Asserts/Lizard man/Medieval Series/Lizard Men/Weapons/Textures/T_Spear-Primitive_01_N.tga
  artifactKey: Guid(c72269421dfd5a44790aed0b159fc778) Importer(2089858483,b0f066a214c2f5e87bad3c948f4d605d)
Start importing Assets/3D Asserts/Lizard man/Medieval Series/Lizard Men/Weapons/Textures/T_Spear-Primitive_01_N.tga using Guid(c72269421dfd5a44790aed0b159fc778) Importer(2089858483,b0f066a214c2f5e87bad3c948f4d605d) (ScriptedImporter) -> (artifact id: '42bdd2c75e9ea26fa7503ba9041ec673') in 0.0223093 seconds
Number of updated asset objects reloaded before import = 0Number of asset objects unloaded after import = 1

========================================================================
Received Import Request.
  Time since last request: 0.000053 seconds.
  path: Assets/_Barking_Dog/_3D Scifi Base Vol 1/SpeedTree/Broadleaf/Broadleaf_Desktop Materials/LOD0/Leaves_3.mat
  artifactKey: Guid(19d7ece9e3def3745a0f6e75d984fdf6) Importer(2089858483,b0f066a214c2f5e87bad3c948f4d605d)
Start importing Assets/_Barking_Dog/_3D Scifi Base Vol 1/SpeedTree/Broadleaf/Broadleaf_Desktop Materials/LOD0/Leaves_3.mat using Guid(19d7ece9e3def3745a0f6e75d984fdf6) Importer(2089858483,b0f066a214c2f5e87bad3c948f4d605d) (ScriptedImporter) -> (artifact id: '53cbafeea89079be11992a81a7930fc2') in 0.0081656 seconds
Number of updated asset objects reloaded before import = 0Number of asset objects unloaded after import = 3

========================================================================
Received Import Request.
  Time since last request: 0.000029 seconds.
  path: Assets/_Barking_Dog/_3D Scifi Base Vol 1/SpeedTree/Broadleaf/Broadleaf_Desktop Materials/LOD0/Branches_1.mat
  artifactKey: Guid(e621ee108fde15148a5e4b4ab67667b9) Importer(2089858483,b0f066a214c2f5e87bad3c948f4d605d)
Start importing Assets/_Barking_Dog/_3D Scifi Base Vol 1/SpeedTree/Broadleaf/Broadleaf_Desktop Materials/LOD0/Branches_1.mat using Guid(e621ee108fde15148a5e4b4ab67667b9) Importer(2089858483,b0f066a214c2f5e87bad3c948f4d605d) (ScriptedImporter) -> (artifact id: '9155339f0275854fc186199fe0e8e323') in 0.0057672 seconds
Number of updated asset objects reloaded before import = 0Number of asset objects unloaded after import = 3

========================================================================
Received Import Request.
  Time since last request: 0.000037 seconds.
  path: Assets/3D Asserts/Lizard man/Medieval Series/Lizard Men/Weapons/Textures/T_Axe-Wraith_01_N.tga
  artifactKey: Guid(03e18cafd63aeac41a69d256b126eda7) Importer(2089858483,b0f066a214c2f5e87bad3c948f4d605d)
Start importing Assets/3D Asserts/Lizard man/Medieval Series/Lizard Men/Weapons/Textures/T_Axe-Wraith_01_N.tga using Guid(03e18cafd63aeac41a69d256b126eda7) Importer(2089858483,b0f066a214c2f5e87bad3c948f4d605d) (ScriptedImporter) -> (artifact id: 'bbc8e529e9c4de5c8675990d3a3ef2dc') in 0.1340972 seconds
Number of updated asset objects reloaded before import = 0Number of asset objects unloaded after import = 1

========================================================================
Received Import Request.
  Time since last request: 0.000053 seconds.
  path: Assets/3D Asserts/Sci Fi Gun Light/Prefabs/SciFiGunLight/SciFiGunLight_Yellow.prefab
  artifactKey: Guid(caf80fbf99570df45a028c3a3c6ff238) Importer(2089858483,e11c23a36db5f54750b8cd40eac0985b)
Start importing Assets/3D Asserts/Sci Fi Gun Light/Prefabs/SciFiGunLight/SciFiGunLight_Yellow.prefab using Guid(caf80fbf99570df45a028c3a3c6ff238) Importer(2089858483,e11c23a36db5f54750b8cd40eac0985b) (ScriptedImporter) -> (artifact id: 'ba5844b58a48645b8dfc323f3ca1da3f') in 0.0299504 seconds
Number of updated asset objects reloaded before import = 0Number of asset objects unloaded after import = 8

========================================================================
Received Import Request.
  Time since last request: 0.000025 seconds.
  path: Assets/_Barking_Dog/_3D Scifi Base Vol 1/SpeedTree/Broadleaf/Broadleaf_Desktop Materials/LOD1/FacingLeaves_4.mat
  artifactKey: Guid(9938463bcd729fe41b4937cb6d2d692b) Importer(2089858483,b0f066a214c2f5e87bad3c948f4d605d)
Start importing Assets/_Barking_Dog/_3D Scifi Base Vol 1/SpeedTree/Broadleaf/Broadleaf_Desktop Materials/LOD1/FacingLeaves_4.mat using Guid(9938463bcd729fe41b4937cb6d2d692b) Importer(2089858483,b0f066a214c2f5e87bad3c948f4d605d) (ScriptedImporter) -> (artifact id: 'bc944b8112223af2c4cc872ce76942b5') in 0.0094537 seconds
Number of updated asset objects reloaded before import = 0Number of asset objects unloaded after import = 3

========================================================================
Received Import Request.
  Time since last request: 0.000040 seconds.
  path: Assets/_Barking_Dog/_3D Scifi Base Vol 1/SpeedTree/Broadleaf/Broadleaf_Desktop Materials/LOD2/Leaves_3.mat
  artifactKey: Guid(355b3169750599e4f957a9d54675c3fa) Importer(2089858483,b0f066a214c2f5e87bad3c948f4d605d)
Start importing Assets/_Barking_Dog/_3D Scifi Base Vol 1/SpeedTree/Broadleaf/Broadleaf_Desktop Materials/LOD2/Leaves_3.mat using Guid(355b3169750599e4f957a9d54675c3fa) Importer(2089858483,b0f066a214c2f5e87bad3c948f4d605d) (ScriptedImporter) -> (artifact id: '4d6b5a5145cb5c92a3bf289d85808362') in 0.0091883 seconds
Number of updated asset objects reloaded before import = 0Number of asset objects unloaded after import = 3

========================================================================
Received Import Request.
  Time since last request: 0.000049 seconds.
  path: Assets/_Barking_Dog/_3D Scifi Base Vol 1/SpeedTree/Broadleaf/Broadleaf_Desktop Materials/LOD2/Branches_1.mat
  artifactKey: Guid(639aa87a96d586c4e84838574ce20ca3) Importer(2089858483,b0f066a214c2f5e87bad3c948f4d605d)
Start importing Assets/_Barking_Dog/_3D Scifi Base Vol 1/SpeedTree/Broadleaf/Broadleaf_Desktop Materials/LOD2/Branches_1.mat using Guid(639aa87a96d586c4e84838574ce20ca3) Importer(2089858483,b0f066a214c2f5e87bad3c948f4d605d) (ScriptedImporter) -> (artifact id: '54a2ddf3372fc26d2618d6a9aedcbb23') in 0.0076118 seconds
Number of updated asset objects reloaded before import = 0Number of asset objects unloaded after import = 3

========================================================================
Received Import Request.
  Time since last request: 0.000056 seconds.
  path: Assets/_Barking_Dog/_3D Scifi Base Vol 1/SpeedTree/Broadleaf/Broadleaf_Desktop Materials/LOD1/Fronds_2.mat
  artifactKey: Guid(57225f817366f704fb9b710e3865030d) Importer(2089858483,b0f066a214c2f5e87bad3c948f4d605d)
Start importing Assets/_Barking_Dog/_3D Scifi Base Vol 1/SpeedTree/Broadleaf/Broadleaf_Desktop Materials/LOD1/Fronds_2.mat using Guid(57225f817366f704fb9b710e3865030d) Importer(2089858483,b0f066a214c2f5e87bad3c948f4d605d) (ScriptedImporter) -> (artifact id: '2d87575772b2e053e52b24e832d6eb06') in 0.0114104 seconds
Number of updated asset objects reloaded before import = 0Number of asset objects unloaded after import = 3

========================================================================
Received Import Request.
  Time since last request: 0.000025 seconds.
  path: Assets/_Barking_Dog/_3D Scifi Base Vol 1/SpeedTree/Broadleaf/Broadleaf_Desktop Materials/LOD2/Fronds_2.mat
  artifactKey: Guid(ee0b78d572fcec249860ad38970b7888) Importer(2089858483,b0f066a214c2f5e87bad3c948f4d605d)
Start importing Assets/_Barking_Dog/_3D Scifi Base Vol 1/SpeedTree/Broadleaf/Broadleaf_Desktop Materials/LOD2/Fronds_2.mat using Guid(ee0b78d572fcec249860ad38970b7888) Importer(2089858483,b0f066a214c2f5e87bad3c948f4d605d) (ScriptedImporter) -> (artifact id: 'b0b74f7c29b8150a9f92b125bf03454b') in 0.0087361 seconds
Number of updated asset objects reloaded before import = 0Number of asset objects unloaded after import = 3

========================================================================
Received Import Request.
  Time since last request: 0.000036 seconds.
  path: Assets/EffectExamples/Shared/Materials/Skybox.mat
  artifactKey: Guid(d1385980456cd2044b282d73625457db) Importer(2089858483,b0f066a214c2f5e87bad3c948f4d605d)
Start importing Assets/EffectExamples/Shared/Materials/Skybox.mat using Guid(d1385980456cd2044b282d73625457db) Importer(2089858483,b0f066a214c2f5e87bad3c948f4d605d) (ScriptedImporter) -> (artifact id: '81893e1e2805c5da3463e3b45a4cb455') in 0.0060036 seconds
Number of updated asset objects reloaded before import = 0Number of asset objects unloaded after import = 1

========================================================================
Received Import Request.
  Time since last request: 0.000041 seconds.
  path: Assets/3D Asserts/Lizard man/Polygonmaker - Shader/Textures/Default Mettalic(A).tga
  artifactKey: Guid(d429806a7c48aed4499e84d6864feeb2) Importer(2089858483,b0f066a214c2f5e87bad3c948f4d605d)
Start importing Assets/3D Asserts/Lizard man/Polygonmaker - Shader/Textures/Default Mettalic(A).tga using Guid(d429806a7c48aed4499e84d6864feeb2) Importer(2089858483,b0f066a214c2f5e87bad3c948f4d605d) (ScriptedImporter) -> (artifact id: '90da746486b517e2f641c98151e79f68') in 0.0196603 seconds
Number of updated asset objects reloaded before import = 0Number of asset objects unloaded after import = 1

========================================================================
Received Import Request.
  Time since last request: 0.000028 seconds.
  path: Assets/_Barking_Dog/_3D Scifi Base Vol 1/Splat/Grass_01_Norm.png
  artifactKey: Guid(0ed484181414c4063823935b366bfae2) Importer(2089858483,b0f066a214c2f5e87bad3c948f4d605d)
Start importing Assets/_Barking_Dog/_3D Scifi Base Vol 1/Splat/Grass_01_Norm.png using Guid(0ed484181414c4063823935b366bfae2) Importer(2089858483,b0f066a214c2f5e87bad3c948f4d605d) (ScriptedImporter) -> (artifact id: '666003f40048a5f932ee6336e38367b0') in 0.0297231 seconds
Number of updated asset objects reloaded before import = 0Number of asset objects unloaded after import = 1

========================================================================
Received Import Request.
  Time since last request: 0.000049 seconds.
  path: Assets/_Barking_Dog/_3D Scifi Base Vol 1/SpeedTree/Broadleaf/Broadleaf_Mobile Materials/LOD0/Branches_0.mat
  artifactKey: Guid(bfc1dabf45016eb46b99df1a78054924) Importer(2089858483,b0f066a214c2f5e87bad3c948f4d605d)
Start importing Assets/_Barking_Dog/_3D Scifi Base Vol 1/SpeedTree/Broadleaf/Broadleaf_Mobile Materials/LOD0/Branches_0.mat using Guid(bfc1dabf45016eb46b99df1a78054924) Importer(2089858483,b0f066a214c2f5e87bad3c948f4d605d) (ScriptedImporter) -> (artifact id: 'b1c2777e05edf6c8f689a188caaacad2') in 0.0091564 seconds
Number of updated asset objects reloaded before import = 0Number of asset objects unloaded after import = 3

========================================================================
Received Import Request.
  Time since last request: 0.000027 seconds.
  path: Assets/_Barking_Dog/_3D Scifi Base Vol 1/SpeedTree/Broadleaf/Broadleaf_Mobile Materials/LOD1/Branches_0.mat
  artifactKey: Guid(1092dd21af768cb499771bf88709dbbd) Importer(2089858483,b0f066a214c2f5e87bad3c948f4d605d)
Start importing Assets/_Barking_Dog/_3D Scifi Base Vol 1/SpeedTree/Broadleaf/Broadleaf_Mobile Materials/LOD1/Branches_0.mat using Guid(1092dd21af768cb499771bf88709dbbd) Importer(2089858483,b0f066a214c2f5e87bad3c948f4d605d) (ScriptedImporter) -> (artifact id: '1cd4b43b3cfba97e2fb690889c5def91') in 0.0080412 seconds
Number of updated asset objects reloaded before import = 0Number of asset objects unloaded after import = 3

========================================================================
Received Import Request.
  Time since last request: 0.000045 seconds.
  path: Assets/_Barking_Dog/_3D Scifi Base Vol 1/SpeedTree/Conifer/Conifer_Desktop Materials/LOD0/Fronds_2.mat
  artifactKey: Guid(0aa00c0212e047047aa5a1ce93b07f49) Importer(2089858483,b0f066a214c2f5e87bad3c948f4d605d)
Start importing Assets/_Barking_Dog/_3D Scifi Base Vol 1/SpeedTree/Conifer/Conifer_Desktop Materials/LOD0/Fronds_2.mat using Guid(0aa00c0212e047047aa5a1ce93b07f49) Importer(2089858483,b0f066a214c2f5e87bad3c948f4d605d) (ScriptedImporter) -> (artifact id: 'bde64b019f8a1f6b02315166b8d03bc9') in 0.0146351 seconds
Number of updated asset objects reloaded before import = 0Number of asset objects unloaded after import = 3

========================================================================
Received Import Request.
  Time since last request: 0.000057 seconds.
  path: Assets/_Barking_Dog/_3D Scifi Base Vol 1/SpeedTree/Conifer/Conifer_Desktop Materials/LOD0/Branches_1.mat
  artifactKey: Guid(fdb77c3917027234db7a7792019eda2e) Importer(2089858483,b0f066a214c2f5e87bad3c948f4d605d)
Start importing Assets/_Barking_Dog/_3D Scifi Base Vol 1/SpeedTree/Conifer/Conifer_Desktop Materials/LOD0/Branches_1.mat using Guid(fdb77c3917027234db7a7792019eda2e) Importer(2089858483,b0f066a214c2f5e87bad3c948f4d605d) (ScriptedImporter) -> (artifact id: '66d6cda202263c96078f49f72ed13628') in 0.0076732 seconds
Number of updated asset objects reloaded before import = 0Number of asset objects unloaded after import = 3

========================================================================
Received Import Request.
  Time since last request: 0.000044 seconds.
  path: Assets/_Barking_Dog/_3D Scifi Base Vol 1/SpeedTree/Broadleaf/Broadleaf_Mobile Materials/LOD2/Leaves_1.mat
  artifactKey: Guid(f568ca8b20ae095418f3e2a3b341d8f6) Importer(2089858483,b0f066a214c2f5e87bad3c948f4d605d)
Start importing Assets/_Barking_Dog/_3D Scifi Base Vol 1/SpeedTree/Broadleaf/Broadleaf_Mobile Materials/LOD2/Leaves_1.mat using Guid(f568ca8b20ae095418f3e2a3b341d8f6) Importer(2089858483,b0f066a214c2f5e87bad3c948f4d605d) (ScriptedImporter) -> (artifact id: '34f22165f2f3997aecc7c73fbb1fe9a7') in 0.0083958 seconds
Number of updated asset objects reloaded before import = 0Number of asset objects unloaded after import = 3

========================================================================
Received Import Request.
  Time since last request: 0.000029 seconds.
  path: Assets/_Barking_Dog/_3D Scifi Base Vol 1/SpeedTree/Conifer/Conifer_Desktop Materials/LOD2/Branches_1.mat
  artifactKey: Guid(57df284b8a7c87b4894ac5f9c86e0be9) Importer(2089858483,b0f066a214c2f5e87bad3c948f4d605d)
Start importing Assets/_Barking_Dog/_3D Scifi Base Vol 1/SpeedTree/Conifer/Conifer_Desktop Materials/LOD2/Branches_1.mat using Guid(57df284b8a7c87b4894ac5f9c86e0be9) Importer(2089858483,b0f066a214c2f5e87bad3c948f4d605d) (ScriptedImporter) -> (artifact id: '7ed69dcba88f9256edb60abde3272618') in 0.0072952 seconds
Number of updated asset objects reloaded before import = 0Number of asset objects unloaded after import = 3

========================================================================
Received Import Request.
  Time since last request: 0.000028 seconds.
  path: Assets/_Barking_Dog/_3D Scifi Base Vol 1/SpeedTree/Broadleaf/Broadleaf_Mobile Materials/LOD0/Leaves_1.mat
  artifactKey: Guid(6c3b3265bf0f7e547a1ada8555f850a5) Importer(2089858483,b0f066a214c2f5e87bad3c948f4d605d)
Start importing Assets/_Barking_Dog/_3D Scifi Base Vol 1/SpeedTree/Broadleaf/Broadleaf_Mobile Materials/LOD0/Leaves_1.mat using Guid(6c3b3265bf0f7e547a1ada8555f850a5) Importer(2089858483,b0f066a214c2f5e87bad3c948f4d605d) (ScriptedImporter) -> (artifact id: '0c0d2341e8aa17c8d0e6963b4b5ddff4') in 0.0113278 seconds
Number of updated asset objects reloaded before import = 0Number of asset objects unloaded after import = 3

========================================================================
Received Import Request.
  Time since last request: 0.000029 seconds.
  path: Assets/3D Asserts/Lizard man/Medieval Series/Lizard Men/Weapons/Source/Materials/Shield-Horde_1.mat
  artifactKey: Guid(481559429f758134da7d0eefd8ef3afd) Importer(2089858483,b0f066a214c2f5e87bad3c948f4d605d)
Start importing Assets/3D Asserts/Lizard man/Medieval Series/Lizard Men/Weapons/Source/Materials/Shield-Horde_1.mat using Guid(481559429f758134da7d0eefd8ef3afd) Importer(2089858483,b0f066a214c2f5e87bad3c948f4d605d) (ScriptedImporter) -> (artifact id: 'eb614eefac79e52a531a208f58f2393d') in 0.018063 seconds
Number of updated asset objects reloaded before import = 0Number of asset objects unloaded after import = 4

========================================================================
Received Import Request.
  Time since last request: 0.000057 seconds.
  path: Assets/3D Asserts/Lizard man/Medieval Series/Lizard Men/Source/Materials/Mobile/Helmet_Mobile.mat
  artifactKey: Guid(9bfad81dd48641b4ca62ff15530bc07d) Importer(2089858483,b0f066a214c2f5e87bad3c948f4d605d)
Start importing Assets/3D Asserts/Lizard man/Medieval Series/Lizard Men/Source/Materials/Mobile/Helmet_Mobile.mat using Guid(9bfad81dd48641b4ca62ff15530bc07d) Importer(2089858483,b0f066a214c2f5e87bad3c948f4d605d) (ScriptedImporter) -> (artifact id: '6886c043f28f5acd3dd52a629d3a0461') in 0.1285023 seconds
Number of updated asset objects reloaded before import = 0Number of asset objects unloaded after import = 2

========================================================================
Received Import Request.
  Time since last request: 0.000032 seconds.
  path: Assets/3D Asserts/Lizard man/Medieval Series/Lizard Men/Source/Textures/Mobile/Lizard_Man_1 [Diffuse].tga
  artifactKey: Guid(9b619dc211316434c860fc728cf5f424) Importer(2089858483,b0f066a214c2f5e87bad3c948f4d605d)
Start importing Assets/3D Asserts/Lizard man/Medieval Series/Lizard Men/Source/Textures/Mobile/Lizard_Man_1 [Diffuse].tga using Guid(9b619dc211316434c860fc728cf5f424) Importer(2089858483,b0f066a214c2f5e87bad3c948f4d605d) (ScriptedImporter) -> (artifact id: '20f570f248c57b51ff0825f282d4c9b5') in 0.0687365 seconds
Number of updated asset objects reloaded before import = 0Number of asset objects unloaded after import = 1

========================================================================
Received Import Request.
  Time since last request: 0.000077 seconds.
  path: Assets/_Barking_Dog/_3D Scifi Base Vol 1/SpeedTree/Conifer/Conifer_Desktop Materials/LOD2/Leaves_3.mat
  artifactKey: Guid(c487fc8e98a2a42488a6c0a36ccaec27) Importer(2089858483,b0f066a214c2f5e87bad3c948f4d605d)
Start importing Assets/_Barking_Dog/_3D Scifi Base Vol 1/SpeedTree/Conifer/Conifer_Desktop Materials/LOD2/Leaves_3.mat using Guid(c487fc8e98a2a42488a6c0a36ccaec27) Importer(2089858483,b0f066a214c2f5e87bad3c948f4d605d) (ScriptedImporter) -> (artifact id: 'fc2974a4e0d3a4073b7671fd85847cc6') in 0.0133692 seconds
Number of updated asset objects reloaded before import = 0Number of asset objects unloaded after import = 3

========================================================================
Received Import Request.
  Time since last request: 0.000049 seconds.
  path: Assets/3D Asserts/Lizard man/Medieval Series/Lizard Men/Weapons/Source/Materials/Shield-Tribal_1.mat
  artifactKey: Guid(ed222653154886a4ab5f645835f5df57) Importer(2089858483,b0f066a214c2f5e87bad3c948f4d605d)
Start importing Assets/3D Asserts/Lizard man/Medieval Series/Lizard Men/Weapons/Source/Materials/Shield-Tribal_1.mat using Guid(ed222653154886a4ab5f645835f5df57) Importer(2089858483,b0f066a214c2f5e87bad3c948f4d605d) (ScriptedImporter) -> (artifact id: '7ea6690ed96bd96e1b8e930aad0fb6b5') in 0.0562096 seconds
Number of updated asset objects reloaded before import = 0Number of asset objects unloaded after import = 4

========================================================================
Received Import Request.
  Time since last request: 0.000041 seconds.
  path: Assets/3D Asserts/Lizard man/Medieval Series/Lizard Men/Weapons/Source/Materials/Club-Horde_2.mat
  artifactKey: Guid(7b73219c12ca4aa44ad58f2508b6c132) Importer(2089858483,b0f066a214c2f5e87bad3c948f4d605d)
Start importing Assets/3D Asserts/Lizard man/Medieval Series/Lizard Men/Weapons/Source/Materials/Club-Horde_2.mat using Guid(7b73219c12ca4aa44ad58f2508b6c132) Importer(2089858483,b0f066a214c2f5e87bad3c948f4d605d) (ScriptedImporter) -> (artifact id: 'cf0a7b56d2c294285e02a722df47aa89') in 0.035593 seconds
Number of updated asset objects reloaded before import = 0Number of asset objects unloaded after import = 4

========================================================================
Received Import Request.
  Time since last request: 0.000077 seconds.
  path: Assets/3D Asserts/Lizard man/Medieval Series/Lizard Men/Weapons/Source/Materials/Spear-Primitive_1.mat
  artifactKey: Guid(bd394e54ca54a474cb5692d770bf9712) Importer(2089858483,b0f066a214c2f5e87bad3c948f4d605d)
Start importing Assets/3D Asserts/Lizard man/Medieval Series/Lizard Men/Weapons/Source/Materials/Spear-Primitive_1.mat using Guid(bd394e54ca54a474cb5692d770bf9712) Importer(2089858483,b0f066a214c2f5e87bad3c948f4d605d) (ScriptedImporter) -> (artifact id: '95f1c5e2e76b478cc0ad424a0ffeed3e') in 0.0118833 seconds
Number of updated asset objects reloaded before import = 0Number of asset objects unloaded after import = 4

========================================================================
Received Import Request.
  Time since last request: 0.000032 seconds.
  path: Assets/3D Asserts/Lizard man/Medieval Series/Lizard Men/Weapons/Source/Materials/Shield-Orc_1.mat
  artifactKey: Guid(ba8a1978814f07f46b6667206a35f20a) Importer(2089858483,b0f066a214c2f5e87bad3c948f4d605d)
Start importing Assets/3D Asserts/Lizard man/Medieval Series/Lizard Men/Weapons/Source/Materials/Shield-Orc_1.mat using Guid(ba8a1978814f07f46b6667206a35f20a) Importer(2089858483,b0f066a214c2f5e87bad3c948f4d605d) (ScriptedImporter) -> (artifact id: 'a33108d51966fb26a524c3060354ccc6') in 0.0237952 seconds
Number of updated asset objects reloaded before import = 0Number of asset objects unloaded after import = 4

========================================================================
Received Import Request.
  Time since last request: 0.000039 seconds.
  path: Assets/3D Asserts/Lizard man/Medieval Series/Lizard Men/Source/Materials/Mobile/Lizard_3_Mobile.mat
  artifactKey: Guid(3468346fde0f694499bd822c9bd29290) Importer(2089858483,b0f066a214c2f5e87bad3c948f4d605d)
Start importing Assets/3D Asserts/Lizard man/Medieval Series/Lizard Men/Source/Materials/Mobile/Lizard_3_Mobile.mat using Guid(3468346fde0f694499bd822c9bd29290) Importer(2089858483,b0f066a214c2f5e87bad3c948f4d605d) (ScriptedImporter) -> (artifact id: 'ab4a93ebbc09cd8ad42e2e17750d152a') in 0.0239454 seconds
Number of updated asset objects reloaded before import = 0Number of asset objects unloaded after import = 2

========================================================================
Received Import Request.
  Time since last request: 0.000050 seconds.
  path: Assets/_Barking_Dog/_3D Scifi Base Vol 1/SpeedTree/Conifer/Conifer_Desktop Materials/LOD1/Leaves_3.mat
  artifactKey: Guid(e6751882f7503bd4f9c6c3902e8b6188) Importer(2089858483,b0f066a214c2f5e87bad3c948f4d605d)
Start importing Assets/_Barking_Dog/_3D Scifi Base Vol 1/SpeedTree/Conifer/Conifer_Desktop Materials/LOD1/Leaves_3.mat using Guid(e6751882f7503bd4f9c6c3902e8b6188) Importer(2089858483,b0f066a214c2f5e87bad3c948f4d605d) (ScriptedImporter) -> (artifact id: '48cb1377e77708d8a09aaafcdb283694') in 0.0098217 seconds
Number of updated asset objects reloaded before import = 0Number of asset objects unloaded after import = 3

========================================================================
Received Import Request.
  Time since last request: 0.000058 seconds.
  path: Assets/EffectExamples/WeaponEffects/Textures/BulletHoleMetalThroughNormals.tif
  artifactKey: Guid(b284a0bea151ce444957bb92f6b50ac4) Importer(2089858483,b0f066a214c2f5e87bad3c948f4d605d)
Start importing Assets/EffectExamples/WeaponEffects/Textures/BulletHoleMetalThroughNormals.tif using Guid(b284a0bea151ce444957bb92f6b50ac4) Importer(2089858483,b0f066a214c2f5e87bad3c948f4d605d) (ScriptedImporter) -> (artifact id: 'afde9cf47ce5c23913cb50dcd7be595e') in 0.0117279 seconds
Number of updated asset objects reloaded before import = 0Number of asset objects unloaded after import = 1

========================================================================
Received Import Request.
  Time since last request: 0.000039 seconds.
  path: Assets/_Barking_Dog/_3D Scifi Base Vol 1/Splat/Water.mat
  artifactKey: Guid(82163206ac4c58749bfa32e52c4ae160) Importer(2089858483,b0f066a214c2f5e87bad3c948f4d605d)
Start importing Assets/_Barking_Dog/_3D Scifi Base Vol 1/Splat/Water.mat using Guid(82163206ac4c58749bfa32e52c4ae160) Importer(2089858483,b0f066a214c2f5e87bad3c948f4d605d) (ScriptedImporter) -> (artifact id: 'db083dfec18b40c2206be3110240d9b2') in 0.0183456 seconds
Number of updated asset objects reloaded before import = 0Number of asset objects unloaded after import = 2

========================================================================
Received Import Request.
  Time since last request: 0.000043 seconds.
  path: Assets/_Barking_Dog/_3D Scifi Base Vol 1/Splat/Terrain.prefab
  artifactKey: Guid(e4b91be8a7da64561819351ab3884eb4) Importer(2089858483,e11c23a36db5f54750b8cd40eac0985b)
Start importing Assets/_Barking_Dog/_3D Scifi Base Vol 1/Splat/Terrain.prefab using Guid(e4b91be8a7da64561819351ab3884eb4) Importer(2089858483,e11c23a36db5f54750b8cd40eac0985b) (ScriptedImporter) -> (artifact id: 'ed43db425dbd4ce6ca556133319a5173') in 0.1931621 seconds
Number of updated asset objects reloaded before import = 0Number of asset objects unloaded after import = 200

========================================================================
Received Import Request.
  Time since last request: 0.000042 seconds.
  path: Assets/EffectExamples/WeaponEffects/Prefabs/MuzzleFlashEffect.prefab
  artifactKey: Guid(9defeac88977c0d448aa4541073ee9e4) Importer(2089858483,e11c23a36db5f54750b8cd40eac0985b)
Start importing Assets/EffectExamples/WeaponEffects/Prefabs/MuzzleFlashEffect.prefab using Guid(9defeac88977c0d448aa4541073ee9e4) Importer(2089858483,e11c23a36db5f54750b8cd40eac0985b) (ScriptedImporter) -> (artifact id: '7ff985dfcf97ac3a5611d4cf9b2e00b9') in 0.0742093 seconds
Number of updated asset objects reloaded before import = 0Number of asset objects unloaded after import = 10

========================================================================
Received Import Request.
  Time since last request: 0.000079 seconds.
  path: Assets/_Barking_Dog/_3D Scifi Base Vol 1/Textures/Wall_Atlas_08_Metal.tif
  artifactKey: Guid(a42bd411cc499418a82e219cc9221546) Importer(2089858483,b0f066a214c2f5e87bad3c948f4d605d)
Start importing Assets/_Barking_Dog/_3D Scifi Base Vol 1/Textures/Wall_Atlas_08_Metal.tif using Guid(a42bd411cc499418a82e219cc9221546) Importer(2089858483,b0f066a214c2f5e87bad3c948f4d605d) (ScriptedImporter) -> (artifact id: 'ca4465b945466de06a687e0722f1e87c') in 0.2065747 seconds
Number of updated asset objects reloaded before import = 0Number of asset objects unloaded after import = 1

========================================================================
Received Import Request.
  Time since last request: 0.000051 seconds.
  path: Assets/EffectExamples/WeaponEffects/Materials/WaterStreamParticle.mat
  artifactKey: Guid(8ea6ed53aae46fe4e83d154e73aed27e) Importer(2089858483,b0f066a214c2f5e87bad3c948f4d605d)
Start importing Assets/EffectExamples/WeaponEffects/Materials/WaterStreamParticle.mat using Guid(8ea6ed53aae46fe4e83d154e73aed27e) Importer(2089858483,b0f066a214c2f5e87bad3c948f4d605d) (ScriptedImporter) -> (artifact id: '6f4c71b73afb294c57b74df57d7ccfc6') in 0.0073702 seconds
Number of updated asset objects reloaded before import = 0Number of asset objects unloaded after import = 3

========================================================================
Received Import Request.
  Time since last request: 0.000057 seconds.
  path: Assets/EffectExamples/WeaponEffects/Textures/WoodBulletHoleAlbedo.tif
  artifactKey: Guid(4c5f9569d875837419e6fb548cd8ad42) Importer(2089858483,b0f066a214c2f5e87bad3c948f4d605d)
Start importing Assets/EffectExamples/WeaponEffects/Textures/WoodBulletHoleAlbedo.tif using Guid(4c5f9569d875837419e6fb548cd8ad42) Importer(2089858483,b0f066a214c2f5e87bad3c948f4d605d) (ScriptedImporter) -> (artifact id: 'cbed6620627431d19eaa99ea94c6df74') in 0.0139631 seconds
Number of updated asset objects reloaded before import = 0Number of asset objects unloaded after import = 1

========================================================================
Received Import Request.
  Time since last request: 0.000039 seconds.
  path: Assets/_Barking_Dog/_3D Scifi Base Vol 1/Prefabs/_Legos/P_Small_Tower_Room_05.prefab
  artifactKey: Guid(b0aff7ca205964699bd00e81d1cd9286) Importer(2089858483,e11c23a36db5f54750b8cd40eac0985b)
Start importing Assets/_Barking_Dog/_3D Scifi Base Vol 1/Prefabs/_Legos/P_Small_Tower_Room_05.prefab using Guid(b0aff7ca205964699bd00e81d1cd9286) Importer(2089858483,e11c23a36db5f54750b8cd40eac0985b) (ScriptedImporter) -> (artifact id: 'a549c0645ea3b426d1f69694694b5661') in 0.7595163 seconds
Number of updated asset objects reloaded before import = 0Number of asset objects unloaded after import = 799

========================================================================
Received Import Request.
  Time since last request: 0.000052 seconds.
  path: Assets/_Barking_Dog/_3D Scifi Base Vol 1/Meshes/Wall_Angle_02.FBX
  artifactKey: Guid(45e24b61947ef43ab81a7fd57bbe6c6a) Importer(2089858483,b0f066a214c2f5e87bad3c948f4d605d)
Start importing Assets/_Barking_Dog/_3D Scifi Base Vol 1/Meshes/Wall_Angle_02.FBX using Guid(45e24b61947ef43ab81a7fd57bbe6c6a) Importer(2089858483,b0f066a214c2f5e87bad3c948f4d605d) (ScriptedImporter) -> (artifact id: 'e4ef23d3e60a7bc178f6e75b1c806758') in 0.0237337 seconds
Number of updated asset objects reloaded before import = 0Number of asset objects unloaded after import = 11

========================================================================
Received Import Request.
  Time since last request: 0.000138 seconds.
  path: Assets/_Barking_Dog/_3D Scifi Base Vol 1/SpeedTree/Broadleaf/Cap_01_Normal.tga
  artifactKey: Guid(55e2334423fefa34fb4916f6780413d3) Importer(2089858483,b0f066a214c2f5e87bad3c948f4d605d)
Start importing Assets/_Barking_Dog/_3D Scifi Base Vol 1/SpeedTree/Broadleaf/Cap_01_Normal.tga using Guid(55e2334423fefa34fb4916f6780413d3) Importer(2089858483,b0f066a214c2f5e87bad3c948f4d605d) (ScriptedImporter) -> (artifact id: '5ef21bb6410d1922cccab17052dff5fc') in 0.026706 seconds
Number of updated asset objects reloaded before import = 0Number of asset objects unloaded after import = 1

========================================================================
Received Import Request.
  Time since last request: 0.000041 seconds.
  path: Assets/3D Asserts/Lizard man/Medieval Series/Lizard Men/Source/Materials/Lizard Man_1_var.mat
  artifactKey: Guid(c2a3d88142518ca428eba4e4e373f55a) Importer(2089858483,b0f066a214c2f5e87bad3c948f4d605d)
Start importing Assets/3D Asserts/Lizard man/Medieval Series/Lizard Men/Source/Materials/Lizard Man_1_var.mat using Guid(c2a3d88142518ca428eba4e4e373f55a) Importer(2089858483,b0f066a214c2f5e87bad3c948f4d605d) (ScriptedImporter) -> (artifact id: '6f4911fed514a74f76632430025a8275') in 0.108917 seconds
Number of updated asset objects reloaded before import = 0Number of asset objects unloaded after import = 5

========================================================================
Received Import Request.
  Time since last request: 0.000034 seconds.
  path: Assets/_Barking_Dog/_3D Scifi Base Vol 1/Meshes/Stair_Metal_01.FBX
  artifactKey: Guid(63490cdb42ea947c7a62ad534253a92b) Importer(2089858483,b0f066a214c2f5e87bad3c948f4d605d)
Start importing Assets/_Barking_Dog/_3D Scifi Base Vol 1/Meshes/Stair_Metal_01.FBX using Guid(63490cdb42ea947c7a62ad534253a92b) Importer(2089858483,b0f066a214c2f5e87bad3c948f4d605d) (ScriptedImporter) -> (artifact id: '62951218c6b64961783d15d451906628') in 0.0207305 seconds
Number of updated asset objects reloaded before import = 0Number of asset objects unloaded after import = 9

========================================================================
Received Import Request.
  Time since last request: 0.000080 seconds.
  path: Assets/3D Asserts/Lizard man/Polygonmaker - Shader/Materials/Polygonmaker-PBR.mat
  artifactKey: Guid(cc79100f2dda7d54b96c5124a19cf6fa) Importer(2089858483,b0f066a214c2f5e87bad3c948f4d605d)
Start importing Assets/3D Asserts/Lizard man/Polygonmaker - Shader/Materials/Polygonmaker-PBR.mat using Guid(cc79100f2dda7d54b96c5124a19cf6fa) Importer(2089858483,b0f066a214c2f5e87bad3c948f4d605d) (ScriptedImporter) -> (artifact id: 'b9d17764e993f8ddc8ae64f3d7370c97') in 0.0110204 seconds
Number of updated asset objects reloaded before import = 0Number of asset objects unloaded after import = 6

========================================================================
Received Import Request.
  Time since last request: 0.000026 seconds.
  path: Assets/_Barking_Dog/_3D Scifi Base Vol 1/Meshes/Roof_Angle_03_B.FBX
  artifactKey: Guid(c7627f04bb51b4c4a839c158bbb5567c) Importer(2089858483,b0f066a214c2f5e87bad3c948f4d605d)
Start importing Assets/_Barking_Dog/_3D Scifi Base Vol 1/Meshes/Roof_Angle_03_B.FBX using Guid(c7627f04bb51b4c4a839c158bbb5567c) Importer(2089858483,b0f066a214c2f5e87bad3c948f4d605d) (ScriptedImporter) -> (artifact id: '23d69641b917cd3bd7894cbcec2f7de2') in 0.0151225 seconds
Number of updated asset objects reloaded before import = 0Number of asset objects unloaded after import = 8

========================================================================
Received Import Request.
  Time since last request: 0.000033 seconds.
  path: Assets/_Barking_Dog/_3D Scifi Base Vol 1/Textures/Wall_Atlas_04_Dif_02.png
  artifactKey: Guid(a4a07f549c05a4e85b6d7ec8cc9b8fd7) Importer(2089858483,b0f066a214c2f5e87bad3c948f4d605d)
Start importing Assets/_Barking_Dog/_3D Scifi Base Vol 1/Textures/Wall_Atlas_04_Dif_02.png using Guid(a4a07f549c05a4e85b6d7ec8cc9b8fd7) Importer(2089858483,b0f066a214c2f5e87bad3c948f4d605d) (ScriptedImporter) -> (artifact id: '44e306f75dd4fea507d28b3cea877bf1') in 0.0577367 seconds
Number of updated asset objects reloaded before import = 0Number of asset objects unloaded after import = 1

========================================================================
Received Import Request.
  Time since last request: 0.000028 seconds.
  path: Assets/EffectExamples/WeaponEffects/Prefabs/BulletImpactWoodEffect.prefab
  artifactKey: Guid(beb3acff7ab73944fb8f470f24d74ed3) Importer(2089858483,e11c23a36db5f54750b8cd40eac0985b)
Start importing Assets/EffectExamples/WeaponEffects/Prefabs/BulletImpactWoodEffect.prefab using Guid(beb3acff7ab73944fb8f470f24d74ed3) Importer(2089858483,e11c23a36db5f54750b8cd40eac0985b) (ScriptedImporter) -> (artifact id: '478f3e0582facc0bfe032e247f090605') in 0.1052615 seconds
Number of updated asset objects reloaded before import = 0Number of asset objects unloaded after import = 16

========================================================================
Received Import Request.
  Time since last request: 0.000053 seconds.
  path: Assets/_Barking_Dog/_3D Scifi Base Vol 1/Meshes/Fence_01.FBX
  artifactKey: Guid(8fb360021eab244deb4f1e3d7ba5e239) Importer(2089858483,b0f066a214c2f5e87bad3c948f4d605d)
Start importing Assets/_Barking_Dog/_3D Scifi Base Vol 1/Meshes/Fence_01.FBX using Guid(8fb360021eab244deb4f1e3d7ba5e239) Importer(2089858483,b0f066a214c2f5e87bad3c948f4d605d) (ScriptedImporter) -> (artifact id: 'e22242a629ee9cf26ee13cff6d68e6df') in 0.0131215 seconds
Number of updated asset objects reloaded before import = 0Number of asset objects unloaded after import = 8

========================================================================
Received Import Request.
  Time since last request: 0.000027 seconds.
  path: Assets/3D Asserts/Lizard man/Medieval Series/Lizard Men/Scenes/Main.unity
  artifactKey: Guid(57ebda29ea30fb34780a45563152b006) Importer(2089858483,e11c23a36db5f54750b8cd40eac0985b)
Start importing Assets/3D Asserts/Lizard man/Medieval Series/Lizard Men/Scenes/Main.unity using Guid(57ebda29ea30fb34780a45563152b006) Importer(2089858483,e11c23a36db5f54750b8cd40eac0985b) (ScriptedImporter)Opening scene 'Assets/3D Asserts/Lizard man/Medieval Series/Lizard Men/Scenes/Main.unity additively'
Loaded scene 'Assets/3D Asserts/Lizard man/Medieval Series/Lizard Men/Scenes/Main.unity'
	Deserialize:            60.266 ms
	Integration:            82.287 ms
	Integration of assets:  13.033 ms
	Thread Wait Time:       0.036 ms
	Total Operation Time:   155.621 ms
 -> (artifact id: '3e6b837108198a6fc1abc2ecc89d2e96') in 2.2172963 seconds
Number of updated asset objects reloaded before import = 0Number of asset objects unloaded after import = 3205

========================================================================
Received Import Request.
  Time since last request: 0.000056 seconds.
  path: Assets/_Barking_Dog/_3D Scifi Base Vol 1/Meshes/Bed_Couch_01.FBX
  artifactKey: Guid(d5df81d27ad4d45be986e2bb2ddb8de6) Importer(2089858483,b0f066a214c2f5e87bad3c948f4d605d)
Start importing Assets/_Barking_Dog/_3D Scifi Base Vol 1/Meshes/Bed_Couch_01.FBX using Guid(d5df81d27ad4d45be986e2bb2ddb8de6) Importer(2089858483,b0f066a214c2f5e87bad3c948f4d605d) (ScriptedImporter) -> (artifact id: '494ce26e4b388cf9a0255ba548ccf4d2') in 0.0155987 seconds
Number of updated asset objects reloaded before import = 0Number of asset objects unloaded after import = 8

========================================================================
Received Import Request.
  Time since last request: 0.000041 seconds.
  path: Assets/_Barking_Dog/_3D Scifi Base Vol 1/Textures/Wall_Atlas_06_Dif.png
  artifactKey: Guid(9beed25e81683476a986a7df82b4baf1) Importer(2089858483,b0f066a214c2f5e87bad3c948f4d605d)
Start importing Assets/_Barking_Dog/_3D Scifi Base Vol 1/Textures/Wall_Atlas_06_Dif.png using Guid(9beed25e81683476a986a7df82b4baf1) Importer(2089858483,b0f066a214c2f5e87bad3c948f4d605d) (ScriptedImporter) -> (artifact id: 'bad1c150cc0bb6d6292cb0a020bb861b') in 0.1148468 seconds
Number of updated asset objects reloaded before import = 0Number of asset objects unloaded after import = 1

========================================================================
Received Import Request.
  Time since last request: 0.000025 seconds.
  path: Assets/_Barking_Dog/README - SETUP DOORS AND PROJECT.txt
  artifactKey: Guid(98e7bbce4272a4016b12d836e9d3ffad) Importer(2089858483,b0f066a214c2f5e87bad3c948f4d605d)
Start importing Assets/_Barking_Dog/README - SETUP DOORS AND PROJECT.txt using Guid(98e7bbce4272a4016b12d836e9d3ffad) Importer(2089858483,b0f066a214c2f5e87bad3c948f4d605d) (ScriptedImporter) -> (artifact id: '8adfdc0057e21ba4c3bc1c9359b2219b') in 0.0209869 seconds
Number of updated asset objects reloaded before import = 0Number of asset objects unloaded after import = 1

========================================================================
Received Import Request.
  Time since last request: 0.000033 seconds.
  path: Assets/EffectExamples/FireExplosionEffects/Prefabs/FlamesParticleEffect.prefab
  artifactKey: Guid(3228a22491941734bb83ad691d17fcb9) Importer(2089858483,e11c23a36db5f54750b8cd40eac0985b)
Start importing Assets/EffectExamples/FireExplosionEffects/Prefabs/FlamesParticleEffect.prefab using Guid(3228a22491941734bb83ad691d17fcb9) Importer(2089858483,e11c23a36db5f54750b8cd40eac0985b) (ScriptedImporter) -> (artifact id: 'a7cf44798f4639f34dbca6df26ecdd74') in 0.1177715 seconds
Number of updated asset objects reloaded before import = 0Number of asset objects unloaded after import = 18

========================================================================
Received Import Request.
  Time since last request: 0.000036 seconds.
  path: Assets/EffectExamples/Shared/Prefabs/Sand.prefab
  artifactKey: Guid(ba43211ecc156be458125732de23ddb6) Importer(2089858483,e11c23a36db5f54750b8cd40eac0985b)
Start importing Assets/EffectExamples/Shared/Prefabs/Sand.prefab using Guid(ba43211ecc156be458125732de23ddb6) Importer(2089858483,e11c23a36db5f54750b8cd40eac0985b) (ScriptedImporter) -> (artifact id: 'e0267ee0021c5b957157ea167673b2e6') in 0.0205699 seconds
Number of updated asset objects reloaded before import = 0Number of asset objects unloaded after import = 14

========================================================================
Received Import Request.
  Time since last request: 0.000024 seconds.
  path: Assets/_Barking_Dog/_3D Scifi Base Vol 1/Meshes/Roof_Light_01.FBX
  artifactKey: Guid(1ac2b12ee3caf49c399f3627f94ccffc) Importer(2089858483,b0f066a214c2f5e87bad3c948f4d605d)
Start importing Assets/_Barking_Dog/_3D Scifi Base Vol 1/Meshes/Roof_Light_01.FBX using Guid(1ac2b12ee3caf49c399f3627f94ccffc) Importer(2089858483,b0f066a214c2f5e87bad3c948f4d605d) (ScriptedImporter) -> (artifact id: 'b7f7342ff0d3e47dd809347a22c09dac') in 0.0170547 seconds
Number of updated asset objects reloaded before import = 0Number of asset objects unloaded after import = 8

========================================================================
Received Import Request.
  Time since last request: 0.000024 seconds.
  path: Assets/_Barking_Dog/_3D Scifi Base Vol 1/Meshes/Wall_Pilar_01.FBX
  artifactKey: Guid(a113cab5199064aed8ae31f85006a37c) Importer(2089858483,b0f066a214c2f5e87bad3c948f4d605d)
Start importing Assets/_Barking_Dog/_3D Scifi Base Vol 1/Meshes/Wall_Pilar_01.FBX using Guid(a113cab5199064aed8ae31f85006a37c) Importer(2089858483,b0f066a214c2f5e87bad3c948f4d605d) (ScriptedImporter) -> (artifact id: '42f03314b6e4f376b5f2ce597a29b626') in 0.0110584 seconds
Number of updated asset objects reloaded before import = 0Number of asset objects unloaded after import = 8

========================================================================
Received Import Request.
  Time since last request: 0.000035 seconds.
  path: Assets/_Barking_Dog/_3D Scifi Base Vol 1/Meshes/Roof_Cache_06_B.FBX
  artifactKey: Guid(abec3ff63587e4ddeae53854e4b457fb) Importer(2089858483,b0f066a214c2f5e87bad3c948f4d605d)
Start importing Assets/_Barking_Dog/_3D Scifi Base Vol 1/Meshes/Roof_Cache_06_B.FBX using Guid(abec3ff63587e4ddeae53854e4b457fb) Importer(2089858483,b0f066a214c2f5e87bad3c948f4d605d) (ScriptedImporter) -> (artifact id: '3713a94ca44a595822aaa7d765520f6d') in 0.0168936 seconds
Number of updated asset objects reloaded before import = 0Number of asset objects unloaded after import = 8

========================================================================
Received Import Request.
  Time since last request: 0.000034 seconds.
  path: Assets/_Barking_Dog/_3D Scifi Base Vol 1/Textures/Screen_01.png
  artifactKey: Guid(a4c7c971d6fb248d497e0175ad2acd1d) Importer(2089858483,b0f066a214c2f5e87bad3c948f4d605d)
Start importing Assets/_Barking_Dog/_3D Scifi Base Vol 1/Textures/Screen_01.png using Guid(a4c7c971d6fb248d497e0175ad2acd1d) Importer(2089858483,b0f066a214c2f5e87bad3c948f4d605d) (ScriptedImporter) -> (artifact id: '91d1e5bea65a8cb66c7223f6812b770f') in 0.119846 seconds
Number of updated asset objects reloaded before import = 0Number of asset objects unloaded after import = 1

========================================================================
Received Import Request.
  Time since last request: 41.366941 seconds.
  path: Assets/Scenes/SampleScene.unity
  artifactKey: Guid(aecba8389ccad2a479151b754b5b7529) Importer(2089858483,b0f066a214c2f5e87bad3c948f4d605d)
Start importing Assets/Scenes/SampleScene.unity using Guid(aecba8389ccad2a479151b754b5b7529) Importer(2089858483,b0f066a214c2f5e87bad3c948f4d605d) (ScriptedImporter) -> (artifact id: 'a130489b73ba454874eece0d91ea3f5f') in 0.0146505 seconds
Number of updated asset objects reloaded before import = 0Number of asset objects unloaded after import = 1

========================================================================
Received Import Request.
  Time since last request: 0.000028 seconds.
  path: Assets/_Barking_Dog/_3D Scifi Base Vol 1/Prefabs/_Build/P_Big_Support_02.prefab
  artifactKey: Guid(86c2bca869ba84766848201d3969fae2) Importer(2089858483,b0f066a214c2f5e87bad3c948f4d605d)
Start importing Assets/_Barking_Dog/_3D Scifi Base Vol 1/Prefabs/_Build/P_Big_Support_02.prefab using Guid(86c2bca869ba84766848201d3969fae2) Importer(2089858483,b0f066a214c2f5e87bad3c948f4d605d) (ScriptedImporter) -> (artifact id: '89c5635aa0bee839e005976a21d35ef5') in 0.0078919 seconds
Number of updated asset objects reloaded before import = 0Number of asset objects unloaded after import = 116

========================================================================
Received Import Request.
  Time since last request: 0.000028 seconds.
  path: Assets/3D Asserts/Lizard man/Polygonmaker - Shader/Scene/Main.unity
  artifactKey: Guid(af06af37576d293468fb3bf1fdcd59bd) Importer(2089858483,b0f066a214c2f5e87bad3c948f4d605d)
Start importing Assets/3D Asserts/Lizard man/Polygonmaker - Shader/Scene/Main.unity using Guid(af06af37576d293468fb3bf1fdcd59bd) Importer(2089858483,b0f066a214c2f5e87bad3c948f4d605d) (ScriptedImporter) -> (artifact id: '33453839f6d7997ed582ebf32f334e78') in 0.0086702 seconds
Number of updated asset objects reloaded before import = 0Number of asset objects unloaded after import = 1

========================================================================
Received Import Request.
  Time since last request: 0.000058 seconds.
  path: Assets/_Barking_Dog/_3D Scifi Base Vol 1/Prefabs/_Build/P_Dome_Angle_01.prefab
  artifactKey: Guid(94e39d4d957004a68b07c38034210791) Importer(2089858483,b0f066a214c2f5e87bad3c948f4d605d)
Start importing Assets/_Barking_Dog/_3D Scifi Base Vol 1/Prefabs/_Build/P_Dome_Angle_01.prefab using Guid(94e39d4d957004a68b07c38034210791) Importer(2089858483,b0f066a214c2f5e87bad3c948f4d605d) (ScriptedImporter) -> (artifact id: '8d59b8b4a2c5887804bd31fb0ce4bd62') in 0.0073931 seconds
Number of updated asset objects reloaded before import = 0Number of asset objects unloaded after import = 9

========================================================================
Received Import Request.
  Time since last request: 0.000062 seconds.
  path: Assets/EffectExamples/FireExplosionEffects/Prefabs/FlameThrowerEffect.prefab
  artifactKey: Guid(3123da49cb81147489b444f2749aba47) Importer(2089858483,b0f066a214c2f5e87bad3c948f4d605d)
Start importing Assets/EffectExamples/FireExplosionEffects/Prefabs/FlameThrowerEffect.prefab using Guid(3123da49cb81147489b444f2749aba47) Importer(2089858483,b0f066a214c2f5e87bad3c948f4d605d) (ScriptedImporter) -> (artifact id: '2f583df1dc46df24f1743b37c3ccd9fa') in 0.010103 seconds
Number of updated asset objects reloaded before import = 0Number of asset objects unloaded after import = 46

========================================================================
Received Import Request.
  Time since last request: 0.000027 seconds.
  path: Assets/EffectExamples/Blood/Prefabs/BloodSprayEffect.prefab
  artifactKey: Guid(abb9f519b142e304d9c45b56afa768bc) Importer(2089858483,b0f066a214c2f5e87bad3c948f4d605d)
Start importing Assets/EffectExamples/Blood/Prefabs/BloodSprayEffect.prefab using Guid(abb9f519b142e304d9c45b56afa768bc) Importer(2089858483,b0f066a214c2f5e87bad3c948f4d605d) (ScriptedImporter) -> (artifact id: 'faade833be72270f91d8ec0431acb86a') in 0.0368357 seconds
Number of updated asset objects reloaded before import = 0Number of asset objects unloaded after import = 10

========================================================================
Received Import Request.
  Time since last request: 0.000030 seconds.
  path: Assets/_Barking_Dog/_3D Scifi Base Vol 1/Prefabs/_Build/P_Ladder_01.prefab
  artifactKey: Guid(d81406cdfcaef40e8b663f452c0fda15) Importer(2089858483,b0f066a214c2f5e87bad3c948f4d605d)
Start importing Assets/_Barking_Dog/_3D Scifi Base Vol 1/Prefabs/_Build/P_Ladder_01.prefab using Guid(d81406cdfcaef40e8b663f452c0fda15) Importer(2089858483,b0f066a214c2f5e87bad3c948f4d605d) (ScriptedImporter) -> (artifact id: 'd830459ae30722695f31701bb9482eea') in 0.0080785 seconds
Number of updated asset objects reloaded before import = 0Number of asset objects unloaded after import = 10

========================================================================
Received Import Request.
  Time since last request: 0.000047 seconds.
  path: Assets/_Barking_Dog/_3D Scifi Base Vol 1/Prefabs/_Build/P_Computer_Angle_01.prefab
  artifactKey: Guid(2041073040bb34a6991350311f72e6fe) Importer(2089858483,b0f066a214c2f5e87bad3c948f4d605d)
Start importing Assets/_Barking_Dog/_3D Scifi Base Vol 1/Prefabs/_Build/P_Computer_Angle_01.prefab using Guid(2041073040bb34a6991350311f72e6fe) Importer(2089858483,b0f066a214c2f5e87bad3c948f4d605d) (ScriptedImporter) -> (artifact id: '7cdea5a57b9fce02db99369050c23f06') in 0.0062951 seconds
Number of updated asset objects reloaded before import = 0Number of asset objects unloaded after import = 10

========================================================================
Received Import Request.
  Time since last request: 0.000097 seconds.
  path: Assets/_Barking_Dog/_3D Scifi Base Vol 1/Prefabs/_Build/P_Wall_Angle_03.prefab
  artifactKey: Guid(b1d96ec2fca214bfa84bf63644b4b4a2) Importer(2089858483,b0f066a214c2f5e87bad3c948f4d605d)
Start importing Assets/_Barking_Dog/_3D Scifi Base Vol 1/Prefabs/_Build/P_Wall_Angle_03.prefab using Guid(b1d96ec2fca214bfa84bf63644b4b4a2) Importer(2089858483,b0f066a214c2f5e87bad3c948f4d605d) (ScriptedImporter) -> (artifact id: '4644385630e69783e33cb60b0762e681') in 0.0252039 seconds
Number of updated asset objects reloaded before import = 0Number of asset objects unloaded after import = 9

========================================================================
Received Import Request.
  Time since last request: 0.000036 seconds.
  path: Assets/_Barking_Dog/_3D Scifi Base Vol 1/Prefabs/_Build/P_Roof_Cache_05.prefab
  artifactKey: Guid(d8e28b5fc71e4475cab53855307b762d) Importer(2089858483,b0f066a214c2f5e87bad3c948f4d605d)
Start importing Assets/_Barking_Dog/_3D Scifi Base Vol 1/Prefabs/_Build/P_Roof_Cache_05.prefab using Guid(d8e28b5fc71e4475cab53855307b762d) Importer(2089858483,b0f066a214c2f5e87bad3c948f4d605d) (ScriptedImporter) -> (artifact id: '2807382f50e51f354cfdfaa6766cffd1') in 0.0061359 seconds
Number of updated asset objects reloaded before import = 0Number of asset objects unloaded after import = 9

========================================================================
Received Import Request.
  Time since last request: 0.000037 seconds.
  path: Assets/_Barking_Dog/_3D Scifi Base Vol 1/Prefabs/_Build/P_Roof_Cache_03.prefab
  artifactKey: Guid(7072e031897e848bcb3bc9961627d001) Importer(2089858483,b0f066a214c2f5e87bad3c948f4d605d)
Start importing Assets/_Barking_Dog/_3D Scifi Base Vol 1/Prefabs/_Build/P_Roof_Cache_03.prefab using Guid(7072e031897e848bcb3bc9961627d001) Importer(2089858483,b0f066a214c2f5e87bad3c948f4d605d) (ScriptedImporter) -> (artifact id: 'f0f3d52c3ea519d550dbc9acb4f59290') in 0.0067212 seconds
Number of updated asset objects reloaded before import = 0Number of asset objects unloaded after import = 9

========================================================================
Received Import Request.
  Time since last request: 0.000029 seconds.
  path: Assets/_Barking_Dog/_3D Scifi Base Vol 1/Prefabs/_Build/P_Wall_Normal_02.prefab
  artifactKey: Guid(d228c3786d9dd42aebcb5fe040b8ab76) Importer(2089858483,b0f066a214c2f5e87bad3c948f4d605d)
Start importing Assets/_Barking_Dog/_3D Scifi Base Vol 1/Prefabs/_Build/P_Wall_Normal_02.prefab using Guid(d228c3786d9dd42aebcb5fe040b8ab76) Importer(2089858483,b0f066a214c2f5e87bad3c948f4d605d) (ScriptedImporter) -> (artifact id: '1e40302b32b5a634c5b9711641dee3e2') in 0.005468 seconds
Number of updated asset objects reloaded before import = 0Number of asset objects unloaded after import = 27

========================================================================
Received Import Request.
  Time since last request: 0.000038 seconds.
  path: Assets/_Barking_Dog/_3D Scifi Base Vol 1/Prefabs/_Build/P_Wall_Window_03.prefab
  artifactKey: Guid(480402c20d8a545dd9b099cb85dd9bea) Importer(2089858483,b0f066a214c2f5e87bad3c948f4d605d)
Start importing Assets/_Barking_Dog/_3D Scifi Base Vol 1/Prefabs/_Build/P_Wall_Window_03.prefab using Guid(480402c20d8a545dd9b099cb85dd9bea) Importer(2089858483,b0f066a214c2f5e87bad3c948f4d605d) (ScriptedImporter) -> (artifact id: 'db8b14ac0c5f95d6f805d2b03be378dd') in 0.0058664 seconds
Number of updated asset objects reloaded before import = 0Number of asset objects unloaded after import = 21

========================================================================
Received Import Request.
  Time since last request: 0.000026 seconds.
  path: Assets/_Barking_Dog/_3D Scifi Base Vol 1/Prefabs/_Build/P_Roof_Angle_02_B.prefab
  artifactKey: Guid(426e4e3fbd51844c1972c9f19768f379) Importer(2089858483,b0f066a214c2f5e87bad3c948f4d605d)
Start importing Assets/_Barking_Dog/_3D Scifi Base Vol 1/Prefabs/_Build/P_Roof_Angle_02_B.prefab using Guid(426e4e3fbd51844c1972c9f19768f379) Importer(2089858483,b0f066a214c2f5e87bad3c948f4d605d) (ScriptedImporter) -> (artifact id: 'a78291b4e789fc50b25bd055cb5cbe5d') in 0.0052405 seconds
Number of updated asset objects reloaded before import = 0Number of asset objects unloaded after import = 9

========================================================================
Received Import Request.
  Time since last request: 0.000024 seconds.
  path: Assets/_Barking_Dog/_3D Scifi Base Vol 1/Prefabs/_Legos/P_Big_Base_02.prefab
  artifactKey: Guid(9140e3f988ff2424ab4b785ecfc6e0fa) Importer(2089858483,b0f066a214c2f5e87bad3c948f4d605d)
Start importing Assets/_Barking_Dog/_3D Scifi Base Vol 1/Prefabs/_Legos/P_Big_Base_02.prefab using Guid(9140e3f988ff2424ab4b785ecfc6e0fa) Importer(2089858483,b0f066a214c2f5e87bad3c948f4d605d) (ScriptedImporter) -> (artifact id: 'c9e897cd803fc50855990962536d95ad') in 0.0335826 seconds
Number of updated asset objects reloaded before import = 0Number of asset objects unloaded after import = 1353

========================================================================
Received Import Request.
  Time since last request: 0.000039 seconds.
  path: Assets/_Barking_Dog/_3D Scifi Base Vol 1/Prefabs/_Legos/P_Corridor_Small_04.prefab
  artifactKey: Guid(5c69609b582f8433cbb6fc9fe10b12d6) Importer(2089858483,b0f066a214c2f5e87bad3c948f4d605d)
Start importing Assets/_Barking_Dog/_3D Scifi Base Vol 1/Prefabs/_Legos/P_Corridor_Small_04.prefab using Guid(5c69609b582f8433cbb6fc9fe10b12d6) Importer(2089858483,b0f066a214c2f5e87bad3c948f4d605d) (ScriptedImporter) -> (artifact id: '90a680f7d720952b79dacf03f2d68391') in 0.0101598 seconds
Number of updated asset objects reloaded before import = 0Number of asset objects unloaded after import = 112

========================================================================
Received Import Request.
  Time since last request: 0.000041 seconds.
  path: Assets/_Barking_Dog/_3D Scifi Base Vol 1/Prefabs/_Build/P_Wall_Door_Small_02.prefab
  artifactKey: Guid(a8959ba55e1a64bcdbf3ecec9b77d348) Importer(2089858483,b0f066a214c2f5e87bad3c948f4d605d)
Start importing Assets/_Barking_Dog/_3D Scifi Base Vol 1/Prefabs/_Build/P_Wall_Door_Small_02.prefab using Guid(a8959ba55e1a64bcdbf3ecec9b77d348) Importer(2089858483,b0f066a214c2f5e87bad3c948f4d605d) (ScriptedImporter) -> (artifact id: 'e2b07bbb060b7586ff0dee5fc992d180') in 0.0085031 seconds
Number of updated asset objects reloaded before import = 0Number of asset objects unloaded after import = 60

========================================================================
Received Import Request.
  Time since last request: 0.000045 seconds.
  path: Assets/_Barking_Dog/_3D Scifi Base Vol 1/Prefabs/_Build/P_Stair_Metal_01.prefab
  artifactKey: Guid(8755fbfde114e44e49a519aea012263f) Importer(2089858483,b0f066a214c2f5e87bad3c948f4d605d)
Start importing Assets/_Barking_Dog/_3D Scifi Base Vol 1/Prefabs/_Build/P_Stair_Metal_01.prefab using Guid(8755fbfde114e44e49a519aea012263f) Importer(2089858483,b0f066a214c2f5e87bad3c948f4d605d) (ScriptedImporter) -> (artifact id: '503482a489eed1dd52afd421b09efcd6') in 0.0048328 seconds
Number of updated asset objects reloaded before import = 0Number of asset objects unloaded after import = 18

========================================================================
Received Import Request.
  Time since last request: 0.000024 seconds.
  path: Assets/_Barking_Dog/_3D Scifi Base Vol 1/Prefabs/_Legos/P_Corridor_Small_06.prefab
  artifactKey: Guid(e7d722afd9fdb468d9fa4d7c86cd3302) Importer(2089858483,b0f066a214c2f5e87bad3c948f4d605d)
Start importing Assets/_Barking_Dog/_3D Scifi Base Vol 1/Prefabs/_Legos/P_Corridor_Small_06.prefab using Guid(e7d722afd9fdb468d9fa4d7c86cd3302) Importer(2089858483,b0f066a214c2f5e87bad3c948f4d605d) (ScriptedImporter) -> (artifact id: '8933c0779f66d049048ef2293d61a5ba') in 0.0200364 seconds
Number of updated asset objects reloaded before import = 0Number of asset objects unloaded after import = 96

========================================================================
Received Import Request.
  Time since last request: 0.000031 seconds.
  path: Assets/_Barking_Dog/_3D Scifi Base Vol 1/Prefabs/_Build/P_Roof_Cache_02_B.prefab
  artifactKey: Guid(d5995e7aac7d9417da97a1c5984e56ae) Importer(2089858483,b0f066a214c2f5e87bad3c948f4d605d)
Start importing Assets/_Barking_Dog/_3D Scifi Base Vol 1/Prefabs/_Build/P_Roof_Cache_02_B.prefab using Guid(d5995e7aac7d9417da97a1c5984e56ae) Importer(2089858483,b0f066a214c2f5e87bad3c948f4d605d) (ScriptedImporter) -> (artifact id: 'db63d0110e0ce4d3990306e102089be5') in 0.0064636 seconds
Number of updated asset objects reloaded before import = 0Number of asset objects unloaded after import = 9

========================================================================
Received Import Request.
  Time since last request: 0.000056 seconds.
  path: Assets/_Barking_Dog/_3D Scifi Base Vol 1/Prefabs/_Build/P_Roof_Angle_04.prefab
  artifactKey: Guid(b415359564fa84b4c9d999c30745b652) Importer(2089858483,b0f066a214c2f5e87bad3c948f4d605d)
Start importing Assets/_Barking_Dog/_3D Scifi Base Vol 1/Prefabs/_Build/P_Roof_Angle_04.prefab using Guid(b415359564fa84b4c9d999c30745b652) Importer(2089858483,b0f066a214c2f5e87bad3c948f4d605d) (ScriptedImporter) -> (artifact id: '04b97de217b3d77574c1c027ceaf629e') in 0.0089599 seconds
Number of updated asset objects reloaded before import = 0Number of asset objects unloaded after import = 9

========================================================================
Received Import Request.
  Time since last request: 0.000040 seconds.
  path: Assets/_Barking_Dog/_3D Scifi Base Vol 1/Prefabs/_Build/P_Fence_03.prefab
  artifactKey: Guid(bfadb6ab212a14b658c7afb0d522163e) Importer(2089858483,b0f066a214c2f5e87bad3c948f4d605d)
Start importing Assets/_Barking_Dog/_3D Scifi Base Vol 1/Prefabs/_Build/P_Fence_03.prefab using Guid(bfadb6ab212a14b658c7afb0d522163e) Importer(2089858483,b0f066a214c2f5e87bad3c948f4d605d) (ScriptedImporter) -> (artifact id: '4273a9fabafc88b8afff65c91a50bbbe') in 0.0097055 seconds
Number of updated asset objects reloaded before import = 0Number of asset objects unloaded after import = 18

========================================================================
Received Import Request.
  Time since last request: 0.000034 seconds.
  path: Assets/_Barking_Dog/_3D Scifi Base Vol 1/Prefabs/_Legos/P_Small_Base_03.prefab
  artifactKey: Guid(c00fc66f35cbb469bb3c82a2093654fe) Importer(2089858483,b0f066a214c2f5e87bad3c948f4d605d)
Start importing Assets/_Barking_Dog/_3D Scifi Base Vol 1/Prefabs/_Legos/P_Small_Base_03.prefab using Guid(c00fc66f35cbb469bb3c82a2093654fe) Importer(2089858483,b0f066a214c2f5e87bad3c948f4d605d) (ScriptedImporter) -> (artifact id: '2e3e41b78be0fa5b998eadad551629a3') in 0.0491702 seconds
Number of updated asset objects reloaded before import = 0Number of asset objects unloaded after import = 1421

========================================================================
Received Import Request.
  Time since last request: 0.000043 seconds.
  path: Assets/_Barking_Dog/_3D Scifi Base Vol 1/Prefabs/_Build/P_Wall_Normal_05.prefab
  artifactKey: Guid(b33a60849182f462c8653fded5850884) Importer(2089858483,b0f066a214c2f5e87bad3c948f4d605d)
Start importing Assets/_Barking_Dog/_3D Scifi Base Vol 1/Prefabs/_Build/P_Wall_Normal_05.prefab using Guid(b33a60849182f462c8653fded5850884) Importer(2089858483,b0f066a214c2f5e87bad3c948f4d605d) (ScriptedImporter) -> (artifact id: 'a1c7c0e59990da02e182fab83fe94aa2') in 0.007226 seconds
Number of updated asset objects reloaded before import = 0Number of asset objects unloaded after import = 16

========================================================================
Received Import Request.
  Time since last request: 0.000046 seconds.
  path: Assets/_Barking_Dog/_3D Scifi Base Vol 1/Prefabs/_Build/P_Rock_04.prefab
  artifactKey: Guid(773f41b08e0524398b0161bd36f7c1c1) Importer(2089858483,b0f066a214c2f5e87bad3c948f4d605d)
Start importing Assets/_Barking_Dog/_3D Scifi Base Vol 1/Prefabs/_Build/P_Rock_04.prefab using Guid(773f41b08e0524398b0161bd36f7c1c1) Importer(2089858483,b0f066a214c2f5e87bad3c948f4d605d) (ScriptedImporter) -> (artifact id: 'c41068ef0bf8d894ed801583f651828c') in 0.0049299 seconds
Number of updated asset objects reloaded before import = 0Number of asset objects unloaded after import = 10

========================================================================
Received Import Request.
  Time since last request: 0.000068 seconds.
  path: Assets/_Barking_Dog/_3D Scifi Base Vol 1/Prefabs/_Build/P_Pipes_Insert_06.prefab
  artifactKey: Guid(67f2a2a06e674499a86aa69deccab9b0) Importer(2089858483,b0f066a214c2f5e87bad3c948f4d605d)
Start importing Assets/_Barking_Dog/_3D Scifi Base Vol 1/Prefabs/_Build/P_Pipes_Insert_06.prefab using Guid(67f2a2a06e674499a86aa69deccab9b0) Importer(2089858483,b0f066a214c2f5e87bad3c948f4d605d) (ScriptedImporter) -> (artifact id: '19e0dc4b62344b06450394102a8d9dc2') in 0.0049571 seconds
Number of updated asset objects reloaded before import = 0Number of asset objects unloaded after import = 9

========================================================================
Received Import Request.
  Time since last request: 0.000025 seconds.
  path: Assets/_Barking_Dog/_3D Scifi Base Vol 1/Prefabs/_Legos/P_Corridor_WallAngle_02.prefab
  artifactKey: Guid(f8e391eab8e4d4b20b2eed1cdf640145) Importer(2089858483,b0f066a214c2f5e87bad3c948f4d605d)
Start importing Assets/_Barking_Dog/_3D Scifi Base Vol 1/Prefabs/_Legos/P_Corridor_WallAngle_02.prefab using Guid(f8e391eab8e4d4b20b2eed1cdf640145) Importer(2089858483,b0f066a214c2f5e87bad3c948f4d605d) (ScriptedImporter) -> (artifact id: '14f5a5a37d3b770643eb68c7268d5cdd') in 0.0153637 seconds
Number of updated asset objects reloaded before import = 0Number of asset objects unloaded after import = 381

========================================================================
Received Import Request.
  Time since last request: 0.000025 seconds.
  path: Assets/_Barking_Dog/_3D Scifi Base Vol 1/Prefabs/_Build/P_Wall_Pilar_01.prefab
  artifactKey: Guid(61c2044d036dd439fa11c967aad0db76) Importer(2089858483,b0f066a214c2f5e87bad3c948f4d605d)
Start importing Assets/_Barking_Dog/_3D Scifi Base Vol 1/Prefabs/_Build/P_Wall_Pilar_01.prefab using Guid(61c2044d036dd439fa11c967aad0db76) Importer(2089858483,b0f066a214c2f5e87bad3c948f4d605d) (ScriptedImporter) -> (artifact id: '25dd597f78c76ee279d8450122993fe2') in 0.0056719 seconds
Number of updated asset objects reloaded before import = 0Number of asset objects unloaded after import = 18

========================================================================
Received Import Request.
  Time since last request: 0.000025 seconds.
  path: Assets/EffectExamples/WaterEffects/Prefabs/WaterfallEffect.prefab
  artifactKey: Guid(8edb62778d3ea1e489bc191b81b2fc46) Importer(2089858483,b0f066a214c2f5e87bad3c948f4d605d)
Start importing Assets/EffectExamples/WaterEffects/Prefabs/WaterfallEffect.prefab using Guid(8edb62778d3ea1e489bc191b81b2fc46) Importer(2089858483,b0f066a214c2f5e87bad3c948f4d605d) (ScriptedImporter) -> (artifact id: '8fa7302d81ccc905acee41aafdb00bd7') in 0.040266 seconds
Number of updated asset objects reloaded before import = 0Number of asset objects unloaded after import = 38

========================================================================
Received Import Request.
  Time since last request: 0.000029 seconds.
  path: Assets/_Barking_Dog/_3D Scifi Base Vol 1/Prefabs/_Legos/P_Sphere_Dome_01.prefab
  artifactKey: Guid(f1f3de696b36b48c9ba600c0519904a8) Importer(2089858483,b0f066a214c2f5e87bad3c948f4d605d)
Start importing Assets/_Barking_Dog/_3D Scifi Base Vol 1/Prefabs/_Legos/P_Sphere_Dome_01.prefab using Guid(f1f3de696b36b48c9ba600c0519904a8) Importer(2089858483,b0f066a214c2f5e87bad3c948f4d605d) (ScriptedImporter) -> (artifact id: '8e506e8065aa2a84d223b965d2381e89') in 0.009809 seconds
Number of updated asset objects reloaded before import = 0Number of asset objects unloaded after import = 59

========================================================================
Received Import Request.
  Time since last request: 0.000049 seconds.
  path: Assets/EffectExamples/WaterEffects/Prefabs/WaterfallSmallEffect.prefab
  artifactKey: Guid(e0ea35e989dfcd043b42d7053b546abc) Importer(2089858483,b0f066a214c2f5e87bad3c948f4d605d)
Start importing Assets/EffectExamples/WaterEffects/Prefabs/WaterfallSmallEffect.prefab using Guid(e0ea35e989dfcd043b42d7053b546abc) Importer(2089858483,b0f066a214c2f5e87bad3c948f4d605d) (ScriptedImporter) -> (artifact id: '1aaa3895f27004fb809a42db39e514d0') in 0.0394832 seconds
Number of updated asset objects reloaded before import = 0Number of asset objects unloaded after import = 34

========================================================================
Received Import Request.
  Time since last request: 0.000022 seconds.
  path: Assets/_Barking_Dog/_3D Scifi Base Vol 1/Prefabs/_Legos/P_Big_Base_01.prefab
  artifactKey: Guid(7275080542e854afcb2028691a8add18) Importer(2089858483,b0f066a214c2f5e87bad3c948f4d605d)
Start importing Assets/_Barking_Dog/_3D Scifi Base Vol 1/Prefabs/_Legos/P_Big_Base_01.prefab using Guid(7275080542e854afcb2028691a8add18) Importer(2089858483,b0f066a214c2f5e87bad3c948f4d605d) (ScriptedImporter) -> (artifact id: '2a5bbd1ca0e123f5acf275058550e2d9') in 0.0301848 seconds
Number of updated asset objects reloaded before import = 0Number of asset objects unloaded after import = 1503

========================================================================
Received Import Request.
  Time since last request: 0.000048 seconds.
  path: Assets/EffectExamples/Shared/Prefabs/Flesh.prefab
  artifactKey: Guid(a7034287e2bd6a141ab896f71d0b1357) Importer(2089858483,b0f066a214c2f5e87bad3c948f4d605d)
Start importing Assets/EffectExamples/Shared/Prefabs/Flesh.prefab using Guid(a7034287e2bd6a141ab896f71d0b1357) Importer(2089858483,b0f066a214c2f5e87bad3c948f4d605d) (ScriptedImporter) -> (artifact id: 'ad3fa30f028b9e15d690467b566634bf') in 0.0078509 seconds
Number of updated asset objects reloaded before import = 0Number of asset objects unloaded after import = 14

========================================================================
Received Import Request.
  Time since last request: 0.000029 seconds.
  path: Assets/EffectExamples/Shared/Prefabs/Extinguish.prefab
  artifactKey: Guid(ec68cf3d27ad1bf48a4b4d3af84e4ded) Importer(2089858483,b0f066a214c2f5e87bad3c948f4d605d)
Start importing Assets/EffectExamples/Shared/Prefabs/Extinguish.prefab using Guid(ec68cf3d27ad1bf48a4b4d3af84e4ded) Importer(2089858483,b0f066a214c2f5e87bad3c948f4d605d) (ScriptedImporter) -> (artifact id: 'ce489da8cf9d11edf2ce077529550a0e') in 0.0150906 seconds
Number of updated asset objects reloaded before import = 0Number of asset objects unloaded after import = 35

========================================================================
Received Import Request.
  Time since last request: 0.000039 seconds.
  path: Assets/_Barking_Dog/_3D Scifi Base Vol 1/Prefabs/_Build/P_Circular_Plateform_02.prefab
  artifactKey: Guid(4c3472220ea174b31833b81ce6d7bb4d) Importer(2089858483,b0f066a214c2f5e87bad3c948f4d605d)
Start importing Assets/_Barking_Dog/_3D Scifi Base Vol 1/Prefabs/_Build/P_Circular_Plateform_02.prefab using Guid(4c3472220ea174b31833b81ce6d7bb4d) Importer(2089858483,b0f066a214c2f5e87bad3c948f4d605d) (ScriptedImporter) -> (artifact id: 'b536bee84b6b27e9f9328bffb8cac4bc') in 0.0082438 seconds
Number of updated asset objects reloaded before import = 0Number of asset objects unloaded after import = 79

========================================================================
Received Import Request.
  Time since last request: 0.000033 seconds.
  path: Assets/_Barking_Dog/_3D Scifi Base Vol 1/Prefabs/_Build/P_Corridor_Angle_02.prefab
  artifactKey: Guid(4010e022b949447bb99361cc427c8d13) Importer(2089858483,b0f066a214c2f5e87bad3c948f4d605d)
Start importing Assets/_Barking_Dog/_3D Scifi Base Vol 1/Prefabs/_Build/P_Corridor_Angle_02.prefab using Guid(4010e022b949447bb99361cc427c8d13) Importer(2089858483,b0f066a214c2f5e87bad3c948f4d605d) (ScriptedImporter) -> (artifact id: '27182aeb5f4fa89c2e0b28c98113c3ae') in 0.0076405 seconds
Number of updated asset objects reloaded before import = 0Number of asset objects unloaded after import = 86

========================================================================
Received Import Request.
  Time since last request: 0.000039 seconds.
  path: Assets/_Barking_Dog/_3D Scifi Base Vol 1/Prefabs/_Props/P_Basin_01.prefab
  artifactKey: Guid(9eed909f2b80043dab663dd1c10f6fea) Importer(2089858483,b0f066a214c2f5e87bad3c948f4d605d)
Start importing Assets/_Barking_Dog/_3D Scifi Base Vol 1/Prefabs/_Props/P_Basin_01.prefab using Guid(9eed909f2b80043dab663dd1c10f6fea) Importer(2089858483,b0f066a214c2f5e87bad3c948f4d605d) (ScriptedImporter) -> (artifact id: '5dd236ee5169491e674cbcd1f1686b0b') in 0.0056918 seconds
Number of updated asset objects reloaded before import = 0Number of asset objects unloaded after import = 15

========================================================================
Received Import Request.
  Time since last request: 0.000027 seconds.
  path: Assets/_Barking_Dog/_3D Scifi Base Vol 1/Prefabs/_Props/P_Char_02.prefab
  artifactKey: Guid(42b9d7d02d46c49628d750a03d4ba7c6) Importer(2089858483,b0f066a214c2f5e87bad3c948f4d605d)
Start importing Assets/_Barking_Dog/_3D Scifi Base Vol 1/Prefabs/_Props/P_Char_02.prefab using Guid(42b9d7d02d46c49628d750a03d4ba7c6) Importer(2089858483,b0f066a214c2f5e87bad3c948f4d605d) (ScriptedImporter) -> (artifact id: '232e445836d8fe2b17b217a0e6e37b00') in 0.0059176 seconds
Number of updated asset objects reloaded before import = 0Number of asset objects unloaded after import = 18

========================================================================
Received Import Request.
  Time since last request: 0.000027 seconds.
  path: Assets/_Barking_Dog/_3D Scifi Base Vol 1/Prefabs/_Props/P_Basin_02.prefab
  artifactKey: Guid(b1b24758f8cb245fdb4c8f3448cd3234) Importer(2089858483,b0f066a214c2f5e87bad3c948f4d605d)
Start importing Assets/_Barking_Dog/_3D Scifi Base Vol 1/Prefabs/_Props/P_Basin_02.prefab using Guid(b1b24758f8cb245fdb4c8f3448cd3234) Importer(2089858483,b0f066a214c2f5e87bad3c948f4d605d) (ScriptedImporter) -> (artifact id: 'a70c644faf27e316c22f1242f03114c2') in 0.0079035 seconds
Number of updated asset objects reloaded before import = 0Number of asset objects unloaded after import = 24

========================================================================
Received Import Request.
  Time since last request: 0.000041 seconds.
  path: Assets/3D Asserts/Sci Fi Gun Light/Prefabs/SciFiGunLight/SciFiGunLight_Rad.prefab
  artifactKey: Guid(460b09b3999f980448b54c53b41f5873) Importer(2089858483,b0f066a214c2f5e87bad3c948f4d605d)
Start importing Assets/3D Asserts/Sci Fi Gun Light/Prefabs/SciFiGunLight/SciFiGunLight_Rad.prefab using Guid(460b09b3999f980448b54c53b41f5873) Importer(2089858483,b0f066a214c2f5e87bad3c948f4d605d) (ScriptedImporter) -> (artifact id: '1e9512283f8f2ba36bbe831a0f2d383e') in 0.0077151 seconds
Number of updated asset objects reloaded before import = 0Number of asset objects unloaded after import = 8

========================================================================
Received Import Request.
  Time since last request: 0.000033 seconds.
  path: Assets/_Barking_Dog/_3D Scifi Base Vol 1/Prefabs/_Props/P_Bench_01.prefab
  artifactKey: Guid(30a98c620fd704f458d1ad068fae8582) Importer(2089858483,b0f066a214c2f5e87bad3c948f4d605d)
Start importing Assets/_Barking_Dog/_3D Scifi Base Vol 1/Prefabs/_Props/P_Bench_01.prefab using Guid(30a98c620fd704f458d1ad068fae8582) Importer(2089858483,b0f066a214c2f5e87bad3c948f4d605d) (ScriptedImporter) -> (artifact id: '089559814727235a3a04686fb973761c') in 0.005451 seconds
Number of updated asset objects reloaded before import = 0Number of asset objects unloaded after import = 15

========================================================================
Received Import Request.
  Time since last request: 0.000025 seconds.
  path: Assets/_Barking_Dog/_3D Scifi Base Vol 1/Prefabs/_Build/P_Pipes_Insert_07.prefab
  artifactKey: Guid(f4547f6da4a7c4949ba05cddc5423399) Importer(2089858483,b0f066a214c2f5e87bad3c948f4d605d)
Start importing Assets/_Barking_Dog/_3D Scifi Base Vol 1/Prefabs/_Build/P_Pipes_Insert_07.prefab using Guid(f4547f6da4a7c4949ba05cddc5423399) Importer(2089858483,b0f066a214c2f5e87bad3c948f4d605d) (ScriptedImporter) -> (artifact id: '660dfe10a57838eb6d2f7daae9fb77d7') in 0.0049089 seconds
Number of updated asset objects reloaded before import = 0Number of asset objects unloaded after import = 9

========================================================================
Received Import Request.
  Time since last request: 0.000027 seconds.
  path: Assets/_Barking_Dog/_3D Scifi Base Vol 1/Prefabs/_Legos/P_Corridor_WallAngle_04.prefab
  artifactKey: Guid(79412966e24bf442eb4a06e319437099) Importer(2089858483,b0f066a214c2f5e87bad3c948f4d605d)
Start importing Assets/_Barking_Dog/_3D Scifi Base Vol 1/Prefabs/_Legos/P_Corridor_WallAngle_04.prefab using Guid(79412966e24bf442eb4a06e319437099) Importer(2089858483,b0f066a214c2f5e87bad3c948f4d605d) (ScriptedImporter) -> (artifact id: 'af212eefaee7f2dba88a625ba17692cd') in 0.0103682 seconds
Number of updated asset objects reloaded before import = 0Number of asset objects unloaded after import = 179

========================================================================
Received Import Request.
  Time since last request: 0.000034 seconds.
  path: Assets/_Barking_Dog/_3D Scifi Base Vol 1/Prefabs/_Legos/P_Corridor_End_01.prefab
  artifactKey: Guid(e95dfbd9d58894f17a04256281e63e20) Importer(2089858483,b0f066a214c2f5e87bad3c948f4d605d)
Start importing Assets/_Barking_Dog/_3D Scifi Base Vol 1/Prefabs/_Legos/P_Corridor_End_01.prefab using Guid(e95dfbd9d58894f17a04256281e63e20) Importer(2089858483,b0f066a214c2f5e87bad3c948f4d605d) (ScriptedImporter) -> (artifact id: '6d7171845bd1883d1ceb18cfcd5e841b') in 0.0141349 seconds
Number of updated asset objects reloaded before import = 0Number of asset objects unloaded after import = 228

========================================================================
Received Import Request.
  Time since last request: 0.000035 seconds.
  path: Assets/_Barking_Dog/_3D Scifi Base Vol 1/Prefabs/_Props/P_Char_05.prefab
  artifactKey: Guid(960d1c03ec6d44102ac6524b098e1eb8) Importer(2089858483,b0f066a214c2f5e87bad3c948f4d605d)
Start importing Assets/_Barking_Dog/_3D Scifi Base Vol 1/Prefabs/_Props/P_Char_05.prefab using Guid(960d1c03ec6d44102ac6524b098e1eb8) Importer(2089858483,b0f066a214c2f5e87bad3c948f4d605d) (ScriptedImporter) -> (artifact id: '77647f0f3834b3a34030062d9327bba4') in 0.0079443 seconds
Number of updated asset objects reloaded before import = 0Number of asset objects unloaded after import = 70

========================================================================
Received Import Request.
  Time since last request: 0.000026 seconds.
  path: Assets/_Barking_Dog/_3D Scifi Base Vol 1/Prefabs/_Build/P_Pipes_Insert_04.prefab
  artifactKey: Guid(ddba4a6ca866c4b689e77262cba914a9) Importer(2089858483,b0f066a214c2f5e87bad3c948f4d605d)
Start importing Assets/_Barking_Dog/_3D Scifi Base Vol 1/Prefabs/_Build/P_Pipes_Insert_04.prefab using Guid(ddba4a6ca866c4b689e77262cba914a9) Importer(2089858483,b0f066a214c2f5e87bad3c948f4d605d) (ScriptedImporter) -> (artifact id: '81c6db64eb33ec3ee6773b4dcdc61dd2') in 0.0066279 seconds
Number of updated asset objects reloaded before import = 0Number of asset objects unloaded after import = 10

========================================================================
Received Import Request.
  Time since last request: 0.000033 seconds.
  path: Assets/_Barking_Dog/_3D Scifi Base Vol 1/Prefabs/_Build/P_Floor_Normal_03.prefab
  artifactKey: Guid(b194ca08f797744a0b42469230a549ed) Importer(2089858483,b0f066a214c2f5e87bad3c948f4d605d)
Start importing Assets/_Barking_Dog/_3D Scifi Base Vol 1/Prefabs/_Build/P_Floor_Normal_03.prefab using Guid(b194ca08f797744a0b42469230a549ed) Importer(2089858483,b0f066a214c2f5e87bad3c948f4d605d) (ScriptedImporter) -> (artifact id: '6bd9243febc6802d0658ad77e2460428') in 0.0060265 seconds
Number of updated asset objects reloaded before import = 0Number of asset objects unloaded after import = 21

========================================================================
Received Import Request.
  Time since last request: 0.000024 seconds.
  path: Assets/_Barking_Dog/_3D Scifi Base Vol 1/Prefabs/_Build/P_Glass_Tube_04.prefab
  artifactKey: Guid(54f956518a1214bd2b0a1ed524fe72ae) Importer(2089858483,b0f066a214c2f5e87bad3c948f4d605d)
Start importing Assets/_Barking_Dog/_3D Scifi Base Vol 1/Prefabs/_Build/P_Glass_Tube_04.prefab using Guid(54f956518a1214bd2b0a1ed524fe72ae) Importer(2089858483,b0f066a214c2f5e87bad3c948f4d605d) (ScriptedImporter) -> (artifact id: '50b71ff4000ed43e63eea14551b6f380') in 0.0122359 seconds
Number of updated asset objects reloaded before import = 0Number of asset objects unloaded after import = 124

========================================================================
Received Import Request.
  Time since last request: 0.000027 seconds.
  path: Assets/_Barking_Dog/_3D Scifi Base Vol 1/Prefabs/_Build/P_Wall_Window_01.prefab
  artifactKey: Guid(5c0fc2c345dbf4468930ff723ffad84c) Importer(2089858483,b0f066a214c2f5e87bad3c948f4d605d)
Start importing Assets/_Barking_Dog/_3D Scifi Base Vol 1/Prefabs/_Build/P_Wall_Window_01.prefab using Guid(5c0fc2c345dbf4468930ff723ffad84c) Importer(2089858483,b0f066a214c2f5e87bad3c948f4d605d) (ScriptedImporter) -> (artifact id: '2821a127f026527dd74ffe88a25f6853') in 0.0079865 seconds
Number of updated asset objects reloaded before import = 0Number of asset objects unloaded after import = 27

========================================================================
Received Import Request.
  Time since last request: 0.000049 seconds.
  path: Assets/_Barking_Dog/_3D Scifi Base Vol 1/Prefabs/_Build/P_Wall_Half_02.prefab
  artifactKey: Guid(726f9dbef49394867b0ac27cc437e747) Importer(2089858483,b0f066a214c2f5e87bad3c948f4d605d)
Start importing Assets/_Barking_Dog/_3D Scifi Base Vol 1/Prefabs/_Build/P_Wall_Half_02.prefab using Guid(726f9dbef49394867b0ac27cc437e747) Importer(2089858483,b0f066a214c2f5e87bad3c948f4d605d) (ScriptedImporter) -> (artifact id: '43c9fd1265ca71346a0e717372dac953') in 0.0066626 seconds
Number of updated asset objects reloaded before import = 0Number of asset objects unloaded after import = 10

========================================================================
Received Import Request.
  Time since last request: 0.000029 seconds.
  path: Assets/_Barking_Dog/_3D Scifi Base Vol 1/Prefabs/_Build/P_Metal_Tube_02.prefab
  artifactKey: Guid(fff4609093e0c463a8304f09f3604785) Importer(2089858483,b0f066a214c2f5e87bad3c948f4d605d)
Start importing Assets/_Barking_Dog/_3D Scifi Base Vol 1/Prefabs/_Build/P_Metal_Tube_02.prefab using Guid(fff4609093e0c463a8304f09f3604785) Importer(2089858483,b0f066a214c2f5e87bad3c948f4d605d) (ScriptedImporter) -> (artifact id: '9941e3014bc00ff1904a8a62dde0bf8f') in 0.0078584 seconds
Number of updated asset objects reloaded before import = 0Number of asset objects unloaded after import = 49

========================================================================
Received Import Request.
  Time since last request: 0.000026 seconds.
  path: Assets/_Barking_Dog/_3D Scifi Base Vol 1/Prefabs/_Legos/P_Small_Tower_Room_02.prefab
  artifactKey: Guid(bd72cb14278ad427ab5447cffdd7670a) Importer(2089858483,b0f066a214c2f5e87bad3c948f4d605d)
Start importing Assets/_Barking_Dog/_3D Scifi Base Vol 1/Prefabs/_Legos/P_Small_Tower_Room_02.prefab using Guid(bd72cb14278ad427ab5447cffdd7670a) Importer(2089858483,b0f066a214c2f5e87bad3c948f4d605d) (ScriptedImporter) -> (artifact id: '2b7fe6885f4646a4d643a1e6557d32b6') in 0.0318702 seconds
Number of updated asset objects reloaded before import = 0Number of asset objects unloaded after import = 966

========================================================================
Received Import Request.
  Time since last request: 0.000044 seconds.
  path: Assets/_Barking_Dog/_3D Scifi Base Vol 1/Prefabs/_Props/P_Laser_Fence_01.prefab
  artifactKey: Guid(99882afdabca645a88855b837ae97f8d) Importer(2089858483,b0f066a214c2f5e87bad3c948f4d605d)
Start importing Assets/_Barking_Dog/_3D Scifi Base Vol 1/Prefabs/_Props/P_Laser_Fence_01.prefab using Guid(99882afdabca645a88855b837ae97f8d) Importer(2089858483,b0f066a214c2f5e87bad3c948f4d605d) (ScriptedImporter) -> (artifact id: '96332a1e07b0dfd03de5d5a10d063d27') in 0.005894 seconds
Number of updated asset objects reloaded before import = 0Number of asset objects unloaded after import = 10

========================================================================
Received Import Request.
  Time since last request: 0.000042 seconds.
  path: Assets/_Barking_Dog/_3D Scifi Base Vol 1/Prefabs/_Props/P_Monitor_01.prefab
  artifactKey: Guid(56aeafee9f44c4264a3ba989c1164444) Importer(2089858483,b0f066a214c2f5e87bad3c948f4d605d)
Start importing Assets/_Barking_Dog/_3D Scifi Base Vol 1/Prefabs/_Props/P_Monitor_01.prefab using Guid(56aeafee9f44c4264a3ba989c1164444) Importer(2089858483,b0f066a214c2f5e87bad3c948f4d605d) (ScriptedImporter) -> (artifact id: 'a3157a033dbe5ee67cc8247344c7a039') in 0.0069104 seconds
Number of updated asset objects reloaded before import = 0Number of asset objects unloaded after import = 29

========================================================================
Received Import Request.
  Time since last request: 0.000039 seconds.
  path: Assets/_Barking_Dog/_3D Scifi Base Vol 1/Prefabs/_Legos/P_Plateform_Big_04.prefab
  artifactKey: Guid(f62dadb546fe64e2dbfbca9b9b09f3ea) Importer(2089858483,b0f066a214c2f5e87bad3c948f4d605d)
Start importing Assets/_Barking_Dog/_3D Scifi Base Vol 1/Prefabs/_Legos/P_Plateform_Big_04.prefab using Guid(f62dadb546fe64e2dbfbca9b9b09f3ea) Importer(2089858483,b0f066a214c2f5e87bad3c948f4d605d) (ScriptedImporter) -> (artifact id: '5e6b7985433b5d6af72916201bd0fc4a') in 0.0268644 seconds
Number of updated asset objects reloaded before import = 0Number of asset objects unloaded after import = 726

========================================================================
Received Import Request.
  Time since last request: 0.000037 seconds.
  path: Assets/_Barking_Dog/_3D Scifi Base Vol 1/Prefabs/_Build/P_Wall_Normal_03.prefab
  artifactKey: Guid(a8efbe29732a24afd8f05a97682594de) Importer(2089858483,b0f066a214c2f5e87bad3c948f4d605d)
Start importing Assets/_Barking_Dog/_3D Scifi Base Vol 1/Prefabs/_Build/P_Wall_Normal_03.prefab using Guid(a8efbe29732a24afd8f05a97682594de) Importer(2089858483,b0f066a214c2f5e87bad3c948f4d605d) (ScriptedImporter) -> (artifact id: '0aeb69b6b7013549e0d2fab78ce452c5') in 0.0051361 seconds
Number of updated asset objects reloaded before import = 0Number of asset objects unloaded after import = 27

========================================================================
Received Import Request.
  Time since last request: 0.000033 seconds.
  path: Assets/_Barking_Dog/_3D Scifi Base Vol 1/Prefabs/_Build/P_Dome_Line_01.prefab
  artifactKey: Guid(57d7e879c41b746bdbca75a531931d4f) Importer(2089858483,b0f066a214c2f5e87bad3c948f4d605d)
Start importing Assets/_Barking_Dog/_3D Scifi Base Vol 1/Prefabs/_Build/P_Dome_Line_01.prefab using Guid(57d7e879c41b746bdbca75a531931d4f) Importer(2089858483,b0f066a214c2f5e87bad3c948f4d605d) (ScriptedImporter) -> (artifact id: 'eac44f1e63a3808cb4ac86722807ff1a') in 0.0098362 seconds
Number of updated asset objects reloaded before import = 0Number of asset objects unloaded after import = 9

========================================================================
Received Import Request.
  Time since last request: 0.000036 seconds.
  path: Assets/_Barking_Dog/_3D Scifi Base Vol 1/Prefabs/_Legos/P_Plateform_Big_03.prefab
  artifactKey: Guid(e74edb83bfd88497197fdadeaee46597) Importer(2089858483,b0f066a214c2f5e87bad3c948f4d605d)
Start importing Assets/_Barking_Dog/_3D Scifi Base Vol 1/Prefabs/_Legos/P_Plateform_Big_03.prefab using Guid(e74edb83bfd88497197fdadeaee46597) Importer(2089858483,b0f066a214c2f5e87bad3c948f4d605d) (ScriptedImporter) -> (artifact id: '67eacb2bf5d12a42aec8329ce5814f2e') in 0.0084964 seconds
Number of updated asset objects reloaded before import = 0Number of asset objects unloaded after import = 122

========================================================================
Received Import Request.
  Time since last request: 0.000039 seconds.
  path: Assets/_Barking_Dog/_3D Scifi Base Vol 1/Prefabs/_Props/P_Char_04.prefab
  artifactKey: Guid(66f512b6ac13c4d5e8e8d8bb546fe702) Importer(2089858483,b0f066a214c2f5e87bad3c948f4d605d)
Start importing Assets/_Barking_Dog/_3D Scifi Base Vol 1/Prefabs/_Props/P_Char_04.prefab using Guid(66f512b6ac13c4d5e8e8d8bb546fe702) Importer(2089858483,b0f066a214c2f5e87bad3c948f4d605d) (ScriptedImporter) -> (artifact id: '1221ab035bf189cf9f495e44f527d8ee') in 0.0085265 seconds
Number of updated asset objects reloaded before import = 0Number of asset objects unloaded after import = 36

========================================================================
Received Import Request.
  Time since last request: 0.000039 seconds.
  path: Assets/_Barking_Dog/_3D Scifi Base Vol 1/Prefabs/_Props/P_Reactor_02.prefab
  artifactKey: Guid(10a0d0974d31f4badbe65bd49939c6c3) Importer(2089858483,b0f066a214c2f5e87bad3c948f4d605d)
Start importing Assets/_Barking_Dog/_3D Scifi Base Vol 1/Prefabs/_Props/P_Reactor_02.prefab using Guid(10a0d0974d31f4badbe65bd49939c6c3) Importer(2089858483,b0f066a214c2f5e87bad3c948f4d605d) (ScriptedImporter) -> (artifact id: 'c666d21c64200754a47d403b71bfa1f9') in 0.0184604 seconds
Number of updated asset objects reloaded before import = 0Number of asset objects unloaded after import = 228

========================================================================
Received Import Request.
  Time since last request: 0.000033 seconds.
  path: Assets/_Barking_Dog/_3D Scifi Base Vol 1/Prefabs/_Build/P_Corridor_HallRing_02.prefab
  artifactKey: Guid(3e5cbf27c389c4e048f99b86fd42c7ac) Importer(2089858483,b0f066a214c2f5e87bad3c948f4d605d)
Start importing Assets/_Barking_Dog/_3D Scifi Base Vol 1/Prefabs/_Build/P_Corridor_HallRing_02.prefab using Guid(3e5cbf27c389c4e048f99b86fd42c7ac) Importer(2089858483,b0f066a214c2f5e87bad3c948f4d605d) (ScriptedImporter) -> (artifact id: '055237f4fcfcda2f5675d6ca7f6354a1') in 0.0052657 seconds
Number of updated asset objects reloaded before import = 0Number of asset objects unloaded after import = 24

========================================================================
Received Import Request.
  Time since last request: 0.000114 seconds.
  path: Assets/EffectExamples/WaterEffects/Prefabs/StormCloudEffect.prefab
  artifactKey: Guid(ca55dd9d7d291014a8b13aaf95318a3a) Importer(2089858483,b0f066a214c2f5e87bad3c948f4d605d)
Start importing Assets/EffectExamples/WaterEffects/Prefabs/StormCloudEffect.prefab using Guid(ca55dd9d7d291014a8b13aaf95318a3a) Importer(2089858483,b0f066a214c2f5e87bad3c948f4d605d) (ScriptedImporter) -> (artifact id: 'a6a9b42ce7e8694ce4bc4bd7eed93f50') in 0.0414304 seconds
Number of updated asset objects reloaded before import = 0Number of asset objects unloaded after import = 15

========================================================================
Received Import Request.
  Time since last request: 0.000030 seconds.
  path: Assets/_Barking_Dog/_3D Scifi Base Vol 1/Prefabs/_Build/P_Pipe_End_03.prefab
  artifactKey: Guid(1fcf7b7a6f6ee4154bf8062154fa6a57) Importer(2089858483,b0f066a214c2f5e87bad3c948f4d605d)
Start importing Assets/_Barking_Dog/_3D Scifi Base Vol 1/Prefabs/_Build/P_Pipe_End_03.prefab using Guid(1fcf7b7a6f6ee4154bf8062154fa6a57) Importer(2089858483,b0f066a214c2f5e87bad3c948f4d605d) (ScriptedImporter) -> (artifact id: 'ba784d73edcdafed127bd2ef7d0e5119') in 0.0059227 seconds
Number of updated asset objects reloaded before import = 0Number of asset objects unloaded after import = 9

========================================================================
Received Import Request.
  Time since last request: 0.000031 seconds.
  path: Assets/EffectExamples/WeaponEffects/Prefabs/CartridgeEjectEffect.prefab
  artifactKey: Guid(7ca96822084510147adb2aea03d45e3b) Importer(2089858483,b0f066a214c2f5e87bad3c948f4d605d)
Start importing Assets/EffectExamples/WeaponEffects/Prefabs/CartridgeEjectEffect.prefab using Guid(7ca96822084510147adb2aea03d45e3b) Importer(2089858483,b0f066a214c2f5e87bad3c948f4d605d) (ScriptedImporter) -> (artifact id: 'c79e1df455454b0bd1b2acd5227938c4') in 0.0245421 seconds
Number of updated asset objects reloaded before import = 0Number of asset objects unloaded after import = 11

========================================================================
Received Import Request.
  Time since last request: 0.000031 seconds.
  path: Assets/_Barking_Dog/_3D Scifi Base Vol 1/Prefabs/_Build/P_Roof_Window_02.prefab
  artifactKey: Guid(331ad835d3c7c46f89e4a3727c2c7a01) Importer(2089858483,b0f066a214c2f5e87bad3c948f4d605d)
Start importing Assets/_Barking_Dog/_3D Scifi Base Vol 1/Prefabs/_Build/P_Roof_Window_02.prefab using Guid(331ad835d3c7c46f89e4a3727c2c7a01) Importer(2089858483,b0f066a214c2f5e87bad3c948f4d605d) (ScriptedImporter) -> (artifact id: '3ef0cff2d9778dd7a906ecfac5a3a2d5') in 0.0048189 seconds
Number of updated asset objects reloaded before import = 0Number of asset objects unloaded after import = 10

========================================================================
Received Import Request.
  Time since last request: 0.000044 seconds.
  path: Assets/_Barking_Dog/_3D Scifi Base Vol 1/Prefabs/_Build/P_Ring_Light_01.prefab
  artifactKey: Guid(9942c66f5a2474bf88a6e4d4ccb379bd) Importer(2089858483,b0f066a214c2f5e87bad3c948f4d605d)
Start importing Assets/_Barking_Dog/_3D Scifi Base Vol 1/Prefabs/_Build/P_Ring_Light_01.prefab using Guid(9942c66f5a2474bf88a6e4d4ccb379bd) Importer(2089858483,b0f066a214c2f5e87bad3c948f4d605d) (ScriptedImporter) -> (artifact id: '4260766805f63634842b2ed1695425eb') in 0.0051854 seconds
Number of updated asset objects reloaded before import = 0Number of asset objects unloaded after import = 9

========================================================================
Received Import Request.
  Time since last request: 0.000027 seconds.
  path: Assets/_Barking_Dog/_3D Scifi Base Vol 1/Prefabs/_Props/P_Wall_TV_01.prefab
  artifactKey: Guid(ca561006757c14416add12f5ba07dba8) Importer(2089858483,b0f066a214c2f5e87bad3c948f4d605d)
Start importing Assets/_Barking_Dog/_3D Scifi Base Vol 1/Prefabs/_Props/P_Wall_TV_01.prefab using Guid(ca561006757c14416add12f5ba07dba8) Importer(2089858483,b0f066a214c2f5e87bad3c948f4d605d) (ScriptedImporter) -> (artifact id: 'f65a6425d07818323c758ec7684e4f9a') in 0.0055073 seconds
Number of updated asset objects reloaded before import = 0Number of asset objects unloaded after import = 17

========================================================================
Received Import Request.
  Time since last request: 0.000029 seconds.
  path: Assets/3D Asserts/Lizard man/Medieval Series/Lizard Men/Characters/LizardMan_2_var.prefab
  artifactKey: Guid(ff1cec08a2d24ae4fa80193985eee512) Importer(2089858483,b0f066a214c2f5e87bad3c948f4d605d)
Start importing Assets/3D Asserts/Lizard man/Medieval Series/Lizard Men/Characters/LizardMan_2_var.prefab using Guid(ff1cec08a2d24ae4fa80193985eee512) Importer(2089858483,b0f066a214c2f5e87bad3c948f4d605d) (ScriptedImporter) -> (artifact id: '96b48166b43720fc13571be79b6c2cde') in 0.0226881 seconds
Number of updated asset objects reloaded before import = 0Number of asset objects unloaded after import = 741

========================================================================
Received Import Request.
  Time since last request: 0.000026 seconds.
  path: Assets/3D Asserts/Lizard man/Medieval Series/Lizard Men/Characters/LizardMan_1.prefab
  artifactKey: Guid(f46682d13678aeb489e79a919596c33c) Importer(2089858483,b0f066a214c2f5e87bad3c948f4d605d)
Start importing Assets/3D Asserts/Lizard man/Medieval Series/Lizard Men/Characters/LizardMan_1.prefab using Guid(f46682d13678aeb489e79a919596c33c) Importer(2089858483,b0f066a214c2f5e87bad3c948f4d605d) (ScriptedImporter) -> (artifact id: 'd1614011903bd6fa2af2edb5fc57053f') in 0.0226571 seconds
Number of updated asset objects reloaded before import = 0Number of asset objects unloaded after import = 741

========================================================================
Received Import Request.
  Time since last request: 0.000090 seconds.
  path: Assets/_Barking_Dog/_3D Scifi Base Vol 1/Prefabs/_Props/P_Table_Round_01.prefab
  artifactKey: Guid(fcf07e63355d44749a677a39fa24d090) Importer(2089858483,b0f066a214c2f5e87bad3c948f4d605d)
Start importing Assets/_Barking_Dog/_3D Scifi Base Vol 1/Prefabs/_Props/P_Table_Round_01.prefab using Guid(fcf07e63355d44749a677a39fa24d090) Importer(2089858483,b0f066a214c2f5e87bad3c948f4d605d) (ScriptedImporter) -> (artifact id: '30cac056dadc626391baf918a07f41f3') in 0.008573 seconds
Number of updated asset objects reloaded before import = 0Number of asset objects unloaded after import = 57

========================================================================
Received Import Request.
  Time since last request: 0.000048 seconds.
  path: Assets/_Barking_Dog/_3D Scifi Base Vol 1/Prefabs/_Props/P_Wall_Heal_01.prefab
  artifactKey: Guid(bc6a928e3b2e44296b0ec43134239344) Importer(2089858483,b0f066a214c2f5e87bad3c948f4d605d)
Start importing Assets/_Barking_Dog/_3D Scifi Base Vol 1/Prefabs/_Props/P_Wall_Heal_01.prefab using Guid(bc6a928e3b2e44296b0ec43134239344) Importer(2089858483,b0f066a214c2f5e87bad3c948f4d605d) (ScriptedImporter) -> (artifact id: '628322f3bc29a988045f20bd1cc5e026') in 0.0067938 seconds
Number of updated asset objects reloaded before import = 0Number of asset objects unloaded after import = 10

========================================================================
Received Import Request.
  Time since last request: 0.000051 seconds.
  path: Assets/_Barking_Dog/_3D Scifi Base Vol 1/Prefabs/_Build/P_Roof_Cache_09.prefab
  artifactKey: Guid(d526f8f618e404a608f6d7a21fb761df) Importer(2089858483,b0f066a214c2f5e87bad3c948f4d605d)
Start importing Assets/_Barking_Dog/_3D Scifi Base Vol 1/Prefabs/_Build/P_Roof_Cache_09.prefab using Guid(d526f8f618e404a608f6d7a21fb761df) Importer(2089858483,b0f066a214c2f5e87bad3c948f4d605d) (ScriptedImporter) -> (artifact id: 'c1c8b01e088179fc6eba745ddfdd047a') in 0.0050602 seconds
Number of updated asset objects reloaded before import = 0Number of asset objects unloaded after import = 9

========================================================================
Received Import Request.
  Time since last request: 0.000130 seconds.
  path: Assets/EffectExamples/Misc Effects/Prefabs/SparksEffect.prefab
  artifactKey: Guid(78b71003e8b357d4bbf89c8b5e5e4f0e) Importer(2089858483,b0f066a214c2f5e87bad3c948f4d605d)
Start importing Assets/EffectExamples/Misc Effects/Prefabs/SparksEffect.prefab using Guid(78b71003e8b357d4bbf89c8b5e5e4f0e) Importer(2089858483,b0f066a214c2f5e87bad3c948f4d605d) (ScriptedImporter) -> (artifact id: 'd66276f99d5f797ca7051ffd134f63a3') in 0.0726003 seconds
Number of updated asset objects reloaded before import = 0Number of asset objects unloaded after import = 18

========================================================================
Received Import Request.
  Time since last request: 0.000034 seconds.
  path: Assets/3D Asserts/Lizard man/Medieval Series/Lizard Men/Weapons/Shield-Tribal_1.prefab
  artifactKey: Guid(3c1a70a935c0ba54587e00d88029bfca) Importer(2089858483,b0f066a214c2f5e87bad3c948f4d605d)
Start importing Assets/3D Asserts/Lizard man/Medieval Series/Lizard Men/Weapons/Shield-Tribal_1.prefab using Guid(3c1a70a935c0ba54587e00d88029bfca) Importer(2089858483,b0f066a214c2f5e87bad3c948f4d605d) (ScriptedImporter) -> (artifact id: 'c6fc985993c8f54779ed706c861200fe') in 0.007494 seconds
Number of updated asset objects reloaded before import = 0Number of asset objects unloaded after import = 20

========================================================================
Received Import Request.
  Time since last request: 0.000044 seconds.
  path: Assets/3D Asserts/Lizard man/Medieval Series/Lizard Men/Weapons/Spear-Primitive_1.prefab
  artifactKey: Guid(cf6768c08cfc26b4f83c4493c4b31436) Importer(2089858483,b0f066a214c2f5e87bad3c948f4d605d)
Start importing Assets/3D Asserts/Lizard man/Medieval Series/Lizard Men/Weapons/Spear-Primitive_1.prefab using Guid(cf6768c08cfc26b4f83c4493c4b31436) Importer(2089858483,b0f066a214c2f5e87bad3c948f4d605d) (ScriptedImporter) -> (artifact id: 'ccc6e43550f58efaf0185a6f5dca2b1f') in 0.0121362 seconds
Number of updated asset objects reloaded before import = 0Number of asset objects unloaded after import = 37

========================================================================
Received Import Request.
  Time since last request: 0.000038 seconds.
  path: Assets/3D Asserts/Lizard man/Medieval Series/Lizard Men/Characters/LizardMan_4.prefab
  artifactKey: Guid(8b97cdddbd31e8943b4d0675d4f3d33a) Importer(2089858483,b0f066a214c2f5e87bad3c948f4d605d)
Start importing Assets/3D Asserts/Lizard man/Medieval Series/Lizard Men/Characters/LizardMan_4.prefab using Guid(8b97cdddbd31e8943b4d0675d4f3d33a) Importer(2089858483,b0f066a214c2f5e87bad3c948f4d605d) (ScriptedImporter) -> (artifact id: '247b802c83ee752418e306a6383e2133') in 0.0191268 seconds
Number of updated asset objects reloaded before import = 0Number of asset objects unloaded after import = 741

========================================================================
Received Import Request.
  Time since last request: 0.000029 seconds.
  path: Assets/3D Asserts/Lizard man/Medieval Series/Lizard Men/Weapons/Axe-Wraith_1.prefab
  artifactKey: Guid(1fd502842757f6b4286e8bb5330c3bc3) Importer(2089858483,b0f066a214c2f5e87bad3c948f4d605d)
Start importing Assets/3D Asserts/Lizard man/Medieval Series/Lizard Men/Weapons/Axe-Wraith_1.prefab using Guid(1fd502842757f6b4286e8bb5330c3bc3) Importer(2089858483,b0f066a214c2f5e87bad3c948f4d605d) (ScriptedImporter) -> (artifact id: '67549ae52ff7c8951815fc22755b1e1c') in 0.0061939 seconds
Number of updated asset objects reloaded before import = 0Number of asset objects unloaded after import = 20

========================================================================
Received Import Request.
  Time since last request: 0.000040 seconds.
  path: Assets/_Barking_Dog/_3D Scifi Base Vol 1/Prefabs/_Build/P_Roof_Angle_01_B.prefab
  artifactKey: Guid(aac1909c881354af297d1425e033e22e) Importer(2089858483,b0f066a214c2f5e87bad3c948f4d605d)
Start importing Assets/_Barking_Dog/_3D Scifi Base Vol 1/Prefabs/_Build/P_Roof_Angle_01_B.prefab using Guid(aac1909c881354af297d1425e033e22e) Importer(2089858483,b0f066a214c2f5e87bad3c948f4d605d) (ScriptedImporter) -> (artifact id: '0e330a37a776c65cd31c5ce4d270eb4d') in 0.0052269 seconds
Number of updated asset objects reloaded before import = 0Number of asset objects unloaded after import = 10

========================================================================
Received Import Request.
  Time since last request: 0.000043 seconds.
  path: Assets/_Barking_Dog/_3D Scifi Base Vol 1/Prefabs/_Build/P_Roof_Normal_01.prefab
  artifactKey: Guid(2ac3d04ba8247444e88883541d2f1234) Importer(2089858483,b0f066a214c2f5e87bad3c948f4d605d)
Start importing Assets/_Barking_Dog/_3D Scifi Base Vol 1/Prefabs/_Build/P_Roof_Normal_01.prefab using Guid(2ac3d04ba8247444e88883541d2f1234) Importer(2089858483,b0f066a214c2f5e87bad3c948f4d605d) (ScriptedImporter) -> (artifact id: '6f2af29028c09ab446904b93cb3af7c8') in 0.0055423 seconds
Number of updated asset objects reloaded before import = 0Number of asset objects unloaded after import = 24

========================================================================
Received Import Request.
  Time since last request: 0.000044 seconds.
  path: Assets/_Barking_Dog/_3D Scifi Base Vol 1/Prefabs/_Build/P_Roof_Cache_10.prefab
  artifactKey: Guid(68d9b249ca69147db9e21c85b75a12f6) Importer(2089858483,b0f066a214c2f5e87bad3c948f4d605d)
Start importing Assets/_Barking_Dog/_3D Scifi Base Vol 1/Prefabs/_Build/P_Roof_Cache_10.prefab using Guid(68d9b249ca69147db9e21c85b75a12f6) Importer(2089858483,b0f066a214c2f5e87bad3c948f4d605d) (ScriptedImporter) -> (artifact id: '0aeb373dff7144c38e8d21b88da84ba6') in 0.0061762 seconds
Number of updated asset objects reloaded before import = 0Number of asset objects unloaded after import = 9

========================================================================
Received Import Request.
  Time since last request: 0.000043 seconds.
  path: Assets/_Barking_Dog/_3D Scifi Base Vol 1/Prefabs/_Build/P_Wall_Window_02.prefab
  artifactKey: Guid(1a596edae8d134646a04e83c2c438251) Importer(2089858483,b0f066a214c2f5e87bad3c948f4d605d)
Start importing Assets/_Barking_Dog/_3D Scifi Base Vol 1/Prefabs/_Build/P_Wall_Window_02.prefab using Guid(1a596edae8d134646a04e83c2c438251) Importer(2089858483,b0f066a214c2f5e87bad3c948f4d605d) (ScriptedImporter) -> (artifact id: '60d7b4b0d43cc6f419dc9e4eb03c3a38') in 0.0057872 seconds
Number of updated asset objects reloaded before import = 0Number of asset objects unloaded after import = 27

========================================================================
Received Import Request.
  Time since last request: 0.000029 seconds.
  path: Assets/_Barking_Dog/_3D Scifi Base Vol 1/Prefabs/_Props/P_Laser_Fence_07.prefab
  artifactKey: Guid(96e4d417ac8574751a06925182328af4) Importer(2089858483,b0f066a214c2f5e87bad3c948f4d605d)
Start importing Assets/_Barking_Dog/_3D Scifi Base Vol 1/Prefabs/_Props/P_Laser_Fence_07.prefab using Guid(96e4d417ac8574751a06925182328af4) Importer(2089858483,b0f066a214c2f5e87bad3c948f4d605d) (ScriptedImporter) -> (artifact id: '1128e79e4b037ea9c1a9e6a6b0776d5f') in 0.0113459 seconds
Number of updated asset objects reloaded before import = 0Number of asset objects unloaded after import = 20

========================================================================
Received Import Request.
  Time since last request: 0.000075 seconds.
  path: Assets/_Barking_Dog/_3D Scifi Base Vol 1/Prefabs/_Legos/P_Corridor_Small_02.prefab
  artifactKey: Guid(eab4b9425e36c4a9b866f2d45934b140) Importer(2089858483,b0f066a214c2f5e87bad3c948f4d605d)
Start importing Assets/_Barking_Dog/_3D Scifi Base Vol 1/Prefabs/_Legos/P_Corridor_Small_02.prefab using Guid(eab4b9425e36c4a9b866f2d45934b140) Importer(2089858483,b0f066a214c2f5e87bad3c948f4d605d) (ScriptedImporter) -> (artifact id: '278b92d14cb72644853f3c90616229b2') in 0.010308 seconds
Number of updated asset objects reloaded before import = 0Number of asset objects unloaded after import = 118

========================================================================
Received Import Request.
  Time since last request: 0.000045 seconds.
  path: Assets/_Barking_Dog/_3D Scifi Base Vol 1/Prefabs/_Props/P_Table_Big_Chairs_01.prefab
  artifactKey: Guid(e9847728308c64fdc927ebea4c9e001c) Importer(2089858483,b0f066a214c2f5e87bad3c948f4d605d)
Start importing Assets/_Barking_Dog/_3D Scifi Base Vol 1/Prefabs/_Props/P_Table_Big_Chairs_01.prefab using Guid(e9847728308c64fdc927ebea4c9e001c) Importer(2089858483,b0f066a214c2f5e87bad3c948f4d605d) (ScriptedImporter) -> (artifact id: '94c4622098e03f98ad229c6b9542cdda') in 0.0072598 seconds
Number of updated asset objects reloaded before import = 0Number of asset objects unloaded after import = 92

========================================================================
Received Import Request.
  Time since last request: 0.000032 seconds.
  path: Assets/_Barking_Dog/_3D Scifi Base Vol 1/Prefabs/_Build/P_Dome_Roof_01.prefab
  artifactKey: Guid(23ec0c2ff2c3e46a4ba3482710a40d5d) Importer(2089858483,b0f066a214c2f5e87bad3c948f4d605d)
Start importing Assets/_Barking_Dog/_3D Scifi Base Vol 1/Prefabs/_Build/P_Dome_Roof_01.prefab using Guid(23ec0c2ff2c3e46a4ba3482710a40d5d) Importer(2089858483,b0f066a214c2f5e87bad3c948f4d605d) (ScriptedImporter) -> (artifact id: 'd4b1e87c3399e82a825cf8d8173393eb') in 0.0052494 seconds
Number of updated asset objects reloaded before import = 0Number of asset objects unloaded after import = 9

========================================================================
Received Import Request.
  Time since last request: 0.000092 seconds.
  path: Assets/_Barking_Dog/_3D Scifi Base Vol 1/Prefabs/_Build/P_Floor_Angle_01.prefab
  artifactKey: Guid(b59dea9df4ee446d5a5f88268e4eee13) Importer(2089858483,b0f066a214c2f5e87bad3c948f4d605d)
Start importing Assets/_Barking_Dog/_3D Scifi Base Vol 1/Prefabs/_Build/P_Floor_Angle_01.prefab using Guid(b59dea9df4ee446d5a5f88268e4eee13) Importer(2089858483,b0f066a214c2f5e87bad3c948f4d605d) (ScriptedImporter) -> (artifact id: '6e7ffb4440436e47fdfa3eab76896d06') in 0.0080631 seconds
Number of updated asset objects reloaded before import = 0Number of asset objects unloaded after import = 10

========================================================================
Received Import Request.
  Time since last request: 0.000028 seconds.
  path: Assets/_Barking_Dog/_3D Scifi Base Vol 1/Prefabs/_Build/P_Floor_Normal_02.prefab
  artifactKey: Guid(ab56a5a1555134f558dc8fbe14a0536d) Importer(2089858483,b0f066a214c2f5e87bad3c948f4d605d)
Start importing Assets/_Barking_Dog/_3D Scifi Base Vol 1/Prefabs/_Build/P_Floor_Normal_02.prefab using Guid(ab56a5a1555134f558dc8fbe14a0536d) Importer(2089858483,b0f066a214c2f5e87bad3c948f4d605d) (ScriptedImporter) -> (artifact id: '758978ccc5cbd9dff888a04f9989bae2') in 0.0049521 seconds
Number of updated asset objects reloaded before import = 0Number of asset objects unloaded after import = 10

========================================================================
Received Import Request.
  Time since last request: 0.000036 seconds.
  path: Assets/EffectExamples/WeaponEffects/Prefabs/MuzzleFlashEffect.prefab
  artifactKey: Guid(9defeac88977c0d448aa4541073ee9e4) Importer(2089858483,b0f066a214c2f5e87bad3c948f4d605d)
Start importing Assets/EffectExamples/WeaponEffects/Prefabs/MuzzleFlashEffect.prefab using Guid(9defeac88977c0d448aa4541073ee9e4) Importer(2089858483,b0f066a214c2f5e87bad3c948f4d605d) (ScriptedImporter) -> (artifact id: '8a9a0cab36feb320376671c3f6c2cf3e') in 0.0328902 seconds
Number of updated asset objects reloaded before import = 0Number of asset objects unloaded after import = 10

========================================================================
Received Import Request.
  Time since last request: 0.000044 seconds.
  path: Assets/_Barking_Dog/_3D Scifi Base Vol 1/Prefabs/_Build/P_Wall_Angle_01.prefab
  artifactKey: Guid(37387bc7411c44a5e897c2c80e693210) Importer(2089858483,b0f066a214c2f5e87bad3c948f4d605d)
Start importing Assets/_Barking_Dog/_3D Scifi Base Vol 1/Prefabs/_Build/P_Wall_Angle_01.prefab using Guid(37387bc7411c44a5e897c2c80e693210) Importer(2089858483,b0f066a214c2f5e87bad3c948f4d605d) (ScriptedImporter) -> (artifact id: '710602a2b49905262130311dd2002b98') in 0.0101969 seconds
Number of updated asset objects reloaded before import = 0Number of asset objects unloaded after import = 69

========================================================================
Received Import Request.
  Time since last request: 0.000031 seconds.
  path: Assets/_Barking_Dog/_3D Scifi Base Vol 1/Prefabs/_Legos/P_Small_Tower_Ring_03.prefab
  artifactKey: Guid(689ead7831fdd4dd39ced959b4e299e3) Importer(2089858483,b0f066a214c2f5e87bad3c948f4d605d)
Start importing Assets/_Barking_Dog/_3D Scifi Base Vol 1/Prefabs/_Legos/P_Small_Tower_Ring_03.prefab using Guid(689ead7831fdd4dd39ced959b4e299e3) Importer(2089858483,b0f066a214c2f5e87bad3c948f4d605d) (ScriptedImporter) -> (artifact id: '4f33241ed0ac2a2d8c7b29adf4331a0e') in 0.0335133 seconds
Number of updated asset objects reloaded before import = 0Number of asset objects unloaded after import = 787

========================================================================
Received Import Request.
  Time since last request: 0.000042 seconds.
  path: Assets/_Barking_Dog/_3D Scifi Base Vol 1/Prefabs/_Legos/P_Small_Tower_Room_04.prefab
  artifactKey: Guid(d57337a0331534e1e98f205e69978cef) Importer(2089858483,b0f066a214c2f5e87bad3c948f4d605d)
Start importing Assets/_Barking_Dog/_3D Scifi Base Vol 1/Prefabs/_Legos/P_Small_Tower_Room_04.prefab using Guid(d57337a0331534e1e98f205e69978cef) Importer(2089858483,b0f066a214c2f5e87bad3c948f4d605d) (ScriptedImporter) -> (artifact id: 'e1687a80f75ab3659286258e46e247ad') in 0.0769364 seconds
Number of updated asset objects reloaded before import = 0Number of asset objects unloaded after import = 3137

========================================================================
Received Import Request.
  Time since last request: 0.000065 seconds.
  path: Assets/_Barking_Dog/_3D Scifi Base Vol 1/Prefabs/_Build/P_Glass_Tube_03.prefab
  artifactKey: Guid(73fe4169100e9481cb41ca1c6c2aa837) Importer(2089858483,b0f066a214c2f5e87bad3c948f4d605d)
Start importing Assets/_Barking_Dog/_3D Scifi Base Vol 1/Prefabs/_Build/P_Glass_Tube_03.prefab using Guid(73fe4169100e9481cb41ca1c6c2aa837) Importer(2089858483,b0f066a214c2f5e87bad3c948f4d605d) (ScriptedImporter) -> (artifact id: 'a373387648ff28a13e8acd4d97965783') in 0.0071206 seconds
Number of updated asset objects reloaded before import = 0Number of asset objects unloaded after import = 64

========================================================================
Received Import Request.
  Time since last request: 0.000047 seconds.
  path: Assets/_Barking_Dog/_3D Scifi Base Vol 1/Prefabs/_Props/P_Reactor_05.prefab
  artifactKey: Guid(b62628b4ae6ea48a8ac2af85fca9b006) Importer(2089858483,b0f066a214c2f5e87bad3c948f4d605d)
Start importing Assets/_Barking_Dog/_3D Scifi Base Vol 1/Prefabs/_Props/P_Reactor_05.prefab using Guid(b62628b4ae6ea48a8ac2af85fca9b006) Importer(2089858483,b0f066a214c2f5e87bad3c948f4d605d) (ScriptedImporter) -> (artifact id: '51867bf406acb9acb15701fc7f503d39') in 0.0116867 seconds
Number of updated asset objects reloaded before import = 0Number of asset objects unloaded after import = 233

========================================================================
Received Import Request.
  Time since last request: 0.000028 seconds.
  path: Assets/_Barking_Dog/_3D Scifi Base Vol 1/Prefabs/_Build/P_Wall_Angle_02.prefab
  artifactKey: Guid(5c6905cdf4e724ff2855c063304c6871) Importer(2089858483,b0f066a214c2f5e87bad3c948f4d605d)
Start importing Assets/_Barking_Dog/_3D Scifi Base Vol 1/Prefabs/_Build/P_Wall_Angle_02.prefab using Guid(5c6905cdf4e724ff2855c063304c6871) Importer(2089858483,b0f066a214c2f5e87bad3c948f4d605d) (ScriptedImporter) -> (artifact id: '34539bb24fbfca2668255314d8ddba0e') in 0.0060194 seconds
Number of updated asset objects reloaded before import = 0Number of asset objects unloaded after import = 69

========================================================================
Received Import Request.
  Time since last request: 0.000032 seconds.
  path: Assets/_Barking_Dog/_3D Scifi Base Vol 1/Prefabs/_Build/P_Wall_Half_01.prefab
  artifactKey: Guid(dff5fb494714f4ceeb21e2254b436743) Importer(2089858483,b0f066a214c2f5e87bad3c948f4d605d)
Start importing Assets/_Barking_Dog/_3D Scifi Base Vol 1/Prefabs/_Build/P_Wall_Half_01.prefab using Guid(dff5fb494714f4ceeb21e2254b436743) Importer(2089858483,b0f066a214c2f5e87bad3c948f4d605d) (ScriptedImporter) -> (artifact id: '0ceff8c10fcc4807db027b8015982412') in 0.0066351 seconds
Number of updated asset objects reloaded before import = 0Number of asset objects unloaded after import = 21

========================================================================
Received Import Request.
  Time since last request: 0.000071 seconds.
  path: Assets/_Barking_Dog/_3D Scifi Base Vol 1/Prefabs/_Build/P_Rock_01.prefab
  artifactKey: Guid(34e5e22a4a32f4845a77daedb9bdd715) Importer(2089858483,b0f066a214c2f5e87bad3c948f4d605d)
Start importing Assets/_Barking_Dog/_3D Scifi Base Vol 1/Prefabs/_Build/P_Rock_01.prefab using Guid(34e5e22a4a32f4845a77daedb9bdd715) Importer(2089858483,b0f066a214c2f5e87bad3c948f4d605d) (ScriptedImporter) -> (artifact id: 'cb458637069960d74ee4d34baa7b6bfe') in 0.0065804 seconds
Number of updated asset objects reloaded before import = 0Number of asset objects unloaded after import = 10

========================================================================
Received Import Request.
  Time since last request: 0.000050 seconds.
  path: Assets/_Barking_Dog/_3D Scifi Base Vol 1/Prefabs/_Build/P_Pipes_Insert_05.prefab
  artifactKey: Guid(63885e382038e4c0ab2408ed5ccef3e6) Importer(2089858483,b0f066a214c2f5e87bad3c948f4d605d)
Start importing Assets/_Barking_Dog/_3D Scifi Base Vol 1/Prefabs/_Build/P_Pipes_Insert_05.prefab using Guid(63885e382038e4c0ab2408ed5ccef3e6) Importer(2089858483,b0f066a214c2f5e87bad3c948f4d605d) (ScriptedImporter) -> (artifact id: '72e8b07a0888228703257a547e1271d1') in 0.007057 seconds
Number of updated asset objects reloaded before import = 0Number of asset objects unloaded after import = 10

========================================================================
Received Import Request.
  Time since last request: 0.000028 seconds.
  path: Assets/EffectExamples/WeaponEffects/Prefabs/BulletImpactFleshSmallEffect.prefab
  artifactKey: Guid(83e55d3418297934fab882559d009285) Importer(2089858483,b0f066a214c2f5e87bad3c948f4d605d)
Start importing Assets/EffectExamples/WeaponEffects/Prefabs/BulletImpactFleshSmallEffect.prefab using Guid(83e55d3418297934fab882559d009285) Importer(2089858483,b0f066a214c2f5e87bad3c948f4d605d) (ScriptedImporter) -> (artifact id: '29ba56d51b205b71fb7baae059141fb9') in 0.0423266 seconds
Number of updated asset objects reloaded before import = 0Number of asset objects unloaded after import = 19

========================================================================
Received Import Request.
  Time since last request: 0.000027 seconds.
  path: Assets/_Barking_Dog/_3D Scifi Base Vol 1/Prefabs/_Legos/P_Plateform_Big_05.prefab
  artifactKey: Guid(3956195420b374ae9b6cee702448eba7) Importer(2089858483,b0f066a214c2f5e87bad3c948f4d605d)
Start importing Assets/_Barking_Dog/_3D Scifi Base Vol 1/Prefabs/_Legos/P_Plateform_Big_05.prefab using Guid(3956195420b374ae9b6cee702448eba7) Importer(2089858483,b0f066a214c2f5e87bad3c948f4d605d) (ScriptedImporter) -> (artifact id: '90fc4bf63aeed1a264433fe80d24fec1') in 0.0232103 seconds
Number of updated asset objects reloaded before import = 0Number of asset objects unloaded after import = 726

========================================================================
Received Import Request.
  Time since last request: 0.000031 seconds.
  path: Assets/_Barking_Dog/_3D Scifi Base Vol 1/Prefabs/_Props/P_Char_06.prefab
  artifactKey: Guid(e7988f5abbf6d443fb0e777d1ac996ac) Importer(2089858483,b0f066a214c2f5e87bad3c948f4d605d)
Start importing Assets/_Barking_Dog/_3D Scifi Base Vol 1/Prefabs/_Props/P_Char_06.prefab using Guid(e7988f5abbf6d443fb0e777d1ac996ac) Importer(2089858483,b0f066a214c2f5e87bad3c948f4d605d) (ScriptedImporter) -> (artifact id: '13d836bed7b99b3cede235aab6497aab') in 0.0100831 seconds
Number of updated asset objects reloaded before import = 0Number of asset objects unloaded after import = 44

========================================================================
Received Import Request.
  Time since last request: 0.000035 seconds.
  path: Assets/_Barking_Dog/_3D Scifi Base Vol 1/Prefabs/_Build/P_Plateforme_01.prefab
  artifactKey: Guid(1a300487d337b4e9082c9bf22cf1d99d) Importer(2089858483,b0f066a214c2f5e87bad3c948f4d605d)
Start importing Assets/_Barking_Dog/_3D Scifi Base Vol 1/Prefabs/_Build/P_Plateforme_01.prefab using Guid(1a300487d337b4e9082c9bf22cf1d99d) Importer(2089858483,b0f066a214c2f5e87bad3c948f4d605d) (ScriptedImporter) -> (artifact id: 'fe8aa855dae4d1ab549bfad9c6c3dc4d') in 0.0116011 seconds
Number of updated asset objects reloaded before import = 0Number of asset objects unloaded after import = 18

========================================================================
Received Import Request.
  Time since last request: 0.000036 seconds.
  path: Assets/_Barking_Dog/_3D Scifi Base Vol 1/Prefabs/_Legos/P_Small_Base_02.prefab
  artifactKey: Guid(332f11f44cbfe48a79cf88f595f749bf) Importer(2089858483,b0f066a214c2f5e87bad3c948f4d605d)
Start importing Assets/_Barking_Dog/_3D Scifi Base Vol 1/Prefabs/_Legos/P_Small_Base_02.prefab using Guid(332f11f44cbfe48a79cf88f595f749bf) Importer(2089858483,b0f066a214c2f5e87bad3c948f4d605d) (ScriptedImporter) -> (artifact id: '97a97e67b397824c9dfd6565711e4af1') in 0.0544819 seconds
Number of updated asset objects reloaded before import = 0Number of asset objects unloaded after import = 2041

========================================================================
Received Import Request.
  Time since last request: 0.000043 seconds.
  path: Assets/_Barking_Dog/_3D Scifi Base Vol 1/Prefabs/_Build/P_Wall_Normal_01.prefab
  artifactKey: Guid(8722399cf1a2245269db6be7947bfbbd) Importer(2089858483,b0f066a214c2f5e87bad3c948f4d605d)
Start importing Assets/_Barking_Dog/_3D Scifi Base Vol 1/Prefabs/_Build/P_Wall_Normal_01.prefab using Guid(8722399cf1a2245269db6be7947bfbbd) Importer(2089858483,b0f066a214c2f5e87bad3c948f4d605d) (ScriptedImporter) -> (artifact id: 'e2b5caf63517cba64ed5261156af64ed') in 0.0075692 seconds
Number of updated asset objects reloaded before import = 0Number of asset objects unloaded after import = 27

========================================================================
Received Import Request.
  Time since last request: 0.000033 seconds.
  path: Assets/_Barking_Dog/_3D Scifi Base Vol 1/Prefabs/_Legos/P_Small_Pod_03.prefab
  artifactKey: Guid(a8f1221ced29643c49a9a750582ae452) Importer(2089858483,b0f066a214c2f5e87bad3c948f4d605d)
Start importing Assets/_Barking_Dog/_3D Scifi Base Vol 1/Prefabs/_Legos/P_Small_Pod_03.prefab using Guid(a8f1221ced29643c49a9a750582ae452) Importer(2089858483,b0f066a214c2f5e87bad3c948f4d605d) (ScriptedImporter) -> (artifact id: '88de68b901be0074e6a7c0769e3c51bb') in 0.0229695 seconds
Number of updated asset objects reloaded before import = 0Number of asset objects unloaded after import = 546

========================================================================
Received Import Request.
  Time since last request: 0.000050 seconds.
  path: Assets/_Barking_Dog/_3D Scifi Base Vol 1/Fx/Smoke.prefab
  artifactKey: Guid(37a3f83674c154a4e9b6adc500fd1d02) Importer(2089858483,b0f066a214c2f5e87bad3c948f4d605d)
Start importing Assets/_Barking_Dog/_3D Scifi Base Vol 1/Fx/Smoke.prefab using Guid(37a3f83674c154a4e9b6adc500fd1d02) Importer(2089858483,b0f066a214c2f5e87bad3c948f4d605d) (ScriptedImporter) -> (artifact id: '5c2a919ebbae1d98392ea2b65d54f486') in 0.038973 seconds
Number of updated asset objects reloaded before import = 0Number of asset objects unloaded after import = 8

========================================================================
Received Import Request.
  Time since last request: 0.000024 seconds.
  path: Assets/_Barking_Dog/_3D Scifi Base Vol 1/Prefabs/_Build/P_Wall_Grid_01.prefab
  artifactKey: Guid(3ffbd774c20744941aebddb930990572) Importer(2089858483,b0f066a214c2f5e87bad3c948f4d605d)
Start importing Assets/_Barking_Dog/_3D Scifi Base Vol 1/Prefabs/_Build/P_Wall_Grid_01.prefab using Guid(3ffbd774c20744941aebddb930990572) Importer(2089858483,b0f066a214c2f5e87bad3c948f4d605d) (ScriptedImporter) -> (artifact id: '778c170ae4866e039645a6d1fdadc1e0') in 0.0086201 seconds
Number of updated asset objects reloaded before import = 0Number of asset objects unloaded after import = 10

========================================================================
Received Import Request.
  Time since last request: 0.000038 seconds.
  path: Assets/EffectExamples/WaterEffects/Prefabs/RainEffect.prefab
  artifactKey: Guid(d0c0b49979d372942ae5a964d9364111) Importer(2089858483,b0f066a214c2f5e87bad3c948f4d605d)
Start importing Assets/EffectExamples/WaterEffects/Prefabs/RainEffect.prefab using Guid(d0c0b49979d372942ae5a964d9364111) Importer(2089858483,b0f066a214c2f5e87bad3c948f4d605d) (ScriptedImporter) -> (artifact id: 'd3cabf31ba8a9197ed612164246c1872') in 0.0130342 seconds
Number of updated asset objects reloaded before import = 0Number of asset objects unloaded after import = 24

========================================================================
Received Import Request.
  Time since last request: 0.000030 seconds.
  path: Assets/_Barking_Dog/_3D Scifi Base Vol 1/Prefabs/_Build/P_Articulated_Support_01.prefab
  artifactKey: Guid(165f7f4059f494d238e2e468529c3806) Importer(2089858483,b0f066a214c2f5e87bad3c948f4d605d)
Start importing Assets/_Barking_Dog/_3D Scifi Base Vol 1/Prefabs/_Build/P_Articulated_Support_01.prefab using Guid(165f7f4059f494d238e2e468529c3806) Importer(2089858483,b0f066a214c2f5e87bad3c948f4d605d) (ScriptedImporter) -> (artifact id: '02d8f4cd21764581c95031561555e786') in 0.0066831 seconds
Number of updated asset objects reloaded before import = 0Number of asset objects unloaded after import = 22

========================================================================
Received Import Request.
  Time since last request: 0.000046 seconds.
  path: Assets/EffectExamples/FireExplosionEffects/Prefabs/FlamesParticleEffect.prefab
  artifactKey: Guid(3228a22491941734bb83ad691d17fcb9) Importer(2089858483,b0f066a214c2f5e87bad3c948f4d605d)
Start importing Assets/EffectExamples/FireExplosionEffects/Prefabs/FlamesParticleEffect.prefab using Guid(3228a22491941734bb83ad691d17fcb9) Importer(2089858483,b0f066a214c2f5e87bad3c948f4d605d) (ScriptedImporter) -> (artifact id: '402d50bf9737ddcb8631b5474ff86743') in 0.0368534 seconds
Number of updated asset objects reloaded before import = 0Number of asset objects unloaded after import = 14

========================================================================
Received Import Request.
  Time since last request: 0.000029 seconds.
  path: Assets/_Barking_Dog/_3D Scifi Base Vol 1/Prefabs/_Props/P_Reactor_01.prefab
  artifactKey: Guid(0d54565c439114532ac5175bbc9012aa) Importer(2089858483,b0f066a214c2f5e87bad3c948f4d605d)
Start importing Assets/_Barking_Dog/_3D Scifi Base Vol 1/Prefabs/_Props/P_Reactor_01.prefab using Guid(0d54565c439114532ac5175bbc9012aa) Importer(2089858483,b0f066a214c2f5e87bad3c948f4d605d) (ScriptedImporter) -> (artifact id: '7e01f947ea8c4d12efd4d71fb0be7657') in 0.0167998 seconds
Number of updated asset objects reloaded before import = 0Number of asset objects unloaded after import = 118

========================================================================
Received Import Request.
  Time since last request: 0.000048 seconds.
  path: Assets/_Barking_Dog/_3D Scifi Base Vol 1/Prefabs/_Props/P_Laser_Fence_Ray.prefab
  artifactKey: Guid(769bbea3053a04f358e8d213b1b507fe) Importer(2089858483,b0f066a214c2f5e87bad3c948f4d605d)
Start importing Assets/_Barking_Dog/_3D Scifi Base Vol 1/Prefabs/_Props/P_Laser_Fence_Ray.prefab using Guid(769bbea3053a04f358e8d213b1b507fe) Importer(2089858483,b0f066a214c2f5e87bad3c948f4d605d) (ScriptedImporter) -> (artifact id: '3d3e4d74d52891fcc687155625dec1be') in 0.0052315 seconds
Number of updated asset objects reloaded before import = 0Number of asset objects unloaded after import = 9

========================================================================
Received Import Request.
  Time since last request: 0.000034 seconds.
  path: Assets/_Barking_Dog/_3D Scifi Base Vol 1/Prefabs/_Props/P_Char_03.prefab
  artifactKey: Guid(9159071179cfa43b8b89dcc0bb70463f) Importer(2089858483,b0f066a214c2f5e87bad3c948f4d605d)
Start importing Assets/_Barking_Dog/_3D Scifi Base Vol 1/Prefabs/_Props/P_Char_03.prefab using Guid(9159071179cfa43b8b89dcc0bb70463f) Importer(2089858483,b0f066a214c2f5e87bad3c948f4d605d) (ScriptedImporter) -> (artifact id: '7bd8599c89d6149944a10c797d2cc31e') in 0.0087195 seconds
Number of updated asset objects reloaded before import = 0Number of asset objects unloaded after import = 32

========================================================================
Received Import Request.
  Time since last request: 0.000039 seconds.
  path: Assets/_Barking_Dog/_3D Scifi Base Vol 1/Prefabs/_Props/P_Reactor_04.prefab
  artifactKey: Guid(cc707ca2484794174b5087a5a8e22546) Importer(2089858483,b0f066a214c2f5e87bad3c948f4d605d)
Start importing Assets/_Barking_Dog/_3D Scifi Base Vol 1/Prefabs/_Props/P_Reactor_04.prefab using Guid(cc707ca2484794174b5087a5a8e22546) Importer(2089858483,b0f066a214c2f5e87bad3c948f4d605d) (ScriptedImporter) -> (artifact id: 'df007dbb2745797ec7c15f9ff32f5e51') in 0.0176813 seconds
Number of updated asset objects reloaded before import = 0Number of asset objects unloaded after import = 98

========================================================================
Received Import Request.
  Time since last request: 0.000030 seconds.
  path: Assets/_Barking_Dog/_3D Scifi Base Vol 1/Prefabs/_Build/P_Roof_Cache_04_B.prefab
  artifactKey: Guid(29dec274d9a6a4bc99fb021199f5a5ef) Importer(2089858483,b0f066a214c2f5e87bad3c948f4d605d)
Start importing Assets/_Barking_Dog/_3D Scifi Base Vol 1/Prefabs/_Build/P_Roof_Cache_04_B.prefab using Guid(29dec274d9a6a4bc99fb021199f5a5ef) Importer(2089858483,b0f066a214c2f5e87bad3c948f4d605d) (ScriptedImporter) -> (artifact id: '69342ecd29fc8d4532fc8bf39b9e2629') in 0.0055775 seconds
Number of updated asset objects reloaded before import = 0Number of asset objects unloaded after import = 9

========================================================================
Received Import Request.
  Time since last request: 0.000025 seconds.
  path: Assets/_Barking_Dog/_3D Scifi Base Vol 1/Prefabs/_Build/P_Glass_Tube_02.prefab
  artifactKey: Guid(d97bb7cea5b1b4c27af4c872b1a68bcc) Importer(2089858483,b0f066a214c2f5e87bad3c948f4d605d)
Start importing Assets/_Barking_Dog/_3D Scifi Base Vol 1/Prefabs/_Build/P_Glass_Tube_02.prefab using Guid(d97bb7cea5b1b4c27af4c872b1a68bcc) Importer(2089858483,b0f066a214c2f5e87bad3c948f4d605d) (ScriptedImporter) -> (artifact id: 'd3f7d825480f3b512f1b676896eb5bc5') in 0.0075408 seconds
Number of updated asset objects reloaded before import = 0Number of asset objects unloaded after import = 49

========================================================================
Received Import Request.
  Time since last request: 0.000041 seconds.
  path: Assets/EffectExamples/Misc Effects/Prefabs/SandSwirlsEffect.prefab
  artifactKey: Guid(14d81e2c407975245973a11cdfbeb902) Importer(2089858483,b0f066a214c2f5e87bad3c948f4d605d)
Start importing Assets/EffectExamples/Misc Effects/Prefabs/SandSwirlsEffect.prefab using Guid(14d81e2c407975245973a11cdfbeb902) Importer(2089858483,b0f066a214c2f5e87bad3c948f4d605d) (ScriptedImporter) -> (artifact id: '92dc94038ea87116c7898962acacbc1f') in 0.0316099 seconds
Number of updated asset objects reloaded before import = 0Number of asset objects unloaded after import = 10

========================================================================
Received Import Request.
  Time since last request: 0.000116 seconds.
  path: Assets/_Barking_Dog/_3D Scifi Base Vol 1/Prefabs/_Props/P_Crate_Yellow_Big_01.prefab
  artifactKey: Guid(432778808f5bc4f18b75113d4f299254) Importer(2089858483,b0f066a214c2f5e87bad3c948f4d605d)
Start importing Assets/_Barking_Dog/_3D Scifi Base Vol 1/Prefabs/_Props/P_Crate_Yellow_Big_01.prefab using Guid(432778808f5bc4f18b75113d4f299254) Importer(2089858483,b0f066a214c2f5e87bad3c948f4d605d) (ScriptedImporter) -> (artifact id: '62516838bce931d25856babbaf875203') in 0.0059615 seconds
Number of updated asset objects reloaded before import = 0Number of asset objects unloaded after import = 16

========================================================================
Received Import Request.
  Time since last request: 0.000028 seconds.
  path: Assets/EffectExamples/FireExplosionEffects/Prefabs/PlasmaExplosionEffect.prefab
  artifactKey: Guid(96730f8640590934eacb6f860058e7f9) Importer(2089858483,b0f066a214c2f5e87bad3c948f4d605d)
Start importing Assets/EffectExamples/FireExplosionEffects/Prefabs/PlasmaExplosionEffect.prefab using Guid(96730f8640590934eacb6f860058e7f9) Importer(2089858483,b0f066a214c2f5e87bad3c948f4d605d) (ScriptedImporter) -> (artifact id: 'e931e14b974913f9fc1b362edef37ee7') in 0.0281648 seconds
Number of updated asset objects reloaded before import = 0Number of asset objects unloaded after import = 22

========================================================================
Received Import Request.
  Time since last request: 0.000027 seconds.
  path: Assets/_Barking_Dog/_3D Scifi Base Vol 1/Prefabs/_Legos/P_Corridor_End_02.prefab
  artifactKey: Guid(6f17f2837521c4ac898445a9a7e2e135) Importer(2089858483,b0f066a214c2f5e87bad3c948f4d605d)
Start importing Assets/_Barking_Dog/_3D Scifi Base Vol 1/Prefabs/_Legos/P_Corridor_End_02.prefab using Guid(6f17f2837521c4ac898445a9a7e2e135) Importer(2089858483,b0f066a214c2f5e87bad3c948f4d605d) (ScriptedImporter) -> (artifact id: '18c4fa8dec66020908b03a3e0083efba') in 0.010649 seconds
Number of updated asset objects reloaded before import = 0Number of asset objects unloaded after import = 202

========================================================================
Received Import Request.
  Time since last request: 0.000031 seconds.
  path: Assets/3D Asserts/Lizard man/Medieval Series/Lizard Men/Characters/LizardMan_1_var.prefab
  artifactKey: Guid(8146206ec1185e045b9996c7eb78d27a) Importer(2089858483,b0f066a214c2f5e87bad3c948f4d605d)
Start importing Assets/3D Asserts/Lizard man/Medieval Series/Lizard Men/Characters/LizardMan_1_var.prefab using Guid(8146206ec1185e045b9996c7eb78d27a) Importer(2089858483,b0f066a214c2f5e87bad3c948f4d605d) (ScriptedImporter) -> (artifact id: 'b2cfd003a84ac6780bf916a83f881875') in 0.0216373 seconds
Number of updated asset objects reloaded before import = 0Number of asset objects unloaded after import = 741

========================================================================
Received Import Request.
  Time since last request: 0.000049 seconds.
  path: Assets/_Barking_Dog/_3D Scifi Base Vol 1/Prefabs/_Build/P_Rock_03.prefab
  artifactKey: Guid(2f1a793c01d3242fc81b1c8c1924e213) Importer(2089858483,b0f066a214c2f5e87bad3c948f4d605d)
Start importing Assets/_Barking_Dog/_3D Scifi Base Vol 1/Prefabs/_Build/P_Rock_03.prefab using Guid(2f1a793c01d3242fc81b1c8c1924e213) Importer(2089858483,b0f066a214c2f5e87bad3c948f4d605d) (ScriptedImporter) -> (artifact id: '87f012d920d18c5ab0eeadcbf11c7a87') in 0.0047197 seconds
Number of updated asset objects reloaded before import = 0Number of asset objects unloaded after import = 10

========================================================================
Received Import Request.
  Time since last request: 0.000034 seconds.
  path: Assets/_Barking_Dog/_3D Scifi Base Vol 1/Prefabs/_Legos/P_Small_Tower_Ring_01.prefab
  artifactKey: Guid(be7ea5c3d41774b25ac3f8c47a950e4b) Importer(2089858483,b0f066a214c2f5e87bad3c948f4d605d)
Start importing Assets/_Barking_Dog/_3D Scifi Base Vol 1/Prefabs/_Legos/P_Small_Tower_Ring_01.prefab using Guid(be7ea5c3d41774b25ac3f8c47a950e4b) Importer(2089858483,b0f066a214c2f5e87bad3c948f4d605d) (ScriptedImporter) -> (artifact id: '1195cd6e1eddef979e5c8e473f65186e') in 0.0292138 seconds
Number of updated asset objects reloaded before import = 0Number of asset objects unloaded after import = 822

========================================================================
Received Import Request.
  Time since last request: 0.000056 seconds.
  path: Assets/_Barking_Dog/_3D Scifi Base Vol 1/Prefabs/_Legos/P_Small_Base_01.prefab
  artifactKey: Guid(6b64413353b83483d93aa4ca738c3ece) Importer(2089858483,b0f066a214c2f5e87bad3c948f4d605d)
Start importing Assets/_Barking_Dog/_3D Scifi Base Vol 1/Prefabs/_Legos/P_Small_Base_01.prefab using Guid(6b64413353b83483d93aa4ca738c3ece) Importer(2089858483,b0f066a214c2f5e87bad3c948f4d605d) (ScriptedImporter) -> (artifact id: '1b64836ca5d7aa2d4bc39faf21f36a6f') in 0.080893 seconds
Number of updated asset objects reloaded before import = 0Number of asset objects unloaded after import = 2520

========================================================================
Received Import Request.
  Time since last request: 0.000046 seconds.
  path: Assets/_Barking_Dog/_3D Scifi Base Vol 1/Prefabs/_Legos/P_Radar_Base_Fence_01.prefab
  artifactKey: Guid(263d9e3f51d654e2e882b7a1e35242c8) Importer(2089858483,b0f066a214c2f5e87bad3c948f4d605d)
Start importing Assets/_Barking_Dog/_3D Scifi Base Vol 1/Prefabs/_Legos/P_Radar_Base_Fence_01.prefab using Guid(263d9e3f51d654e2e882b7a1e35242c8) Importer(2089858483,b0f066a214c2f5e87bad3c948f4d605d) (ScriptedImporter) -> (artifact id: '3e6ba89276c28ebce3c3bf3129876bc9') in 0.0126176 seconds
Number of updated asset objects reloaded before import = 0Number of asset objects unloaded after import = 308

========================================================================
Received Import Request.
  Time since last request: 0.000042 seconds.
  path: Assets/_Barking_Dog/_3D Scifi Base Vol 1/Prefabs/_Props/P_Crate_Blue_Big_01.prefab
  artifactKey: Guid(a3361ac5826fa480790c9d2840d012ae) Importer(2089858483,b0f066a214c2f5e87bad3c948f4d605d)
Start importing Assets/_Barking_Dog/_3D Scifi Base Vol 1/Prefabs/_Props/P_Crate_Blue_Big_01.prefab using Guid(a3361ac5826fa480790c9d2840d012ae) Importer(2089858483,b0f066a214c2f5e87bad3c948f4d605d) (ScriptedImporter) -> (artifact id: 'ce20b46c300886e54160c8f924f254f7') in 0.0093385 seconds
Number of updated asset objects reloaded before import = 0Number of asset objects unloaded after import = 16

========================================================================
Received Import Request.
  Time since last request: 0.000033 seconds.
  path: Assets/_Barking_Dog/_3D Scifi Base Vol 1/Prefabs/_Props/P_Laser_Fence_06.prefab
  artifactKey: Guid(19ccaadc457334542a80e5ff3172f1a9) Importer(2089858483,b0f066a214c2f5e87bad3c948f4d605d)
Start importing Assets/_Barking_Dog/_3D Scifi Base Vol 1/Prefabs/_Props/P_Laser_Fence_06.prefab using Guid(19ccaadc457334542a80e5ff3172f1a9) Importer(2089858483,b0f066a214c2f5e87bad3c948f4d605d) (ScriptedImporter) -> (artifact id: 'a3048fbaa143dcd85c41dbf467a05f69') in 0.0081822 seconds
Number of updated asset objects reloaded before import = 0Number of asset objects unloaded after import = 35

========================================================================
Received Import Request.
  Time since last request: 0.000026 seconds.
  path: Assets/_Barking_Dog/_3D Scifi Base Vol 1/Prefabs/_Legos/P_Small_Tower_Room_06.prefab
  artifactKey: Guid(595a396050bd5488997b131eb2c2305d) Importer(2089858483,b0f066a214c2f5e87bad3c948f4d605d)
Start importing Assets/_Barking_Dog/_3D Scifi Base Vol 1/Prefabs/_Legos/P_Small_Tower_Room_06.prefab using Guid(595a396050bd5488997b131eb2c2305d) Importer(2089858483,b0f066a214c2f5e87bad3c948f4d605d) (ScriptedImporter) -> (artifact id: 'c3cc12193572e155f77e528ce73ec789') in 0.0479088 seconds
Number of updated asset objects reloaded before import = 0Number of asset objects unloaded after import = 2210

========================================================================
Received Import Request.
  Time since last request: 0.000036 seconds.
  path: Assets/_Barking_Dog/_3D Scifi Base Vol 1/Prefabs/_Props/P_Bed_Couch_01.prefab
  artifactKey: Guid(45db41ab21a2241d78867a43b196f515) Importer(2089858483,b0f066a214c2f5e87bad3c948f4d605d)
Start importing Assets/_Barking_Dog/_3D Scifi Base Vol 1/Prefabs/_Props/P_Bed_Couch_01.prefab using Guid(45db41ab21a2241d78867a43b196f515) Importer(2089858483,b0f066a214c2f5e87bad3c948f4d605d) (ScriptedImporter) -> (artifact id: '3193e56258ccc7b3184ec678344ae0ad') in 0.0059519 seconds
Number of updated asset objects reloaded before import = 0Number of asset objects unloaded after import = 10

========================================================================
Received Import Request.
  Time since last request: 0.000039 seconds.
  path: Assets/_Barking_Dog/_3D Scifi Base Vol 1/Prefabs/_Props/P_Air_Grid_02.prefab
  artifactKey: Guid(b3836a917e87c4ce0ab16a8ea1d9cc50) Importer(2089858483,b0f066a214c2f5e87bad3c948f4d605d)
Start importing Assets/_Barking_Dog/_3D Scifi Base Vol 1/Prefabs/_Props/P_Air_Grid_02.prefab using Guid(b3836a917e87c4ce0ab16a8ea1d9cc50) Importer(2089858483,b0f066a214c2f5e87bad3c948f4d605d) (ScriptedImporter) -> (artifact id: '5148368b34fae638453d209e64638d13') in 0.0070515 seconds
Number of updated asset objects reloaded before import = 0Number of asset objects unloaded after import = 10

========================================================================
Received Import Request.
  Time since last request: 0.000028 seconds.
  path: Assets/3D Asserts/Lizard man/Medieval Series/Lizard Men/Characters/LizardMan_5.prefab
  artifactKey: Guid(1b8e6a7dc0106a8488fcff095a6c5053) Importer(2089858483,b0f066a214c2f5e87bad3c948f4d605d)
Start importing Assets/3D Asserts/Lizard man/Medieval Series/Lizard Men/Characters/LizardMan_5.prefab using Guid(1b8e6a7dc0106a8488fcff095a6c5053) Importer(2089858483,b0f066a214c2f5e87bad3c948f4d605d) (ScriptedImporter) -> (artifact id: 'ab33e12b6ba0b29ceabe1c3552aa4e2a') in 0.0223038 seconds
Number of updated asset objects reloaded before import = 0Number of asset objects unloaded after import = 498

========================================================================
Received Import Request.
  Time since last request: 0.000030 seconds.
  path: Assets/_Barking_Dog/_3D Scifi Base Vol 1/Prefabs/_Props/P_Computer_Rack_02.prefab
  artifactKey: Guid(5b254512692a74fef89e260ffbe93484) Importer(2089858483,b0f066a214c2f5e87bad3c948f4d605d)
Start importing Assets/_Barking_Dog/_3D Scifi Base Vol 1/Prefabs/_Props/P_Computer_Rack_02.prefab using Guid(5b254512692a74fef89e260ffbe93484) Importer(2089858483,b0f066a214c2f5e87bad3c948f4d605d) (ScriptedImporter) -> (artifact id: '3b41b56f08f122e366ea85f4c3d45606') in 0.0082182 seconds
Number of updated asset objects reloaded before import = 0Number of asset objects unloaded after import = 10

========================================================================
Received Import Request.
  Time since last request: 0.000040 seconds.
  path: Assets/_Barking_Dog/_3D Scifi Base Vol 1/Prefabs/_Props/P_Scanner_01.prefab
  artifactKey: Guid(37ce61a6e917d4648a6fb58d2634eed1) Importer(2089858483,b0f066a214c2f5e87bad3c948f4d605d)
Start importing Assets/_Barking_Dog/_3D Scifi Base Vol 1/Prefabs/_Props/P_Scanner_01.prefab using Guid(37ce61a6e917d4648a6fb58d2634eed1) Importer(2089858483,b0f066a214c2f5e87bad3c948f4d605d) (ScriptedImporter) -> (artifact id: 'e926704780e9c7e1cce1104e176bce8b') in 0.0068853 seconds
Number of updated asset objects reloaded before import = 0Number of asset objects unloaded after import = 19

========================================================================
Received Import Request.
  Time since last request: 0.000041 seconds.
  path: Assets/_Barking_Dog/_3D Scifi Base Vol 1/Prefabs/_Build/P_Circular_Plateform_01.prefab
  artifactKey: Guid(c25fa8c9932504ef389111f08026961c) Importer(2089858483,b0f066a214c2f5e87bad3c948f4d605d)
Start importing Assets/_Barking_Dog/_3D Scifi Base Vol 1/Prefabs/_Build/P_Circular_Plateform_01.prefab using Guid(c25fa8c9932504ef389111f08026961c) Importer(2089858483,b0f066a214c2f5e87bad3c948f4d605d) (ScriptedImporter) -> (artifact id: 'a5ed8d578d0d1c5de6603650bfdae39a') in 0.0083005 seconds
Number of updated asset objects reloaded before import = 0Number of asset objects unloaded after import = 54

========================================================================
Received Import Request.
  Time since last request: 0.000024 seconds.
  path: Assets/_Barking_Dog/_3D Scifi Base Vol 1/Prefabs/_Props/P_Table_01.prefab
  artifactKey: Guid(94b7b188baf4c4c5fa47778e68e3ba70) Importer(2089858483,b0f066a214c2f5e87bad3c948f4d605d)
Start importing Assets/_Barking_Dog/_3D Scifi Base Vol 1/Prefabs/_Props/P_Table_01.prefab using Guid(94b7b188baf4c4c5fa47778e68e3ba70) Importer(2089858483,b0f066a214c2f5e87bad3c948f4d605d) (ScriptedImporter) -> (artifact id: '2eb5dd6192969a28f9499df8b3edf3f9') in 0.0052639 seconds
Number of updated asset objects reloaded before import = 0Number of asset objects unloaded after import = 10

========================================================================
Received Import Request.
  Time since last request: 0.000048 seconds.
  path: Assets/_Barking_Dog/_3D Scifi Base Vol 1/Prefabs/_Build/P_Big_Support_01.prefab
  artifactKey: Guid(8e845c63c944f44b29886fca137a1b4c) Importer(2089858483,b0f066a214c2f5e87bad3c948f4d605d)
Start importing Assets/_Barking_Dog/_3D Scifi Base Vol 1/Prefabs/_Build/P_Big_Support_01.prefab using Guid(8e845c63c944f44b29886fca137a1b4c) Importer(2089858483,b0f066a214c2f5e87bad3c948f4d605d) (ScriptedImporter) -> (artifact id: 'd133285048b864b983e387d6775cf3de') in 0.0070127 seconds
Number of updated asset objects reloaded before import = 0Number of asset objects unloaded after import = 52

========================================================================
Received Import Request.
  Time since last request: 0.000029 seconds.
  path: Assets/_Barking_Dog/_3D Scifi Base Vol 1/Prefabs/_Legos/P_Small_Pod_01.prefab
  artifactKey: Guid(1f1f2bf34fcb14387934133ed044c464) Importer(2089858483,b0f066a214c2f5e87bad3c948f4d605d)
Start importing Assets/_Barking_Dog/_3D Scifi Base Vol 1/Prefabs/_Legos/P_Small_Pod_01.prefab using Guid(1f1f2bf34fcb14387934133ed044c464) Importer(2089858483,b0f066a214c2f5e87bad3c948f4d605d) (ScriptedImporter) -> (artifact id: '3835baf5578a688e987d9a86ae4f985a') in 0.018392 seconds
Number of updated asset objects reloaded before import = 0Number of asset objects unloaded after import = 516

========================================================================
Received Import Request.
  Time since last request: 0.000040 seconds.
  path: Assets/_Barking_Dog/_3D Scifi Base Vol 1/Prefabs/_Build/P_Floor_Normal_04.prefab
  artifactKey: Guid(0bdccf3db4569414bb2edd3ad3ffd78e) Importer(2089858483,b0f066a214c2f5e87bad3c948f4d605d)
Start importing Assets/_Barking_Dog/_3D Scifi Base Vol 1/Prefabs/_Build/P_Floor_Normal_04.prefab using Guid(0bdccf3db4569414bb2edd3ad3ffd78e) Importer(2089858483,b0f066a214c2f5e87bad3c948f4d605d) (ScriptedImporter) -> (artifact id: '9f5af25d9fe3dde1fd58bdc5a04bc3d6') in 0.0087604 seconds
Number of updated asset objects reloaded before import = 0Number of asset objects unloaded after import = 20

========================================================================
Received Import Request.
  Time since last request: 0.000041 seconds.
  path: Assets/_Barking_Dog/_3D Scifi Base Vol 1/Prefabs/_Props/P_Char_01.prefab
  artifactKey: Guid(bd7ebf83bccfb4cbd942c996f40485f9) Importer(2089858483,b0f066a214c2f5e87bad3c948f4d605d)
Start importing Assets/_Barking_Dog/_3D Scifi Base Vol 1/Prefabs/_Props/P_Char_01.prefab using Guid(bd7ebf83bccfb4cbd942c996f40485f9) Importer(2089858483,b0f066a214c2f5e87bad3c948f4d605d) (ScriptedImporter) -> (artifact id: '9d6c18ec566bae07a37352da80b7f86a') in 0.0069255 seconds
Number of updated asset objects reloaded before import = 0Number of asset objects unloaded after import = 21

========================================================================
Received Import Request.
  Time since last request: 0.000031 seconds.
  path: Assets/_Barking_Dog/_3D Scifi Base Vol 1/Prefabs/_Props/P_Keyboard_01.prefab
  artifactKey: Guid(f90114997cb054a82898c9f61cf5570d) Importer(2089858483,b0f066a214c2f5e87bad3c948f4d605d)
Start importing Assets/_Barking_Dog/_3D Scifi Base Vol 1/Prefabs/_Props/P_Keyboard_01.prefab using Guid(f90114997cb054a82898c9f61cf5570d) Importer(2089858483,b0f066a214c2f5e87bad3c948f4d605d) (ScriptedImporter) -> (artifact id: '8fb10ac06f416c29d0fd549a08fbf7e0') in 0.0072526 seconds
Number of updated asset objects reloaded before import = 0Number of asset objects unloaded after import = 9

========================================================================
Received Import Request.
  Time since last request: 0.000041 seconds.
  path: Assets/_Barking_Dog/_3D Scifi Base Vol 1/Prefabs/_Legos/P_Corridor_Small_05.prefab
  artifactKey: Guid(77faaea71e1084033aebafb65652362f) Importer(2089858483,b0f066a214c2f5e87bad3c948f4d605d)
Start importing Assets/_Barking_Dog/_3D Scifi Base Vol 1/Prefabs/_Legos/P_Corridor_Small_05.prefab using Guid(77faaea71e1084033aebafb65652362f) Importer(2089858483,b0f066a214c2f5e87bad3c948f4d605d) (ScriptedImporter) -> (artifact id: 'a72afe42e531bd7e43ceedd8dc5410f2') in 0.0121445 seconds
Number of updated asset objects reloaded before import = 0Number of asset objects unloaded after import = 119

========================================================================
Received Import Request.
  Time since last request: 0.000057 seconds.
  path: Assets/EffectExamples/WeaponEffects/Prefabs/BulletImpactFleshBigEffect.prefab
  artifactKey: Guid(e5a3d6da48298a0458c1990f58c27069) Importer(2089858483,b0f066a214c2f5e87bad3c948f4d605d)
Start importing Assets/EffectExamples/WeaponEffects/Prefabs/BulletImpactFleshBigEffect.prefab using Guid(e5a3d6da48298a0458c1990f58c27069) Importer(2089858483,b0f066a214c2f5e87bad3c948f4d605d) (ScriptedImporter) -> (artifact id: '9850a530af9b4ced1c089cdc2cce337b') in 0.0431945 seconds
Number of updated asset objects reloaded before import = 0Number of asset objects unloaded after import = 23

========================================================================
Received Import Request.
  Time since last request: 0.000037 seconds.
  path: Assets/_Barking_Dog/_3D Scifi Base Vol 1/Prefabs/_Fx/ForceField_01.prefab
  artifactKey: Guid(725800cfa058049398fc890ae0b8f9c7) Importer(2089858483,b0f066a214c2f5e87bad3c948f4d605d)
Start importing Assets/_Barking_Dog/_3D Scifi Base Vol 1/Prefabs/_Fx/ForceField_01.prefab using Guid(725800cfa058049398fc890ae0b8f9c7) Importer(2089858483,b0f066a214c2f5e87bad3c948f4d605d) (ScriptedImporter) -> (artifact id: '677c1acfd751155da833bbc295ba3df9') in 0.0062067 seconds
Number of updated asset objects reloaded before import = 0Number of asset objects unloaded after import = 13

========================================================================
Received Import Request.
  Time since last request: 0.000027 seconds.
  path: Assets/_Barking_Dog/_3D Scifi Base Vol 1/Prefabs/_Props/P_Laptop_01.prefab
  artifactKey: Guid(9cd5e167b147846b9a0b217637160d6d) Importer(2089858483,b0f066a214c2f5e87bad3c948f4d605d)
Start importing Assets/_Barking_Dog/_3D Scifi Base Vol 1/Prefabs/_Props/P_Laptop_01.prefab using Guid(9cd5e167b147846b9a0b217637160d6d) Importer(2089858483,b0f066a214c2f5e87bad3c948f4d605d) (ScriptedImporter) -> (artifact id: '0257b8c28f544abc54a8a8e3bd8092f3') in 0.00981 seconds
Number of updated asset objects reloaded before import = 0Number of asset objects unloaded after import = 22

========================================================================
Received Import Request.
  Time since last request: 0.000035 seconds.
  path: Assets/_Barking_Dog/_3D Scifi Base Vol 1/Prefabs/_Build/P_Wall_Angle_06.prefab
  artifactKey: Guid(6dd119b3998e440ffb59a924f1d3ef80) Importer(2089858483,b0f066a214c2f5e87bad3c948f4d605d)
Start importing Assets/_Barking_Dog/_3D Scifi Base Vol 1/Prefabs/_Build/P_Wall_Angle_06.prefab using Guid(6dd119b3998e440ffb59a924f1d3ef80) Importer(2089858483,b0f066a214c2f5e87bad3c948f4d605d) (ScriptedImporter) -> (artifact id: '386b02f85e580f8f21e99c90194b4fb8') in 0.0076675 seconds
Number of updated asset objects reloaded before import = 0Number of asset objects unloaded after import = 57

========================================================================
Received Import Request.
  Time since last request: 9.520119 seconds.
  path: Assets/EffectExamples/WeaponEffects/Prefabs/BulletImpactFleshBigEffect.prefab
  artifactKey: Guid(e5a3d6da48298a0458c1990f58c27069) Importer(815301076,1909f56bfc062723c751e8b465ee728b)
Start importing Assets/EffectExamples/WeaponEffects/Prefabs/BulletImpactFleshBigEffect.prefab using Guid(e5a3d6da48298a0458c1990f58c27069) Importer(815301076,1909f56bfc062723c751e8b465ee728b) (PreviewImporter) -> (artifact id: 'cea84cec9b638bfddaca40f4adb4c86e') in 6.2104227 seconds
Number of updated asset objects reloaded before import = 0Number of asset objects unloaded after import = 34

========================================================================
Received Import Request.
  Time since last request: 0.013432 seconds.
  path: Assets/EffectExamples/WeaponEffects/Prefabs/BulletImpactMetalEffect.prefab
  artifactKey: Guid(02a509a7fa70ed740ba4197e20c5d32d) Importer(815301076,1909f56bfc062723c751e8b465ee728b)
Start importing Assets/EffectExamples/WeaponEffects/Prefabs/BulletImpactMetalEffect.prefab using Guid(02a509a7fa70ed740ba4197e20c5d32d) Importer(815301076,1909f56bfc062723c751e8b465ee728b) (PreviewImporter) -> (artifact id: 'ad1676d88e6e553af1d7399d4d1dbf35') in 15.7657239 seconds
Number of updated asset objects reloaded before import = 0Number of asset objects unloaded after import = 22

========================================================================
Received Import Request.
  Time since last request: 0.000039 seconds.
  path: Assets/EffectExamples/Misc Effects/Materials/SparkParticle.mat
  artifactKey: Guid(19a1e36bbcb5b4c429a5dfdc8fb914de) Importer(2089858483,b0f066a214c2f5e87bad3c948f4d605d)
Start importing Assets/EffectExamples/Misc Effects/Materials/SparkParticle.mat using Guid(19a1e36bbcb5b4c429a5dfdc8fb914de) Importer(2089858483,b0f066a214c2f5e87bad3c948f4d605d) (ScriptedImporter) -> (artifact id: '95f9b19776c472e3a46f4a5c3403008f') in 0.0108593 seconds
Number of updated asset objects reloaded before import = 0Number of asset objects unloaded after import = 2

========================================================================
Received Import Request.
  Time since last request: 0.000131 seconds.
  path: Assets/EffectExamples/WeaponEffects/Materials/BulletDecalStone.mat
  artifactKey: Guid(a29767879f97b364393df3a772628180) Importer(2089858483,b0f066a214c2f5e87bad3c948f4d605d)
Start importing Assets/EffectExamples/WeaponEffects/Materials/BulletDecalStone.mat using Guid(a29767879f97b364393df3a772628180) Importer(2089858483,b0f066a214c2f5e87bad3c948f4d605d) (ScriptedImporter) -> (artifact id: '76cabad0f444735110b0f3ef98408dcf') in 0.0107529 seconds
Number of updated asset objects reloaded before import = 0Number of asset objects unloaded after import = 4

========================================================================
Received Import Request.
  Time since last request: 0.000088 seconds.
  path: Assets/EffectExamples/WeaponEffects/Materials/WoodSplintersParticle.mat
  artifactKey: Guid(fd8ebe3c7242d364bae68f1548ae70bf) Importer(2089858483,b0f066a214c2f5e87bad3c948f4d605d)
Start importing Assets/EffectExamples/WeaponEffects/Materials/WoodSplintersParticle.mat using Guid(fd8ebe3c7242d364bae68f1548ae70bf) Importer(2089858483,b0f066a214c2f5e87bad3c948f4d605d) (ScriptedImporter) -> (artifact id: 'e6be1ec40f45c034e3c6777c5e042fff') in 0.0151913 seconds
Number of updated asset objects reloaded before import = 0Number of asset objects unloaded after import = 3

========================================================================
Received Import Request.
  Time since last request: 0.000030 seconds.
  path: Assets/EffectExamples/WeaponEffects/Materials/BulletFleshDecal.mat
  artifactKey: Guid(d771645f9ac10d241b18277409d02a55) Importer(2089858483,b0f066a214c2f5e87bad3c948f4d605d)
Start importing Assets/EffectExamples/WeaponEffects/Materials/BulletFleshDecal.mat using Guid(d771645f9ac10d241b18277409d02a55) Importer(2089858483,b0f066a214c2f5e87bad3c948f4d605d) (ScriptedImporter) -> (artifact id: '5b4d469dba79a75b90630b90f5ed0edc') in 0.0109974 seconds
Number of updated asset objects reloaded before import = 0Number of asset objects unloaded after import = 4

========================================================================
Received Import Request.
  Time since last request: 0.000055 seconds.
  path: Assets/EffectExamples/Shared/Models/Materials/No Name.mat
  artifactKey: Guid(451ddf5f145f097438c920eb68fc6397) Importer(2089858483,b0f066a214c2f5e87bad3c948f4d605d)
Start importing Assets/EffectExamples/Shared/Models/Materials/No Name.mat using Guid(451ddf5f145f097438c920eb68fc6397) Importer(2089858483,b0f066a214c2f5e87bad3c948f4d605d) (ScriptedImporter) -> (artifact id: 'af412473f75eb7a42f0645af4065f666') in 0.0094714 seconds
Number of updated asset objects reloaded before import = 0Number of asset objects unloaded after import = 1

========================================================================
Received Import Request.
  Time since last request: 0.000054 seconds.
  path: Assets/EffectExamples/WeaponEffects/Prefabs/RocketTrailEffect.prefab
  artifactKey: Guid(20c0f7e297297fc468f9740f6bb08cb1) Importer(815301076,1909f56bfc062723c751e8b465ee728b)
Start importing Assets/EffectExamples/WeaponEffects/Prefabs/RocketTrailEffect.prefab using Guid(20c0f7e297297fc468f9740f6bb08cb1) Importer(815301076,1909f56bfc062723c751e8b465ee728b) (PreviewImporter) -> (artifact id: '6472c67266f20a4261d45e0f2b336c45') in 0.7170053 seconds
Number of updated asset objects reloaded before import = 0Number of asset objects unloaded after import = 30

========================================================================
Received Import Request.
  Time since last request: 0.000058 seconds.
  path: Assets/EffectExamples/Shared/Materials/FleshSurface.mat
  artifactKey: Guid(72bc6ef93dd24b24a92daaf12577d9f1) Importer(2089858483,b0f066a214c2f5e87bad3c948f4d605d)
Start importing Assets/EffectExamples/Shared/Materials/FleshSurface.mat using Guid(72bc6ef93dd24b24a92daaf12577d9f1) Importer(2089858483,b0f066a214c2f5e87bad3c948f4d605d) (ScriptedImporter) -> (artifact id: '38351be896bca35685938abfc54b8a1f') in 0.0069995 seconds
Number of updated asset objects reloaded before import = 0Number of asset objects unloaded after import = 2

========================================================================
Received Import Request.
  Time since last request: 0.000044 seconds.
  path: Assets/EffectExamples/Misc Effects/Materials/Spark2Particle.mat
  artifactKey: Guid(a6492a173e6c03f48899880b96cca600) Importer(2089858483,b0f066a214c2f5e87bad3c948f4d605d)
Start importing Assets/EffectExamples/Misc Effects/Materials/Spark2Particle.mat using Guid(a6492a173e6c03f48899880b96cca600) Importer(2089858483,b0f066a214c2f5e87bad3c948f4d605d) (ScriptedImporter) -> (artifact id: '54226e0d6efc040bf100ca4e287a9e1c') in 0.0095434 seconds
Number of updated asset objects reloaded before import = 0Number of asset objects unloaded after import = 2

========================================================================
Received Import Request.
  Time since last request: 0.000038 seconds.
  path: Assets/EffectExamples/WeaponEffects/Models/Materials/No Name.mat
  artifactKey: Guid(547f2e9db866947dabf6f55d8673905d) Importer(2089858483,b0f066a214c2f5e87bad3c948f4d605d)
Start importing Assets/EffectExamples/WeaponEffects/Models/Materials/No Name.mat using Guid(547f2e9db866947dabf6f55d8673905d) Importer(2089858483,b0f066a214c2f5e87bad3c948f4d605d) (ScriptedImporter) -> (artifact id: 'ee571adc59b177a4c4b18bf7d8c0e668') in 0.0079803 seconds
Number of updated asset objects reloaded before import = 0Number of asset objects unloaded after import = 1

========================================================================
Received Import Request.
  Time since last request: 0.000034 seconds.
  path: Assets/EffectExamples/Shared/Models/Materials/MazeLowMan.mat
  artifactKey: Guid(d695529081158d44f84e349bd501fde6) Importer(2089858483,b0f066a214c2f5e87bad3c948f4d605d)
Start importing Assets/EffectExamples/Shared/Models/Materials/MazeLowMan.mat using Guid(d695529081158d44f84e349bd501fde6) Importer(2089858483,b0f066a214c2f5e87bad3c948f4d605d) (ScriptedImporter) -> (artifact id: 'd9c2003039f8e7ead665da82fea59146') in 0.0076821 seconds
Number of updated asset objects reloaded before import = 0Number of asset objects unloaded after import = 1

========================================================================
Received Import Request.
  Time since last request: 0.000036 seconds.
  path: Assets/EffectExamples/Blood/Materials/BloodPoolParticle.mat
  artifactKey: Guid(95be4df36eca6eb4b821dcab4acd4a1e) Importer(2089858483,b0f066a214c2f5e87bad3c948f4d605d)
Start importing Assets/EffectExamples/Blood/Materials/BloodPoolParticle.mat using Guid(95be4df36eca6eb4b821dcab4acd4a1e) Importer(2089858483,b0f066a214c2f5e87bad3c948f4d605d) (ScriptedImporter) -> (artifact id: '7fb034a4ad4d9d42e3e3d64227c9d1de') in 0.0089148 seconds
Number of updated asset objects reloaded before import = 0Number of asset objects unloaded after import = 3

========================================================================
Received Import Request.
  Time since last request: 0.000050 seconds.
  path: Assets/EffectExamples/WeaponEffects/Prefabs/CartridgeEjectEffect.prefab
  artifactKey: Guid(7ca96822084510147adb2aea03d45e3b) Importer(815301076,1909f56bfc062723c751e8b465ee728b)
Start importing Assets/EffectExamples/WeaponEffects/Prefabs/CartridgeEjectEffect.prefab using Guid(7ca96822084510147adb2aea03d45e3b) Importer(815301076,1909f56bfc062723c751e8b465ee728b) (PreviewImporter) -> (artifact id: 'c0bb109312ee61c1ab660c919e0372e3') in 13.4311428 seconds
Number of updated asset objects reloaded before import = 0Number of asset objects unloaded after import = 14

========================================================================
Received Import Request.
  Time since last request: 0.000082 seconds.
  path: Assets/EffectExamples/Shared/Materials/SandSurface.mat
  artifactKey: Guid(26bc8648a85c6b041a5d5b00ca61062b) Importer(2089858483,b0f066a214c2f5e87bad3c948f4d605d)
Start importing Assets/EffectExamples/Shared/Materials/SandSurface.mat using Guid(26bc8648a85c6b041a5d5b00ca61062b) Importer(2089858483,b0f066a214c2f5e87bad3c948f4d605d) (ScriptedImporter) -> (artifact id: 'f20ee9dd171fa05500b370eef980069e') in 0.0189694 seconds
Number of updated asset objects reloaded before import = 0Number of asset objects unloaded after import = 1

========================================================================
Received Import Request.
  Time since last request: 0.000228 seconds.
  path: Assets/EffectExamples/WeaponEffects/Materials/DustPuffParticle.mat
  artifactKey: Guid(1402721190994cd46b64bf7cba78f5d8) Importer(815301076,1909f56bfc062723c751e8b465ee728b)
Start importing Assets/EffectExamples/WeaponEffects/Materials/DustPuffParticle.mat using Guid(1402721190994cd46b64bf7cba78f5d8) Importer(815301076,1909f56bfc062723c751e8b465ee728b) (PreviewImporter) -> (artifact id: '393a862a023f59532cde36faa3691f18') in 0.0411628 seconds
Number of updated asset objects reloaded before import = 0Number of asset objects unloaded after import = 2

========================================================================
Received Import Request.
  Time since last request: 0.000082 seconds.
  path: Assets/EffectExamples/Shared/Materials/StoneSurface.mat
  artifactKey: Guid(3eb079016c4106b41bc3f19de570f770) Importer(2089858483,b0f066a214c2f5e87bad3c948f4d605d)
Start importing Assets/EffectExamples/Shared/Materials/StoneSurface.mat using Guid(3eb079016c4106b41bc3f19de570f770) Importer(2089858483,b0f066a214c2f5e87bad3c948f4d605d) (ScriptedImporter) -> (artifact id: '82d3a56d467705fd05120e414972a0ae') in 0.0336495 seconds
Number of updated asset objects reloaded before import = 0Number of asset objects unloaded after import = 3

========================================================================
Received Import Request.
  Time since last request: 0.000087 seconds.
  path: Assets/EffectExamples/Blood/Materials/BloodSplatParticle.mat
  artifactKey: Guid(3ea2e59d181ffce4e97d5d1d07a22c05) Importer(2089858483,b0f066a214c2f5e87bad3c948f4d605d)
Start importing Assets/EffectExamples/Blood/Materials/BloodSplatParticle.mat using Guid(3ea2e59d181ffce4e97d5d1d07a22c05) Importer(2089858483,b0f066a214c2f5e87bad3c948f4d605d) (ScriptedImporter) -> (artifact id: '970c4a550bfe1eb4577c291d0f1e6003') in 0.0188479 seconds
Number of updated asset objects reloaded before import = 0Number of asset objects unloaded after import = 3

========================================================================
Received Import Request.
  Time since last request: 0.000117 seconds.
  path: Assets/EffectExamples/FireExplosionEffects/Materials/PlasmaExplosionParticle.mat
  artifactKey: Guid(7ff1ab0b724442843965e2dd0f02e969) Importer(2089858483,b0f066a214c2f5e87bad3c948f4d605d)
Start importing Assets/EffectExamples/FireExplosionEffects/Materials/PlasmaExplosionParticle.mat using Guid(7ff1ab0b724442843965e2dd0f02e969) Importer(2089858483,b0f066a214c2f5e87bad3c948f4d605d) (ScriptedImporter) -> (artifact id: '4a536745ca3ac9440903c4d89996e9de') in 0.0314914 seconds
Number of updated asset objects reloaded before import = 0Number of asset objects unloaded after import = 2

========================================================================
Received Import Request.
  Time since last request: 0.000200 seconds.
  path: Assets/EffectExamples/Shared/Materials/MetalSurface.mat
  artifactKey: Guid(4f477167fc0be5e4dab9a125b37c42ad) Importer(2089858483,b0f066a214c2f5e87bad3c948f4d605d)
Start importing Assets/EffectExamples/Shared/Materials/MetalSurface.mat using Guid(4f477167fc0be5e4dab9a125b37c42ad) Importer(2089858483,b0f066a214c2f5e87bad3c948f4d605d) (ScriptedImporter) -> (artifact id: 'b678133ba934d4548e5ea231f468d953') in 0.0160615 seconds
Number of updated asset objects reloaded before import = 0Number of asset objects unloaded after import = 1

========================================================================
Received Import Request.
  Time since last request: 0.000074 seconds.
  path: Assets/EffectExamples/WeaponEffects/Prefabs/BulletImpactWaterContainerEffect.prefab
  artifactKey: Guid(a60a75fdadab5de428529a5b8ef0426a) Importer(815301076,1909f56bfc062723c751e8b465ee728b)
Start importing Assets/EffectExamples/WeaponEffects/Prefabs/BulletImpactWaterContainerEffect.prefab using Guid(a60a75fdadab5de428529a5b8ef0426a) Importer(815301076,1909f56bfc062723c751e8b465ee728b) (PreviewImporter) -> (artifact id: 'f533b27b02637be1879bcf7357fb3224') in 9.0157296 seconds
Number of updated asset objects reloaded before import = 0Number of asset objects unloaded after import = 18

========================================================================
Received Import Request.
  Time since last request: 0.000057 seconds.
  path: Assets/EffectExamples/FireExplosionEffects/Materials/SmokeTrail.mat
  artifactKey: Guid(85320f50710fcfb4d886bc56151bea1b) Importer(2089858483,b0f066a214c2f5e87bad3c948f4d605d)
Start importing Assets/EffectExamples/FireExplosionEffects/Materials/SmokeTrail.mat using Guid(85320f50710fcfb4d886bc56151bea1b) Importer(2089858483,b0f066a214c2f5e87bad3c948f4d605d) (ScriptedImporter) -> (artifact id: '67127964af3ef2f7bde7b60e8b4d7e25') in 0.0053998 seconds
Number of updated asset objects reloaded before import = 0Number of asset objects unloaded after import = 1

========================================================================
Received Prepare
Begin MonoManager ReloadAssembly
[Licensing::Client] Successfully resolved entitlement details
ADTM: Control thread waiting for realtime thread timed out, have to lock...
Symbol file LoadedFromMemory is not a mono symbol file
- Loaded All Assemblies, in  2.843 seconds
Refreshing native plugins compatible for Editor in 3.30 ms, found 3 plugins.
Assertion failed on expression: 'pred(*previous, *i)'
Assertion failed on expression: 'pred(*previous, *i)'
Assertion failed on expression: 'pred(*previous, *i)'
Assertion failed on expression: 'pred(*previous, *i)'
Assertion failed on expression: 'pred(*previous, *i)'
Assertion failed on expression: 'pred(*previous, *i)'
Native extension for Android target not found
Native extension for WindowsStandalone target not found
[Package Manager] Failed to launch server process. Reason: Unity was launched with the -noUpm command-line argument
[Package Manager] Unable to send message (not connected to server process).
[Package Manager] Cannot connect to Unity Package Manager local server
[Package Manager] Failed to launch server process. Reason: Unity was launched with the -noUpm command-line argument
[Package Manager] Unable to send message (not connected to server process).
[Package Manager] Cannot connect to Unity Package Manager local server
ScheduleIndexationOnStartup MainProcess:False IndexOnStartup:True
Mono: successfully reloaded assembly
- Finished resetting the current domain, in  1.309 seconds
Domain Reload Profiling: 4156ms
	BeginReloadAssembly (1416ms)
		ExecutionOrderSort (0ms)
		DisableScriptedObjects (11ms)
		BackupInstance (0ms)
		ReleaseScriptingObjects (0ms)
		CreateAndSetChildDomain (1151ms)
	RebuildCommonClasses (62ms)
	RebuildNativeTypeToScriptingClass (22ms)
	initialDomainReloadingComplete (48ms)
	LoadAllAssembliesAndSetupDomain (1299ms)
		LoadAssemblies (1088ms)
		RebuildTransferFunctionScriptingTraits (0ms)
		AnalyzeDomain (387ms)
			TypeCache.Refresh (25ms)
				TypeCache.ScanAssembly (1ms)
			BuildScriptInfoCaches (338ms)
			ResolveRequiredComponents (17ms)
	FinalizeReload (1309ms)
		ReleaseScriptCaches (0ms)
		RebuildScriptCaches (0ms)
		SetupLoadedEditorAssemblies (1011ms)
			LogAssemblyErrors (0ms)
			InitializePlatformSupportModulesInManaged (13ms)
			SetLoadedEditorAssemblies (5ms)
			BeforeProcessingInitializeOnLoad (240ms)
			ProcessInitializeOnLoadAttributes (607ms)
			ProcessInitializeOnLoadMethodAttributes (138ms)
			AfterProcessingInitializeOnLoad (7ms)
			EditorAssembliesLoaded (1ms)
		ExecutionOrderSort2 (0ms)
		AwakeInstancesAfterBackupRestoration (37ms)
Shader 'Polygonmaker/Basic-PBR (Cutout Single Side)': fallback shader '-1' not found
Shader 'Polygonmaker/Skin': fallback shader '-1' not found
Refreshing native plugins compatible for Editor in 1.88 ms, found 3 plugins.
Preloading 0 native plugins for Editor in 0.00 ms.
Unloading 57 Unused Serialized files (Serialized files now loaded: 0)
Unloading 6874 unused Assets / (10.9 MB). Loaded Objects now: 7868.
Memory consumption went from 196.2 MB to 185.4 MB.
Total: 28.200900 ms (FindLiveObjects: 1.301900 ms CreateObjectMapping: 1.793000 ms MarkObjects: 10.306000 ms  DeleteObjects: 14.797600 ms)

Prepare: number of updated asset objects reloaded= 0
========================================================================
Received Prepare
Begin MonoManager ReloadAssembly
[Licensing::Client] Successfully resolved entitlement details
ADTM: Control thread waiting for realtime thread timed out, have to lock...
Symbol file LoadedFromMemory is not a mono symbol file
- Loaded All Assemblies, in  2.173 seconds
Refreshing native plugins compatible for Editor in 1.63 ms, found 3 plugins.
Assertion failed on expression: 'pred(*previous, *i)'
Assertion failed on expression: 'pred(*previous, *i)'
Assertion failed on expression: 'pred(*previous, *i)'
Assertion failed on expression: 'pred(*previous, *i)'
Assertion failed on expression: 'pred(*previous, *i)'
Assertion failed on expression: 'pred(*previous, *i)'
Native extension for Android target not found
Native extension for WindowsStandalone target not found
[Package Manager] Failed to launch server process. Reason: Unity was launched with the -noUpm command-line argument
[Package Manager] Unable to send message (not connected to server process).
[Package Manager] Cannot connect to Unity Package Manager local server
[Package Manager] Failed to launch server process. Reason: Unity was launched with the -noUpm command-line argument
[Package Manager] Unable to send message (not connected to server process).
[Package Manager] Cannot connect to Unity Package Manager local server
ScheduleIndexationOnStartup MainProcess:False IndexOnStartup:True
Mono: successfully reloaded assembly
- Finished resetting the current domain, in  1.685 seconds
Domain Reload Profiling: 3866ms
	BeginReloadAssembly (1301ms)
		ExecutionOrderSort (0ms)
		DisableScriptedObjects (8ms)
		BackupInstance (0ms)
		ReleaseScriptingObjects (0ms)
		CreateAndSetChildDomain (1082ms)
	RebuildCommonClasses (53ms)
	RebuildNativeTypeToScriptingClass (19ms)
	initialDomainReloadingComplete (40ms)
	LoadAllAssembliesAndSetupDomain (766ms)
		LoadAssemblies (532ms)
		RebuildTransferFunctionScriptingTraits (0ms)
		AnalyzeDomain (362ms)
			TypeCache.Refresh (13ms)
				TypeCache.ScanAssembly (0ms)
			BuildScriptInfoCaches (318ms)
			ResolveRequiredComponents (23ms)
	FinalizeReload (1687ms)
		ReleaseScriptCaches (0ms)
		RebuildScriptCaches (0ms)
		SetupLoadedEditorAssemblies (1274ms)
			LogAssemblyErrors (0ms)
			InitializePlatformSupportModulesInManaged (20ms)
			SetLoadedEditorAssemblies (8ms)
			BeforeProcessingInitializeOnLoad (341ms)
			ProcessInitializeOnLoadAttributes (715ms)
			ProcessInitializeOnLoadMethodAttributes (181ms)
			AfterProcessingInitializeOnLoad (7ms)
			EditorAssembliesLoaded (1ms)
		ExecutionOrderSort2 (0ms)
		AwakeInstancesAfterBackupRestoration (42ms)
Shader 'Polygonmaker/Basic-PBR (Cutout Single Side)': fallback shader '-1' not found
Shader 'Polygonmaker/Skin': fallback shader '-1' not found
Refreshing native plugins compatible for Editor in 1.37 ms, found 3 plugins.
Preloading 0 native plugins for Editor in 0.00 ms.
Unloading 56 Unused Serialized files (Serialized files now loaded: 0)
Unloading 6862 unused Assets / (10.6 MB). Loaded Objects now: 7871.
Memory consumption went from 195.8 MB to 185.1 MB.
Total: 22.366400 ms (FindLiveObjects: 1.313400 ms CreateObjectMapping: 1.978900 ms MarkObjects: 6.971000 ms  DeleteObjects: 12.102200 ms)

Prepare: number of updated asset objects reloaded= 0
========================================================================
Received Prepare
Begin MonoManager ReloadAssembly
ADTM: Control thread waiting for realtime thread timed out, have to lock...
Symbol file LoadedFromMemory is not a mono symbol file
- Loaded All Assemblies, in  2.147 seconds
Refreshing native plugins compatible for Editor in 2.28 ms, found 3 plugins.
Assertion failed on expression: 'pred(*previous, *i)'
Assertion failed on expression: 'pred(*previous, *i)'
Assertion failed on expression: 'pred(*previous, *i)'
Assertion failed on expression: 'pred(*previous, *i)'
Assertion failed on expression: 'pred(*previous, *i)'
Assertion failed on expression: 'pred(*previous, *i)'
Native extension for Android target not found
Native extension for WindowsStandalone target not found
[Package Manager] Failed to launch server process. Reason: Unity was launched with the -noUpm command-line argument
[Package Manager] Unable to send message (not connected to server process).
[Package Manager] Cannot connect to Unity Package Manager local server
[Package Manager] Failed to launch server process. Reason: Unity was launched with the -noUpm command-line argument
[Package Manager] Unable to send message (not connected to server process).
[Package Manager] Cannot connect to Unity Package Manager local server
ScheduleIndexationOnStartup MainProcess:False IndexOnStartup:True
Mono: successfully reloaded assembly
- Finished resetting the current domain, in  1.629 seconds
Domain Reload Profiling: 3783ms
	BeginReloadAssembly (1302ms)
		ExecutionOrderSort (0ms)
		DisableScriptedObjects (10ms)
		BackupInstance (0ms)
		ReleaseScriptingObjects (0ms)
		CreateAndSetChildDomain (1067ms)
	RebuildCommonClasses (48ms)
	RebuildNativeTypeToScriptingClass (26ms)
	initialDomainReloadingComplete (36ms)
	LoadAllAssembliesAndSetupDomain (742ms)
		LoadAssemblies (555ms)
		RebuildTransferFunctionScriptingTraits (0ms)
		AnalyzeDomain (335ms)
			TypeCache.Refresh (11ms)
				TypeCache.ScanAssembly (0ms)
			BuildScriptInfoCaches (297ms)
			ResolveRequiredComponents (20ms)
	FinalizeReload (1630ms)
		ReleaseScriptCaches (0ms)
		RebuildScriptCaches (0ms)
		SetupLoadedEditorAssemblies (1237ms)
			LogAssemblyErrors (0ms)
			InitializePlatformSupportModulesInManaged (16ms)
			SetLoadedEditorAssemblies (7ms)
			BeforeProcessingInitializeOnLoad (322ms)
			ProcessInitializeOnLoadAttributes (717ms)
			ProcessInitializeOnLoadMethodAttributes (165ms)
			AfterProcessingInitializeOnLoad (8ms)
			EditorAssembliesLoaded (2ms)
		ExecutionOrderSort2 (0ms)
		AwakeInstancesAfterBackupRestoration (45ms)
Shader 'Polygonmaker/Basic-PBR (Cutout Single Side)': fallback shader '-1' not found
Shader 'Polygonmaker/Skin': fallback shader '-1' not found
Refreshing native plugins compatible for Editor in 2.30 ms, found 3 plugins.
Preloading 0 native plugins for Editor in 0.00 ms.
Unloading 56 Unused Serialized files (Serialized files now loaded: 0)
Unloading 6862 unused Assets / (11.0 MB). Loaded Objects now: 7874.
Memory consumption went from 195.8 MB to 184.8 MB.
Total: 31.206000 ms (FindLiveObjects: 2.085700 ms CreateObjectMapping: 3.732700 ms MarkObjects: 11.394300 ms  DeleteObjects: 13.991100 ms)

Prepare: number of updated asset objects reloaded= 0
========================================================================
Received Prepare
Begin MonoManager ReloadAssembly
[Licensing::Client] Successfully resolved entitlement details
ADTM: Control thread waiting for realtime thread timed out, have to lock...
Symbol file LoadedFromMemory is not a mono symbol file
- Loaded All Assemblies, in  2.197 seconds
Refreshing native plugins compatible for Editor in 2.69 ms, found 3 plugins.
Assertion failed on expression: 'pred(*previous, *i)'
Assertion failed on expression: 'pred(*previous, *i)'
Assertion failed on expression: 'pred(*previous, *i)'
Assertion failed on expression: 'pred(*previous, *i)'
Assertion failed on expression: 'pred(*previous, *i)'
Assertion failed on expression: 'pred(*previous, *i)'
Native extension for Android target not found
Native extension for WindowsStandalone target not found
[Package Manager] Failed to launch server process. Reason: Unity was launched with the -noUpm command-line argument
[Package Manager] Unable to send message (not connected to server process).
[Package Manager] Cannot connect to Unity Package Manager local server
[Package Manager] Failed to launch server process. Reason: Unity was launched with the -noUpm command-line argument
[Package Manager] Unable to send message (not connected to server process).
[Package Manager] Cannot connect to Unity Package Manager local server
ScheduleIndexationOnStartup MainProcess:False IndexOnStartup:True
Mono: successfully reloaded assembly
- Finished resetting the current domain, in  1.658 seconds
Domain Reload Profiling: 3862ms
	BeginReloadAssembly (1285ms)
		ExecutionOrderSort (0ms)
		DisableScriptedObjects (11ms)
		BackupInstance (0ms)
		ReleaseScriptingObjects (0ms)
		CreateAndSetChildDomain (1065ms)
	RebuildCommonClasses (48ms)
	RebuildNativeTypeToScriptingClass (22ms)
	initialDomainReloadingComplete (41ms)
	LoadAllAssembliesAndSetupDomain (808ms)
		LoadAssemblies (557ms)
		RebuildTransferFunctionScriptingTraits (0ms)
		AnalyzeDomain (379ms)
			TypeCache.Refresh (11ms)
				TypeCache.ScanAssembly (0ms)
			BuildScriptInfoCaches (337ms)
			ResolveRequiredComponents (24ms)
	FinalizeReload (1658ms)
		ReleaseScriptCaches (0ms)
		RebuildScriptCaches (0ms)
		SetupLoadedEditorAssemblies (1259ms)
			LogAssemblyErrors (0ms)
			InitializePlatformSupportModulesInManaged (20ms)
			SetLoadedEditorAssemblies (9ms)
			BeforeProcessingInitializeOnLoad (337ms)
			ProcessInitializeOnLoadAttributes (710ms)
			ProcessInitializeOnLoadMethodAttributes (175ms)
			AfterProcessingInitializeOnLoad (7ms)
			EditorAssembliesLoaded (1ms)
		ExecutionOrderSort2 (0ms)
		AwakeInstancesAfterBackupRestoration (43ms)
Shader 'Polygonmaker/Basic-PBR (Cutout Single Side)': fallback shader '-1' not found
Shader 'Polygonmaker/Skin': fallback shader '-1' not found
Refreshing native plugins compatible for Editor in 3.43 ms, found 3 plugins.
Preloading 0 native plugins for Editor in 0.00 ms.
Unloading 56 Unused Serialized files (Serialized files now loaded: 0)
Unloading 6862 unused Assets / (10.2 MB). Loaded Objects now: 7877.
Memory consumption went from 195.8 MB to 185.6 MB.
Total: 26.697600 ms (FindLiveObjects: 1.753600 ms CreateObjectMapping: 3.640900 ms MarkObjects: 11.031300 ms  DeleteObjects: 10.269600 ms)

Prepare: number of updated asset objects reloaded= 0
========================================================================
Received Prepare
Begin MonoManager ReloadAssembly
[Licensing::Client] Successfully resolved entitlement details
ADTM: Control thread waiting for realtime thread timed out, have to lock...
Symbol file LoadedFromMemory is not a mono symbol file
- Loaded All Assemblies, in  2.067 seconds
Refreshing native plugins compatible for Editor in 1.14 ms, found 3 plugins.
Assertion failed on expression: 'pred(*previous, *i)'
Assertion failed on expression: 'pred(*previous, *i)'
Assertion failed on expression: 'pred(*previous, *i)'
Assertion failed on expression: 'pred(*previous, *i)'
Assertion failed on expression: 'pred(*previous, *i)'
Assertion failed on expression: 'pred(*previous, *i)'
Native extension for Android target not found
Native extension for WindowsStandalone target not found
[Package Manager] Failed to launch server process. Reason: Unity was launched with the -noUpm command-line argument
[Package Manager] Unable to send message (not connected to server process).
[Package Manager] Cannot connect to Unity Package Manager local server
[Package Manager] Failed to launch server process. Reason: Unity was launched with the -noUpm command-line argument
[Package Manager] Unable to send message (not connected to server process).
[Package Manager] Cannot connect to Unity Package Manager local server
ScheduleIndexationOnStartup MainProcess:False IndexOnStartup:True
Mono: successfully reloaded assembly
- Finished resetting the current domain, in  1.007 seconds
Domain Reload Profiling: 3077ms
	BeginReloadAssembly (1299ms)
		ExecutionOrderSort (0ms)
		DisableScriptedObjects (9ms)
		BackupInstance (0ms)
		ReleaseScriptingObjects (0ms)
		CreateAndSetChildDomain (1068ms)
	RebuildCommonClasses (49ms)
	RebuildNativeTypeToScriptingClass (19ms)
	initialDomainReloadingComplete (36ms)
	LoadAllAssembliesAndSetupDomain (666ms)
		LoadAssemblies (523ms)
		RebuildTransferFunctionScriptingTraits (0ms)
		AnalyzeDomain (288ms)
			TypeCache.Refresh (15ms)
				TypeCache.ScanAssembly (1ms)
			BuildScriptInfoCaches (255ms)
			ResolveRequiredComponents (14ms)
	FinalizeReload (1007ms)
		ReleaseScriptCaches (0ms)
		RebuildScriptCaches (0ms)
		SetupLoadedEditorAssemblies (774ms)
			LogAssemblyErrors (0ms)
			InitializePlatformSupportModulesInManaged (10ms)
			SetLoadedEditorAssemblies (4ms)
			BeforeProcessingInitializeOnLoad (191ms)
			ProcessInitializeOnLoadAttributes (443ms)
			ProcessInitializeOnLoadMethodAttributes (119ms)
			AfterProcessingInitializeOnLoad (6ms)
			EditorAssembliesLoaded (1ms)
		ExecutionOrderSort2 (0ms)
		AwakeInstancesAfterBackupRestoration (28ms)
Shader 'Polygonmaker/Skin': fallback shader '-1' not found
Shader 'Polygonmaker/Basic-PBR (Cutout Single Side)': fallback shader '-1' not found
Refreshing native plugins compatible for Editor in 1.49 ms, found 3 plugins.
Preloading 0 native plugins for Editor in 0.00 ms.
Unloading 56 Unused Serialized files (Serialized files now loaded: 0)
Unloading 6862 unused Assets / (12.0 MB). Loaded Objects now: 7880.
Memory consumption went from 196.1 MB to 184.1 MB.
Total: 25.764100 ms (FindLiveObjects: 1.530900 ms CreateObjectMapping: 2.094000 ms MarkObjects: 10.409000 ms  DeleteObjects: 11.728700 ms)

Prepare: number of updated asset objects reloaded= 0
========================================================================
Received Prepare
Begin MonoManager ReloadAssembly
ADTM: Control thread waiting for realtime thread timed out, have to lock...
Symbol file LoadedFromMemory is not a mono symbol file
- Loaded All Assemblies, in  2.291 seconds
Refreshing native plugins compatible for Editor in 1.74 ms, found 3 plugins.
Assertion failed on expression: 'pred(*previous, *i)'
Assertion failed on expression: 'pred(*previous, *i)'
Assertion failed on expression: 'pred(*previous, *i)'
Assertion failed on expression: 'pred(*previous, *i)'
Assertion failed on expression: 'pred(*previous, *i)'
Assertion failed on expression: 'pred(*previous, *i)'
Native extension for Android target not found
Native extension for WindowsStandalone target not found
[Package Manager] Failed to launch server process. Reason: Unity was launched with the -noUpm command-line argument
[Package Manager] Unable to send message (not connected to server process).
[Package Manager] Cannot connect to Unity Package Manager local server
[Package Manager] Failed to launch server process. Reason: Unity was launched with the -noUpm command-line argument
[Package Manager] Unable to send message (not connected to server process).
[Package Manager] Cannot connect to Unity Package Manager local server
ScheduleIndexationOnStartup MainProcess:False IndexOnStartup:True
Mono: successfully reloaded assembly
- Finished resetting the current domain, in  1.678 seconds
Domain Reload Profiling: 3980ms
	BeginReloadAssembly (1292ms)
		ExecutionOrderSort (0ms)
		DisableScriptedObjects (9ms)
		BackupInstance (0ms)
		ReleaseScriptingObjects (0ms)
		CreateAndSetChildDomain (1078ms)
	RebuildCommonClasses (49ms)
	RebuildNativeTypeToScriptingClass (19ms)
	initialDomainReloadingComplete (32ms)
	LoadAllAssembliesAndSetupDomain (909ms)
		LoadAssemblies (529ms)
		RebuildTransferFunctionScriptingTraits (0ms)
		AnalyzeDomain (499ms)
			TypeCache.Refresh (17ms)
				TypeCache.ScanAssembly (0ms)
			BuildScriptInfoCaches (448ms)
			ResolveRequiredComponents (29ms)
	FinalizeReload (1679ms)
		ReleaseScriptCaches (0ms)
		RebuildScriptCaches (0ms)
		SetupLoadedEditorAssemblies (1275ms)
			LogAssemblyErrors (0ms)
			InitializePlatformSupportModulesInManaged (13ms)
			SetLoadedEditorAssemblies (7ms)
			BeforeProcessingInitializeOnLoad (346ms)
			ProcessInitializeOnLoadAttributes (709ms)
			ProcessInitializeOnLoadMethodAttributes (191ms)
			AfterProcessingInitializeOnLoad (8ms)
			EditorAssembliesLoaded (1ms)
		ExecutionOrderSort2 (0ms)
		AwakeInstancesAfterBackupRestoration (48ms)
Shader 'Polygonmaker/Basic-PBR (Cutout Single Side)': fallback shader '-1' not found
Shader 'Polygonmaker/Skin': fallback shader '-1' not found
Refreshing native plugins compatible for Editor in 2.92 ms, found 3 plugins.
Preloading 0 native plugins for Editor in 0.00 ms.
Unloading 56 Unused Serialized files (Serialized files now loaded: 0)
Unloading 6862 unused Assets / (10.7 MB). Loaded Objects now: 7883.
Memory consumption went from 195.9 MB to 185.2 MB.
Total: 30.308500 ms (FindLiveObjects: 1.510300 ms CreateObjectMapping: 2.218900 ms MarkObjects: 12.965000 ms  DeleteObjects: 13.612600 ms)

Prepare: number of updated asset objects reloaded= 0
========================================================================
Received Import Request.
  Time since last request: 938.737287 seconds.
  path: Assets/EffectExamples/WeaponEffects/Prefabs/BulletImpactStoneEffect.prefab
  artifactKey: Guid(4edabb1c0dde62743b137378c7d22980) Importer(815301076,1909f56bfc062723c751e8b465ee728b)
Start importing Assets/EffectExamples/WeaponEffects/Prefabs/BulletImpactStoneEffect.prefab using Guid(4edabb1c0dde62743b137378c7d22980) Importer(815301076,1909f56bfc062723c751e8b465ee728b) (PreviewImporter) -> (artifact id: '5e9cfc4cffad27696dae474c3281da1c') in 11.7906244 seconds
Number of updated asset objects reloaded before import = 0Number of asset objects unloaded after import = 24

========================================================================
Received Import Request.
  Time since last request: 49.112690 seconds.
  path: Packages/com.unity.render-pipelines.universal/Runtime/Materials/ParticlesUnlit.mat
  artifactKey: Guid(e823cd5b5d27c0f4b8256e7c12ee3e6d) Importer(815301076,1909f56bfc062723c751e8b465ee728b)
Start importing Packages/com.unity.render-pipelines.universal/Runtime/Materials/ParticlesUnlit.mat using Guid(e823cd5b5d27c0f4b8256e7c12ee3e6d) Importer(815301076,1909f56bfc062723c751e8b465ee728b) (PreviewImporter) -> (artifact id: '523274b517b26070a80ae6917a6b38b5') in 0.1851751 seconds
Number of updated asset objects reloaded before import = 0Number of asset objects unloaded after import = 0

========================================================================
Received Prepare
Begin MonoManager ReloadAssembly
[Licensing::Client] Successfully resolved entitlement details
ADTM: Control thread waiting for realtime thread timed out, have to lock...
Symbol file LoadedFromMemory is not a mono symbol file
- Loaded All Assemblies, in  2.239 seconds
Refreshing native plugins compatible for Editor in 2.03 ms, found 3 plugins.
Assertion failed on expression: 'pred(*previous, *i)'
Assertion failed on expression: 'pred(*previous, *i)'
Assertion failed on expression: 'pred(*previous, *i)'
Assertion failed on expression: 'pred(*previous, *i)'
Assertion failed on expression: 'pred(*previous, *i)'
Assertion failed on expression: 'pred(*previous, *i)'
Native extension for Android target not found
Native extension for WindowsStandalone target not found
[Package Manager] Failed to launch server process. Reason: Unity was launched with the -noUpm command-line argument
[Package Manager] Unable to send message (not connected to server process).
[Package Manager] Cannot connect to Unity Package Manager local server
[Package Manager] Failed to launch server process. Reason: Unity was launched with the -noUpm command-line argument
[Package Manager] Unable to send message (not connected to server process).
[Package Manager] Cannot connect to Unity Package Manager local server
ScheduleIndexationOnStartup MainProcess:False IndexOnStartup:True
Mono: successfully reloaded assembly
- Finished resetting the current domain, in  1.804 seconds
Domain Reload Profiling: 4051ms
	BeginReloadAssembly (1359ms)
		ExecutionOrderSort (0ms)
		DisableScriptedObjects (33ms)
		BackupInstance (0ms)
		ReleaseScriptingObjects (0ms)
		CreateAndSetChildDomain (1105ms)
	RebuildCommonClasses (65ms)
	RebuildNativeTypeToScriptingClass (28ms)
	initialDomainReloadingComplete (38ms)
	LoadAllAssembliesAndSetupDomain (756ms)
		LoadAssemblies (543ms)
		RebuildTransferFunctionScriptingTraits (0ms)
		AnalyzeDomain (347ms)
			TypeCache.Refresh (9ms)
				TypeCache.ScanAssembly (0ms)
			BuildScriptInfoCaches (309ms)
			ResolveRequiredComponents (21ms)
	FinalizeReload (1805ms)
		ReleaseScriptCaches (0ms)
		RebuildScriptCaches (0ms)
		SetupLoadedEditorAssemblies (1362ms)
			LogAssemblyErrors (0ms)
			InitializePlatformSupportModulesInManaged (14ms)
			SetLoadedEditorAssemblies (16ms)
			BeforeProcessingInitializeOnLoad (373ms)
			ProcessInitializeOnLoadAttributes (765ms)
			ProcessInitializeOnLoadMethodAttributes (186ms)
			AfterProcessingInitializeOnLoad (7ms)
			EditorAssembliesLoaded (0ms)
		ExecutionOrderSort2 (0ms)
		AwakeInstancesAfterBackupRestoration (41ms)
Shader 'Polygonmaker/Basic-PBR (Cutout Single Side)': fallback shader '-1' not found
Shader 'Polygonmaker/Skin': fallback shader '-1' not found
Refreshing native plugins compatible for Editor in 2.26 ms, found 3 plugins.
Preloading 0 native plugins for Editor in 0.00 ms.
Unloading 56 Unused Serialized files (Serialized files now loaded: 0)
Unloading 6864 unused Assets / (10.1 MB). Loaded Objects now: 7906.
Memory consumption went from 196.2 MB to 186.0 MB.
Total: 30.350400 ms (FindLiveObjects: 2.875600 ms CreateObjectMapping: 3.242400 ms MarkObjects: 11.098800 ms  DeleteObjects: 13.132300 ms)

Prepare: number of updated asset objects reloaded= 0
========================================================================
Received Prepare
Begin MonoManager ReloadAssembly
[Licensing::Client] Successfully resolved entitlement details
ADTM: Control thread waiting for realtime thread timed out, have to lock...
Symbol file LoadedFromMemory is not a mono symbol file
- Loaded All Assemblies, in  2.100 seconds
Refreshing native plugins compatible for Editor in 1.26 ms, found 3 plugins.
Assertion failed on expression: 'pred(*previous, *i)'
Assertion failed on expression: 'pred(*previous, *i)'
Assertion failed on expression: 'pred(*previous, *i)'
Assertion failed on expression: 'pred(*previous, *i)'
Assertion failed on expression: 'pred(*previous, *i)'
Assertion failed on expression: 'pred(*previous, *i)'
Native extension for Android target not found
Native extension for WindowsStandalone target not found
[Package Manager] Failed to launch server process. Reason: Unity was launched with the -noUpm command-line argument
[Package Manager] Unable to send message (not connected to server process).
[Package Manager] Cannot connect to Unity Package Manager local server
[Package Manager] Failed to launch server process. Reason: Unity was launched with the -noUpm command-line argument
[Package Manager] Unable to send message (not connected to server process).
[Package Manager] Cannot connect to Unity Package Manager local server
ScheduleIndexationOnStartup MainProcess:False IndexOnStartup:True
Mono: successfully reloaded assembly
- Finished resetting the current domain, in  0.943 seconds
Domain Reload Profiling: 3047ms
	BeginReloadAssembly (1301ms)
		ExecutionOrderSort (0ms)
		DisableScriptedObjects (12ms)
		BackupInstance (0ms)
		ReleaseScriptingObjects (0ms)
		CreateAndSetChildDomain (1082ms)
	RebuildCommonClasses (49ms)
	RebuildNativeTypeToScriptingClass (19ms)
	initialDomainReloadingComplete (34ms)
	LoadAllAssembliesAndSetupDomain (701ms)
		LoadAssemblies (534ms)
		RebuildTransferFunctionScriptingTraits (0ms)
		AnalyzeDomain (293ms)
			TypeCache.Refresh (20ms)
				TypeCache.ScanAssembly (1ms)
			BuildScriptInfoCaches (253ms)
			ResolveRequiredComponents (16ms)
	FinalizeReload (944ms)
		ReleaseScriptCaches (0ms)
		RebuildScriptCaches (0ms)
		SetupLoadedEditorAssemblies (708ms)
			LogAssemblyErrors (0ms)
			InitializePlatformSupportModulesInManaged (10ms)
			SetLoadedEditorAssemblies (5ms)
			BeforeProcessingInitializeOnLoad (190ms)
			ProcessInitializeOnLoadAttributes (404ms)
			ProcessInitializeOnLoadMethodAttributes (94ms)
			AfterProcessingInitializeOnLoad (4ms)
			EditorAssembliesLoaded (0ms)
		ExecutionOrderSort2 (0ms)
		AwakeInstancesAfterBackupRestoration (25ms)
Shader 'Polygonmaker/Basic-PBR (Cutout Single Side)': fallback shader '-1' not found
Shader 'Polygonmaker/Skin': fallback shader '-1' not found
Refreshing native plugins compatible for Editor in 1.72 ms, found 3 plugins.
Preloading 0 native plugins for Editor in 0.00 ms.
Unloading 56 Unused Serialized files (Serialized files now loaded: 0)
Unloading 6862 unused Assets / (10.5 MB). Loaded Objects now: 7909.
Memory consumption went from 196.1 MB to 185.6 MB.
Total: 18.571600 ms (FindLiveObjects: 1.063500 ms CreateObjectMapping: 1.920200 ms MarkObjects: 7.982400 ms  DeleteObjects: 7.604200 ms)

Prepare: number of updated asset objects reloaded= 0
========================================================================
Received Import Request.
  Time since last request: 553.366341 seconds.
  path: Assets/EffectExamples/WeaponEffects/Materials
  artifactKey: Guid(13808f1c5b84b9b46a1f8a7022c20c35) Importer(815301076,1909f56bfc062723c751e8b465ee728b)
Start importing Assets/EffectExamples/WeaponEffects/Materials using Guid(13808f1c5b84b9b46a1f8a7022c20c35) Importer(815301076,1909f56bfc062723c751e8b465ee728b) (PreviewImporter) -> (artifact id: '1d5edd6abd097e76631ead4914bd329f') in 0.0272478 seconds
Number of updated asset objects reloaded before import = 0Number of asset objects unloaded after import = 0

========================================================================
Received Import Request.
  Time since last request: 3.434489 seconds.
  path: Assets/EffectExamples/WeaponEffects/Materials/BulletDecalStone.mat
  artifactKey: Guid(a29767879f97b364393df3a772628180) Importer(815301076,1909f56bfc062723c751e8b465ee728b)
Start importing Assets/EffectExamples/WeaponEffects/Materials/BulletDecalStone.mat using Guid(a29767879f97b364393df3a772628180) Importer(815301076,1909f56bfc062723c751e8b465ee728b) (PreviewImporter) -> (artifact id: '7284a164584f42921b8f2381488f7a90') in 0.7390891 seconds
Number of updated asset objects reloaded before import = 0Number of asset objects unloaded after import = 4

========================================================================
Received Import Request.
  Time since last request: 0.000048 seconds.
  path: Assets/EffectExamples/WeaponEffects/Materials/WoodSplintersParticle.mat
  artifactKey: Guid(fd8ebe3c7242d364bae68f1548ae70bf) Importer(815301076,1909f56bfc062723c751e8b465ee728b)
Start importing Assets/EffectExamples/WeaponEffects/Materials/WoodSplintersParticle.mat using Guid(fd8ebe3c7242d364bae68f1548ae70bf) Importer(815301076,1909f56bfc062723c751e8b465ee728b) (PreviewImporter) -> (artifact id: '9f4142341a37c0b4a66879df88e962ab') in 6.6419557 seconds
Number of updated asset objects reloaded before import = 0Number of asset objects unloaded after import = 3

========================================================================
Received Import Request.
  Time since last request: 0.000084 seconds.
  path: Assets/EffectExamples/WeaponEffects/Materials/WaterStreamParticle.mat
  artifactKey: Guid(8ea6ed53aae46fe4e83d154e73aed27e) Importer(815301076,1909f56bfc062723c751e8b465ee728b)
Start importing Assets/EffectExamples/WeaponEffects/Materials/WaterStreamParticle.mat using Guid(8ea6ed53aae46fe4e83d154e73aed27e) Importer(815301076,1909f56bfc062723c751e8b465ee728b) (PreviewImporter) -> (artifact id: 'd09d7a4296b53f8b887cd169833e0026') in 0.0121248 seconds
Number of updated asset objects reloaded before import = 0Number of asset objects unloaded after import = 3

========================================================================
Received Import Request.
  Time since last request: 0.000036 seconds.
  path: Assets/EffectExamples/WeaponEffects/Materials/Projectile.mat
  artifactKey: Guid(a24a209a6bd187d49929d1a6d40a92ec) Importer(815301076,1909f56bfc062723c751e8b465ee728b)
Start importing Assets/EffectExamples/WeaponEffects/Materials/Projectile.mat using Guid(a24a209a6bd187d49929d1a6d40a92ec) Importer(815301076,1909f56bfc062723c751e8b465ee728b) (PreviewImporter) -> (artifact id: '6819346eb2345c958e32b4541c2f8c64') in 0.0134174 seconds
Number of updated asset objects reloaded before import = 0Number of asset objects unloaded after import = 1

========================================================================
Received Import Request.
  Time since last request: 0.000048 seconds.
  path: Assets/EffectExamples/WeaponEffects/Materials/RocketTrailParticle.mat
  artifactKey: Guid(87220c434b13e684f84b32a5a04cf4be) Importer(815301076,1909f56bfc062723c751e8b465ee728b)
Start importing Assets/EffectExamples/WeaponEffects/Materials/RocketTrailParticle.mat using Guid(87220c434b13e684f84b32a5a04cf4be) Importer(815301076,1909f56bfc062723c751e8b465ee728b) (PreviewImporter) -> (artifact id: '7ebbf491415e9581525356e63c8d3db6') in 0.0279064 seconds
Number of updated asset objects reloaded before import = 0Number of asset objects unloaded after import = 4

========================================================================
Received Prepare
Begin MonoManager ReloadAssembly
[Licensing::Client] Successfully resolved entitlement details
ADTM: Control thread waiting for realtime thread timed out, have to lock...
Symbol file LoadedFromMemory is not a mono symbol file
- Loaded All Assemblies, in  2.278 seconds
Refreshing native plugins compatible for Editor in 1.32 ms, found 3 plugins.
Assertion failed on expression: 'pred(*previous, *i)'
Assertion failed on expression: 'pred(*previous, *i)'
Assertion failed on expression: 'pred(*previous, *i)'
Assertion failed on expression: 'pred(*previous, *i)'
Assertion failed on expression: 'pred(*previous, *i)'
Assertion failed on expression: 'pred(*previous, *i)'
Native extension for Android target not found
Native extension for WindowsStandalone target not found
[Package Manager] Failed to launch server process. Reason: Unity was launched with the -noUpm command-line argument
[Package Manager] Unable to send message (not connected to server process).
[Package Manager] Cannot connect to Unity Package Manager local server
[Package Manager] Failed to launch server process. Reason: Unity was launched with the -noUpm command-line argument
[Package Manager] Unable to send message (not connected to server process).
[Package Manager] Cannot connect to Unity Package Manager local server
ScheduleIndexationOnStartup MainProcess:False IndexOnStartup:True
Mono: successfully reloaded assembly
- Finished resetting the current domain, in  0.944 seconds
Domain Reload Profiling: 3225ms
	BeginReloadAssembly (1353ms)
		ExecutionOrderSort (0ms)
		DisableScriptedObjects (33ms)
		BackupInstance (0ms)
		ReleaseScriptingObjects (0ms)
		CreateAndSetChildDomain (1091ms)
	RebuildCommonClasses (55ms)
	RebuildNativeTypeToScriptingClass (24ms)
	initialDomainReloadingComplete (39ms)
	LoadAllAssembliesAndSetupDomain (810ms)
		LoadAssemblies (672ms)
		RebuildTransferFunctionScriptingTraits (0ms)
		AnalyzeDomain (291ms)
			TypeCache.Refresh (14ms)
				TypeCache.ScanAssembly (1ms)
			BuildScriptInfoCaches (257ms)
			ResolveRequiredComponents (15ms)
	FinalizeReload (945ms)
		ReleaseScriptCaches (0ms)
		RebuildScriptCaches (0ms)
		SetupLoadedEditorAssemblies (715ms)
			LogAssemblyErrors (0ms)
			InitializePlatformSupportModulesInManaged (10ms)
			SetLoadedEditorAssemblies (6ms)
			BeforeProcessingInitializeOnLoad (195ms)
			ProcessInitializeOnLoadAttributes (401ms)
			ProcessInitializeOnLoadMethodAttributes (99ms)
			AfterProcessingInitializeOnLoad (4ms)
			EditorAssembliesLoaded (0ms)
		ExecutionOrderSort2 (0ms)
		AwakeInstancesAfterBackupRestoration (25ms)
Shader 'Polygonmaker/Basic-PBR (Cutout Single Side)': fallback shader '-1' not found
Shader 'Polygonmaker/Skin': fallback shader '-1' not found
Refreshing native plugins compatible for Editor in 1.54 ms, found 3 plugins.
Preloading 0 native plugins for Editor in 0.00 ms.
Unloading 56 Unused Serialized files (Serialized files now loaded: 0)
Unloading 6863 unused Assets / (10.1 MB). Loaded Objects now: 7932.
Memory consumption went from 196.2 MB to 186.1 MB.
Total: 18.769600 ms (FindLiveObjects: 1.326400 ms CreateObjectMapping: 1.776600 ms MarkObjects: 7.457000 ms  DeleteObjects: 8.208400 ms)

Prepare: number of updated asset objects reloaded= 0
========================================================================
Received Prepare
Begin MonoManager ReloadAssembly
[Licensing::Client] Successfully resolved entitlement details
ADTM: Control thread waiting for realtime thread timed out, have to lock...
Symbol file LoadedFromMemory is not a mono symbol file
- Loaded All Assemblies, in  2.278 seconds
Refreshing native plugins compatible for Editor in 3.53 ms, found 3 plugins.
Assertion failed on expression: 'pred(*previous, *i)'
Assertion failed on expression: 'pred(*previous, *i)'
Assertion failed on expression: 'pred(*previous, *i)'
Assertion failed on expression: 'pred(*previous, *i)'
Assertion failed on expression: 'pred(*previous, *i)'
Assertion failed on expression: 'pred(*previous, *i)'
Native extension for Android target not found
Native extension for WindowsStandalone target not found
[Package Manager] Failed to launch server process. Reason: Unity was launched with the -noUpm command-line argument
[Package Manager] Unable to send message (not connected to server process).
[Package Manager] Cannot connect to Unity Package Manager local server
[Package Manager] Failed to launch server process. Reason: Unity was launched with the -noUpm command-line argument
[Package Manager] Unable to send message (not connected to server process).
[Package Manager] Cannot connect to Unity Package Manager local server
ScheduleIndexationOnStartup MainProcess:False IndexOnStartup:True
Mono: successfully reloaded assembly
- Finished resetting the current domain, in  1.617 seconds
Domain Reload Profiling: 3906ms
	BeginReloadAssembly (1281ms)
		ExecutionOrderSort (0ms)
		DisableScriptedObjects (9ms)
		BackupInstance (0ms)
		ReleaseScriptingObjects (0ms)
		CreateAndSetChildDomain (1075ms)
	RebuildCommonClasses (52ms)
	RebuildNativeTypeToScriptingClass (20ms)
	initialDomainReloadingComplete (35ms)
	LoadAllAssembliesAndSetupDomain (900ms)
		LoadAssemblies (552ms)
		RebuildTransferFunctionScriptingTraits (0ms)
		AnalyzeDomain (466ms)
			TypeCache.Refresh (9ms)
				TypeCache.ScanAssembly (0ms)
			BuildScriptInfoCaches (420ms)
			ResolveRequiredComponents (28ms)
	FinalizeReload (1618ms)
		ReleaseScriptCaches (0ms)
		RebuildScriptCaches (0ms)
		SetupLoadedEditorAssemblies (1224ms)
			LogAssemblyErrors (0ms)
			InitializePlatformSupportModulesInManaged (15ms)
			SetLoadedEditorAssemblies (8ms)
			BeforeProcessingInitializeOnLoad (298ms)
			ProcessInitializeOnLoadAttributes (713ms)
			ProcessInitializeOnLoadMethodAttributes (182ms)
			AfterProcessingInitializeOnLoad (8ms)
			EditorAssembliesLoaded (0ms)
		ExecutionOrderSort2 (0ms)
		AwakeInstancesAfterBackupRestoration (46ms)
Shader 'Polygonmaker/Basic-PBR (Cutout Single Side)': fallback shader '-1' not found
Shader 'Polygonmaker/Skin': fallback shader '-1' not found
Refreshing native plugins compatible for Editor in 1.50 ms, found 3 plugins.
Preloading 0 native plugins for Editor in 0.00 ms.
Unloading 56 Unused Serialized files (Serialized files now loaded: 0)
Unloading 6862 unused Assets / (11.2 MB). Loaded Objects now: 7935.
Memory consumption went from 196.2 MB to 184.9 MB.
Total: 29.854300 ms (FindLiveObjects: 1.746000 ms CreateObjectMapping: 2.276900 ms MarkObjects: 12.675300 ms  DeleteObjects: 13.154500 ms)

Prepare: number of updated asset objects reloaded= 0
========================================================================
Received Prepare
Begin MonoManager ReloadAssembly
[Licensing::Client] Successfully resolved entitlement details
ADTM: Control thread waiting for realtime thread timed out, have to lock...
Symbol file LoadedFromMemory is not a mono symbol file
- Loaded All Assemblies, in  2.104 seconds
Refreshing native plugins compatible for Editor in 1.79 ms, found 3 plugins.
Assertion failed on expression: 'pred(*previous, *i)'
Assertion failed on expression: 'pred(*previous, *i)'
Assertion failed on expression: 'pred(*previous, *i)'
Assertion failed on expression: 'pred(*previous, *i)'
Assertion failed on expression: 'pred(*previous, *i)'
Assertion failed on expression: 'pred(*previous, *i)'
Native extension for Android target not found
Native extension for WindowsStandalone target not found
[Package Manager] Failed to launch server process. Reason: Unity was launched with the -noUpm command-line argument
[Package Manager] Unable to send message (not connected to server process).
[Package Manager] Cannot connect to Unity Package Manager local server
[Package Manager] Failed to launch server process. Reason: Unity was launched with the -noUpm command-line argument
[Package Manager] Unable to send message (not connected to server process).
[Package Manager] Cannot connect to Unity Package Manager local server
ScheduleIndexationOnStartup MainProcess:False IndexOnStartup:True
Mono: successfully reloaded assembly
- Finished resetting the current domain, in  1.673 seconds
Domain Reload Profiling: 3784ms
	BeginReloadAssembly (1284ms)
		ExecutionOrderSort (0ms)
		DisableScriptedObjects (9ms)
		BackupInstance (0ms)
		ReleaseScriptingObjects (0ms)
		CreateAndSetChildDomain (1056ms)
	RebuildCommonClasses (47ms)
	RebuildNativeTypeToScriptingClass (19ms)
	initialDomainReloadingComplete (36ms)
	LoadAllAssembliesAndSetupDomain (725ms)
		LoadAssemblies (551ms)
		RebuildTransferFunctionScriptingTraits (0ms)
		AnalyzeDomain (315ms)
			TypeCache.Refresh (12ms)
				TypeCache.ScanAssembly (0ms)
			BuildScriptInfoCaches (279ms)
			ResolveRequiredComponents (18ms)
	FinalizeReload (1673ms)
		ReleaseScriptCaches (0ms)
		RebuildScriptCaches (0ms)
		SetupLoadedEditorAssemblies (1269ms)
			LogAssemblyErrors (0ms)
			InitializePlatformSupportModulesInManaged (20ms)
			SetLoadedEditorAssemblies (8ms)
			BeforeProcessingInitializeOnLoad (341ms)
			ProcessInitializeOnLoadAttributes (703ms)
			ProcessInitializeOnLoadMethodAttributes (188ms)
			AfterProcessingInitializeOnLoad (8ms)
			EditorAssembliesLoaded (1ms)
		ExecutionOrderSort2 (0ms)
		AwakeInstancesAfterBackupRestoration (45ms)
Shader 'Polygonmaker/Basic-PBR (Cutout Single Side)': fallback shader '-1' not found
Shader 'Polygonmaker/Skin': fallback shader '-1' not found
Refreshing native plugins compatible for Editor in 3.97 ms, found 3 plugins.
Preloading 0 native plugins for Editor in 0.00 ms.
Unloading 56 Unused Serialized files (Serialized files now loaded: 0)
Unloading 6862 unused Assets / (10.5 MB). Loaded Objects now: 7938.
Memory consumption went from 196.2 MB to 185.7 MB.
Total: 31.135200 ms (FindLiveObjects: 1.492200 ms CreateObjectMapping: 3.713700 ms MarkObjects: 11.353000 ms  DeleteObjects: 14.574900 ms)

Prepare: number of updated asset objects reloaded= 0
========================================================================
Received Prepare
Begin MonoManager ReloadAssembly
[Licensing::Client] Successfully resolved entitlement details
ADTM: Control thread waiting for realtime thread timed out, have to lock...
Symbol file LoadedFromMemory is not a mono symbol file
- Loaded All Assemblies, in  2.145 seconds
Refreshing native plugins compatible for Editor in 1.47 ms, found 3 plugins.
Assertion failed on expression: 'pred(*previous, *i)'
Assertion failed on expression: 'pred(*previous, *i)'
Assertion failed on expression: 'pred(*previous, *i)'
Assertion failed on expression: 'pred(*previous, *i)'
Assertion failed on expression: 'pred(*previous, *i)'
Assertion failed on expression: 'pred(*previous, *i)'
Native extension for Android target not found
Native extension for WindowsStandalone target not found
[Package Manager] Failed to launch server process. Reason: Unity was launched with the -noUpm command-line argument
[Package Manager] Unable to send message (not connected to server process).
[Package Manager] Cannot connect to Unity Package Manager local server
[Package Manager] Failed to launch server process. Reason: Unity was launched with the -noUpm command-line argument
[Package Manager] Unable to send message (not connected to server process).
[Package Manager] Cannot connect to Unity Package Manager local server
ScheduleIndexationOnStartup MainProcess:False IndexOnStartup:True
Mono: successfully reloaded assembly
- Finished resetting the current domain, in  0.963 seconds
Domain Reload Profiling: 3111ms
	BeginReloadAssembly (1296ms)
		ExecutionOrderSort (0ms)
		DisableScriptedObjects (9ms)
		BackupInstance (0ms)
		ReleaseScriptingObjects (0ms)
		CreateAndSetChildDomain (1072ms)
	RebuildCommonClasses (48ms)
	RebuildNativeTypeToScriptingClass (21ms)
	initialDomainReloadingComplete (36ms)
	LoadAllAssembliesAndSetupDomain (747ms)
		LoadAssemblies (556ms)
		RebuildTransferFunctionScriptingTraits (0ms)
		AnalyzeDomain (326ms)
			TypeCache.Refresh (15ms)
				TypeCache.ScanAssembly (1ms)
			BuildScriptInfoCaches (293ms)
			ResolveRequiredComponents (14ms)
	FinalizeReload (964ms)
		ReleaseScriptCaches (0ms)
		RebuildScriptCaches (0ms)
		SetupLoadedEditorAssemblies (730ms)
			LogAssemblyErrors (0ms)
			InitializePlatformSupportModulesInManaged (11ms)
			SetLoadedEditorAssemblies (5ms)
			BeforeProcessingInitializeOnLoad (198ms)
			ProcessInitializeOnLoadAttributes (405ms)
			ProcessInitializeOnLoadMethodAttributes (107ms)
			AfterProcessingInitializeOnLoad (4ms)
			EditorAssembliesLoaded (1ms)
		ExecutionOrderSort2 (0ms)
		AwakeInstancesAfterBackupRestoration (25ms)
Shader 'Polygonmaker/Basic-PBR (Cutout Single Side)': fallback shader '-1' not found
Shader 'Polygonmaker/Skin': fallback shader '-1' not found
Refreshing native plugins compatible for Editor in 1.27 ms, found 3 plugins.
Preloading 0 native plugins for Editor in 0.00 ms.
Unloading 56 Unused Serialized files (Serialized files now loaded: 0)
Unloading 6862 unused Assets / (10.3 MB). Loaded Objects now: 7941.
Memory consumption went from 196.3 MB to 186.0 MB.
Total: 13.180800 ms (FindLiveObjects: 0.935400 ms CreateObjectMapping: 1.263500 ms MarkObjects: 5.534400 ms  DeleteObjects: 5.446500 ms)

Prepare: number of updated asset objects reloaded= 0
========================================================================
Received Prepare
Begin MonoManager ReloadAssembly
ADTM: Control thread waiting for realtime thread timed out, have to lock...
Symbol file LoadedFromMemory is not a mono symbol file
- Loaded All Assemblies, in  2.085 seconds
Refreshing native plugins compatible for Editor in 2.29 ms, found 3 plugins.
Assertion failed on expression: 'pred(*previous, *i)'
Assertion failed on expression: 'pred(*previous, *i)'
Assertion failed on expression: 'pred(*previous, *i)'
Assertion failed on expression: 'pred(*previous, *i)'
Assertion failed on expression: 'pred(*previous, *i)'
Assertion failed on expression: 'pred(*previous, *i)'
Native extension for Android target not found
Native extension for WindowsStandalone target not found
[Package Manager] Failed to launch server process. Reason: Unity was launched with the -noUpm command-line argument
[Package Manager] Unable to send message (not connected to server process).
[Package Manager] Cannot connect to Unity Package Manager local server
[Package Manager] Failed to launch server process. Reason: Unity was launched with the -noUpm command-line argument
[Package Manager] Unable to send message (not connected to server process).
[Package Manager] Cannot connect to Unity Package Manager local server
ScheduleIndexationOnStartup MainProcess:False IndexOnStartup:True
Mono: successfully reloaded assembly
- Finished resetting the current domain, in  1.678 seconds
Domain Reload Profiling: 3769ms
	BeginReloadAssembly (1283ms)
		ExecutionOrderSort (0ms)
		DisableScriptedObjects (9ms)
		BackupInstance (0ms)
		ReleaseScriptingObjects (0ms)
		CreateAndSetChildDomain (1061ms)
	RebuildCommonClasses (46ms)
	RebuildNativeTypeToScriptingClass (20ms)
	initialDomainReloadingComplete (41ms)
	LoadAllAssembliesAndSetupDomain (700ms)
		LoadAssemblies (518ms)
		RebuildTransferFunctionScriptingTraits (0ms)
		AnalyzeDomain (312ms)
			TypeCache.Refresh (15ms)
				TypeCache.ScanAssembly (0ms)
			BuildScriptInfoCaches (278ms)
			ResolveRequiredComponents (15ms)
	FinalizeReload (1680ms)
		ReleaseScriptCaches (0ms)
		RebuildScriptCaches (0ms)
		SetupLoadedEditorAssemblies (1264ms)
			LogAssemblyErrors (0ms)
			InitializePlatformSupportModulesInManaged (18ms)
			SetLoadedEditorAssemblies (9ms)
			BeforeProcessingInitializeOnLoad (346ms)
			ProcessInitializeOnLoadAttributes (691ms)
			ProcessInitializeOnLoadMethodAttributes (191ms)
			AfterProcessingInitializeOnLoad (9ms)
			EditorAssembliesLoaded (1ms)
		ExecutionOrderSort2 (0ms)
		AwakeInstancesAfterBackupRestoration (41ms)
Shader 'Polygonmaker/Basic-PBR (Cutout Single Side)': fallback shader '-1' not found
Shader 'Polygonmaker/Skin': fallback shader '-1' not found
Refreshing native plugins compatible for Editor in 3.04 ms, found 3 plugins.
Preloading 0 native plugins for Editor in 0.00 ms.
Unloading 56 Unused Serialized files (Serialized files now loaded: 0)
Unloading 6862 unused Assets / (10.0 MB). Loaded Objects now: 7944.
Memory consumption went from 196.3 MB to 186.3 MB.
Total: 26.701800 ms (FindLiveObjects: 1.386000 ms CreateObjectMapping: 2.884800 ms MarkObjects: 12.743300 ms  DeleteObjects: 9.686500 ms)

Prepare: number of updated asset objects reloaded= 0
========================================================================
Received Prepare
Begin MonoManager ReloadAssembly
[Licensing::Client] Successfully resolved entitlement details
ADTM: Control thread waiting for realtime thread timed out, have to lock...
Symbol file LoadedFromMemory is not a mono symbol file
- Loaded All Assemblies, in  2.207 seconds
Refreshing native plugins compatible for Editor in 2.05 ms, found 3 plugins.
Assertion failed on expression: 'pred(*previous, *i)'
Assertion failed on expression: 'pred(*previous, *i)'
Assertion failed on expression: 'pred(*previous, *i)'
Assertion failed on expression: 'pred(*previous, *i)'
Assertion failed on expression: 'pred(*previous, *i)'
Assertion failed on expression: 'pred(*previous, *i)'
Native extension for Android target not found
Native extension for WindowsStandalone target not found
[Package Manager] Failed to launch server process. Reason: Unity was launched with the -noUpm command-line argument
[Package Manager] Unable to send message (not connected to server process).
[Package Manager] Cannot connect to Unity Package Manager local server
[Package Manager] Failed to launch server process. Reason: Unity was launched with the -noUpm command-line argument
[Package Manager] Unable to send message (not connected to server process).
[Package Manager] Cannot connect to Unity Package Manager local server
ScheduleIndexationOnStartup MainProcess:False IndexOnStartup:True
Mono: successfully reloaded assembly
- Finished resetting the current domain, in  1.718 seconds
Domain Reload Profiling: 3934ms
	BeginReloadAssembly (1285ms)
		ExecutionOrderSort (0ms)
		DisableScriptedObjects (11ms)
		BackupInstance (0ms)
		ReleaseScriptingObjects (0ms)
		CreateAndSetChildDomain (1061ms)
	RebuildCommonClasses (53ms)
	RebuildNativeTypeToScriptingClass (20ms)
	initialDomainReloadingComplete (40ms)
	LoadAllAssembliesAndSetupDomain (818ms)
		LoadAssemblies (529ms)
		RebuildTransferFunctionScriptingTraits (0ms)
		AnalyzeDomain (417ms)
			TypeCache.Refresh (10ms)
				TypeCache.ScanAssembly (0ms)
			BuildScriptInfoCaches (373ms)
			ResolveRequiredComponents (27ms)
	FinalizeReload (1719ms)
		ReleaseScriptCaches (0ms)
		RebuildScriptCaches (0ms)
		SetupLoadedEditorAssemblies (1296ms)
			LogAssemblyErrors (0ms)
			InitializePlatformSupportModulesInManaged (20ms)
			SetLoadedEditorAssemblies (8ms)
			BeforeProcessingInitializeOnLoad (325ms)
			ProcessInitializeOnLoadAttributes (748ms)
			ProcessInitializeOnLoadMethodAttributes (187ms)
			AfterProcessingInitializeOnLoad (7ms)
			EditorAssembliesLoaded (1ms)
		ExecutionOrderSort2 (0ms)
		AwakeInstancesAfterBackupRestoration (44ms)
Shader 'Polygonmaker/Basic-PBR (Cutout Single Side)': fallback shader '-1' not found
Shader 'Polygonmaker/Skin': fallback shader '-1' not found
Refreshing native plugins compatible for Editor in 1.64 ms, found 3 plugins.
Preloading 0 native plugins for Editor in 0.00 ms.
Unloading 56 Unused Serialized files (Serialized files now loaded: 0)
Unloading 6862 unused Assets / (10.9 MB). Loaded Objects now: 7947.
Memory consumption went from 196.3 MB to 185.4 MB.
Total: 30.078800 ms (FindLiveObjects: 2.128100 ms CreateObjectMapping: 2.616700 ms MarkObjects: 11.496100 ms  DeleteObjects: 13.835600 ms)

Prepare: number of updated asset objects reloaded= 0
========================================================================
Received Prepare
Begin MonoManager ReloadAssembly
[Licensing::Client] Successfully resolved entitlement details
ADTM: Control thread waiting for realtime thread timed out, have to lock...
Symbol file LoadedFromMemory is not a mono symbol file
- Loaded All Assemblies, in  2.140 seconds
Refreshing native plugins compatible for Editor in 1.23 ms, found 3 plugins.
Assertion failed on expression: 'pred(*previous, *i)'
Assertion failed on expression: 'pred(*previous, *i)'
Assertion failed on expression: 'pred(*previous, *i)'
Assertion failed on expression: 'pred(*previous, *i)'
Assertion failed on expression: 'pred(*previous, *i)'
Native extension for Android target not found
Native extension for WindowsStandalone target not found
[Package Manager] Failed to launch server process. Reason: Unity was launched with the -noUpm command-line argument
[Package Manager] Unable to send message (not connected to server process).
[Package Manager] Cannot connect to Unity Package Manager local server
[Package Manager] Failed to launch server process. Reason: Unity was launched with the -noUpm command-line argument
[Package Manager] Unable to send message (not connected to server process).
[Package Manager] Cannot connect to Unity Package Manager local server
ScheduleIndexationOnStartup MainProcess:False IndexOnStartup:True
Mono: successfully reloaded assembly
- Finished resetting the current domain, in  0.921 seconds
Domain Reload Profiling: 3066ms
	BeginReloadAssembly (1278ms)
		ExecutionOrderSort (0ms)
		DisableScriptedObjects (9ms)
		BackupInstance (0ms)
		ReleaseScriptingObjects (0ms)
		CreateAndSetChildDomain (1061ms)
	RebuildCommonClasses (50ms)
	RebuildNativeTypeToScriptingClass (20ms)
	initialDomainReloadingComplete (42ms)
	LoadAllAssembliesAndSetupDomain (754ms)
		LoadAssemblies (539ms)
		RebuildTransferFunctionScriptingTraits (0ms)
		AnalyzeDomain (344ms)
			TypeCache.Refresh (17ms)
				TypeCache.ScanAssembly (1ms)
			BuildScriptInfoCaches (297ms)
			ResolveRequiredComponents (23ms)
	FinalizeReload (922ms)
		ReleaseScriptCaches (0ms)
		RebuildScriptCaches (0ms)
		SetupLoadedEditorAssemblies (696ms)
			LogAssemblyErrors (0ms)
			InitializePlatformSupportModulesInManaged (10ms)
			SetLoadedEditorAssemblies (5ms)
			BeforeProcessingInitializeOnLoad (185ms)
			ProcessInitializeOnLoadAttributes (395ms)
			ProcessInitializeOnLoadMethodAttributes (94ms)
			AfterProcessingInitializeOnLoad (7ms)
			EditorAssembliesLoaded (0ms)
		ExecutionOrderSort2 (0ms)
		AwakeInstancesAfterBackupRestoration (24ms)
Shader 'Polygonmaker/Skin': fallback shader '-1' not found
Shader 'Polygonmaker/Basic-PBR (Cutout Single Side)': fallback shader '-1' not found
Refreshing native plugins compatible for Editor in 1.29 ms, found 3 plugins.
Preloading 0 native plugins for Editor in 0.00 ms.
Unloading 56 Unused Serialized files (Serialized files now loaded: 0)
Unloading 6863 unused Assets / (10.6 MB). Loaded Objects now: 7951.
Memory consumption went from 196.6 MB to 185.9 MB.
Total: 15.919900 ms (FindLiveObjects: 1.240200 ms CreateObjectMapping: 1.532900 ms MarkObjects: 5.814400 ms  DeleteObjects: 7.331100 ms)

Prepare: number of updated asset objects reloaded= 0
========================================================================
Received Import Request.
  Time since last request: 3185.885840 seconds.
  path: Assets/3D Asserts/Lizard man/Medieval Series/Lizard Men/Animations/Lizard1.controller
  artifactKey: Guid(358f668bccaa30d4b9223992cb28045b) Importer(815301076,1909f56bfc062723c751e8b465ee728b)
Start importing Assets/3D Asserts/Lizard man/Medieval Series/Lizard Men/Animations/Lizard1.controller using Guid(358f668bccaa30d4b9223992cb28045b) Importer(815301076,1909f56bfc062723c751e8b465ee728b) (PreviewImporter) -> (artifact id: '64c4522f5add41dc1a70e5f241632e75') in 0.1768199 seconds
Number of updated asset objects reloaded before import = 0Number of asset objects unloaded after import = 22

========================================================================
Received Import Request.
  Time since last request: 14.582700 seconds.
  path: Assets/_Barking_Dog/Common Scripts/GunManager.cs
  artifactKey: Guid(372f9b0ac73aa5e4da1c01096766ef8d) Importer(2089858483,b0f066a214c2f5e87bad3c948f4d605d)
Start importing Assets/_Barking_Dog/Common Scripts/GunManager.cs using Guid(372f9b0ac73aa5e4da1c01096766ef8d) Importer(2089858483,b0f066a214c2f5e87bad3c948f4d605d) (ScriptedImporter) -> (artifact id: '9cd1021033cecdabd08258d1776224cb') in 0.1144365 seconds
Number of updated asset objects reloaded before import = 0Number of asset objects unloaded after import = 0

========================================================================
Received Import Request.
  Time since last request: 0.000022 seconds.
  path: Assets/EffectExamples/WeaponEffects/Materials/BulletDecalStone.mat
  artifactKey: Guid(a29767879f97b364393df3a772628180) Importer(2089858483,b0f066a214c2f5e87bad3c948f4d605d)
Start importing Assets/EffectExamples/WeaponEffects/Materials/BulletDecalStone.mat using Guid(a29767879f97b364393df3a772628180) Importer(2089858483,b0f066a214c2f5e87bad3c948f4d605d) (ScriptedImporter) -> (artifact id: 'fc5a0364e1a47033279c2d3bcc1a44b7') in 0.0431072 seconds
Number of updated asset objects reloaded before import = 0Number of asset objects unloaded after import = 4

========================================================================
Received Import Request.
  Time since last request: 0.000068 seconds.
  path: Assets/EffectExamples/WeaponEffects/Materials/BulletFleshDecal.mat
  artifactKey: Guid(d771645f9ac10d241b18277409d02a55) Importer(2089858483,b0f066a214c2f5e87bad3c948f4d605d)
Start importing Assets/EffectExamples/WeaponEffects/Materials/BulletFleshDecal.mat using Guid(d771645f9ac10d241b18277409d02a55) Importer(2089858483,b0f066a214c2f5e87bad3c948f4d605d) (ScriptedImporter) -> (artifact id: '63196b1975dca51124489795e96a337e') in 0.0098083 seconds
Number of updated asset objects reloaded before import = 0Number of asset objects unloaded after import = 4

========================================================================
Received Import Request.
  Time since last request: 0.000021 seconds.
  path: Assets/_Barking_Dog/Common Scripts/EnemyAI.cs
  artifactKey: Guid(35c2bb3c5e181154aabdf3509d488762) Importer(2089858483,b0f066a214c2f5e87bad3c948f4d605d)
Start importing Assets/_Barking_Dog/Common Scripts/EnemyAI.cs using Guid(35c2bb3c5e181154aabdf3509d488762) Importer(2089858483,b0f066a214c2f5e87bad3c948f4d605d) (ScriptedImporter) -> (artifact id: '0bbd949a48a9897a2255b66411024547') in 0.0038947 seconds
Number of updated asset objects reloaded before import = 0Number of asset objects unloaded after import = 0

========================================================================
Received Import Request.
  Time since last request: 0.000018 seconds.
  path: Assets/EffectExamples/WeaponEffects/Materials/BulletDecalMetal.mat
  artifactKey: Guid(094e76e620df5714eb3946120657e1f6) Importer(2089858483,b0f066a214c2f5e87bad3c948f4d605d)
Start importing Assets/EffectExamples/WeaponEffects/Materials/BulletDecalMetal.mat using Guid(094e76e620df5714eb3946120657e1f6) Importer(2089858483,b0f066a214c2f5e87bad3c948f4d605d) (ScriptedImporter) -> (artifact id: '135c0c79a54a7e9600f1933171785f2e') in 0.0070566 seconds
Number of updated asset objects reloaded before import = 0Number of asset objects unloaded after import = 3

========================================================================
Received Import Request.
  Time since last request: 0.000031 seconds.
  path: Assets/EffectExamples/Misc Effects/Materials/Spark2Particle.mat
  artifactKey: Guid(a6492a173e6c03f48899880b96cca600) Importer(2089858483,b0f066a214c2f5e87bad3c948f4d605d)
Start importing Assets/EffectExamples/Misc Effects/Materials/Spark2Particle.mat using Guid(a6492a173e6c03f48899880b96cca600) Importer(2089858483,b0f066a214c2f5e87bad3c948f4d605d) (ScriptedImporter) -> (artifact id: 'a0fa26a8cdc092264240de650072f191') in 0.0071491 seconds
Number of updated asset objects reloaded before import = 0Number of asset objects unloaded after import = 2

========================================================================
Received Import Request.
  Time since last request: 0.000039 seconds.
  path: Assets/Scenes/SampleScene.unity
  artifactKey: Guid(aecba8389ccad2a479151b754b5b7529) Importer(2089858483,b0f066a214c2f5e87bad3c948f4d605d)
Start importing Assets/Scenes/SampleScene.unity using Guid(aecba8389ccad2a479151b754b5b7529) Importer(2089858483,b0f066a214c2f5e87bad3c948f4d605d) (ScriptedImporter) -> (artifact id: 'eb15a50b036d96bc2c88af4d0f6bf4b1') in 0.0172469 seconds
Number of updated asset objects reloaded before import = 0Number of asset objects unloaded after import = 1

========================================================================
Received Import Request.
  Time since last request: 131.943849 seconds.
  path: Assets/3D Asserts/Lizard man/Medieval Series/Lizard Men/Animations/Lizard.controller
  artifactKey: Guid(681900979f2d4024495190d864534db2) Importer(815301076,1909f56bfc062723c751e8b465ee728b)
Start importing Assets/3D Asserts/Lizard man/Medieval Series/Lizard Men/Animations/Lizard.controller using Guid(681900979f2d4024495190d864534db2) Importer(815301076,1909f56bfc062723c751e8b465ee728b) (PreviewImporter) -> (artifact id: 'acaeb6bb324f5dfbd1a89685ab63fbac') in 0.0016171 seconds
Number of updated asset objects reloaded before import = 0Number of asset objects unloaded after import = 1

========================================================================
Received Import Request.
  Time since last request: 0.888877 seconds.
  path: Assets/3D Asserts/Lizard man/Medieval Series/Lizard Men/Animations/Lizard.controller
  artifactKey: Guid(681900979f2d4024495190d864534db2) Importer(2089858483,b0f066a214c2f5e87bad3c948f4d605d)
Start importing Assets/3D Asserts/Lizard man/Medieval Series/Lizard Men/Animations/Lizard.controller using Guid(681900979f2d4024495190d864534db2) Importer(2089858483,b0f066a214c2f5e87bad3c948f4d605d) (ScriptedImporter) -> (artifact id: '85d5aa905531dd18e5a03be7adb2a959') in 0.006312 seconds
Number of updated asset objects reloaded before import = 0Number of asset objects unloaded after import = 1

========================================================================
Received Prepare
Begin MonoManager ReloadAssembly
[Licensing::Client] Successfully resolved entitlement details
ADTM: Control thread waiting for realtime thread timed out, have to lock...
Symbol file LoadedFromMemory is not a mono symbol file
- Loaded All Assemblies, in  2.171 seconds
Refreshing native plugins compatible for Editor in 1.78 ms, found 3 plugins.
Assertion failed on expression: 'pred(*previous, *i)'
Assertion failed on expression: 'pred(*previous, *i)'
Assertion failed on expression: 'pred(*previous, *i)'
Assertion failed on expression: 'pred(*previous, *i)'
Assertion failed on expression: 'pred(*previous, *i)'
Native extension for Android target not found
Native extension for WindowsStandalone target not found
[Package Manager] Failed to launch server process. Reason: Unity was launched with the -noUpm command-line argument
[Package Manager] Unable to send message (not connected to server process).
[Package Manager] Cannot connect to Unity Package Manager local server
[Package Manager] Failed to launch server process. Reason: Unity was launched with the -noUpm command-line argument
[Package Manager] Unable to send message (not connected to server process).
[Package Manager] Cannot connect to Unity Package Manager local server
ScheduleIndexationOnStartup MainProcess:False IndexOnStartup:True
Mono: successfully reloaded assembly
- Finished resetting the current domain, in  1.088 seconds
Domain Reload Profiling: 3262ms
	BeginReloadAssembly (1360ms)
		ExecutionOrderSort (0ms)
		DisableScriptedObjects (9ms)
		BackupInstance (0ms)
		ReleaseScriptingObjects (0ms)
		CreateAndSetChildDomain (1106ms)
	RebuildCommonClasses (50ms)
	RebuildNativeTypeToScriptingClass (24ms)
	initialDomainReloadingComplete (37ms)
	LoadAllAssembliesAndSetupDomain (703ms)
		LoadAssemblies (565ms)
		RebuildTransferFunctionScriptingTraits (0ms)
		AnalyzeDomain (288ms)
			TypeCache.Refresh (13ms)
				TypeCache.ScanAssembly (1ms)
			BuildScriptInfoCaches (255ms)
			ResolveRequiredComponents (14ms)
	FinalizeReload (1089ms)
		ReleaseScriptCaches (0ms)
		RebuildScriptCaches (0ms)
		SetupLoadedEditorAssemblies (812ms)
			LogAssemblyErrors (0ms)
			InitializePlatformSupportModulesInManaged (15ms)
			SetLoadedEditorAssemblies (7ms)
			BeforeProcessingInitializeOnLoad (227ms)
			ProcessInitializeOnLoadAttributes (453ms)
			ProcessInitializeOnLoadMethodAttributes (106ms)
			AfterProcessingInitializeOnLoad (4ms)
			EditorAssembliesLoaded (0ms)
		ExecutionOrderSort2 (0ms)
		AwakeInstancesAfterBackupRestoration (30ms)
Shader 'Polygonmaker/Basic-PBR (Cutout Single Side)': fallback shader '-1' not found
Shader 'Polygonmaker/Skin': fallback shader '-1' not found
Refreshing native plugins compatible for Editor in 2.35 ms, found 3 plugins.
Preloading 0 native plugins for Editor in 0.00 ms.
Unloading 56 Unused Serialized files (Serialized files now loaded: 0)
Unloading 6864 unused Assets / (9.9 MB). Loaded Objects now: 7954.
Memory consumption went from 196.5 MB to 186.6 MB.
Total: 22.892200 ms (FindLiveObjects: 1.822400 ms CreateObjectMapping: 2.051600 ms MarkObjects: 12.022100 ms  DeleteObjects: 6.994500 ms)

Prepare: number of updated asset objects reloaded= 0
========================================================================
Received Prepare
Begin MonoManager ReloadAssembly
ADTM: Control thread waiting for realtime thread timed out, have to lock...
Symbol file LoadedFromMemory is not a mono symbol file
- Loaded All Assemblies, in  2.315 seconds
Refreshing native plugins compatible for Editor in 2.44 ms, found 3 plugins.
Assertion failed on expression: 'pred(*previous, *i)'
Assertion failed on expression: 'pred(*previous, *i)'
Assertion failed on expression: 'pred(*previous, *i)'
Assertion failed on expression: 'pred(*previous, *i)'
Assertion failed on expression: 'pred(*previous, *i)'
Native extension for Android target not found
Native extension for WindowsStandalone target not found
[Package Manager] Failed to launch server process. Reason: Unity was launched with the -noUpm command-line argument
[Package Manager] Unable to send message (not connected to server process).
[Package Manager] Cannot connect to Unity Package Manager local server
[Package Manager] Failed to launch server process. Reason: Unity was launched with the -noUpm command-line argument
[Package Manager] Unable to send message (not connected to server process).
[Package Manager] Cannot connect to Unity Package Manager local server
ScheduleIndexationOnStartup MainProcess:False IndexOnStartup:True
Mono: successfully reloaded assembly
- Finished resetting the current domain, in  1.909 seconds
Domain Reload Profiling: 4229ms
	BeginReloadAssembly (1285ms)
		ExecutionOrderSort (0ms)
		DisableScriptedObjects (9ms)
		BackupInstance (0ms)
		ReleaseScriptingObjects (0ms)
		CreateAndSetChildDomain (1082ms)
	RebuildCommonClasses (55ms)
	RebuildNativeTypeToScriptingClass (20ms)
	initialDomainReloadingComplete (32ms)
	LoadAllAssembliesAndSetupDomain (926ms)
		LoadAssemblies (626ms)
		RebuildTransferFunctionScriptingTraits (0ms)
		AnalyzeDomain (422ms)
			TypeCache.Refresh (31ms)
				TypeCache.ScanAssembly (0ms)
			BuildScriptInfoCaches (371ms)
			ResolveRequiredComponents (15ms)
	FinalizeReload (1910ms)
		ReleaseScriptCaches (0ms)
		RebuildScriptCaches (0ms)
		SetupLoadedEditorAssemblies (1446ms)
			LogAssemblyErrors (0ms)
			InitializePlatformSupportModulesInManaged (20ms)
			SetLoadedEditorAssemblies (9ms)
			BeforeProcessingInitializeOnLoad (382ms)
			ProcessInitializeOnLoadAttributes (832ms)
			ProcessInitializeOnLoadMethodAttributes (194ms)
			AfterProcessingInitializeOnLoad (8ms)
			EditorAssembliesLoaded (1ms)
		ExecutionOrderSort2 (0ms)
		AwakeInstancesAfterBackupRestoration (50ms)
Shader 'Polygonmaker/Basic-PBR (Cutout Single Side)': fallback shader '-1' not found
Shader 'Polygonmaker/Skin': fallback shader '-1' not found
Refreshing native plugins compatible for Editor in 3.97 ms, found 3 plugins.
Preloading 0 native plugins for Editor in 0.00 ms.
Unloading 56 Unused Serialized files (Serialized files now loaded: 0)
Unloading 6863 unused Assets / (11.0 MB). Loaded Objects now: 7957.
Memory consumption went from 196.5 MB to 185.5 MB.
Total: 35.415000 ms (FindLiveObjects: 1.867400 ms CreateObjectMapping: 3.981500 ms MarkObjects: 13.902600 ms  DeleteObjects: 15.661700 ms)

Prepare: number of updated asset objects reloaded= 0
========================================================================
Received Prepare
Begin MonoManager ReloadAssembly
[Licensing::Client] Successfully resolved entitlement details
ADTM: Control thread waiting for realtime thread timed out, have to lock...
Symbol file LoadedFromMemory is not a mono symbol file
- Loaded All Assemblies, in  2.136 seconds
Refreshing native plugins compatible for Editor in 1.42 ms, found 3 plugins.
Assertion failed on expression: 'pred(*previous, *i)'
Assertion failed on expression: 'pred(*previous, *i)'
Assertion failed on expression: 'pred(*previous, *i)'
Assertion failed on expression: 'pred(*previous, *i)'
Assertion failed on expression: 'pred(*previous, *i)'
Native extension for Android target not found
Native extension for WindowsStandalone target not found
[Package Manager] Failed to launch server process. Reason: Unity was launched with the -noUpm command-line argument
[Package Manager] Unable to send message (not connected to server process).
[Package Manager] Cannot connect to Unity Package Manager local server
[Package Manager] Failed to launch server process. Reason: Unity was launched with the -noUpm command-line argument
[Package Manager] Unable to send message (not connected to server process).
[Package Manager] Cannot connect to Unity Package Manager local server
ScheduleIndexationOnStartup MainProcess:False IndexOnStartup:True
Mono: successfully reloaded assembly
- Finished resetting the current domain, in  1.637 seconds
Domain Reload Profiling: 3778ms
	BeginReloadAssembly (1310ms)
		ExecutionOrderSort (0ms)
		DisableScriptedObjects (9ms)
		BackupInstance (0ms)
		ReleaseScriptingObjects (0ms)
		CreateAndSetChildDomain (1085ms)
	RebuildCommonClasses (60ms)
	RebuildNativeTypeToScriptingClass (29ms)
	initialDomainReloadingComplete (40ms)
	LoadAllAssembliesAndSetupDomain (701ms)
		LoadAssemblies (522ms)
		RebuildTransferFunctionScriptingTraits (0ms)
		AnalyzeDomain (313ms)
			TypeCache.Refresh (10ms)
				TypeCache.ScanAssembly (0ms)
			BuildScriptInfoCaches (285ms)
			ResolveRequiredComponents (14ms)
	FinalizeReload (1638ms)
		ReleaseScriptCaches (0ms)
		RebuildScriptCaches (0ms)
		SetupLoadedEditorAssemblies (1222ms)
			LogAssemblyErrors (0ms)
			InitializePlatformSupportModulesInManaged (18ms)
			SetLoadedEditorAssemblies (8ms)
			BeforeProcessingInitializeOnLoad (293ms)
			ProcessInitializeOnLoadAttributes (727ms)
			ProcessInitializeOnLoadMethodAttributes (169ms)
			AfterProcessingInitializeOnLoad (6ms)
			EditorAssembliesLoaded (1ms)
		ExecutionOrderSort2 (0ms)
		AwakeInstancesAfterBackupRestoration (43ms)
Shader 'Polygonmaker/Basic-PBR (Cutout Single Side)': fallback shader '-1' not found
Shader 'Polygonmaker/Skin': fallback shader '-1' not found
Refreshing native plugins compatible for Editor in 2.64 ms, found 3 plugins.
Preloading 0 native plugins for Editor in 0.00 ms.
Unloading 56 Unused Serialized files (Serialized files now loaded: 0)
Unloading 6863 unused Assets / (10.7 MB). Loaded Objects now: 7960.
Memory consumption went from 196.5 MB to 185.8 MB.
Total: 30.609100 ms (FindLiveObjects: 1.492800 ms CreateObjectMapping: 4.626000 ms MarkObjects: 12.557900 ms  DeleteObjects: 11.931200 ms)

Prepare: number of updated asset objects reloaded= 0
========================================================================
Received Prepare
Begin MonoManager ReloadAssembly
[Licensing::Client] Successfully resolved entitlement details
ADTM: Control thread waiting for realtime thread timed out, have to lock...
Symbol file LoadedFromMemory is not a mono symbol file
- Loaded All Assemblies, in  2.137 seconds
Refreshing native plugins compatible for Editor in 2.52 ms, found 3 plugins.
Assertion failed on expression: 'pred(*previous, *i)'
Assertion failed on expression: 'pred(*previous, *i)'
Assertion failed on expression: 'pred(*previous, *i)'
Assertion failed on expression: 'pred(*previous, *i)'
Assertion failed on expression: 'pred(*previous, *i)'
Native extension for Android target not found
Native extension for WindowsStandalone target not found
[Package Manager] Failed to launch server process. Reason: Unity was launched with the -noUpm command-line argument
[Package Manager] Unable to send message (not connected to server process).
[Package Manager] Cannot connect to Unity Package Manager local server
[Package Manager] Failed to launch server process. Reason: Unity was launched with the -noUpm command-line argument
[Package Manager] Unable to send message (not connected to server process).
[Package Manager] Cannot connect to Unity Package Manager local server
ScheduleIndexationOnStartup MainProcess:False IndexOnStartup:True
Mono: successfully reloaded assembly
- Finished resetting the current domain, in  1.583 seconds
Domain Reload Profiling: 3728ms
	BeginReloadAssembly (1284ms)
		ExecutionOrderSort (0ms)
		DisableScriptedObjects (9ms)
		BackupInstance (0ms)
		ReleaseScriptingObjects (0ms)
		CreateAndSetChildDomain (1069ms)
	RebuildCommonClasses (68ms)
	RebuildNativeTypeToScriptingClass (19ms)
	initialDomainReloadingComplete (34ms)
	LoadAllAssembliesAndSetupDomain (740ms)
		LoadAssemblies (530ms)
		RebuildTransferFunctionScriptingTraits (0ms)
		AnalyzeDomain (336ms)
			TypeCache.Refresh (9ms)
				TypeCache.ScanAssembly (0ms)
			BuildScriptInfoCaches (302ms)
			ResolveRequiredComponents (18ms)
	FinalizeReload (1584ms)
		ReleaseScriptCaches (0ms)
		RebuildScriptCaches (0ms)
		SetupLoadedEditorAssemblies (1201ms)
			LogAssemblyErrors (0ms)
			InitializePlatformSupportModulesInManaged (15ms)
			SetLoadedEditorAssemblies (8ms)
			BeforeProcessingInitializeOnLoad (319ms)
			ProcessInitializeOnLoadAttributes (679ms)
			ProcessInitializeOnLoadMethodAttributes (173ms)
			AfterProcessingInitializeOnLoad (7ms)
			EditorAssembliesLoaded (1ms)
		ExecutionOrderSort2 (0ms)
		AwakeInstancesAfterBackupRestoration (41ms)
Shader 'Polygonmaker/Basic-PBR (Cutout Single Side)': fallback shader '-1' not found
Shader 'Polygonmaker/Skin': fallback shader '-1' not found
Refreshing native plugins compatible for Editor in 2.05 ms, found 3 plugins.
Preloading 0 native plugins for Editor in 0.00 ms.
Unloading 56 Unused Serialized files (Serialized files now loaded: 0)
Unloading 6863 unused Assets / (13.8 MB). Loaded Objects now: 7963.
Memory consumption went from 196.5 MB to 182.7 MB.
Total: 33.714400 ms (FindLiveObjects: 1.875700 ms CreateObjectMapping: 4.907700 ms MarkObjects: 10.683300 ms  DeleteObjects: 16.246500 ms)

Prepare: number of updated asset objects reloaded= 0
========================================================================
Received Prepare
Begin MonoManager ReloadAssembly
[Licensing::Client] Successfully resolved entitlement details
ADTM: Control thread waiting for realtime thread timed out, have to lock...
Symbol file LoadedFromMemory is not a mono symbol file
- Loaded All Assemblies, in  2.119 seconds
Refreshing native plugins compatible for Editor in 1.21 ms, found 3 plugins.
Assertion failed on expression: 'pred(*previous, *i)'
Assertion failed on expression: 'pred(*previous, *i)'
Assertion failed on expression: 'pred(*previous, *i)'
Assertion failed on expression: 'pred(*previous, *i)'
Assertion failed on expression: 'pred(*previous, *i)'
Native extension for Android target not found
Native extension for WindowsStandalone target not found
[Package Manager] Failed to launch server process. Reason: Unity was launched with the -noUpm command-line argument
[Package Manager] Unable to send message (not connected to server process).
[Package Manager] Cannot connect to Unity Package Manager local server
[Package Manager] Failed to launch server process. Reason: Unity was launched with the -noUpm command-line argument
[Package Manager] Unable to send message (not connected to server process).
[Package Manager] Cannot connect to Unity Package Manager local server
ScheduleIndexationOnStartup MainProcess:False IndexOnStartup:True
Mono: successfully reloaded assembly
- Finished resetting the current domain, in  1.089 seconds
Domain Reload Profiling: 3211ms
	BeginReloadAssembly (1299ms)
		ExecutionOrderSort (0ms)
		DisableScriptedObjects (13ms)
		BackupInstance (0ms)
		ReleaseScriptingObjects (0ms)
		CreateAndSetChildDomain (1074ms)
	RebuildCommonClasses (55ms)
	RebuildNativeTypeToScriptingClass (20ms)
	initialDomainReloadingComplete (37ms)
	LoadAllAssembliesAndSetupDomain (711ms)
		LoadAssemblies (525ms)
		RebuildTransferFunctionScriptingTraits (0ms)
		AnalyzeDomain (322ms)
			TypeCache.Refresh (22ms)
				TypeCache.ScanAssembly (1ms)
			BuildScriptInfoCaches (281ms)
			ResolveRequiredComponents (14ms)
	FinalizeReload (1090ms)
		ReleaseScriptCaches (0ms)
		RebuildScriptCaches (0ms)
		SetupLoadedEditorAssemblies (815ms)
			LogAssemblyErrors (0ms)
			InitializePlatformSupportModulesInManaged (11ms)
			SetLoadedEditorAssemblies (5ms)
			BeforeProcessingInitializeOnLoad (244ms)
			ProcessInitializeOnLoadAttributes (449ms)
			ProcessInitializeOnLoadMethodAttributes (101ms)
			AfterProcessingInitializeOnLoad (4ms)
			EditorAssembliesLoaded (0ms)
		ExecutionOrderSort2 (0ms)
		AwakeInstancesAfterBackupRestoration (24ms)
Shader 'Polygonmaker/Basic-PBR (Cutout Single Side)': fallback shader '-1' not found
Shader 'Polygonmaker/Skin': fallback shader '-1' not found
Refreshing native plugins compatible for Editor in 1.35 ms, found 3 plugins.
Preloading 0 native plugins for Editor in 0.00 ms.
Unloading 56 Unused Serialized files (Serialized files now loaded: 0)
Unloading 6863 unused Assets / (10.4 MB). Loaded Objects now: 7966.
Memory consumption went from 196.6 MB to 186.2 MB.
Total: 15.806600 ms (FindLiveObjects: 1.272700 ms CreateObjectMapping: 1.829100 ms MarkObjects: 6.554800 ms  DeleteObjects: 6.149100 ms)

Prepare: number of updated asset objects reloaded= 0
========================================================================
Received Prepare
Begin MonoManager ReloadAssembly
ADTM: Control thread waiting for realtime thread timed out, have to lock...
Symbol file LoadedFromMemory is not a mono symbol file
- Loaded All Assemblies, in  2.155 seconds
Refreshing native plugins compatible for Editor in 2.17 ms, found 3 plugins.
Assertion failed on expression: 'pred(*previous, *i)'
Assertion failed on expression: 'pred(*previous, *i)'
Assertion failed on expression: 'pred(*previous, *i)'
Assertion failed on expression: 'pred(*previous, *i)'
Assertion failed on expression: 'pred(*previous, *i)'
Native extension for Android target not found
Native extension for WindowsStandalone target not found
[Package Manager] Failed to launch server process. Reason: Unity was launched with the -noUpm command-line argument
[Package Manager] Unable to send message (not connected to server process).
[Package Manager] Cannot connect to Unity Package Manager local server
[Package Manager] Failed to launch server process. Reason: Unity was launched with the -noUpm command-line argument
[Package Manager] Unable to send message (not connected to server process).
[Package Manager] Cannot connect to Unity Package Manager local server
ScheduleIndexationOnStartup MainProcess:False IndexOnStartup:True
Mono: successfully reloaded assembly
- Finished resetting the current domain, in  1.627 seconds
Domain Reload Profiling: 3790ms
	BeginReloadAssembly (1283ms)
		ExecutionOrderSort (0ms)
		DisableScriptedObjects (9ms)
		BackupInstance (0ms)
		ReleaseScriptingObjects (0ms)
		CreateAndSetChildDomain (1069ms)
	RebuildCommonClasses (48ms)
	RebuildNativeTypeToScriptingClass (23ms)
	initialDomainReloadingComplete (35ms)
	LoadAllAssembliesAndSetupDomain (774ms)
		LoadAssemblies (520ms)
		RebuildTransferFunctionScriptingTraits (0ms)
		AnalyzeDomain (385ms)
			TypeCache.Refresh (11ms)
				TypeCache.ScanAssembly (0ms)
			BuildScriptInfoCaches (344ms)
			ResolveRequiredComponents (24ms)
	FinalizeReload (1628ms)
		ReleaseScriptCaches (0ms)
		RebuildScriptCaches (0ms)
		SetupLoadedEditorAssemblies (1222ms)
			LogAssemblyErrors (0ms)
			InitializePlatformSupportModulesInManaged (20ms)
			SetLoadedEditorAssemblies (10ms)
			BeforeProcessingInitializeOnLoad (305ms)
			ProcessInitializeOnLoadAttributes (693ms)
			ProcessInitializeOnLoadMethodAttributes (187ms)
			AfterProcessingInitializeOnLoad (6ms)
			EditorAssembliesLoaded (2ms)
		ExecutionOrderSort2 (0ms)
		AwakeInstancesAfterBackupRestoration (43ms)
Shader 'Polygonmaker/Basic-PBR (Cutout Single Side)': fallback shader '-1' not found
Shader 'Polygonmaker/Skin': fallback shader '-1' not found
Refreshing native plugins compatible for Editor in 1.75 ms, found 3 plugins.
Preloading 0 native plugins for Editor in 0.00 ms.
Unloading 56 Unused Serialized files (Serialized files now loaded: 0)
Unloading 6863 unused Assets / (10.4 MB). Loaded Objects now: 7969.
Memory consumption went from 196.7 MB to 186.3 MB.
Total: 31.316600 ms (FindLiveObjects: 2.621400 ms CreateObjectMapping: 2.411500 ms MarkObjects: 12.214800 ms  DeleteObjects: 14.067200 ms)

Prepare: number of updated asset objects reloaded= 0
========================================================================
Received Prepare
Begin MonoManager ReloadAssembly
[Licensing::Client] Successfully resolved entitlement details
ADTM: Control thread waiting for realtime thread timed out, have to lock...
Symbol file LoadedFromMemory is not a mono symbol file
- Loaded All Assemblies, in  2.180 seconds
Refreshing native plugins compatible for Editor in 2.85 ms, found 3 plugins.
Assertion failed on expression: 'pred(*previous, *i)'
Assertion failed on expression: 'pred(*previous, *i)'
Assertion failed on expression: 'pred(*previous, *i)'
Assertion failed on expression: 'pred(*previous, *i)'
Assertion failed on expression: 'pred(*previous, *i)'
Native extension for Android target not found
Native extension for WindowsStandalone target not found
[Package Manager] Failed to launch server process. Reason: Unity was launched with the -noUpm command-line argument
[Package Manager] Unable to send message (not connected to server process).
[Package Manager] Cannot connect to Unity Package Manager local server
[Package Manager] Failed to launch server process. Reason: Unity was launched with the -noUpm command-line argument
[Package Manager] Unable to send message (not connected to server process).
[Package Manager] Cannot connect to Unity Package Manager local server
ScheduleIndexationOnStartup MainProcess:False IndexOnStartup:True
Mono: successfully reloaded assembly
- Finished resetting the current domain, in  1.666 seconds
Domain Reload Profiling: 3849ms
	BeginReloadAssembly (1309ms)
		ExecutionOrderSort (0ms)
		DisableScriptedObjects (13ms)
		BackupInstance (0ms)
		ReleaseScriptingObjects (0ms)
		CreateAndSetChildDomain (1080ms)
	RebuildCommonClasses (64ms)
	RebuildNativeTypeToScriptingClass (32ms)
	initialDomainReloadingComplete (40ms)
	LoadAllAssembliesAndSetupDomain (739ms)
		LoadAssemblies (555ms)
		RebuildTransferFunctionScriptingTraits (0ms)
		AnalyzeDomain (318ms)
			TypeCache.Refresh (12ms)
				TypeCache.ScanAssembly (0ms)
			BuildScriptInfoCaches (286ms)
			ResolveRequiredComponents (15ms)
	FinalizeReload (1666ms)
		ReleaseScriptCaches (0ms)
		RebuildScriptCaches (0ms)
		SetupLoadedEditorAssemblies (1257ms)
			LogAssemblyErrors (0ms)
			InitializePlatformSupportModulesInManaged (21ms)
			SetLoadedEditorAssemblies (8ms)
			BeforeProcessingInitializeOnLoad (340ms)
			ProcessInitializeOnLoadAttributes (705ms)
			ProcessInitializeOnLoadMethodAttributes (174ms)
			AfterProcessingInitializeOnLoad (8ms)
			EditorAssembliesLoaded (1ms)
		ExecutionOrderSort2 (0ms)
		AwakeInstancesAfterBackupRestoration (44ms)
Shader 'Polygonmaker/Basic-PBR (Cutout Single Side)': fallback shader '-1' not found
Shader 'Polygonmaker/Skin': fallback shader '-1' not found
Refreshing native plugins compatible for Editor in 2.43 ms, found 3 plugins.
Preloading 0 native plugins for Editor in 0.00 ms.
Unloading 56 Unused Serialized files (Serialized files now loaded: 0)
Unloading 6863 unused Assets / (10.6 MB). Loaded Objects now: 7972.
Memory consumption went from 196.8 MB to 186.2 MB.
Total: 32.146500 ms (FindLiveObjects: 2.151500 ms CreateObjectMapping: 3.491000 ms MarkObjects: 11.421000 ms  DeleteObjects: 15.081300 ms)

Prepare: number of updated asset objects reloaded= 0
========================================================================
Received Prepare
Begin MonoManager ReloadAssembly
[Licensing::Client] Successfully resolved entitlement details
ADTM: Control thread waiting for realtime thread timed out, have to lock...
Symbol file LoadedFromMemory is not a mono symbol file
- Loaded All Assemblies, in  2.305 seconds
Refreshing native plugins compatible for Editor in 1.36 ms, found 3 plugins.
Assertion failed on expression: 'pred(*previous, *i)'
Assertion failed on expression: 'pred(*previous, *i)'
Assertion failed on expression: 'pred(*previous, *i)'
Assertion failed on expression: 'pred(*previous, *i)'
Assertion failed on expression: 'pred(*previous, *i)'
Native extension for Android target not found
Native extension for WindowsStandalone target not found
[Package Manager] Failed to launch server process. Reason: Unity was launched with the -noUpm command-line argument
[Package Manager] Unable to send message (not connected to server process).
[Package Manager] Cannot connect to Unity Package Manager local server
[Package Manager] Failed to launch server process. Reason: Unity was launched with the -noUpm command-line argument
[Package Manager] Unable to send message (not connected to server process).
[Package Manager] Cannot connect to Unity Package Manager local server
ScheduleIndexationOnStartup MainProcess:False IndexOnStartup:True
Mono: successfully reloaded assembly
- Finished resetting the current domain, in  1.796 seconds
Domain Reload Profiling: 4106ms
	BeginReloadAssembly (1405ms)
		ExecutionOrderSort (0ms)
		DisableScriptedObjects (65ms)
		BackupInstance (0ms)
		ReleaseScriptingObjects (0ms)
		CreateAndSetChildDomain (1096ms)
	RebuildCommonClasses (58ms)
	RebuildNativeTypeToScriptingClass (20ms)
	initialDomainReloadingComplete (37ms)
	LoadAllAssembliesAndSetupDomain (789ms)
		LoadAssemblies (574ms)
		RebuildTransferFunctionScriptingTraits (0ms)
		AnalyzeDomain (344ms)
			TypeCache.Refresh (14ms)
				TypeCache.ScanAssembly (0ms)
			BuildScriptInfoCaches (308ms)
			ResolveRequiredComponents (15ms)
	FinalizeReload (1797ms)
		ReleaseScriptCaches (0ms)
		RebuildScriptCaches (0ms)
		SetupLoadedEditorAssemblies (1355ms)
			LogAssemblyErrors (0ms)
			InitializePlatformSupportModulesInManaged (18ms)
			SetLoadedEditorAssemblies (11ms)
			BeforeProcessingInitializeOnLoad (394ms)
			ProcessInitializeOnLoadAttributes (726ms)
			ProcessInitializeOnLoadMethodAttributes (200ms)
			AfterProcessingInitializeOnLoad (4ms)
			EditorAssembliesLoaded (1ms)
		ExecutionOrderSort2 (0ms)
		AwakeInstancesAfterBackupRestoration (49ms)
Shader 'Polygonmaker/Basic-PBR (Cutout Single Side)': fallback shader '-1' not found
Shader 'Polygonmaker/Skin': fallback shader '-1' not found
Refreshing native plugins compatible for Editor in 1.54 ms, found 3 plugins.
Preloading 0 native plugins for Editor in 0.00 ms.
Unloading 56 Unused Serialized files (Serialized files now loaded: 0)
Unloading 6863 unused Assets / (10.3 MB). Loaded Objects now: 7975.
Memory consumption went from 196.8 MB to 186.5 MB.
Total: 38.129300 ms (FindLiveObjects: 1.994400 ms CreateObjectMapping: 3.522800 ms MarkObjects: 18.122500 ms  DeleteObjects: 14.488000 ms)

Prepare: number of updated asset objects reloaded= 0
========================================================================
Received Prepare
Begin MonoManager ReloadAssembly
[Licensing::Client] Successfully resolved entitlement details
ADTM: Control thread waiting for realtime thread timed out, have to lock...
Symbol file LoadedFromMemory is not a mono symbol file
- Loaded All Assemblies, in  2.697 seconds
Refreshing native plugins compatible for Editor in 2.81 ms, found 3 plugins.
Assertion failed on expression: 'pred(*previous, *i)'
Assertion failed on expression: 'pred(*previous, *i)'
Assertion failed on expression: 'pred(*previous, *i)'
Assertion failed on expression: 'pred(*previous, *i)'
Assertion failed on expression: 'pred(*previous, *i)'
Native extension for Android target not found
Native extension for WindowsStandalone target not found
[Package Manager] Failed to launch server process. Reason: Unity was launched with the -noUpm command-line argument
[Package Manager] Unable to send message (not connected to server process).
[Package Manager] Cannot connect to Unity Package Manager local server
[Package Manager] Failed to launch server process. Reason: Unity was launched with the -noUpm command-line argument
[Package Manager] Unable to send message (not connected to server process).
[Package Manager] Cannot connect to Unity Package Manager local server
ScheduleIndexationOnStartup MainProcess:False IndexOnStartup:True
Mono: successfully reloaded assembly
- Finished resetting the current domain, in  2.014 seconds
Domain Reload Profiling: 4722ms
	BeginReloadAssembly (1384ms)
		ExecutionOrderSort (0ms)
		DisableScriptedObjects (12ms)
		BackupInstance (0ms)
		ReleaseScriptingObjects (0ms)
		CreateAndSetChildDomain (1084ms)
	RebuildCommonClasses (56ms)
	RebuildNativeTypeToScriptingClass (20ms)
	initialDomainReloadingComplete (44ms)
	LoadAllAssembliesAndSetupDomain (1202ms)
		LoadAssemblies (761ms)
		RebuildTransferFunctionScriptingTraits (0ms)
		AnalyzeDomain (600ms)
			TypeCache.Refresh (12ms)
				TypeCache.ScanAssembly (0ms)
			BuildScriptInfoCaches (536ms)
			ResolveRequiredComponents (40ms)
	FinalizeReload (2014ms)
		ReleaseScriptCaches (0ms)
		RebuildScriptCaches (0ms)
		SetupLoadedEditorAssemblies (1541ms)
			LogAssemblyErrors (0ms)
			InitializePlatformSupportModulesInManaged (19ms)
			SetLoadedEditorAssemblies (9ms)
			BeforeProcessingInitializeOnLoad (389ms)
			ProcessInitializeOnLoadAttributes (891ms)
			ProcessInitializeOnLoadMethodAttributes (223ms)
			AfterProcessingInitializeOnLoad (9ms)
			EditorAssembliesLoaded (1ms)
		ExecutionOrderSort2 (0ms)
		AwakeInstancesAfterBackupRestoration (53ms)
Shader 'Polygonmaker/Basic-PBR (Cutout Single Side)': fallback shader '-1' not found
Shader 'Polygonmaker/Skin': fallback shader '-1' not found
Refreshing native plugins compatible for Editor in 1.94 ms, found 3 plugins.
Preloading 0 native plugins for Editor in 0.00 ms.
Unloading 56 Unused Serialized files (Serialized files now loaded: 0)
Unloading 6863 unused Assets / (10.3 MB). Loaded Objects now: 7978.
Memory consumption went from 196.8 MB to 186.5 MB.
Total: 39.646300 ms (FindLiveObjects: 4.411400 ms CreateObjectMapping: 3.578300 ms MarkObjects: 15.062100 ms  DeleteObjects: 16.592200 ms)

Prepare: number of updated asset objects reloaded= 0
